ISO-10303-21;
HEADER;

/* File generated by Shapr3D Version 26.100.0.11031 */

FILE_DESCRIPTION(('HOOPS Exchange Step'),'2;1');

FILE_NAME('/Users/colinostermann/Library/Containers/com.shapr3d.shapr/Data/tmp/export/temp_export',
'2026-07-13T01:06:47-22:00',
('colinostermann'),
('Shapr3D Limited'),
'HOOPS Exchange 2026.3',
'Shapr3D',
'Authorized');

FILE_SCHEMA( ('AP242_MANAGED_MODEL_BASED_3D_ENGINEERING_MIM_LF {1 0 10303 442 1 1 4}') );

ENDSEC;

DATA;
#3=(NAMED_UNIT(*)PLANE_ANGLE_UNIT()SI_UNIT($,.RADIAN.));
#4=PLANE_ANGLE_MEASURE_WITH_UNIT(PLANE_ANGLE_MEASURE(0.0174532925),#3);
#5=(CONVERSION_BASED_UNIT('DEGREE',#4)NAMED_UNIT(#6)PLANE_ANGLE_UNIT());
#6=DIMENSIONAL_EXPONENTS(0.,0.,0.,0.,0.,0.,0.);
#7=(NAMED_UNIT(*)SI_UNIT($,.STERADIAN.)SOLID_ANGLE_UNIT());
#8=(LENGTH_UNIT()NAMED_UNIT(*)SI_UNIT(.MILLI.,.METRE.));
#9=UNCERTAINTY_MEASURE_WITH_UNIT(LENGTH_MEASURE(1.000000E-05),#8,'DISTANCE_ACCURACY_VALUE','Maximum Tolerance applied to model');
#10=(GEOMETRIC_REPRESENTATION_CONTEXT(3)GLOBAL_UNCERTAINTY_ASSIGNED_CONTEXT((#9))GLOBAL_UNIT_ASSIGNED_CONTEXT((#8,#5,#7))REPRESENTATION_CONTEXT('','root'));
#12=CARTESIAN_POINT('',(0.,0.,0.));
#13=DIRECTION('',(0.,0.,1.));
#14=DIRECTION('',(1.,0.,0.));
#15=AXIS2_PLACEMENT_3D('TS3D_PRODUCT_CSYS',#12,#13,#14);
#27=CARTESIAN_POINT('',(0.,0.,119.6));
#28=DIRECTION('',(0.,0.,-1.));
#29=DIRECTION('',(-1.,0.,0.));
#30=AXIS2_PLACEMENT_3D('',#27,#28,#29);
#31=CYLINDRICAL_SURFACE('',#30,24.75);
#32=CARTESIAN_POINT('',(-24.75,0.,113.2000009));
#33=VERTEX_POINT('',#32);
#34=CARTESIAN_POINT('',(-24.75,0.,121.0044));
#35=VERTEX_POINT('',#34);
#36=CARTESIAN_POINT('',(-24.75,0.,113.2000009));
#37=DIRECTION('',(-0.,-0.,1.));
#38=VECTOR('',#37,7.8043991);
#39=LINE('',#36,#38);
#40=EDGE_CURVE('',#33,#35,#39,.T.);
#41=ORIENTED_EDGE('',*,*,#40,.F.);
#42=CARTESIAN_POINT('',(-24.735687382,0.841587622,113.2000009));
#43=VERTEX_POINT('',#42);
#44=CARTESIAN_POINT('',(0.,0.,113.2000009));
#45=DIRECTION('',(0.,0.,1.));
#46=DIRECTION('',(1.,0.,-0.));
#47=AXIS2_PLACEMENT_3D('',#44,#45,#46);
#48=CIRCLE('',#47,24.75);
#49=EDGE_CURVE('',#43,#33,#48,.T.);
#50=ORIENTED_EDGE('',*,*,#49,.F.);
#51=CARTESIAN_POINT('',(-24.735687382,0.841587622,107.4));
#52=VERTEX_POINT('',#51);
#53=CARTESIAN_POINT('',(-24.735687382,0.841587622,107.4));
#54=DIRECTION('',(0.,0.,1.));
#55=VECTOR('',#54,5.8000009);
#56=LINE('',#53,#55);
#57=EDGE_CURVE('',#52,#43,#56,.T.);
#58=ORIENTED_EDGE('',*,*,#57,.F.);
#59=CARTESIAN_POINT('',(24.735687382,0.841587622,107.4));
#60=VERTEX_POINT('',#59);
#61=CARTESIAN_POINT('',(0.,0.,107.4));
#62=DIRECTION('',(-0.,-0.,1.));
#63=DIRECTION('',(-1.,0.,0.));
#64=AXIS2_PLACEMENT_3D('',#61,#62,#63);
#65=CIRCLE('',#64,24.75);
#66=EDGE_CURVE('',#60,#52,#65,.T.);
#67=ORIENTED_EDGE('',*,*,#66,.F.);
#68=CARTESIAN_POINT('',(24.735687382,0.841587622,113.2000009));
#69=VERTEX_POINT('',#68);
#70=CARTESIAN_POINT('',(24.735687382,0.841587622,107.4));
#71=DIRECTION('',(0.,0.,1.));
#72=VECTOR('',#71,5.8000009);
#73=LINE('',#70,#72);
#74=EDGE_CURVE('',#60,#69,#73,.T.);
#75=ORIENTED_EDGE('',*,*,#74,.T.);
#76=CARTESIAN_POINT('',(24.735687382,-0.841587622,113.2000009));
#77=VERTEX_POINT('',#76);
#78=CARTESIAN_POINT('',(0.,0.,113.2000009));
#79=DIRECTION('',(0.,0.,1.));
#80=DIRECTION('',(1.,0.,-0.));
#81=AXIS2_PLACEMENT_3D('',#78,#79,#80);
#82=CIRCLE('',#81,24.75);
#83=EDGE_CURVE('',#77,#69,#82,.T.);
#84=ORIENTED_EDGE('',*,*,#83,.F.);
#85=CARTESIAN_POINT('',(24.735687382,-0.841587622,107.4));
#86=VERTEX_POINT('',#85);
#87=CARTESIAN_POINT('',(24.735687382,-0.841587622,107.4));
#88=DIRECTION('',(0.,0.,1.));
#89=VECTOR('',#88,5.8000009);
#90=LINE('',#87,#89);
#91=EDGE_CURVE('',#86,#77,#90,.T.);
#92=ORIENTED_EDGE('',*,*,#91,.F.);
#93=CARTESIAN_POINT('',(-24.735687382,-0.841587622,107.4));
#94=VERTEX_POINT('',#93);
#95=CARTESIAN_POINT('',(0.,0.,107.4));
#96=DIRECTION('',(-0.,-0.,1.));
#97=DIRECTION('',(-1.,0.,0.));
#98=AXIS2_PLACEMENT_3D('',#95,#96,#97);
#99=CIRCLE('',#98,24.75);
#100=EDGE_CURVE('',#94,#86,#99,.T.);
#101=ORIENTED_EDGE('',*,*,#100,.F.);
#102=CARTESIAN_POINT('',(-24.735687382,-0.841587622,113.2000009));
#103=VERTEX_POINT('',#102);
#104=CARTESIAN_POINT('',(-24.735687382,-0.841587622,107.4));
#105=DIRECTION('',(0.,0.,1.));
#106=VECTOR('',#105,5.8000009);
#107=LINE('',#104,#106);
#108=EDGE_CURVE('',#94,#103,#107,.T.);
#109=ORIENTED_EDGE('',*,*,#108,.T.);
#110=CARTESIAN_POINT('',(0.,0.,113.2000009));
#111=DIRECTION('',(0.,0.,1.));
#112=DIRECTION('',(1.,0.,-0.));
#113=AXIS2_PLACEMENT_3D('',#110,#111,#112);
#114=CIRCLE('',#113,24.75);
#115=EDGE_CURVE('',#33,#103,#114,.T.);
#116=ORIENTED_EDGE('',*,*,#115,.F.);
#117=ORIENTED_EDGE('',*,*,#40,.T.);
#118=CARTESIAN_POINT('',(24.75,-0.,121.0044));
#119=VERTEX_POINT('',#118);
#120=CARTESIAN_POINT('',(0.,0.,121.0044));
#121=DIRECTION('',(0.,0.,1.));
#122=DIRECTION('',(1.,0.,-0.));
#123=AXIS2_PLACEMENT_3D('',#120,#121,#122);
#124=CIRCLE('',#123,24.75);
#125=EDGE_CURVE('',#35,#119,#124,.T.);
#126=ORIENTED_EDGE('',*,*,#125,.T.);
#127=CARTESIAN_POINT('',(0.,0.,121.0044));
#128=DIRECTION('',(0.,0.,1.));
#129=DIRECTION('',(1.,0.,-0.));
#130=AXIS2_PLACEMENT_3D('',#127,#128,#129);
#131=CIRCLE('',#130,24.75);
#132=EDGE_CURVE('',#119,#35,#131,.T.);
#133=ORIENTED_EDGE('',*,*,#132,.T.);
#134=EDGE_LOOP('',(#41,#50,#58,#67,#75,#84,#92,#101,#109,#116,#117,#126,#133));
#135=FACE_BOUND('',#134,.T.);
#136=CARTESIAN_POINT('',(6.500000024,23.881214379,114.88471462));
#137=VERTEX_POINT('',#136);
#138=CARTESIAN_POINT('',(6.4452714,23.896045208,113.887753153));
#139=VERTEX_POINT('',#138);
#140=CARTESIAN_POINT('',(6.4452714,23.896045208,113.887753153));
#141=CARTESIAN_POINT('',(6.574377526,23.861222541,113.873536136));
#142=CARTESIAN_POINT('',(6.705777111,23.824491124,113.910903675));
#143=CARTESIAN_POINT('',(6.808086283,23.795219292,113.990943319));
#144=CARTESIAN_POINT('',(6.859240868,23.780583376,114.03096314));
#145=CARTESIAN_POINT('',(6.902964297,23.767892579,114.081541086));
#146=CARTESIAN_POINT('',(6.935286432,23.758457486,114.138729149));
#147=CARTESIAN_POINT('',(6.967608568,23.749022392,114.195917213));
#148=CARTESIAN_POINT('',(6.988866439,23.742752805,114.260649074));
#149=CARTESIAN_POINT('',(6.996591146,23.740476245,114.326463118));
#150=CARTESIAN_POINT('',(7.004315853,23.738199685,114.392277162));
#151=CARTESIAN_POINT('',(6.998671403,23.739870895,114.460427097));
#152=CARTESIAN_POINT('',(6.980179299,23.745306841,114.524132697));
#153=CARTESIAN_POINT('',(6.961687195,23.750742786,114.587838298));
#154=CARTESIAN_POINT('',(6.930565677,23.759874269,114.647383137));
#155=CARTESIAN_POINT('',(6.889076955,23.771897667,114.698785726));
#156=CARTESIAN_POINT('',(6.806099512,23.795944464,114.801590905));
#157=CARTESIAN_POINT('',(6.684284645,23.830658786,114.866916889));
#158=CARTESIAN_POINT('',(6.556871893,23.865664269,114.881503966));
#159=CARTESIAN_POINT('',(6.493165517,23.88316701,114.888797505));
#160=CARTESIAN_POINT('',(6.427574676,23.900897116,114.883627866));
#161=CARTESIAN_POINT('',(6.365703737,23.917364318,114.866375853));
#162=CARTESIAN_POINT('',(6.303832798,23.93383152,114.84912384));
#163=CARTESIAN_POINT('',(6.244350881,23.94939215,114.819327155));
#164=CARTESIAN_POINT('',(6.193098398,23.962638257,114.779478445));
#165=CARTESIAN_POINT('',(6.141845916,23.975884363,114.739629734));
#166=CARTESIAN_POINT('',(6.097597696,23.987140839,114.688737381));
#167=CARTESIAN_POINT('',(6.065104475,23.995353877,114.631459027));
#168=CARTESIAN_POINT('',(6.032611255,24.003566916,114.574180673));
#169=CARTESIAN_POINT('',(6.0112864,24.008894205,114.509683211));
#170=CARTESIAN_POINT('',(6.003456506,24.010851921,114.443439274));
#171=CARTESIAN_POINT('',(5.995626613,24.012809637,114.377195337));
#172=CARTESIAN_POINT('',(6.001142303,24.011438146,114.309714615));
#173=CARTESIAN_POINT('',(6.019819466,24.006754749,114.245369375));
#174=CARTESIAN_POINT('',(6.038496628,24.002071353,114.181024135));
#175=CARTESIAN_POINT('',(6.069855796,23.994190356,114.121500788));
#176=CARTESIAN_POINT('',(6.111199165,23.983655784,114.070370297));
#177=CARTESIAN_POINT('',(6.193885905,23.962586639,113.968109315));
#178=CARTESIAN_POINT('',(6.316127324,23.930878111,113.90197435));
#179=CARTESIAN_POINT('',(6.4452714,23.896045208,113.887753153));
#180=B_SPLINE_CURVE_WITH_KNOTS('',3,(#140,#141,#142,#143,#144,#145,#146,#147,#148,#149,#150,#151,#152,#153,#154,#155,#156,#157,#158,#159,#160,#161,#162,#163,#164,#165,
#166,#167,#168,#169,#170,#171,#172,#173,#174,#175,#176,#177,#178,#179),.UNSPECIFIED.,.T.,.F.,(4,3,3,3,3,3,3,3,3,3,3,3,3,4),(0.,0.00039771,0.000596565,0.000795419,0.000994274,0.001193129,0.001590839,0.001789694,0.001988548,0.002187403,0.002386258,0.002585113,0.002783968,0.003181678),.UNSPECIFIED.);
#181=EDGE_CURVE('',#137,#139,#180,.T.);
#182=ORIENTED_EDGE('',*,*,#181,.F.);
#183=CARTESIAN_POINT('',(6.4452714,23.896045208,113.887753153));
#184=CARTESIAN_POINT('',(6.574377526,23.861222541,113.873536136));
#185=CARTESIAN_POINT('',(6.705777111,23.824491124,113.910903675));
#186=CARTESIAN_POINT('',(6.808086283,23.795219292,113.990943319));
#187=CARTESIAN_POINT('',(6.859240868,23.780583376,114.03096314));
#188=CARTESIAN_POINT('',(6.902964297,23.767892579,114.081541086));
#189=CARTESIAN_POINT('',(6.935286432,23.758457486,114.138729149));
#190=CARTESIAN_POINT('',(6.967608568,23.749022392,114.195917213));
#191=CARTESIAN_POINT('',(6.988866439,23.742752805,114.260649074));
#192=CARTESIAN_POINT('',(6.996591146,23.740476245,114.326463118));
#193=CARTESIAN_POINT('',(7.004315853,23.738199685,114.392277162));
#194=CARTESIAN_POINT('',(6.998671403,23.739870895,114.460427097));
#195=CARTESIAN_POINT('',(6.980179299,23.745306841,114.524132697));
#196=CARTESIAN_POINT('',(6.961687195,23.750742786,114.587838298));
#197=CARTESIAN_POINT('',(6.930565677,23.759874269,114.647383137));
#198=CARTESIAN_POINT('',(6.889076955,23.771897667,114.698785726));
#199=CARTESIAN_POINT('',(6.806099512,23.795944464,114.801590905));
#200=CARTESIAN_POINT('',(6.684284645,23.830658786,114.866916889));
#201=CARTESIAN_POINT('',(6.556871893,23.865664269,114.881503966));
#202=CARTESIAN_POINT('',(6.493165517,23.88316701,114.888797505));
#203=CARTESIAN_POINT('',(6.427574676,23.900897116,114.883627866));
#204=CARTESIAN_POINT('',(6.365703737,23.917364318,114.866375853));
#205=CARTESIAN_POINT('',(6.303832798,23.93383152,114.84912384));
#206=CARTESIAN_POINT('',(6.244350881,23.94939215,114.819327155));
#207=CARTESIAN_POINT('',(6.193098398,23.962638257,114.779478445));
#208=CARTESIAN_POINT('',(6.141845916,23.975884363,114.739629734));
#209=CARTESIAN_POINT('',(6.097597696,23.987140839,114.688737381));
#210=CARTESIAN_POINT('',(6.065104475,23.995353877,114.631459027));
#211=CARTESIAN_POINT('',(6.032611255,24.003566916,114.574180673));
#212=CARTESIAN_POINT('',(6.0112864,24.008894205,114.509683211));
#213=CARTESIAN_POINT('',(6.003456506,24.010851921,114.443439274));
#214=CARTESIAN_POINT('',(5.995626613,24.012809637,114.377195337));
#215=CARTESIAN_POINT('',(6.001142303,24.011438146,114.309714615));
#216=CARTESIAN_POINT('',(6.019819466,24.006754749,114.245369375));
#217=CARTESIAN_POINT('',(6.038496628,24.002071353,114.181024135));
#218=CARTESIAN_POINT('',(6.069855796,23.994190356,114.121500788));
#219=CARTESIAN_POINT('',(6.111199165,23.983655784,114.070370297));
#220=CARTESIAN_POINT('',(6.193885905,23.962586639,113.968109315));
#221=CARTESIAN_POINT('',(6.316127324,23.930878111,113.90197435));
#222=CARTESIAN_POINT('',(6.4452714,23.896045208,113.887753153));
#223=B_SPLINE_CURVE_WITH_KNOTS('',3,(#183,#184,#185,#186,#187,#188,#189,#190,#191,#192,#193,#194,#195,#196,#197,#198,#199,#200,#201,#202,#203,#204,#205,#206,#207,#208,
#209,#210,#211,#212,#213,#214,#215,#216,#217,#218,#219,#220,#221,#222),.UNSPECIFIED.,.T.,.F.,(4,3,3,3,3,3,3,3,3,3,3,3,3,4),(0.,0.00039771,0.000596565,0.000795419,0.000994274,0.001193129,0.001590839,0.001789694,0.001988548,0.002187403,0.002386258,0.002585113,0.002783968,0.003181678),.UNSPECIFIED.);
#224=EDGE_CURVE('',#139,#137,#223,.T.);
#225=ORIENTED_EDGE('',*,*,#224,.F.);
#226=EDGE_LOOP('',(#182,#225));
#227=FACE_BOUND('',#226,.T.);
#228=CARTESIAN_POINT('',(-6.499999847,23.881195605,114.899888363));
#229=VERTEX_POINT('',#228);
#230=CARTESIAN_POINT('',(-6.394156776,23.909773297,114.888668816));
#231=VERTEX_POINT('',#230);
#232=CARTESIAN_POINT('',(-6.394156776,23.909773297,114.888668816));
#233=CARTESIAN_POINT('',(-6.521319469,23.875766358,114.91621162));
#234=CARTESIAN_POINT('',(-6.65566216,23.838575297,114.892473104));
#235=CARTESIAN_POINT('',(-6.76538363,23.807395581,114.82375881));
#236=CARTESIAN_POINT('',(-6.820244365,23.791805723,114.789401663));
#237=CARTESIAN_POINT('',(-6.868809339,23.777794843,114.743893248));
#238=CARTESIAN_POINT('',(-6.906850667,23.766739656,114.690641592));
#239=CARTESIAN_POINT('',(-6.944891994,23.755684468,114.637389937));
#240=CARTESIAN_POINT('',(-6.972833097,23.747470033,114.575512119));
#241=CARTESIAN_POINT('',(-6.987520005,23.743147731,114.511014617));
#242=CARTESIAN_POINT('',(-7.002206912,23.738825429,114.446517115));
#243=CARTESIAN_POINT('',(-7.003914395,23.738319848,114.378096864));
#244=CARTESIAN_POINT('',(-6.992321982,23.741734,114.312712736));
#245=CARTESIAN_POINT('',(-6.980729568,23.745148152,114.247328607));
#246=CARTESIAN_POINT('',(-6.955995105,23.752432116,114.18446804));
#247=CARTESIAN_POINT('',(-6.920079373,23.762891269,114.128829721));
#248=CARTESIAN_POINT('',(-6.848247911,23.783809575,114.017553085));
#249=CARTESIAN_POINT('',(-6.733210469,23.816869942,113.93946667));
#250=CARTESIAN_POINT('',(-6.60786625,23.85159541,113.911773749));
#251=CARTESIAN_POINT('',(-6.545194141,23.868958145,113.897927289));
#252=CARTESIAN_POINT('',(-6.479482964,23.886880991,113.896324109));
#253=CARTESIAN_POINT('',(-6.41627613,23.903846984,113.907059523));
#254=CARTESIAN_POINT('',(-6.353069296,23.920812977,113.917794937));
#255=CARTESIAN_POINT('',(-6.291017594,23.937184917,113.94118407));
#256=CARTESIAN_POINT('',(-6.236068446,23.95149161,113.975335268));
#257=CARTESIAN_POINT('',(-6.181119298,23.965798303,114.009486466));
#258=CARTESIAN_POINT('',(-6.131942159,23.978393246,114.055267907));
#259=CARTESIAN_POINT('',(-6.093694708,23.988109238,114.108596482));
#260=CARTESIAN_POINT('',(-6.055447258,23.99782523,114.161925058));
#261=CARTESIAN_POINT('',(-6.027413301,24.004854151,114.22367011));
#262=CARTESIAN_POINT('',(-6.012577707,24.008569498,114.288557152));
#263=CARTESIAN_POINT('',(-5.997742113,24.012284844,114.353444194));
#264=CARTESIAN_POINT('',(-5.995940538,24.012732938,114.42103499));
#265=CARTESIAN_POINT('',(-6.007666704,24.009798849,114.487223424));
#266=CARTESIAN_POINT('',(-6.01939287,24.00686476,114.553411858));
#267=CARTESIAN_POINT('',(-6.044253851,24.000642967,114.615997846));
#268=CARTESIAN_POINT('',(-6.080099812,23.991558646,114.67144766));
#269=CARTESIAN_POINT('',(-6.151791733,23.973390005,114.782347287));
#270=CARTESIAN_POINT('',(-6.266954878,23.94379072,114.861117521));
#271=CARTESIAN_POINT('',(-6.394156776,23.909773297,114.888668816));
#272=B_SPLINE_CURVE_WITH_KNOTS('',3,(#232,#233,#234,#235,#236,#237,#238,#239,#240,#241,#242,#243,#244,#245,#246,#247,#248,#249,#250,#251,#252,#253,#254,#255,#256,#257,
#258,#259,#260,#261,#262,#263,#264,#265,#266,#267,#268,#269,#270,#271),.UNSPECIFIED.,.T.,.F.,(4,3,3,3,3,3,3,3,3,3,3,3,3,4),(0.,0.000397702,0.000596553,0.000795404,0.000994255,0.001193106,0.001590807,0.001789658,0.001988509,0.00218736,0.002386211,0.002585062,0.002783913,0.003181615),.UNSPECIFIED.);
#273=EDGE_CURVE('',#229,#231,#272,.T.);
#274=ORIENTED_EDGE('',*,*,#273,.F.);
#275=CARTESIAN_POINT('',(-6.394156776,23.909773297,114.888668816));
#276=CARTESIAN_POINT('',(-6.521319469,23.875766358,114.91621162));
#277=CARTESIAN_POINT('',(-6.65566216,23.838575297,114.892473104));
#278=CARTESIAN_POINT('',(-6.76538363,23.807395581,114.82375881));
#279=CARTESIAN_POINT('',(-6.820244365,23.791805723,114.789401663));
#280=CARTESIAN_POINT('',(-6.868809339,23.777794843,114.743893248));
#281=CARTESIAN_POINT('',(-6.906850667,23.766739656,114.690641592));
#282=CARTESIAN_POINT('',(-6.944891994,23.755684468,114.637389937));
#283=CARTESIAN_POINT('',(-6.972833097,23.747470033,114.575512119));
#284=CARTESIAN_POINT('',(-6.987520005,23.743147731,114.511014617));
#285=CARTESIAN_POINT('',(-7.002206912,23.738825429,114.446517115));
#286=CARTESIAN_POINT('',(-7.003914395,23.738319848,114.378096864));
#287=CARTESIAN_POINT('',(-6.992321982,23.741734,114.312712736));
#288=CARTESIAN_POINT('',(-6.980729568,23.745148152,114.247328607));
#289=CARTESIAN_POINT('',(-6.955995105,23.752432116,114.18446804));
#290=CARTESIAN_POINT('',(-6.920079373,23.762891269,114.128829721));
#291=CARTESIAN_POINT('',(-6.848247911,23.783809575,114.017553085));
#292=CARTESIAN_POINT('',(-6.733210469,23.816869942,113.93946667));
#293=CARTESIAN_POINT('',(-6.60786625,23.85159541,113.911773749));
#294=CARTESIAN_POINT('',(-6.545194141,23.868958145,113.897927289));
#295=CARTESIAN_POINT('',(-6.479482964,23.886880991,113.896324109));
#296=CARTESIAN_POINT('',(-6.41627613,23.903846984,113.907059523));
#297=CARTESIAN_POINT('',(-6.353069296,23.920812977,113.917794937));
#298=CARTESIAN_POINT('',(-6.291017594,23.937184917,113.94118407));
#299=CARTESIAN_POINT('',(-6.236068446,23.95149161,113.975335268));
#300=CARTESIAN_POINT('',(-6.181119298,23.965798303,114.009486466));
#301=CARTESIAN_POINT('',(-6.131942159,23.978393246,114.055267907));
#302=CARTESIAN_POINT('',(-6.093694708,23.988109238,114.108596482));
#303=CARTESIAN_POINT('',(-6.055447258,23.99782523,114.161925058));
#304=CARTESIAN_POINT('',(-6.027413301,24.004854151,114.22367011));
#305=CARTESIAN_POINT('',(-6.012577707,24.008569498,114.288557152));
#306=CARTESIAN_POINT('',(-5.997742113,24.012284844,114.353444194));
#307=CARTESIAN_POINT('',(-5.995940538,24.012732938,114.42103499));
#308=CARTESIAN_POINT('',(-6.007666704,24.009798849,114.487223424));
#309=CARTESIAN_POINT('',(-6.01939287,24.00686476,114.553411858));
#310=CARTESIAN_POINT('',(-6.044253851,24.000642967,114.615997846));
#311=CARTESIAN_POINT('',(-6.080099812,23.991558646,114.67144766));
#312=CARTESIAN_POINT('',(-6.151791733,23.973390005,114.782347287));
#313=CARTESIAN_POINT('',(-6.266954878,23.94379072,114.861117521));
#314=CARTESIAN_POINT('',(-6.394156776,23.909773297,114.888668816));
#315=B_SPLINE_CURVE_WITH_KNOTS('',3,(#275,#276,#277,#278,#279,#280,#281,#282,#283,#284,#285,#286,#287,#288,#289,#290,#291,#292,#293,#294,#295,#296,#297,#298,#299,#300,
#301,#302,#303,#304,#305,#306,#307,#308,#309,#310,#311,#312,#313,#314),.UNSPECIFIED.,.T.,.F.,(4,3,3,3,3,3,3,3,3,3,3,3,3,4),(0.,0.000397702,0.000596553,0.000795404,0.000994255,0.001193106,0.001590807,0.001789658,0.001988509,0.00218736,0.002386211,0.002585062,0.002783913,0.003181615),.UNSPECIFIED.);
#316=EDGE_CURVE('',#231,#229,#315,.T.);
#317=ORIENTED_EDGE('',*,*,#316,.F.);
#318=EDGE_LOOP('',(#274,#317));
#319=FACE_BOUND('',#318,.T.);
#320=CARTESIAN_POINT('',(2.25,24.647515088,116.15));
#321=VERTEX_POINT('',#320);
#322=CARTESIAN_POINT('',(2.25,24.647515088,109.65));
#323=VERTEX_POINT('',#322);
#324=CARTESIAN_POINT('',(2.25,24.647515088,116.15));
#325=CARTESIAN_POINT('',(2.465047396,24.627884036,116.15));
#326=CARTESIAN_POINT('',(2.676201053,24.60577333,116.12886892));
#327=CARTESIAN_POINT('',(2.883664161,24.581435699,116.087627602));
#328=CARTESIAN_POINT('',(2.987395715,24.569266883,116.067006943));
#329=CARTESIAN_POINT('',(3.090198106,24.556541424,116.041320489));
#330=CARTESIAN_POINT('',(3.192058492,24.543293638,116.01047035));
#331=CARTESIAN_POINT('',(3.293918879,24.530045851,115.97962021));
#332=CARTESIAN_POINT('',(3.395143163,24.516225863,115.94342411));
#333=CARTESIAN_POINT('',(3.493285304,24.502233731,115.902788979));
#334=CARTESIAN_POINT('',(3.689569585,24.474249466,115.821518717));
#335=CARTESIAN_POINT('',(3.875645861,24.445321113,115.72215034));
#336=CARTESIAN_POINT('',(4.051718359,24.416102849,115.604868011));
#337=CARTESIAN_POINT('',(4.227790857,24.386884586,115.487585682));
#338=CARTESIAN_POINT('',(4.394615286,24.357197182,115.351084098));
#339=CARTESIAN_POINT('',(4.544336762,24.329231459,115.201851173));
#340=CARTESIAN_POINT('',(4.694058238,24.301265736,115.052618249));
#341=CARTESIAN_POINT('',(4.828584547,24.274719686,114.889700442));
#342=CARTESIAN_POINT('',(4.947561268,24.25044613,114.712639844));
#343=CARTESIAN_POINT('',(5.007049629,24.238309352,114.624109545));
#344=CARTESIAN_POINT('',(5.062643503,24.226737169,114.531833006));
#345=CARTESIAN_POINT('',(5.113042874,24.216095733,114.438013492));
#346=CARTESIAN_POINT('',(5.163442244,24.205454298,114.344193979));
#347=CARTESIAN_POINT('',(5.209003579,24.195671585,114.248346362));
#348=CARTESIAN_POINT('',(5.249794947,24.186817753,114.150492012));
#349=CARTESIAN_POINT('',(5.331377685,24.169110089,113.954783314));
#350=CARTESIAN_POINT('',(5.394230072,24.155054617,113.750078416));
#351=CARTESIAN_POINT('',(5.436548524,24.145526297,113.539068466));
#352=CARTESIAN_POINT('',(5.478866976,24.135997977,113.328058517));
#353=CARTESIAN_POINT('',(5.499805099,24.131196487,113.116010323));
#354=CARTESIAN_POINT('',(5.499998658,24.131152371,112.902952972));
#355=CARTESIAN_POINT('',(5.500095438,24.131130313,112.796424297));
#356=CARTESIAN_POINT('',(5.494968123,24.132300789,112.689641544));
#357=CARTESIAN_POINT('',(5.484463724,24.134687851,112.582597385));
#358=CARTESIAN_POINT('',(5.473959324,24.137074913,112.475553226));
#359=CARTESIAN_POINT('',(5.458054627,24.140683482,112.368686963));
#360=CARTESIAN_POINT('',(5.43715098,24.145390641,112.263942901));
#361=CARTESIAN_POINT('',(5.395343685,24.154804961,112.054454776));
#362=CARTESIAN_POINT('',(5.333498054,24.168643248,111.851129856));
#363=CARTESIAN_POINT('',(5.251634728,24.186418352,111.653930597));
#364=CARTESIAN_POINT('',(5.210703066,24.195305904,111.555330968));
#365=CARTESIAN_POINT('',(5.164442286,24.205241106,111.457804895));
#366=CARTESIAN_POINT('',(5.113969852,24.215899991,111.363713345));
#367=CARTESIAN_POINT('',(5.063497418,24.226558875,111.269621794));
#368=CARTESIAN_POINT('',(5.008745166,24.237957615,111.178654908));
#369=CARTESIAN_POINT('',(4.949817939,24.249985616,111.090723046));
#370=CARTESIAN_POINT('',(4.831963487,24.274041617,110.914859323));
#371=CARTESIAN_POINT('',(4.697198966,24.300669165,110.750714175));
#372=CARTESIAN_POINT('',(4.54587003,24.328945018,110.599678108));
#373=CARTESIAN_POINT('',(4.394541095,24.357220871,110.448642042));
#374=CARTESIAN_POINT('',(4.230942011,24.386333739,110.314868119));
#375=CARTESIAN_POINT('',(4.055460659,24.41548154,110.197628485));
#376=CARTESIAN_POINT('',(3.967719983,24.430055441,110.139008667));
#377=CARTESIAN_POINT('',(3.876986417,24.444641284,110.084554224));
#378=CARTESIAN_POINT('',(3.783174772,24.459151429,110.034363052));
#379=CARTESIAN_POINT('',(3.689363127,24.473661575,109.984171879));
#380=CARTESIAN_POINT('',(3.592339391,24.488107357,109.938263315));
#381=CARTESIAN_POINT('',(3.494314878,24.502086922,109.897637516));
#382=CARTESIAN_POINT('',(3.298265851,24.530046052,109.816385918));
#383=CARTESIAN_POINT('',(3.096222766,24.556461521,109.754933493));
#384=CARTESIAN_POINT('',(2.88813596,24.580910697,109.713264602));
#385=CARTESIAN_POINT('',(2.680049155,24.605359872,109.671595712));
#386=CARTESIAN_POINT('',(2.465044959,24.627884259,109.65));
#387=CARTESIAN_POINT('',(2.25,24.647515088,109.65));
#388=B_SPLINE_CURVE_WITH_KNOTS('',3,(#324,#325,#326,#327,#328,#329,#330,#331,#332,#333,#334,#335,#336,#337,#338,#339,#340,#341,#342,#343,#344,#345,#346,#347,#348,#349,
#350,#351,#352,#353,#354,#355,#356,#357,#358,#359,#360,#361,#362,#363,#364,#365,#366,#367,#368,#369,#370,#371,#372,#373,#374,
#375,#376,#377,#378,#379,#380,#381,#382,#383,#384,#385,#386,#387),.UNSPECIFIED.,.F.,.F.,(4,3,3,3,3,3,3,3,3,3,3,3,3,3,3,3,3,3,3,3,3,4),(0.,0.000638523,0.000957784,0.001277045,0.001915568,0.00255409,0.003192613,0.003511874,0.003831136,0.004469658,0.005108181,0.005427442,0.005746703,0.006385226,0.006704487,0.007023748,0.007662271,0.008300794,0.008620055,0.008939316,0.009577839,0.010216361),.UNSPECIFIED.);
#389=EDGE_CURVE('',#321,#323,#388,.T.);
#390=ORIENTED_EDGE('',*,*,#389,.T.);
#391=CARTESIAN_POINT('',(-2.25,24.647515088,109.65));
#392=VERTEX_POINT('',#391);
#393=CARTESIAN_POINT('',(0.,0.,109.65));
#394=DIRECTION('',(0.,0.,1.));
#395=DIRECTION('',(1.,0.,-0.));
#396=AXIS2_PLACEMENT_3D('',#393,#394,#395);
#397=CIRCLE('',#396,24.75);
#398=EDGE_CURVE('',#323,#392,#397,.T.);
#399=ORIENTED_EDGE('',*,*,#398,.T.);
#400=CARTESIAN_POINT('',(-2.25,24.647515088,116.15));
#401=VERTEX_POINT('',#400);
#402=CARTESIAN_POINT('',(-2.25,24.647515088,109.65));
#403=CARTESIAN_POINT('',(-2.465047396,24.627884036,109.65));
#404=CARTESIAN_POINT('',(-2.676201053,24.60577333,109.67113108));
#405=CARTESIAN_POINT('',(-2.883664161,24.581435699,109.712372398));
#406=CARTESIAN_POINT('',(-2.987395715,24.569266883,109.732993057));
#407=CARTESIAN_POINT('',(-3.090198106,24.556541424,109.758679511));
#408=CARTESIAN_POINT('',(-3.192058492,24.543293638,109.78952965));
#409=CARTESIAN_POINT('',(-3.293918879,24.530045851,109.82037979));
#410=CARTESIAN_POINT('',(-3.395143163,24.516225863,109.85657589));
#411=CARTESIAN_POINT('',(-3.493285304,24.502233731,109.897211021));
#412=CARTESIAN_POINT('',(-3.689569585,24.474249466,109.978481283));
#413=CARTESIAN_POINT('',(-3.875645861,24.445321113,110.07784966));
#414=CARTESIAN_POINT('',(-4.051718359,24.416102849,110.195131989));
#415=CARTESIAN_POINT('',(-4.227790857,24.386884586,110.312414318));
#416=CARTESIAN_POINT('',(-4.394615286,24.357197182,110.448915902));
#417=CARTESIAN_POINT('',(-4.544336762,24.329231459,110.598148827));
#418=CARTESIAN_POINT('',(-4.694058238,24.301265736,110.747381751));
#419=CARTESIAN_POINT('',(-4.828584547,24.274719686,110.910299558));
#420=CARTESIAN_POINT('',(-4.947561268,24.25044613,111.087360156));
#421=CARTESIAN_POINT('',(-5.007049629,24.238309352,111.175890455));
#422=CARTESIAN_POINT('',(-5.062643503,24.226737169,111.268166994));
#423=CARTESIAN_POINT('',(-5.113042874,24.216095733,111.361986508));
#424=CARTESIAN_POINT('',(-5.163442244,24.205454298,111.455806021));
#425=CARTESIAN_POINT('',(-5.209003579,24.195671585,111.551653638));
#426=CARTESIAN_POINT('',(-5.249794947,24.186817753,111.649507988));
#427=CARTESIAN_POINT('',(-5.331377685,24.169110089,111.845216686));
#428=CARTESIAN_POINT('',(-5.394230072,24.155054617,112.049921584));
#429=CARTESIAN_POINT('',(-5.436548524,24.145526297,112.260931534));
#430=CARTESIAN_POINT('',(-5.478866976,24.135997977,112.471941483));
#431=CARTESIAN_POINT('',(-5.499805099,24.131196487,112.683989677));
#432=CARTESIAN_POINT('',(-5.499998658,24.131152371,112.897047028));
#433=CARTESIAN_POINT('',(-5.500095438,24.131130313,113.003575703));
#434=CARTESIAN_POINT('',(-5.494968123,24.132300789,113.110358456));
#435=CARTESIAN_POINT('',(-5.484463724,24.134687851,113.217402615));
#436=CARTESIAN_POINT('',(-5.473959324,24.137074913,113.324446774));
#437=CARTESIAN_POINT('',(-5.458054627,24.140683482,113.431313037));
#438=CARTESIAN_POINT('',(-5.43715098,24.145390641,113.536057099));
#439=CARTESIAN_POINT('',(-5.395343685,24.154804961,113.745545224));
#440=CARTESIAN_POINT('',(-5.333498054,24.168643248,113.948870144));
#441=CARTESIAN_POINT('',(-5.251634728,24.186418352,114.146069403));
#442=CARTESIAN_POINT('',(-5.210703066,24.195305904,114.244669032));
#443=CARTESIAN_POINT('',(-5.164442286,24.205241106,114.342195105));
#444=CARTESIAN_POINT('',(-5.113969852,24.215899991,114.436286655));
#445=CARTESIAN_POINT('',(-5.063497418,24.226558875,114.530378206));
#446=CARTESIAN_POINT('',(-5.008745166,24.237957615,114.621345092));
#447=CARTESIAN_POINT('',(-4.949817939,24.249985616,114.709276954));
#448=CARTESIAN_POINT('',(-4.831963487,24.274041617,114.885140677));
#449=CARTESIAN_POINT('',(-4.697198966,24.300669165,115.049285825));
#450=CARTESIAN_POINT('',(-4.54587003,24.328945018,115.200321892));
#451=CARTESIAN_POINT('',(-4.394541095,24.357220871,115.351357958));
#452=CARTESIAN_POINT('',(-4.230942011,24.386333739,115.485131881));
#453=CARTESIAN_POINT('',(-4.055460659,24.41548154,115.602371515));
#454=CARTESIAN_POINT('',(-3.967719983,24.430055441,115.660991333));
#455=CARTESIAN_POINT('',(-3.876986417,24.444641284,115.715445776));
#456=CARTESIAN_POINT('',(-3.783174772,24.459151429,115.765636948));
#457=CARTESIAN_POINT('',(-3.689363127,24.473661575,115.815828121));
#458=CARTESIAN_POINT('',(-3.592339391,24.488107357,115.861736685));
#459=CARTESIAN_POINT('',(-3.494314878,24.502086922,115.902362484));
#460=CARTESIAN_POINT('',(-3.298265851,24.530046052,115.983614082));
#461=CARTESIAN_POINT('',(-3.096222766,24.556461521,116.045066507));
#462=CARTESIAN_POINT('',(-2.88813596,24.580910697,116.086735398));
#463=CARTESIAN_POINT('',(-2.680049155,24.605359872,116.128404288));
#464=CARTESIAN_POINT('',(-2.465044959,24.627884259,116.15));
#465=CARTESIAN_POINT('',(-2.25,24.647515088,116.15));
#466=B_SPLINE_CURVE_WITH_KNOTS('',3,(#402,#403,#404,#405,#406,#407,#408,#409,#410,#411,#412,#413,#414,#415,#416,#417,#418,#419,#420,#421,#422,#423,#424,#425,#426,#427,
#428,#429,#430,#431,#432,#433,#434,#435,#436,#437,#438,#439,#440,#441,#442,#443,#444,#445,#446,#447,#448,#449,#450,#451,#452,
#453,#454,#455,#456,#457,#458,#459,#460,#461,#462,#463,#464,#465),.UNSPECIFIED.,.F.,.F.,(4,3,3,3,3,3,3,3,3,3,3,3,3,3,3,3,3,3,3,3,3,4),(0.,0.000638523,0.000957784,0.001277045,0.001915568,0.00255409,0.003192613,0.003511874,0.003831136,0.004469658,0.005108181,0.005427442,0.005746703,0.006385226,0.006704487,0.007023748,0.007662271,0.008300794,0.008620055,0.008939316,0.009577839,0.010216361),.UNSPECIFIED.);
#467=EDGE_CURVE('',#392,#401,#466,.T.);
#468=ORIENTED_EDGE('',*,*,#467,.T.);
#469=CARTESIAN_POINT('',(0.,0.,116.15));
#470=DIRECTION('',(0.,0.,-1.));
#471=DIRECTION('',(-1.,0.,0.));
#472=AXIS2_PLACEMENT_3D('',#469,#470,#471);
#473=CIRCLE('',#472,24.75);
#474=EDGE_CURVE('',#401,#321,#473,.T.);
#475=ORIENTED_EDGE('',*,*,#474,.T.);
#476=EDGE_LOOP('',(#390,#399,#468,#475));
#477=FACE_BOUND('',#476,.T.);
#478=ADVANCED_FACE('',(#135,#227,#319,#477),#31,.F.);
#479=CARTESIAN_POINT('',(0.,0.,121.6));
#480=DIRECTION('',(0.,0.,-1.));
#481=DIRECTION('',(-1.,0.,0.));
#482=AXIS2_PLACEMENT_3D('',#479,#480,#481);
#483=CYLINDRICAL_SURFACE('',#482,26.6);
#484=CARTESIAN_POINT('',(-26.599957381,0.,116.789825976));
#485=VERTEX_POINT('',#484);
#486=CARTESIAN_POINT('',(-26.6,0.,118.6));
#487=VERTEX_POINT('',#486);
#488=CARTESIAN_POINT('',(-26.6,0.,116.789825976));
#489=DIRECTION('',(-0.,-0.,1.));
#490=VECTOR('',#489,1.810174024);
#491=LINE('',#488,#490);
#492=EDGE_CURVE('',#485,#487,#491,.T.);
#493=ORIENTED_EDGE('',*,*,#492,.T.);
#494=CARTESIAN_POINT('',(26.6,-0.,118.6));
#495=VERTEX_POINT('',#494);
#496=CARTESIAN_POINT('',(0.,0.,118.6));
#497=DIRECTION('',(-0.,-0.,-1.));
#498=DIRECTION('',(1.,0.,-0.));
#499=AXIS2_PLACEMENT_3D('',#496,#497,#498);
#500=CIRCLE('',#499,26.6);
#501=EDGE_CURVE('',#487,#495,#500,.T.);
#502=ORIENTED_EDGE('',*,*,#501,.T.);
#503=CARTESIAN_POINT('',(0.,0.,118.6));
#504=DIRECTION('',(-0.,-0.,-1.));
#505=DIRECTION('',(1.,0.,-0.));
#506=AXIS2_PLACEMENT_3D('',#503,#504,#505);
#507=CIRCLE('',#506,26.6);
#508=EDGE_CURVE('',#495,#487,#507,.T.);
#509=ORIENTED_EDGE('',*,*,#508,.T.);
#510=ORIENTED_EDGE('',*,*,#492,.F.);
#511=CARTESIAN_POINT('',(-26.525412476,-1.990601158,116.829438267));
#512=VERTEX_POINT('',#511);
#513=CARTESIAN_POINT('',(-26.525412398,1.990602198,116.829410281));
#514=CARTESIAN_POINT('',(-26.624805796,0.66615331,116.776631175));
#515=CARTESIAN_POINT('',(-26.62480562,-0.666155623,116.776631241));
#516=CARTESIAN_POINT('',(-26.525412402,-1.990602142,116.829410279));
#517=B_SPLINE_CURVE_WITH_KNOTS('',3,(#513,#514,#515,#516),.UNSPECIFIED.,.F.,.F.,(4,4),(0.,0.004583362),.UNSPECIFIED.);
#518=EDGE_CURVE('',#485,#512,#517,.T.);
#519=ORIENTED_EDGE('',*,*,#518,.T.);
#520=CARTESIAN_POINT('',(-23.035947712,-13.300568145,117.6));
#521=VERTEX_POINT('',#520);
#522=CARTESIAN_POINT('',(-26.525412458,-1.990601398,116.829438276));
#523=CARTESIAN_POINT('',(-26.450329083,-2.991111839,116.864829637));
#524=CARTESIAN_POINT('',(-26.319655957,-3.976683156,116.92559075));
#525=CARTESIAN_POINT('',(-26.135651543,-4.948506688,117.00062638));
#526=CARTESIAN_POINT('',(-25.951647129,-5.92033022,117.07566201));
#527=CARTESIAN_POINT('',(-25.714304702,-6.878411705,117.164845251));
#528=CARTESIAN_POINT('',(-25.423435105,-7.823614731,117.252514311));
#529=CARTESIAN_POINT('',(-25.278000307,-8.296216244,117.296348842));
#530=CARTESIAN_POINT('',(-25.119146462,-8.765592451,117.339747421));
#531=CARTESIAN_POINT('',(-24.946615058,-9.2318144,117.380407974));
#532=CARTESIAN_POINT('',(-24.774083655,-9.69803635,117.421068526));
#533=CARTESIAN_POINT('',(-24.587517143,-10.161912611,117.459065792));
#534=CARTESIAN_POINT('',(-24.387692427,-10.620756004,117.491614097));
#535=CARTESIAN_POINT('',(-23.988042995,-11.538442788,117.556710708));
#536=CARTESIAN_POINT('',(-23.537681546,-12.431589149,117.6));
#537=CARTESIAN_POINT('',(-23.035947712,-13.300568145,117.6));
#538=B_SPLINE_CURVE_WITH_KNOTS('',3,(#522,#523,#524,#525,#526,#527,#528,#529,#530,#531,#532,#533,#534,#535,#536,#537),.UNSPECIFIED.,.F.,.F.,(4,3,3,3,3,4),(0.,0.003416539,0.006833078,0.008541348,0.010249617,0.013666156),.UNSPECIFIED.);
#539=EDGE_CURVE('',#512,#521,#538,.T.);
#540=ORIENTED_EDGE('',*,*,#539,.T.);
#541=CARTESIAN_POINT('',(23.035947712,-13.300568145,117.6));
#542=VERTEX_POINT('',#541);
#543=CARTESIAN_POINT('',(0.,0.,117.6));
#544=DIRECTION('',(0.,0.,1.));
#545=DIRECTION('',(1.,0.,-0.));
#546=AXIS2_PLACEMENT_3D('',#543,#544,#545);
#547=CIRCLE('',#546,26.6);
#548=EDGE_CURVE('',#521,#542,#547,.T.);
#549=ORIENTED_EDGE('',*,*,#548,.T.);
#550=CARTESIAN_POINT('',(26.525412435,-1.990601706,116.829424275));
#551=VERTEX_POINT('',#550);
#552=CARTESIAN_POINT('',(23.035947712,-13.300568145,117.6));
#553=CARTESIAN_POINT('',(23.53792434,-12.431168642,117.6));
#554=CARTESIAN_POINT('',(23.985391939,-11.542980568,117.5567938));
#555=CARTESIAN_POINT('',(24.381102465,-10.635875263,117.49266925));
#556=CARTESIAN_POINT('',(24.77681299,-9.728769958,117.428544699));
#557=CARTESIAN_POINT('',(25.120742939,-8.802748431,117.34331309));
#558=CARTESIAN_POINT('',(25.413162906,-7.856917406,117.2556029));
#559=CARTESIAN_POINT('',(25.559372889,-7.384001894,117.211747804));
#560=CARTESIAN_POINT('',(25.692669077,-6.906121993,117.167234988));
#561=CARTESIAN_POINT('',(25.812863052,-6.42309124,117.124183253));
#562=CARTESIAN_POINT('',(25.933057026,-5.940060488,117.081131518));
#563=CARTESIAN_POINT('',(26.040264669,-5.451042915,117.039616242));
#564=CARTESIAN_POINT('',(26.133368618,-4.960548838,117.001682889));
#565=CARTESIAN_POINT('',(26.319576517,-3.979560684,116.925816182));
#566=CARTESIAN_POINT('',(26.450438511,-2.989653342,116.864778367));
#567=CARTESIAN_POINT('',(26.525412407,-1.990602074,116.82943861));
#568=B_SPLINE_CURVE_WITH_KNOTS('',3,(#552,#553,#554,#555,#556,#557,#558,#559,#560,#561,#562,#563,#564,#565,#566,#567),.UNSPECIFIED.,.F.,.F.,(4,3,3,3,3,4),(0.,0.003417852,0.006835705,0.008544631,0.010253557,0.013671409),.UNSPECIFIED.);
#569=EDGE_CURVE('',#542,#551,#568,.T.);
#570=ORIENTED_EDGE('',*,*,#569,.T.);
#571=CARTESIAN_POINT('',(26.525412402,1.990602142,116.829410279));
#572=VERTEX_POINT('',#571);
#573=CARTESIAN_POINT('',(26.525412398,-1.990602199,116.829410281));
#574=CARTESIAN_POINT('',(26.624805796,-0.66615331,116.776631175));
#575=CARTESIAN_POINT('',(26.62480562,0.666155623,116.776631241));
#576=CARTESIAN_POINT('',(26.525412402,1.990602142,116.829410279));
#577=B_SPLINE_CURVE_WITH_KNOTS('',3,(#573,#574,#575,#576),.UNSPECIFIED.,.F.,.F.,(4,4),(0.,0.004583362),.UNSPECIFIED.);
#578=EDGE_CURVE('',#551,#572,#577,.T.);
#579=ORIENTED_EDGE('',*,*,#578,.T.);
#580=CARTESIAN_POINT('',(23.035947712,13.300568145,117.6));
#581=VERTEX_POINT('',#580);
#582=CARTESIAN_POINT('',(26.525412458,1.990601398,116.829438276));
#583=CARTESIAN_POINT('',(26.450329083,2.991111839,116.864829637));
#584=CARTESIAN_POINT('',(26.319655957,3.976683156,116.92559075));
#585=CARTESIAN_POINT('',(26.135651543,4.948506688,117.00062638));
#586=CARTESIAN_POINT('',(25.951647129,5.92033022,117.07566201));
#587=CARTESIAN_POINT('',(25.714304702,6.878411705,117.164845251));
#588=CARTESIAN_POINT('',(25.423435105,7.823614731,117.252514311));
#589=CARTESIAN_POINT('',(25.278000307,8.296216244,117.296348842));
#590=CARTESIAN_POINT('',(25.119146462,8.765592451,117.339747421));
#591=CARTESIAN_POINT('',(24.946615058,9.2318144,117.380407974));
#592=CARTESIAN_POINT('',(24.774083655,9.69803635,117.421068526));
#593=CARTESIAN_POINT('',(24.587517143,10.161912611,117.459065792));
#594=CARTESIAN_POINT('',(24.387692427,10.620756004,117.491614097));
#595=CARTESIAN_POINT('',(23.988042995,11.538442788,117.556710708));
#596=CARTESIAN_POINT('',(23.537681546,12.431589149,117.6));
#597=CARTESIAN_POINT('',(23.035947712,13.300568145,117.6));
#598=B_SPLINE_CURVE_WITH_KNOTS('',3,(#582,#583,#584,#585,#586,#587,#588,#589,#590,#591,#592,#593,#594,#595,#596,#597),.UNSPECIFIED.,.F.,.F.,(4,3,3,3,3,4),(0.,0.003416539,0.006833078,0.008541348,0.010249617,0.013666156),.UNSPECIFIED.);
#599=EDGE_CURVE('',#572,#581,#598,.T.);
#600=ORIENTED_EDGE('',*,*,#599,.T.);
#601=CARTESIAN_POINT('',(16.501692852,20.862745098,117.6));
#602=VERTEX_POINT('',#601);
#603=CARTESIAN_POINT('',(0.,0.,117.6));
#604=DIRECTION('',(0.,0.,1.));
#605=DIRECTION('',(1.,0.,-0.));
#606=AXIS2_PLACEMENT_3D('',#603,#604,#605);
#607=CIRCLE('',#606,26.6);
#608=EDGE_CURVE('',#581,#602,#607,.T.);
#609=ORIENTED_EDGE('',*,*,#608,.T.);
#610=CARTESIAN_POINT('',(9.936215324,24.674513674,116.668560881));
#611=VERTEX_POINT('',#610);
#612=CARTESIAN_POINT('',(16.501692852,20.862745098,117.6));
#613=CARTESIAN_POINT('',(15.490031274,21.662933595,117.6));
#614=CARTESIAN_POINT('',(14.43778757,22.376507562,117.49057959));
#615=CARTESIAN_POINT('',(13.344314136,23.010634068,117.32069644));
#616=CARTESIAN_POINT('',(12.250840703,23.644760575,117.15081329));
#617=CARTESIAN_POINT('',(11.115690658,24.199549097,116.919122549));
#618=CARTESIAN_POINT('',(9.93621505,24.674513784,116.668563293));
#619=B_SPLINE_CURVE_WITH_KNOTS('',3,(#612,#613,#614,#615,#616,#617,#618),.UNSPECIFIED.,.F.,.F.,(4,3,4),(0.041719643,0.046120927,0.050522211),.UNSPECIFIED.);
#620=EDGE_CURVE('',#602,#611,#619,.T.);
#621=ORIENTED_EDGE('',*,*,#620,.T.);
#622=CARTESIAN_POINT('',(6.830726676,25.707998232,114.759742062));
#623=VERTEX_POINT('',#622);
#624=CARTESIAN_POINT('',(9.936215324,24.674513674,116.668560881));
#625=CARTESIAN_POINT('',(9.943359676,24.671636705,116.626145417));
#626=CARTESIAN_POINT('',(9.944867919,24.671027841,116.583891737));
#627=CARTESIAN_POINT('',(9.941551555,24.672364149,116.541776586));
#628=CARTESIAN_POINT('',(9.938235191,24.673700456,116.499661434));
#629=CARTESIAN_POINT('',(9.929906059,24.677056731,116.45722904));
#630=CARTESIAN_POINT('',(9.918034386,24.6818272,116.416724678));
#631=CARTESIAN_POINT('',(9.894291039,24.691368137,116.335715954));
#632=CARTESIAN_POINT('',(9.856468414,24.706523767,116.259943533));
#633=CARTESIAN_POINT('',(9.812001136,24.724171042,116.189871762));
#634=CARTESIAN_POINT('',(9.767533859,24.741818317,116.119799991));
#635=CARTESIAN_POINT('',(9.716625376,24.761879467,116.055560306));
#636=CARTESIAN_POINT('',(9.661598791,24.783331269,115.995002023));
#637=CARTESIAN_POINT('',(9.606572207,24.804783071,115.93444374));
#638=CARTESIAN_POINT('',(9.547062622,24.827765225,115.877591586));
#639=CARTESIAN_POINT('',(9.485580528,24.851232606,115.824738243));
#640=CARTESIAN_POINT('',(9.362616339,24.89816737,115.719031557));
#641=CARTESIAN_POINT('',(9.230614218,24.947490102,115.627625284));
#642=CARTESIAN_POINT('',(9.092814442,24.997614397,115.545002853));
#643=CARTESIAN_POINT('',(8.955014667,25.047738691,115.462380423));
#644=CARTESIAN_POINT('',(8.81078009,25.09888329,115.388566104));
#645=CARTESIAN_POINT('',(8.664958418,25.149125146,115.322013255));
#646=CARTESIAN_POINT('',(8.373315075,25.249608858,115.188907556));
#647=CARTESIAN_POINT('',(8.072980936,25.347376706,115.081966127));
#648=CARTESIAN_POINT('',(7.766735172,25.440869183,114.990398005));
#649=CARTESIAN_POINT('',(7.460489407,25.53436166,114.898829883));
#650=CARTESIAN_POINT('',(7.148294468,25.623619056,114.822800054));
#651=CARTESIAN_POINT('',(6.830729182,25.707997566,114.75974256));
#652=B_SPLINE_CURVE_WITH_KNOTS('',3,(#624,#625,#626,#627,#628,#629,#630,#631,#632,#633,#634,#635,#636,#637,#638,#639,#640,#641,#642,#643,#644,#645,#646,#647,#648,#649,
#650,#651),.UNSPECIFIED.,.F.,.F.,(4,3,3,3,3,3,3,3,3,4),(0.,0.000126586,0.000253172,0.000506345,0.000759517,0.00101269,0.001519035,0.00202538,0.003038069,0.004050759),.UNSPECIFIED.);
#653=EDGE_CURVE('',#611,#623,#652,.T.);
#654=ORIENTED_EDGE('',*,*,#653,.T.);
#655=CARTESIAN_POINT('',(6.499999969,25.793600167,114.884694583));
#656=VERTEX_POINT('',#655);
#657=CARTESIAN_POINT('',(6.830726676,25.707998232,114.759742062));
#658=CARTESIAN_POINT('',(6.774810012,25.722855532,114.809057985));
#659=CARTESIAN_POINT('',(6.708211757,25.74034184,114.845214686));
#660=CARTESIAN_POINT('',(6.637693712,25.758513586,114.865415572));
#661=CARTESIAN_POINT('',(6.567175667,25.776685333,114.885616458));
#662=CARTESIAN_POINT('',(6.491803783,25.79577649,114.890069837));
#663=CARTESIAN_POINT('',(6.419175369,25.813837134,114.878173045));
#664=CARTESIAN_POINT('',(6.346546956,25.831897778,114.866276253));
#665=CARTESIAN_POINT('',(6.276568961,25.848959562,114.83831545));
#666=CARTESIAN_POINT('',(6.214856398,25.863788585,114.795471596));
#667=CARTESIAN_POINT('',(6.184000116,25.871203096,114.774049669));
#668=CARTESIAN_POINT('',(6.15600701,25.877871768,114.749526389));
#669=CARTESIAN_POINT('',(6.13082833,25.883835573,114.721961421));
#670=CARTESIAN_POINT('',(6.105649651,25.889799379,114.694396452));
#671=CARTESIAN_POINT('',(6.083129922,25.895093953,114.663374626));
#672=CARTESIAN_POINT('',(6.064643772,25.899422695,114.630645136));
#673=B_SPLINE_CURVE_WITH_KNOTS('',3,(#657,#658,#659,#660,#661,#662,#663,#664,#665,#666,#667,#668,#669,#670,#671,#672),.UNSPECIFIED.,.F.,.F.,(4,3,3,3,3,4),(0.000028786,0.000255382,0.000481978,0.000708573,0.000821871,0.000935169),.UNSPECIFIED.);
#674=EDGE_CURVE('',#623,#656,#673,.T.);
#675=ORIENTED_EDGE('',*,*,#674,.T.);
#676=CARTESIAN_POINT('',(6.064643772,25.899422695,114.630645136));
#677=VERTEX_POINT('',#676);
#678=CARTESIAN_POINT('',(6.830726676,25.707998232,114.759742062));
#679=CARTESIAN_POINT('',(6.774810012,25.722855532,114.809057985));
#680=CARTESIAN_POINT('',(6.708211757,25.74034184,114.845214686));
#681=CARTESIAN_POINT('',(6.637693712,25.758513586,114.865415572));
#682=CARTESIAN_POINT('',(6.567175667,25.776685333,114.885616458));
#683=CARTESIAN_POINT('',(6.491803783,25.79577649,114.890069837));
#684=CARTESIAN_POINT('',(6.419175369,25.813837134,114.878173045));
#685=CARTESIAN_POINT('',(6.346546956,25.831897778,114.866276253));
#686=CARTESIAN_POINT('',(6.276568961,25.848959562,114.83831545));
#687=CARTESIAN_POINT('',(6.214856398,25.863788585,114.795471596));
#688=CARTESIAN_POINT('',(6.184000116,25.871203096,114.774049669));
#689=CARTESIAN_POINT('',(6.15600701,25.877871768,114.749526389));
#690=CARTESIAN_POINT('',(6.13082833,25.883835573,114.721961421));
#691=CARTESIAN_POINT('',(6.105649651,25.889799379,114.694396452));
#692=CARTESIAN_POINT('',(6.083129922,25.895093953,114.663374626));
#693=CARTESIAN_POINT('',(6.064643772,25.899422695,114.630645136));
#694=B_SPLINE_CURVE_WITH_KNOTS('',3,(#678,#679,#680,#681,#682,#683,#684,#685,#686,#687,#688,#689,#690,#691,#692,#693),.UNSPECIFIED.,.F.,.F.,(4,3,3,3,3,4),(0.000028786,0.000255382,0.000481978,0.000708573,0.000821871,0.000935169),.UNSPECIFIED.);
#695=EDGE_CURVE('',#656,#677,#694,.T.);
#696=ORIENTED_EDGE('',*,*,#695,.T.);
#697=CARTESIAN_POINT('',(5.063954136,26.113528458,114.526087981));
#698=VERTEX_POINT('',#697);
#699=CARTESIAN_POINT('',(6.064643773,25.899422695,114.630645132));
#700=CARTESIAN_POINT('',(5.899177181,25.938168505,114.607475994));
#701=CARTESIAN_POINT('',(5.733120092,25.9753806,114.586575127));
#702=CARTESIAN_POINT('',(5.566415076,26.011055788,114.568448298));
#703=CARTESIAN_POINT('',(5.399710061,26.046730976,114.55032147));
#704=CARTESIAN_POINT('',(5.232381471,26.080866912,114.53474699));
#705=CARTESIAN_POINT('',(5.063954136,26.113528458,114.526087981));
#706=B_SPLINE_CURVE_WITH_KNOTS('',3,(#699,#700,#701,#702,#703,#704,#705),.UNSPECIFIED.,.F.,.F.,(4,3,4),(0.004856135,0.005373867,0.005891598),.UNSPECIFIED.);
#707=EDGE_CURVE('',#677,#698,#706,.T.);
#708=ORIENTED_EDGE('',*,*,#707,.T.);
#709=CARTESIAN_POINT('',(2.25,26.5046694,116.15));
#710=VERTEX_POINT('',#709);
#711=CARTESIAN_POINT('',(2.25,26.5046694,116.15));
#712=CARTESIAN_POINT('',(2.537056456,26.480300976,116.15));
#713=CARTESIAN_POINT('',(2.817293553,26.451820447,116.112627831));
#714=CARTESIAN_POINT('',(3.091013084,26.41979633,116.039298806));
#715=CARTESIAN_POINT('',(3.22787285,26.403784271,116.002634293));
#716=CARTESIAN_POINT('',(3.363984167,26.38675964,115.956413746));
#717=CARTESIAN_POINT('',(3.495026495,26.369391153,115.902067459));
#718=CARTESIAN_POINT('',(3.626068824,26.352022667,115.847721171));
#719=CARTESIAN_POINT('',(3.752544287,26.334267093,115.785257324));
#720=CARTESIAN_POINT('',(3.874565899,26.316301775,115.714833146));
#721=CARTESIAN_POINT('',(3.996587512,26.298336456,115.644408967));
#722=CARTESIAN_POINT('',(4.11415575,26.280160216,115.566025619));
#723=CARTESIAN_POINT('',(4.227150044,26.261972556,115.479414217));
#724=CARTESIAN_POINT('',(4.340144337,26.243784895,115.392802816));
#725=CARTESIAN_POINT('',(4.447455465,26.225758542,115.298670285));
#726=CARTESIAN_POINT('',(4.547312028,26.208432866,115.198881781));
#727=CARTESIAN_POINT('',(4.647168592,26.191107191,115.099093277));
#728=CARTESIAN_POINT('',(4.740206173,26.17437924,114.993172629));
#729=CARTESIAN_POINT('',(4.826406319,26.158474765,114.881068015));
#730=CARTESIAN_POINT('',(4.912606464,26.142570291,114.768963402));
#731=CARTESIAN_POINT('',(4.992254147,26.127432571,114.650165203));
#732=CARTESIAN_POINT('',(5.063954136,26.113528458,114.526087981));
#733=B_SPLINE_CURVE_WITH_KNOTS('',3,(#711,#712,#713,#714,#715,#716,#717,#718,#719,#720,#721,#722,#723,#724,#725,#726,#727,#728,#729,#730,#731,#732),.UNSPECIFIED.,.F.,.F.,(4,3,3,3,3,3,3,4),(0.,0.000851876,0.001277814,0.001703752,0.00212969,0.002555628,0.002981566,0.003407504),.UNSPECIFIED.);
#734=EDGE_CURVE('',#710,#698,#733,.T.);
#735=ORIENTED_EDGE('',*,*,#734,.F.);
#736=CARTESIAN_POINT('',(-2.25,26.5046694,116.15));
#737=VERTEX_POINT('',#736);
#738=CARTESIAN_POINT('',(0.,0.,116.15));
#739=DIRECTION('',(0.,0.,-1.));
#740=DIRECTION('',(-1.,0.,0.));
#741=AXIS2_PLACEMENT_3D('',#738,#739,#740);
#742=CIRCLE('',#741,26.6);
#743=EDGE_CURVE('',#737,#710,#742,.T.);
#744=ORIENTED_EDGE('',*,*,#743,.F.);
#745=CARTESIAN_POINT('',(-5.06391916,26.11353524,114.526148505));
#746=VERTEX_POINT('',#745);
#747=CARTESIAN_POINT('',(-5.06391916,26.11353524,114.526148505));
#748=CARTESIAN_POINT('',(-4.921095296,26.141231546,114.773293757));
#749=CARTESIAN_POINT('',(-4.749154083,26.173403093,114.996977499));
#750=CARTESIAN_POINT('',(-4.548453942,26.208234712,115.197740081));
#751=CARTESIAN_POINT('',(-4.448103871,26.225650522,115.298121371));
#752=CARTESIAN_POINT('',(-4.340169842,26.243777085,115.392724819));
#753=CARTESIAN_POINT('',(-4.227992538,26.261836933,115.478768217));
#754=CARTESIAN_POINT('',(-4.115815234,26.279896781,115.564811615));
#755=CARTESIAN_POINT('',(-3.998688505,26.298017251,115.643075856));
#756=CARTESIAN_POINT('',(-3.876632155,26.315997476,115.713639606));
#757=CARTESIAN_POINT('',(-3.632519456,26.351957924,115.854767106));
#758=CARTESIAN_POINT('',(-3.36567891,26.387639905,115.965524049));
#759=CARTESIAN_POINT('',(-3.093069972,26.419555601,116.038747047));
#760=CARTESIAN_POINT('',(-2.956765502,26.435513449,116.075358546));
#761=CARTESIAN_POINT('',(-2.818304087,26.450655009,116.103071156));
#762=CARTESIAN_POINT('',(-2.677642075,26.464886792,116.121742115));
#763=CARTESIAN_POINT('',(-2.536980064,26.479118575,116.140413074));
#764=CARTESIAN_POINT('',(-2.393521569,26.492485753,116.15));
#765=CARTESIAN_POINT('',(-2.25,26.5046694,116.15));
#766=B_SPLINE_CURVE_WITH_KNOTS('',3,(#747,#748,#749,#750,#751,#752,#753,#754,#755,#756,#757,#758,#759,#760,#761,#762,#763,#764,#765),.UNSPECIFIED.,.F.,.F.,(4,3,3,3,3,3,4),(0.000092483,0.000944325,0.001370245,0.001796166,0.002648007,0.003073928,0.003499848),.UNSPECIFIED.);
#767=EDGE_CURVE('',#746,#737,#766,.T.);
#768=ORIENTED_EDGE('',*,*,#767,.F.);
#769=CARTESIAN_POINT('',(-6.05095296,25.902624737,114.619901696));
#770=VERTEX_POINT('',#769);
#771=CARTESIAN_POINT('',(-5.06391916,26.11353524,114.526148505));
#772=CARTESIAN_POINT('',(-5.396208898,26.049097838,114.536366998));
#773=CARTESIAN_POINT('',(-5.72474794,25.978827489,114.572669383));
#774=CARTESIAN_POINT('',(-6.05095296,25.902624737,114.619901696));
#775=B_SPLINE_CURVE_WITH_KNOTS('',3,(#771,#772,#773,#774),.UNSPECIFIED.,.F.,.F.,(4,4),(0.001412383,0.002411867),.UNSPECIFIED.);
#776=EDGE_CURVE('',#746,#770,#775,.T.);
#777=ORIENTED_EDGE('',*,*,#776,.T.);
#778=CARTESIAN_POINT('',(-6.500000006,25.793603429,114.89998688));
#779=VERTEX_POINT('',#778);
#780=CARTESIAN_POINT('',(-6.05095296,25.902624737,114.619901696));
#781=CARTESIAN_POINT('',(-6.086074782,25.894420144,114.691621684));
#782=CARTESIAN_POINT('',(-6.138761643,25.882037419,114.754603021));
#783=CARTESIAN_POINT('',(-6.20219741,25.866827159,114.801638665));
#784=CARTESIAN_POINT('',(-6.265633178,25.8516169,114.84867431));
#785=CARTESIAN_POINT('',(-6.339852966,25.833553809,114.879996376));
#786=CARTESIAN_POINT('',(-6.416501838,25.814501819,114.892978759));
#787=CARTESIAN_POINT('',(-6.454826274,25.804975824,114.899469951));
#788=CARTESIAN_POINT('',(-6.4944486,25.795033187,114.901476897));
#789=CARTESIAN_POINT('',(-6.53322012,25.785209614,114.898895203));
#790=CARTESIAN_POINT('',(-6.57199164,25.775386042,114.896313509));
#791=CARTESIAN_POINT('',(-6.610154117,25.765623713,114.889295077));
#792=CARTESIAN_POINT('',(-6.647689761,25.755935643,114.877689998));
#793=CARTESIAN_POINT('',(-6.72276105,25.736559502,114.85447984));
#794=CARTESIAN_POINT('',(-6.791513594,25.718452639,114.81388901));
#795=CARTESIAN_POINT('',(-6.848377236,25.703301913,114.75865485));
#796=B_SPLINE_CURVE_WITH_KNOTS('',3,(#780,#781,#782,#783,#784,#785,#786,#787,#788,#789,#790,#791,#792,#793,#794,#795),.UNSPECIFIED.,.F.,.F.,(4,3,3,3,3,4),(0.000125249,0.000365198,0.000605147,0.000725121,0.000845095,0.001085044),.UNSPECIFIED.);
#797=EDGE_CURVE('',#770,#779,#796,.T.);
#798=ORIENTED_EDGE('',*,*,#797,.T.);
#799=CARTESIAN_POINT('',(-6.848377236,25.703301913,114.75865485));
#800=VERTEX_POINT('',#799);
#801=CARTESIAN_POINT('',(-6.05095296,25.902624737,114.619901696));
#802=CARTESIAN_POINT('',(-6.086074782,25.894420144,114.691621684));
#803=CARTESIAN_POINT('',(-6.138761643,25.882037419,114.754603021));
#804=CARTESIAN_POINT('',(-6.20219741,25.866827159,114.801638665));
#805=CARTESIAN_POINT('',(-6.265633178,25.8516169,114.84867431));
#806=CARTESIAN_POINT('',(-6.339852966,25.833553809,114.879996376));
#807=CARTESIAN_POINT('',(-6.416501838,25.814501819,114.892978759));
#808=CARTESIAN_POINT('',(-6.454826274,25.804975824,114.899469951));
#809=CARTESIAN_POINT('',(-6.4944486,25.795033187,114.901476897));
#810=CARTESIAN_POINT('',(-6.53322012,25.785209614,114.898895203));
#811=CARTESIAN_POINT('',(-6.57199164,25.775386042,114.896313509));
#812=CARTESIAN_POINT('',(-6.610154117,25.765623713,114.889295077));
#813=CARTESIAN_POINT('',(-6.647689761,25.755935643,114.877689998));
#814=CARTESIAN_POINT('',(-6.72276105,25.736559502,114.85447984));
#815=CARTESIAN_POINT('',(-6.791513594,25.718452639,114.81388901));
#816=CARTESIAN_POINT('',(-6.848377236,25.703301913,114.75865485));
#817=B_SPLINE_CURVE_WITH_KNOTS('',3,(#801,#802,#803,#804,#805,#806,#807,#808,#809,#810,#811,#812,#813,#814,#815,#816),.UNSPECIFIED.,.F.,.F.,(4,3,3,3,3,4),(0.000125249,0.000365198,0.000605147,0.000725121,0.000845095,0.001085044),.UNSPECIFIED.);
#818=EDGE_CURVE('',#779,#800,#817,.T.);
#819=ORIENTED_EDGE('',*,*,#818,.T.);
#820=CARTESIAN_POINT('',(-9.936215012,24.674513799,116.668560815));
#821=VERTEX_POINT('',#820);
#822=CARTESIAN_POINT('',(-6.848377236,25.703301913,114.75865485));
#823=CARTESIAN_POINT('',(-7.16474222,25.619009756,114.82342103));
#824=CARTESIAN_POINT('',(-7.475375433,25.529981075,114.900675746));
#825=CARTESIAN_POINT('',(-7.77954103,25.436956213,114.993252101));
#826=CARTESIAN_POINT('',(-8.083706627,25.34393135,115.085828457));
#827=CARTESIAN_POINT('',(-8.381475569,25.246854227,115.193467213));
#828=CARTESIAN_POINT('',(-8.669443179,25.147579505,115.327844176));
#829=CARTESIAN_POINT('',(-8.813426983,25.097942145,115.395032657));
#830=CARTESIAN_POINT('',(-8.95535805,25.047615602,115.469271782));
#831=CARTESIAN_POINT('',(-9.093103796,24.997509143,115.552272254));
#832=CARTESIAN_POINT('',(-9.230849543,24.947402683,115.635272725));
#833=CARTESIAN_POINT('',(-9.364041302,24.897631773,115.727003839));
#834=CARTESIAN_POINT('',(-9.487020669,24.850682864,115.831269253));
#835=CARTESIAN_POINT('',(-9.610000035,24.803733956,115.935534667));
#836=CARTESIAN_POINT('',(-9.722517805,24.759681517,116.050245449));
#837=CARTESIAN_POINT('',(-9.811517,24.72436317,116.189217031));
#838=CARTESIAN_POINT('',(-9.856016597,24.706703996,116.258702823));
#839=CARTESIAN_POINT('',(-9.894174726,24.691414843,116.33458361));
#840=CARTESIAN_POINT('',(-9.918017741,24.681833888,116.415965403));
#841=CARTESIAN_POINT('',(-9.929939249,24.677043411,116.456656299));
#842=CARTESIAN_POINT('',(-9.938145902,24.673736425,116.498625454));
#843=CARTESIAN_POINT('',(-9.941499084,24.672385291,116.540843352));
#844=CARTESIAN_POINT('',(-9.943175676,24.671709724,116.561952302));
#845=CARTESIAN_POINT('',(-9.943659802,24.671514557,116.583206932));
#846=CARTESIAN_POINT('',(-9.942820165,24.671852934,116.604623296));
#847=CARTESIAN_POINT('',(-9.941980527,24.67219131,116.626039659));
#848=CARTESIAN_POINT('',(-9.939609379,24.673146917,116.648408731));
#849=CARTESIAN_POINT('',(-9.936215012,24.674513799,116.668560815));
#850=B_SPLINE_CURVE_WITH_KNOTS('',3,(#822,#823,#824,#825,#826,#827,#828,#829,#830,#831,#832,#833,#834,#835,#836,#837,#838,#839,#840,#841,#842,#843,#844,#845,#846,#847,
#848,#849),.UNSPECIFIED.,.F.,.F.,(4,3,3,3,3,3,3,3,3,4),(0.003231264,0.004214381,0.005197498,0.005689057,0.006180615,0.006672174,0.006917953,0.007040843,0.007102288,0.007163733),.UNSPECIFIED.);
#851=EDGE_CURVE('',#800,#821,#850,.T.);
#852=ORIENTED_EDGE('',*,*,#851,.T.);
#853=CARTESIAN_POINT('',(-16.501692852,20.862745098,117.6));
#854=VERTEX_POINT('',#853);
#855=CARTESIAN_POINT('',(-9.936215012,24.674513799,116.668560815));
#856=CARTESIAN_POINT('',(-10.229432415,24.556437667,116.730849804));
#857=CARTESIAN_POINT('',(-10.521743342,24.432626758,116.792505499));
#858=CARTESIAN_POINT('',(-10.811169483,24.303880647,116.852145088));
#859=CARTESIAN_POINT('',(-11.100595623,24.175134537,116.911784677));
#860=CARTESIAN_POINT('',(-11.387268092,24.041422437,116.96944014));
#861=CARTESIAN_POINT('',(-11.671241929,23.902763686,117.024685616));
#862=CARTESIAN_POINT('',(-12.239189605,23.625446184,117.135176566));
#863=CARTESIAN_POINT('',(-12.796395759,23.328349233,117.235553587));
#864=CARTESIAN_POINT('',(-13.343264779,23.011242579,117.320533373));
#865=CARTESIAN_POINT('',(-14.437002817,22.377029273,117.490492945));
#866=CARTESIAN_POINT('',(-15.48958105,21.663289706,117.6));
#867=CARTESIAN_POINT('',(-16.501692852,20.862745098,117.6));
#868=B_SPLINE_CURVE_WITH_KNOTS('',3,(#855,#856,#857,#858,#859,#860,#861,#862,#863,#864,#865,#866,#867),.UNSPECIFIED.,.F.,.F.,(4,3,3,3,4),(0.,0.001098047,0.002196094,0.004392188,0.008784375),.UNSPECIFIED.);
#869=EDGE_CURVE('',#821,#854,#868,.T.);
#870=ORIENTED_EDGE('',*,*,#869,.T.);
#871=CARTESIAN_POINT('',(-23.035947712,13.300568145,117.6));
#872=VERTEX_POINT('',#871);
#873=CARTESIAN_POINT('',(0.,0.,117.6));
#874=DIRECTION('',(0.,0.,1.));
#875=DIRECTION('',(1.,0.,-0.));
#876=AXIS2_PLACEMENT_3D('',#873,#874,#875);
#877=CIRCLE('',#876,26.6);
#878=EDGE_CURVE('',#854,#872,#877,.T.);
#879=ORIENTED_EDGE('',*,*,#878,.T.);
#880=CARTESIAN_POINT('',(-26.525412398,1.990602198,116.829410281));
#881=VERTEX_POINT('',#880);
#882=CARTESIAN_POINT('',(-23.035947712,13.300568145,117.6));
#883=CARTESIAN_POINT('',(-23.537924304,12.431168703,117.6));
#884=CARTESIAN_POINT('',(-23.985391875,11.542980695,117.556793806));
#885=CARTESIAN_POINT('',(-24.38110238,10.635875456,117.492669263));
#886=CARTESIAN_POINT('',(-24.776812885,9.728770218,117.428544721));
#887=CARTESIAN_POINT('',(-25.120742821,8.802748761,117.34331312));
#888=CARTESIAN_POINT('',(-25.413162781,7.856917809,117.255602937));
#889=CARTESIAN_POINT('',(-25.559372761,7.384002333,117.211747845));
#890=CARTESIAN_POINT('',(-25.692668949,6.90612247,117.167235032));
#891=CARTESIAN_POINT('',(-25.812862924,6.423091755,117.124183298));
#892=CARTESIAN_POINT('',(-25.933056899,5.94006104,117.081131565));
#893=CARTESIAN_POINT('',(-26.040264545,5.451043505,117.039616291));
#894=CARTESIAN_POINT('',(-26.133368499,4.960549465,117.001682937));
#895=CARTESIAN_POINT('',(-26.319576408,3.979561384,116.925816229));
#896=CARTESIAN_POINT('',(-26.45043842,2.989654125,116.864778409));
#897=CARTESIAN_POINT('',(-26.525412344,1.990602925,116.829438641));
#898=B_SPLINE_CURVE_WITH_KNOTS('',3,(#882,#883,#884,#885,#886,#887,#888,#889,#890,#891,#892,#893,#894,#895,#896,#897),.UNSPECIFIED.,.F.,.F.,(4,3,3,3,3,4),(0.,0.003417852,0.006835704,0.00854463,0.010253556,0.013671408),.UNSPECIFIED.);
#899=EDGE_CURVE('',#872,#881,#898,.T.);
#900=ORIENTED_EDGE('',*,*,#899,.T.);
#901=CARTESIAN_POINT('',(-26.525412398,1.990602198,116.829410281));
#902=CARTESIAN_POINT('',(-26.624805796,0.66615331,116.776631175));
#903=CARTESIAN_POINT('',(-26.62480562,-0.666155623,116.776631241));
#904=CARTESIAN_POINT('',(-26.525412402,-1.990602142,116.829410279));
#905=B_SPLINE_CURVE_WITH_KNOTS('',3,(#901,#902,#903,#904),.UNSPECIFIED.,.F.,.F.,(4,4),(0.,0.004583362),.UNSPECIFIED.);
#906=EDGE_CURVE('',#881,#485,#905,.T.);
#907=ORIENTED_EDGE('',*,*,#906,.T.);
#908=EDGE_LOOP('',(#493,#502,#509,#510,#519,#540,#549,#570,#579,#600,#609,#621,#654,#675,#696,#708,#735,#744,#768,#777,#798,#819,#852,#870,#879,#900,
#907));
#909=FACE_BOUND('',#908,.T.);
#910=ADVANCED_FACE('',(#909),#483,.T.);
#911=CARTESIAN_POINT('',(-11.499858971,30.001366629,107.596481802));
#912=CARTESIAN_POINT('',(-11.497608999,30.000586483,107.891277922));
#913=CARTESIAN_POINT('',(-11.493625572,29.965670991,108.468965167));
#914=CARTESIAN_POINT('',(-11.489534876,29.810283,109.303386208));
#915=CARTESIAN_POINT('',(-11.486668117,29.549296617,110.099051773));
#916=CARTESIAN_POINT('',(-11.483841489,29.182996164,110.84232533));
#917=CARTESIAN_POINT('',(-11.481405164,28.71369043,111.519637525));
#918=CARTESIAN_POINT('',(-11.482201393,28.145813846,112.118722444));
#919=CARTESIAN_POINT('',(-11.490213471,27.487263868,112.629059396));
#920=CARTESIAN_POINT('',(-11.50144242,26.99238987,112.908760163));
#921=CARTESIAN_POINT('',(-11.508309416,26.731592129,113.033976949));
#922=CARTESIAN_POINT('',(-10.541102887,29.998696495,107.60130371));
#923=CARTESIAN_POINT('',(-10.539302133,29.990895414,107.897123143));
#924=CARTESIAN_POINT('',(-10.536165015,29.942088816,108.475953718));
#925=CARTESIAN_POINT('',(-10.532665644,29.768684303,109.303605328));
#926=CARTESIAN_POINT('',(-10.530006997,29.493619866,110.085599254));
#927=CARTESIAN_POINT('',(-10.527904443,29.116598991,110.81226558));
#928=CARTESIAN_POINT('',(-10.526991942,28.639552217,111.472312136));
#929=CARTESIAN_POINT('',(-10.529240844,28.066661752,112.055813222));
#930=CARTESIAN_POINT('',(-10.536896375,27.404346143,112.556068428));
#931=CARTESIAN_POINT('',(-10.54637757,26.905808757,112.833035878));
#932=CARTESIAN_POINT('',(-10.552278433,26.643052905,112.957177313));
#933=CARTESIAN_POINT('',(-8.623448613,30.001969623,107.600478384));
#934=CARTESIAN_POINT('',(-8.622489095,29.980659244,107.899436854));
#935=CARTESIAN_POINT('',(-8.62071067,29.906589295,108.480213002));
#936=CARTESIAN_POINT('',(-8.618466781,29.701050413,109.299223007));
#937=CARTESIAN_POINT('',(-8.616718235,29.401165835,110.062778839));
#938=CARTESIAN_POINT('',(-8.615866023,29.006905906,110.765879454));
#939=CARTESIAN_POINT('',(-8.616556069,28.517892416,111.40181578));
#940=CARTESIAN_POINT('',(-8.619351437,27.934666555,111.964286313));
#941=CARTESIAN_POINT('',(-8.624836895,27.260820543,112.449191162));
#942=CARTESIAN_POINT('',(-8.630809271,26.754329217,112.721478838));
#943=CARTESIAN_POINT('',(-8.634400217,26.487357528,112.84472108));
#944=CARTESIAN_POINT('',(-5.749252514,30.039249955,107.599999608));
#945=CARTESIAN_POINT('',(-5.749356223,30.005711819,107.900378616));
#946=CARTESIAN_POINT('',(-5.74954773,29.906703333,108.479441159));
#947=CARTESIAN_POINT('',(-5.749720434,29.662328118,109.282104495));
#948=CARTESIAN_POINT('',(-5.749696055,29.322932919,110.017717281));
#949=CARTESIAN_POINT('',(-5.749438798,28.891488173,110.686027368));
#950=CARTESIAN_POINT('',(-5.749168491,28.372838042,111.288171205));
#951=CARTESIAN_POINT('',(-5.749558783,27.769611605,111.823738553));
#952=CARTESIAN_POINT('',(-5.751293482,27.080717411,112.288546635));
#953=CARTESIAN_POINT('',(-5.753492533,26.563260558,112.549746356));
#954=CARTESIAN_POINT('',(-5.754874905,26.290703789,112.668191552));
#955=CARTESIAN_POINT('',(-2.873961944,30.07136178,107.597603837));
#956=CARTESIAN_POINT('',(-2.874657981,30.042252693,107.906100063));
#957=CARTESIAN_POINT('',(-2.875993806,29.950728339,108.497932193));
#958=CARTESIAN_POINT('',(-2.877758306,29.711865725,109.308254393));
#959=CARTESIAN_POINT('',(-2.879025881,29.367331877,110.036458516));
#960=CARTESIAN_POINT('',(-2.879530633,28.91316535,110.677692523));
#961=CARTESIAN_POINT('',(-2.879176223,28.350269144,111.231184871));
#962=CARTESIAN_POINT('',(-2.878354982,27.690752959,111.706417679));
#963=CARTESIAN_POINT('',(-2.877757032,26.948275072,112.114416005));
#964=CARTESIAN_POINT('',(-2.877773017,26.399132567,112.342825899));
#965=CARTESIAN_POINT('',(-2.877888,26.111265188,112.445739051));
#966=CARTESIAN_POINT('',(-0.000275746,30.070440927,107.58821133));
#967=CARTESIAN_POINT('',(-0.000179223,30.048312705,107.903142856));
#968=CARTESIAN_POINT('',(-0.000031951,29.97029042,108.506684086));
#969=CARTESIAN_POINT('',(0.000079069,29.750089667,109.331433184));
#970=CARTESIAN_POINT('',(0.00008939,29.422311869,110.071236196));
#971=CARTESIAN_POINT('',(-0.000007512,28.983744305,110.722536628));
#972=CARTESIAN_POINT('',(-0.000225049,28.434676434,111.285097409));
#973=CARTESIAN_POINT('',(-0.000580281,27.777366928,111.7603463));
#974=CARTESIAN_POINT('',(-0.001066419,27.017748362,112.150859684));
#975=CARTESIAN_POINT('',(-0.001461103,26.449416272,112.36037421));
#976=CARTESIAN_POINT('',(-0.001688276,26.151004175,112.453017051));
#977=CARTESIAN_POINT('',(2.873811798,30.070678956,107.597180095));
#978=CARTESIAN_POINT('',(2.874633552,30.042291669,107.906267317));
#979=CARTESIAN_POINT('',(2.876193361,29.952035327,108.499300685));
#980=CARTESIAN_POINT('',(2.878127246,29.714501657,109.310891571));
#981=CARTESIAN_POINT('',(2.879335398,29.370153776,110.039249099));
#982=CARTESIAN_POINT('',(2.87953275,28.914483897,110.679009144));
#983=CARTESIAN_POINT('',(2.878643293,28.348638834,111.229427163));
#984=CARTESIAN_POINT('',(2.877116541,27.685933466,111.701102262));
#985=CARTESIAN_POINT('',(2.875647802,26.940796302,112.106058039));
#986=CARTESIAN_POINT('',(2.874940567,26.390103966,112.332874156));
#987=CARTESIAN_POINT('',(2.874689585,26.101529652,112.43506222));
#988=CARTESIAN_POINT('',(6.707102194,30.027632174,107.599155008));
#989=CARTESIAN_POINT('',(6.707258718,29.992431974,107.897513199));
#990=CARTESIAN_POINT('',(6.707430309,29.890823054,108.473013273));
#991=CARTESIAN_POINT('',(6.707398944,29.644935998,109.273684527));
#992=CARTESIAN_POINT('',(6.707167039,29.308348251,110.012326454));
#993=CARTESIAN_POINT('',(6.706747075,28.886452243,110.690555022));
#994=CARTESIAN_POINT('',(6.706328942,28.38449201,111.310517841));
#995=CARTESIAN_POINT('',(6.706493726,27.800676794,111.868462646));
#996=CARTESIAN_POINT('',(6.70791916,27.129221884,112.355128072));
#997=CARTESIAN_POINT('',(6.709878643,26.62211233,112.629796772));
#998=CARTESIAN_POINT('',(6.711069173,26.35449515,112.754912557));
#999=CARTESIAN_POINT('',(9.581800234,29.991856399,107.603801511));
#1000=CARTESIAN_POINT('',(9.580572173,29.976720317,107.901562374));
#1001=CARTESIAN_POINT('',(9.578475725,29.914337279,108.482503505));
#1002=CARTESIAN_POINT('',(9.575981391,29.725031777,109.306253292));
#1003=CARTESIAN_POINT('',(9.57394611,29.439368317,110.07796182));
#1004=CARTESIAN_POINT('',(9.572900564,29.055755777,110.7908648));
#1005=CARTESIAN_POINT('',(9.573813686,28.57322342,111.434882004));
#1006=CARTESIAN_POINT('',(9.577447153,27.994301176,112.002159079));
#1007=CARTESIAN_POINT('',(9.5843325,27.325054113,112.489673691));
#1008=CARTESIAN_POINT('',(9.591791422,26.821683279,112.762081814));
#1009=CARTESIAN_POINT('',(9.596417622,26.556315868,112.884598685));
#1010=CARTESIAN_POINT('',(11.49955289,30.002391529,107.593838867));
#1011=CARTESIAN_POINT('',(11.497308497,30.001212614,107.889365921));
#1012=CARTESIAN_POINT('',(11.493411998,29.96570274,108.468321361));
#1013=CARTESIAN_POINT('',(11.489721107,29.810163123,109.303323096));
#1014=CARTESIAN_POINT('',(11.487548688,29.549398856,110.098903108));
#1015=CARTESIAN_POINT('',(11.485321836,29.183350904,110.841953837));
#1016=CARTESIAN_POINT('',(11.482857581,28.714269943,111.519188197));
#1017=CARTESIAN_POINT('',(11.483100605,28.146405283,112.118282171));
#1018=CARTESIAN_POINT('',(11.490329556,27.487377047,112.628859403));
#1019=CARTESIAN_POINT('',(11.500840079,26.991500199,112.909004167));
#1020=CARTESIAN_POINT('',(11.507316651,26.730109016,113.034487135));
#1021=B_SPLINE_SURFACE_WITH_KNOTS('',3,3,((#911,#912,#913,#914,#915,#916,#917,#918,#919,#920,#921),(#922,#923,#924,#925,#926,#927,#928,#929,#930,#931,#932),(#933,#934,#935,#936,#937,#938,#939,#940,#941,#942,#943),(#944,#945,#946,#947,#948,#949,#950,#951,#952,#953,#954),(#955,#956,#957,#958,#959,#960,#961,#962,#963,#964,#965),(#966,#967,#968,#969,#970,#971,#972,#973,#974,#975,#976),(#977,#978,#979,#980,#981,#982,#983,#984,#985,#986,#987),(#988,#989,#990,#991,#992,#993,#994,#995,#996,#997,#998),(#999,#1000,#1001,#1002,#1003,#1004,#1005,#1006,#1007,#1008,#1009),(#1010,#1011,#1012,#1013,#1014,#1015,#1016,#1017,#1018,#1019,#1020)),.UNSPECIFIED.,.F.,.F.,.U.,(4,1,1,1,1,1,1,4),(4,1,1,1,1,1,1,1,4),(-0.011499323,-0.0086245,-0.005749677,-0.002874853,-0.00000003,0.002874793,0.005749616,0.011499263),(-0.002693837,-0.001894434,-0.001095031,-0.000295628,0.000503775,0.001303178,0.002102581,0.002901984,0.003698507),.UNSPECIFIED.);
#1022=CARTESIAN_POINT('',(-11.467903371,26.717999079,113.032452521));
#1023=VERTEX_POINT('',#1022);
#1024=CARTESIAN_POINT('',(-5.328306966,27.67441835,111.857650798));
#1025=VERTEX_POINT('',#1024);
#1026=CARTESIAN_POINT('',(-11.469653522,26.72801812,113.030882937));
#1027=CARTESIAN_POINT('',(-10.149291236,26.928621143,112.771898912));
#1028=CARTESIAN_POINT('',(-8.978206067,27.1122693,112.557572631));
#1029=CARTESIAN_POINT('',(-7.955192821,27.268712279,112.360798116));
#1030=CARTESIAN_POINT('',(-6.932179576,27.425155259,112.164023601));
#1031=CARTESIAN_POINT('',(-6.056885552,27.557039171,111.991788561));
#1032=CARTESIAN_POINT('',(-5.328130051,27.672706124,111.855641262));
#1033=B_SPLINE_CURVE_WITH_KNOTS('',3,(#1026,#1027,#1028,#1029,#1030,#1031,#1032),.UNSPECIFIED.,.F.,.F.,(4,3,4),(0.,0.419150274,0.838300549),.UNSPECIFIED.);
#1034=EDGE_CURVE('',#1023,#1025,#1033,.T.);
#1035=ORIENTED_EDGE('',*,*,#1034,.T.);
#1036=CARTESIAN_POINT('',(-2.25,29.556916131,109.65));
#1037=VERTEX_POINT('',#1036);
#1038=CARTESIAN_POINT('',(-5.327536875,27.673033913,111.855362846));
#1039=CARTESIAN_POINT('',(-5.25106923,27.979284731,111.630086437));
#1040=CARTESIAN_POINT('',(-5.141003107,28.254176365,111.384620772));
#1041=CARTESIAN_POINT('',(-4.976062841,28.495660895,111.130513808));
#1042=CARTESIAN_POINT('',(-4.893592709,28.61640316,111.003460326));
#1043=CARTESIAN_POINT('',(-4.797980471,28.727203273,110.875890684));
#1044=CARTESIAN_POINT('',(-4.689996652,28.826224637,110.753161315));
#1045=CARTESIAN_POINT('',(-4.582012833,28.925246,110.630431947));
#1046=CARTESIAN_POINT('',(-4.461076623,29.013402359,110.511551391));
#1047=CARTESIAN_POINT('',(-4.325466197,29.091764903,110.399012182));
#1048=CARTESIAN_POINT('',(-4.257660984,29.130946176,110.342742578));
#1049=CARTESIAN_POINT('',(-4.185693633,29.167872615,110.287756135));
#1050=CARTESIAN_POINT('',(-4.111329635,29.201764973,110.235801811));
#1051=CARTESIAN_POINT('',(-4.036965636,29.235657331,110.183847487));
#1052=CARTESIAN_POINT('',(-3.960128177,29.266626549,110.13479401));
#1053=CARTESIAN_POINT('',(-3.880838921,29.294992958,110.088796626));
#1054=CARTESIAN_POINT('',(-3.722260411,29.351725775,109.996801856));
#1055=CARTESIAN_POINT('',(-3.553930011,29.398119677,109.916970879));
#1056=CARTESIAN_POINT('',(-3.375444071,29.435833331,109.851086154));
#1057=CARTESIAN_POINT('',(-3.286201102,29.454690158,109.818143791));
#1058=CARTESIAN_POINT('',(-3.194535534,29.471293052,109.788818873));
#1059=CARTESIAN_POINT('',(-3.102495769,29.485519978,109.763799917));
#1060=CARTESIAN_POINT('',(-3.010456004,29.499746904,109.73878096));
#1061=CARTESIAN_POINT('',(-2.917510859,29.511717977,109.717859759));
#1062=CARTESIAN_POINT('',(-2.823680606,29.521629189,109.701032891));
#1063=CARTESIAN_POINT('',(-2.729850353,29.531540402,109.684206024));
#1064=CARTESIAN_POINT('',(-2.635135014,29.539391643,109.671473281));
#1065=CARTESIAN_POINT('',(-2.539528363,29.545264997,109.662922101));
#1066=CARTESIAN_POINT('',(-2.443921712,29.551138351,109.65437092));
#1067=CARTESIAN_POINT('',(-2.346112792,29.555060176,109.65));
#1068=CARTESIAN_POINT('',(-2.25,29.556916131,109.65));
#1069=B_SPLINE_CURVE_WITH_KNOTS('',3,(#1038,#1039,#1040,#1041,#1042,#1043,#1044,#1045,#1046,#1047,#1048,#1049,#1050,#1051,#1052,#1053,#1054,#1055,#1056,#1057,#1058,#1059,#1060,#1061,#1062,#1063,
#1064,#1065,#1066,#1067,#1068),.UNSPECIFIED.,.F.,.F.,(4,3,3,3,3,3,3,3,3,3,4),(0.001614373,0.002764277,0.003339228,0.00391418,0.004201656,0.004489132,0.005064084,0.00535156,0.005639036,0.005926512,0.006213988),.UNSPECIFIED.);
#1070=EDGE_CURVE('',#1025,#1037,#1069,.T.);
#1071=ORIENTED_EDGE('',*,*,#1070,.T.);
#1072=CARTESIAN_POINT('',(2.25,29.559407175,109.65));
#1073=VERTEX_POINT('',#1072);
#1074=CARTESIAN_POINT('',(-2.25,29.556916131,109.65));
#1075=CARTESIAN_POINT('',(-1.500007787,29.571398616,109.65));
#1076=CARTESIAN_POINT('',(-0.750014184,29.583369245,109.65));
#1077=CARTESIAN_POINT('',(-0.000014231,29.583870358,109.65));
#1078=CARTESIAN_POINT('',(0.749985721,29.584371472,109.65));
#1079=CARTESIAN_POINT('',(1.499992018,29.57341118,109.65));
#1080=CARTESIAN_POINT('',(2.25,29.559407175,109.65));
#1081=B_SPLINE_CURVE_WITH_KNOTS('',3,(#1074,#1075,#1076,#1077,#1078,#1079,#1080),.UNSPECIFIED.,.F.,.F.,(4,3,4),(0.,0.00225,0.004500001),.UNSPECIFIED.);
#1082=EDGE_CURVE('',#1037,#1073,#1081,.T.);
#1083=ORIENTED_EDGE('',*,*,#1082,.T.);
#1084=CARTESIAN_POINT('',(5.328323074,27.674282313,111.857698115));
#1085=VERTEX_POINT('',#1084);
#1086=CARTESIAN_POINT('',(2.25,29.559407175,109.65));
#1087=CARTESIAN_POINT('',(2.444473405,29.555776001,109.65));
#1088=CARTESIAN_POINT('',(2.635553545,29.544206588,109.66731461));
#1089=CARTESIAN_POINT('',(2.823365295,29.524450247,109.700976362));
#1090=CARTESIAN_POINT('',(2.917271171,29.514572077,109.717807238));
#1091=CARTESIAN_POINT('',(3.010353279,29.502617403,109.738750279));
#1092=CARTESIAN_POINT('',(3.102589275,29.488379752,109.763825335));
#1093=CARTESIAN_POINT('',(3.194825271,29.474142101,109.788900391));
#1094=CARTESIAN_POINT('',(3.286461024,29.457540812,109.818245793));
#1095=CARTESIAN_POINT('',(3.375253862,29.438788349,109.851015948));
#1096=CARTESIAN_POINT('',(3.552839537,29.401283424,109.916556259));
#1097=CARTESIAN_POINT('',(3.721050658,29.355015534,109.996157807));
#1098=CARTESIAN_POINT('',(3.880056337,29.298109402,110.088342777));
#1099=CARTESIAN_POINT('',(4.039062016,29.24120327,110.180527748));
#1100=CARTESIAN_POINT('',(4.189397635,29.172963881,110.286177918));
#1101=CARTESIAN_POINT('',(4.324529016,29.094799171,110.398234751));
#1102=CARTESIAN_POINT('',(4.459660397,29.01663446,110.510291584));
#1103=CARTESIAN_POINT('',(4.58133643,28.928067339,110.629593226));
#1104=CARTESIAN_POINT('',(4.690595275,28.827529636,110.753841874));
#1105=CARTESIAN_POINT('',(4.799854121,28.726991932,110.878090522));
#1106=CARTESIAN_POINT('',(4.895026056,28.615739403,111.005568712));
#1107=CARTESIAN_POINT('',(4.976694379,28.495727381,111.131487132));
#1108=CARTESIAN_POINT('',(5.058362701,28.375715358,111.257405552));
#1109=CARTESIAN_POINT('',(5.127432902,28.245802776,111.383032432));
#1110=CARTESIAN_POINT('',(5.18550383,28.107232059,111.505253692));
#1111=CARTESIAN_POINT('',(5.243574758,27.968661342,111.627474953));
#1112=CARTESIAN_POINT('',(5.28987689,27.823652226,111.744399212));
#1113=CARTESIAN_POINT('',(5.327582767,27.672562647,111.855498054));
#1114=B_SPLINE_CURVE_WITH_KNOTS('',3,(#1086,#1087,#1088,#1089,#1090,#1091,#1092,#1093,#1094,#1095,#1096,#1097,#1098,#1099,#1100,#1101,#1102,#1103,#1104,#1105,#1106,#1107,#1108,#1109,#1110,#1111,
#1112,#1113),.UNSPECIFIED.,.F.,.F.,(4,3,3,3,3,3,3,3,3,4),(0.,0.000575255,0.000862882,0.00115051,0.001725764,0.002301019,0.002876274,0.003451529,0.004026784,0.004602038),.UNSPECIFIED.);
#1115=EDGE_CURVE('',#1073,#1085,#1114,.T.);
#1116=ORIENTED_EDGE('',*,*,#1115,.T.);
#1117=CARTESIAN_POINT('',(11.46790339,26.717998989,113.032452562));
#1118=VERTEX_POINT('',#1117);
#1119=CARTESIAN_POINT('',(5.32810716,27.672174639,111.855815047));
#1120=CARTESIAN_POINT('',(6.655471571,27.46112589,112.105507557));
#1121=CARTESIAN_POINT('',(8.700447342,27.151239439,112.493312215));
#1122=CARTESIAN_POINT('',(11.469657331,26.728028426,113.030902882));
#1123=B_SPLINE_CURVE_WITH_KNOTS('',3,(#1119,#1120,#1121,#1122),.UNSPECIFIED.,.F.,.F.,(4,4),(0.181637293,1.),.UNSPECIFIED.);
#1124=EDGE_CURVE('',#1085,#1118,#1123,.T.);
#1125=ORIENTED_EDGE('',*,*,#1124,.T.);
#1126=CARTESIAN_POINT('',(11.469960767,30.,107.6));
#1127=VERTEX_POINT('',#1126);
#1128=CARTESIAN_POINT('',(11.469948815,30.002201174,107.600011971));
#1129=CARTESIAN_POINT('',(11.469998864,29.99298392,109.294881843));
#1130=CARTESIAN_POINT('',(11.47437474,29.436084217,110.560797585));
#1131=CARTESIAN_POINT('',(11.471134496,28.762519967,111.42325284));
#1132=CARTESIAN_POINT('',(11.469514374,28.425737842,111.854480467));
#1133=CARTESIAN_POINT('',(11.468335004,28.060932151,112.186509723));
#1134=CARTESIAN_POINT('',(11.468617922,27.710592595,112.444983518));
#1135=CARTESIAN_POINT('',(11.468900839,27.360253039,112.703457314));
#1136=CARTESIAN_POINT('',(11.470130952,27.024113372,112.889732863));
#1137=CARTESIAN_POINT('',(11.469657331,26.728028426,113.030902882));
#1138=B_SPLINE_CURVE_WITH_KNOTS('',3,(#1128,#1129,#1130,#1131,#1132,#1133,#1134,#1135,#1136,#1137),.UNSPECIFIED.,.F.,.F.,(4,3,3,4),(0.,0.5,0.75,1.),.UNSPECIFIED.);
#1139=EDGE_CURVE('',#1127,#1118,#1138,.T.);
#1140=ORIENTED_EDGE('',*,*,#1139,.F.);
#1141=CARTESIAN_POINT('',(-11.469960767,30.,107.6));
#1142=VERTEX_POINT('',#1141);
#1143=CARTESIAN_POINT('',(-11.469960767,30.,107.6));
#1144=CARTESIAN_POINT('',(-10.223001925,30.,107.600000002));
#1145=CARTESIAN_POINT('',(-8.594484914,30.,107.703107588));
#1146=CARTESIAN_POINT('',(-7.982050286,30.,107.741883146));
#1147=CARTESIAN_POINT('',(-7.159717156,30.,107.804953293));
#1148=CARTESIAN_POINT('',(-7.112056889,30.,107.808608673));
#1149=CARTESIAN_POINT('',(-5.725592532,30.,107.91768878));
#1150=CARTESIAN_POINT('',(-3.960373763,30.,108.056567396));
#1151=CARTESIAN_POINT('',(-2.855645555,30.,108.11441323));
#1152=CARTESIAN_POINT('',(-1.354107144,30.,108.193036859));
#1153=CARTESIAN_POINT('',(0.016629439,30.,108.192594896));
#1154=CARTESIAN_POINT('',(1.382507315,30.,108.192154499));
#1155=CARTESIAN_POINT('',(2.883848917,30.,108.112930704));
#1156=CARTESIAN_POINT('',(3.980795406,30.,108.0550463));
#1157=CARTESIAN_POINT('',(5.74716027,30.,107.915991408));
#1158=CARTESIAN_POINT('',(7.082949862,30.,107.810833022));
#1159=CARTESIAN_POINT('',(7.178332263,30.,107.803526447));
#1160=CARTESIAN_POINT('',(7.996264502,30.,107.740870409));
#1161=CARTESIAN_POINT('',(8.609368839,30.,107.702166615));
#1162=CARTESIAN_POINT('',(10.227783619,30.,107.600000003));
#1163=CARTESIAN_POINT('',(11.469960767,30.,107.6));
#1164=B_SPLINE_CURVE_WITH_KNOTS('',2,(#1143,#1144,#1145,#1146,#1147,#1148,#1149,#1150,#1151,#1152,#1153,#1154,#1155,#1156,#1157,#1158,#1159,#1160,#1161,#1162,#1163),.UNSPECIFIED.,.F.,.F.,(3,2,2,2,2,2,2,2,2,2,3),(0.,0.125,0.1875,0.25,0.375,0.5,0.625,0.75,0.8125,0.875,1.),.UNSPECIFIED.);
#1165=EDGE_CURVE('',#1142,#1127,#1164,.T.);
#1166=ORIENTED_EDGE('',*,*,#1165,.F.);
#1167=CARTESIAN_POINT('',(-11.469957259,30.001272658,107.600004835));
#1168=CARTESIAN_POINT('',(-11.469975179,29.994771813,109.311130414));
#1169=CARTESIAN_POINT('',(-11.472408455,29.423882441,110.584980381));
#1170=CARTESIAN_POINT('',(-11.469472929,28.745416736,111.444647832));
#1171=CARTESIAN_POINT('',(-11.468005167,28.406183884,111.874481557));
#1172=CARTESIAN_POINT('',(-11.467331402,28.040864265,112.203162485));
#1173=CARTESIAN_POINT('',(-11.467974393,27.693176084,112.457727362));
#1174=CARTESIAN_POINT('',(-11.468617384,27.345487903,112.71229224));
#1175=CARTESIAN_POINT('',(-11.470110538,27.015139231,112.894103288));
#1176=CARTESIAN_POINT('',(-11.469653522,26.72801812,113.030882937));
#1177=B_SPLINE_CURVE_WITH_KNOTS('',3,(#1167,#1168,#1169,#1170,#1171,#1172,#1173,#1174,#1175,#1176),.UNSPECIFIED.,.F.,.F.,(4,3,3,4),(0.,0.5,0.75,1.),.UNSPECIFIED.);
#1178=EDGE_CURVE('',#1142,#1023,#1177,.T.);
#1179=ORIENTED_EDGE('',*,*,#1178,.T.);
#1180=EDGE_LOOP('',(#1035,#1071,#1083,#1116,#1125,#1140,#1166,#1179));
#1181=FACE_BOUND('',#1180,.T.);
#1182=ADVANCED_FACE('',(#1181),#1021,.F.);
#1183=CARTESIAN_POINT('',(-11.467903371,26.717999079,113.032452521));
#1184=CARTESIAN_POINT('',(-11.413041792,26.606476328,113.083377219));
#1185=CARTESIAN_POINT('',(-11.358575873,26.498670389,113.140021977));
#1186=CARTESIAN_POINT('',(-11.231409657,26.253634065,113.286180272));
#1187=CARTESIAN_POINT('',(-11.159017907,26.119296442,113.380133988));
#1188=CARTESIAN_POINT('',(-11.032713873,25.89430341,113.563567204));
#1189=CARTESIAN_POINT('',(-10.978502961,25.800859694,113.648792357));
#1190=CARTESIAN_POINT('',(-10.885602526,25.646264037,113.80631429));
#1191=CARTESIAN_POINT('',(-10.847216904,25.58411333,113.874982288));
#1192=CARTESIAN_POINT('',(-10.79690814,25.504949029,113.969722999));
#1193=CARTESIAN_POINT('',(-10.784356427,25.485394538,113.993766968));
#1194=CARTESIAN_POINT('',(-10.711319343,25.37275709,114.136051456));
#1195=CARTESIAN_POINT('',(-10.652593849,25.286788889,114.259968428));
#1196=CARTESIAN_POINT('',(-10.542694335,25.135273348,114.511186075));
#1197=CARTESIAN_POINT('',(-10.491277924,25.068745508,114.637707775));
#1198=CARTESIAN_POINT('',(-10.440446089,25.007659873,114.77243019));
#1199=CARTESIAN_POINT('',(-10.439365776,25.006363877,114.775298007));
#1200=CARTESIAN_POINT('',(-10.394620862,24.95277859,114.894269652));
#1201=CARTESIAN_POINT('',(-10.353003324,24.906645462,115.012559443));
#1202=CARTESIAN_POINT('',(-10.300491599,24.853418754,115.17205194));
#1203=CARTESIAN_POINT('',(-10.287825567,24.840991899,115.211367906));
#1204=CARTESIAN_POINT('',(-10.226660083,24.783046836,115.405469542));
#1205=CARTESIAN_POINT('',(-10.181121344,24.746442624,115.563404134));
#1206=CARTESIAN_POINT('',(-10.112575571,24.702921772,115.824849927));
#1207=CARTESIAN_POINT('',(-10.087578994,24.690010015,115.926254135));
#1208=CARTESIAN_POINT('',(-10.048237224,24.674904784,116.096528746));
#1209=CARTESIAN_POINT('',(-10.03327933,24.67060684,116.164226352));
#1210=CARTESIAN_POINT('',(-9.994247687,24.663507547,116.349299503));
#1211=CARTESIAN_POINT('',(-9.971458541,24.664069581,116.466987025));
#1212=CARTESIAN_POINT('',(-9.945624839,24.671041323,116.613343949));
#1213=CARTESIAN_POINT('',(-9.940899037,24.672627583,116.640752131));
#1214=CARTESIAN_POINT('',(-9.936215012,24.674513799,116.668560815));
#1215=CARTESIAN_POINT('',(-10.314630391,26.896104478,112.812704925));
#1216=CARTESIAN_POINT('',(-10.275678047,26.789655992,112.868448674));
#1217=CARTESIAN_POINT('',(-10.236409011,26.687136931,112.930135861));
#1218=CARTESIAN_POINT('',(-10.143289811,26.453743674,113.086213903));
#1219=CARTESIAN_POINT('',(-10.089105902,26.32591319,113.185037075));
#1220=CARTESIAN_POINT('',(-9.991932787,26.111217497,113.374813856));
#1221=CARTESIAN_POINT('',(-9.949347455,26.021842046,113.462045313));
#1222=CARTESIAN_POINT('',(-9.874603708,25.873241509,113.621424504));
#1223=CARTESIAN_POINT('',(-9.843274301,25.813494577,113.690604612));
#1224=CARTESIAN_POINT('',(-9.801542238,25.737331498,113.785596503));
#1225=CARTESIAN_POINT('',(-9.791072792,25.718512997,113.809667123));
#1226=CARTESIAN_POINT('',(-9.729802378,25.610074658,113.951882486));
#1227=CARTESIAN_POINT('',(-9.679122406,25.527300693,114.074998204));
#1228=CARTESIAN_POINT('',(-9.581181663,25.381605112,114.322991638));
#1229=CARTESIAN_POINT('',(-9.533918635,25.317726718,114.447202285));
#1230=CARTESIAN_POINT('',(-9.485553122,25.259271055,114.578690554));
#1231=CARTESIAN_POINT('',(-9.484524442,25.258030958,114.581489183));
#1232=CARTESIAN_POINT('',(-9.441885538,25.206761173,114.697576326));
#1233=CARTESIAN_POINT('',(-9.400978847,25.16283423,114.812385993));
#1234=CARTESIAN_POINT('',(-9.347535145,25.112541055,114.966224292));
#1235=CARTESIAN_POINT('',(-9.334504288,25.100888228,115.004080403));
#1236=CARTESIAN_POINT('',(-9.270839316,25.046908027,115.190611318));
#1237=CARTESIAN_POINT('',(-9.221104847,25.013974169,115.341260632));
#1238=CARTESIAN_POINT('',(-9.141420213,24.975163721,115.588054875));
#1239=CARTESIAN_POINT('',(-9.111128762,24.963761572,115.683174051));
#1240=CARTESIAN_POINT('',(-9.061115566,24.950166923,115.841713064));
#1241=CARTESIAN_POINT('',(-9.041486887,24.946461987,115.904468413));
#1242=CARTESIAN_POINT('',(-8.988417899,24.940721276,116.075252812));
#1243=CARTESIAN_POINT('',(-8.955318035,24.941860579,116.183005436));
#1244=CARTESIAN_POINT('',(-8.914711483,24.948629936,116.315900841));
#1245=CARTESIAN_POINT('',(-8.907053762,24.950161983,116.340663684));
#1246=CARTESIAN_POINT('',(-8.899351398,24.951977542,116.365775174));
#1247=CARTESIAN_POINT('',(-9.161871761,27.0764188,112.591944181));
#1248=CARTESIAN_POINT('',(-9.139271452,26.973216462,112.648704348));
#1249=CARTESIAN_POINT('',(-9.11557136,26.874341249,112.712341068));
#1250=CARTESIAN_POINT('',(-9.057194975,26.650618157,112.874482548));
#1251=CARTESIAN_POINT('',(-9.021546158,26.529122418,112.977813301));
#1252=CARTESIAN_POINT('',(-8.954568202,26.326520238,113.174507182));
#1253=CARTESIAN_POINT('',(-8.924229449,26.242863882,113.264685865));
#1254=CARTESIAN_POINT('',(-8.869159677,26.104847267,113.42792186));
#1255=CARTESIAN_POINT('',(-8.845447625,26.049359243,113.498633923));
#1256=CARTESIAN_POINT('',(-8.812984932,25.978619933,113.595252461));
#1257=CARTESIAN_POINT('',(-8.804767283,25.961133758,113.61970802));
#1258=CARTESIAN_POINT('',(-8.756236868,25.860341528,113.764013177));
#1259=CARTESIAN_POINT('',(-8.714333689,25.783277259,113.888187177));
#1260=CARTESIAN_POINT('',(-8.629646561,25.64751899,114.135543147));
#1261=CARTESIAN_POINT('',(-8.587109506,25.587786883,114.258170242));
#1262=CARTESIAN_POINT('',(-8.541680766,25.532751412,114.386354858));
#1263=CARTESIAN_POINT('',(-8.540713627,25.531583665,114.389082546));
#1264=CARTESIAN_POINT('',(-8.500587535,25.483296578,114.50220079));
#1265=CARTESIAN_POINT('',(-8.46030927,25.441241491,114.613810311));
#1266=CARTESIAN_POINT('',(-8.405323401,25.39242618,114.762445754));
#1267=CARTESIAN_POINT('',(-8.391723177,25.381044858,114.798948469));
#1268=CARTESIAN_POINT('',(-8.324328637,25.328007711,114.978378147));
#1269=CARTESIAN_POINT('',(-8.26842467,25.29333254,115.121820151));
#1270=CARTESIAN_POINT('',(-8.174858881,25.254664555,115.354262465));
#1271=CARTESIAN_POINT('',(-8.137995513,25.241833403,115.442809126));
#1272=CARTESIAN_POINT('',(-8.075797115,25.226815784,115.588884655));
#1273=CARTESIAN_POINT('',(-8.050939906,25.222705212,115.646448916));
#1274=CARTESIAN_POINT('',(-7.982911375,25.217898964,115.802488923));
#1275=CARTESIAN_POINT('',(-7.939043627,25.219141063,115.899858749));
#1276=CARTESIAN_POINT('',(-7.883775498,25.22603021,116.018347288));
#1277=CARTESIAN_POINT('',(-7.873169455,25.227597411,116.040610484));
#1278=CARTESIAN_POINT('',(-7.862487785,25.229441285,116.062989533));
#1279=CARTESIAN_POINT('',(-7.091264204,27.400302905,112.195409424));
#1280=CARTESIAN_POINT('',(-7.097708419,27.303929458,112.256522096));
#1281=CARTESIAN_POINT('',(-7.102292848,27.212039262,112.324409602));
#1282=CARTESIAN_POINT('',(-7.108184157,27.005190239,112.496541013));
#1283=CARTESIAN_POINT('',(-7.10775803,26.893584014,112.605359038));
#1284=CARTESIAN_POINT('',(-7.09919273,26.707840611,112.809455818));
#1285=CARTESIAN_POINT('',(-7.0929851,26.631499138,112.902767087));
#1286=CARTESIAN_POINT('',(-7.076785593,26.506664395,113.069803162));
#1287=CARTESIAN_POINT('',(-7.068352635,26.456421923,113.14188663));
#1288=CARTESIAN_POINT('',(-7.054595649,26.392464445,113.239633804));
#1289=CARTESIAN_POINT('',(-7.05093285,26.376632035,113.264363355));
#1290=CARTESIAN_POINT('',(-7.028209451,26.285294201,113.410167766));
#1291=CARTESIAN_POINT('',(-7.004231144,26.215113746,113.535119499));
#1292=CARTESIAN_POINT('',(-6.946010379,26.092344117,113.78075705));
#1293=CARTESIAN_POINT('',(-6.912552705,26.038583445,113.900818316));
#1294=CARTESIAN_POINT('',(-6.871929119,25.989107425,114.024359457));
#1295=CARTESIAN_POINT('',(-6.871061927,25.988057618,114.026987826));
#1296=CARTESIAN_POINT('',(-6.834985402,25.944646804,114.135965293));
#1297=CARTESIAN_POINT('',(-6.794642608,25.906440995,114.243451551));
#1298=CARTESIAN_POINT('',(-6.734693203,25.862075216,114.384736996));
#1299=CARTESIAN_POINT('',(-6.719483308,25.851711857,114.419284732));
#1300=CARTESIAN_POINT('',(-6.64231764,25.803414217,114.588139321));
#1301=CARTESIAN_POINT('',(-6.572185541,25.769312738,114.719902168));
#1302=CARTESIAN_POINT('',(-6.448139864,25.737799336,114.929201355));
#1303=CARTESIAN_POINT('',(-6.397476657,25.725109261,115.006693235));
#1304=CARTESIAN_POINT('',(-6.31046516,25.7119163,115.131730288));
#1305=CARTESIAN_POINT('',(-6.275188261,25.708807606,115.180403297));
#1306=CARTESIAN_POINT('',(-6.177921366,25.710267584,115.311108808));
#1307=CARTESIAN_POINT('',(-6.113699117,25.714247817,115.390444589));
#1308=CARTESIAN_POINT('',(-6.031863848,25.72359396,115.483921097));
#1309=CARTESIAN_POINT('',(-6.01600888,25.725600133,115.501609697));
#1310=CARTESIAN_POINT('',(-6.000053121,25.727827077,115.519120053));
#1311=CARTESIAN_POINT('',(-6.173415278,27.543872688,112.019635411));
#1312=CARTESIAN_POINT('',(-6.192556591,27.451867106,112.084696323));
#1313=CARTESIAN_POINT('',(-6.209751315,27.364098091,112.155674224));
#1314=CARTESIAN_POINT('',(-6.24473499,27.16634023,112.333748199));
#1315=CARTESIAN_POINT('',(-6.260604964,27.059417966,112.444834048));
#1316=CARTESIAN_POINT('',(-6.279447668,26.880570776,112.651349227));
#1317=CARTESIAN_POINT('',(-6.28472035,26.806816898,112.745539928));
#1318=CARTESIAN_POINT('',(-6.287064117,26.686277257,112.913396643));
#1319=CARTESIAN_POINT('',(-6.285999826,26.637676007,112.985641263));
#1320=CARTESIAN_POINT('',(-6.281306647,26.575838161,113.083241644));
#1321=CARTESIAN_POINT('',(-6.279854877,26.560512427,113.107936013));
#1322=CARTESIAN_POINT('',(-6.269673908,26.472027904,113.253523346));
#1323=CARTESIAN_POINT('',(-6.254467467,26.403733341,113.378225364));
#1324=CARTESIAN_POINT('',(-6.20903574,26.284854738,113.622350787));
#1325=CARTESIAN_POINT('',(-6.179865911,26.233057805,113.741034064));
#1326=CARTESIAN_POINT('',(-6.141253656,26.185596314,113.862584382));
#1327=CARTESIAN_POINT('',(-6.140428027,26.184589327,113.865170375));
#1328=CARTESIAN_POINT('',(-6.106024071,26.142952329,113.972389434));
#1329=CARTESIAN_POINT('',(-6.065265023,26.106353375,114.078255162));
#1330=CARTESIAN_POINT('',(-6.002371122,26.064168008,114.216490798));
#1331=CARTESIAN_POINT('',(-5.986246705,26.054333491,114.250217498));
#1332=CARTESIAN_POINT('',(-5.903689394,26.008649509,114.414552384));
#1333=CARTESIAN_POINT('',(-5.826138971,25.975585389,114.541105034));
#1334=CARTESIAN_POINT('',(-5.686577156,25.948737109,114.740371459));
#1335=CARTESIAN_POINT('',(-5.629063403,25.936682867,114.812975905));
#1336=CARTESIAN_POINT('',(-5.529950183,25.925181513,114.928792679));
#1337=CARTESIAN_POINT('',(-5.48965821,25.922856889,114.973542708));
#1338=CARTESIAN_POINT('',(-5.378486854,25.927957519,115.093099207));
#1339=CARTESIAN_POINT('',(-5.304797352,25.933554511,115.16449904));
#1340=CARTESIAN_POINT('',(-5.210969131,25.944147865,115.247074369));
#1341=CARTESIAN_POINT('',(-5.192776827,25.946358523,115.262685807));
#1342=CARTESIAN_POINT('',(-5.17448207,25.948749126,115.278036215));
#1343=CARTESIAN_POINT('',(-5.255306721,27.686327461,111.844372809));
#1344=CARTESIAN_POINT('',(-5.287425106,27.596468383,111.910110705));
#1345=CARTESIAN_POINT('',(-5.317281231,27.509717106,111.980321209));
#1346=CARTESIAN_POINT('',(-5.380891263,27.312606762,112.155187724));
#1347=CARTESIAN_POINT('',(-5.412327667,27.204673122,112.263296595));
#1348=CARTESIAN_POINT('',(-5.456329782,27.023155322,112.465954689));
#1349=CARTESIAN_POINT('',(-5.471795491,26.947519392,112.558514943));
#1350=CARTESIAN_POINT('',(-5.490101373,26.823720256,112.724271105));
#1351=CARTESIAN_POINT('',(-5.495240268,26.77370631,112.795857524));
#1352=CARTESIAN_POINT('',(-5.498004412,26.710298302,112.893076047));
#1353=CARTESIAN_POINT('',(-5.498355088,26.694604273,112.917718293));
#1354=CARTESIAN_POINT('',(-5.498306792,26.604142125,113.063227589));
#1355=CARTESIAN_POINT('',(-5.489804021,26.5349198,113.188770133));
#1356=CARTESIAN_POINT('',(-5.453560506,26.416589617,113.435137949));
#1357=CARTESIAN_POINT('',(-5.427116091,26.366502561,113.555169373));
#1358=CARTESIAN_POINT('',(-5.389522924,26.322613283,113.677801576));
#1359=CARTESIAN_POINT('',(-5.388718146,26.321683121,113.680410417));
#1360=CARTESIAN_POINT('',(-5.355144364,26.283265454,113.788569505));
#1361=CARTESIAN_POINT('',(-5.313831035,26.251165375,113.895129197));
#1362=CARTESIAN_POINT('',(-5.248696764,26.216392686,114.033184787));
#1363=CARTESIAN_POINT('',(-5.231902447,26.2084873,114.066779262));
#1364=CARTESIAN_POINT('',(-5.145503328,26.172787268,114.229931501));
#1365=CARTESIAN_POINT('',(-5.063622718,26.151559669,114.354138758));
#1366=CARTESIAN_POINT('',(-4.913265875,26.13754417,114.545564574));
#1367=CARTESIAN_POINT('',(-4.85153998,26.132832638,114.614700485));
#1368=CARTESIAN_POINT('',(-4.744013596,26.131352248,114.723258312));
#1369=CARTESIAN_POINT('',(-4.700004313,26.132422908,114.764742996));
#1370=CARTESIAN_POINT('',(-4.577050592,26.142316753,114.87399171));
#1371=CARTESIAN_POINT('',(-4.49508887,26.150940439,114.938013175));
#1372=CARTESIAN_POINT('',(-4.3899255,26.164204771,115.010156786));
#1373=CARTESIAN_POINT('',(-4.369494317,26.166879935,115.023721435));
#1374=CARTESIAN_POINT('',(-4.348911019,26.169671175,115.036952376));
#1375=B_SPLINE_SURFACE_WITH_KNOTS('',3,3,((#1183,#1184,#1185,#1186,#1187,#1188,#1189,#1190,#1191,#1192,#1193,#1194,#1195,#1196,#1197,#1198,#1199,#1200,#1201,#1202,#1203,#1204,#1205,#1206,#1207,#1208,
#1209,#1210,#1211,#1212,#1213,#1214),(#1215,#1216,#1217,#1218,#1219,#1220,#1221,#1222,#1223,#1224,#1225,#1226,#1227,#1228,#1229,#1230,#1231,#1232,#1233,#1234,#1235,#1236,#1237,#1238,#1239,#1240,
#1241,#1242,#1243,#1244,#1245,#1246),(#1247,#1248,#1249,#1250,#1251,#1252,#1253,#1254,#1255,#1256,#1257,#1258,#1259,#1260,#1261,#1262,#1263,#1264,#1265,#1266,#1267,#1268,#1269,#1270,#1271,#1272,
#1273,#1274,#1275,#1276,#1277,#1278),(#1279,#1280,#1281,#1282,#1283,#1284,#1285,#1286,#1287,#1288,#1289,#1290,#1291,#1292,#1293,#1294,#1295,#1296,#1297,#1298,#1299,#1300,#1301,#1302,#1303,#1304,
#1305,#1306,#1307,#1308,#1309,#1310),(#1311,#1312,#1313,#1314,#1315,#1316,#1317,#1318,#1319,#1320,#1321,#1322,#1323,#1324,#1325,#1326,#1327,#1328,#1329,#1330,#1331,#1332,#1333,#1334,#1335,#1336,
#1337,#1338,#1339,#1340,#1341,#1342),(#1343,#1344,#1345,#1346,#1347,#1348,#1349,#1350,#1351,#1352,#1353,#1354,#1355,#1356,#1357,#1358,#1359,#1360,#1361,#1362,#1363,#1364,#1365,#1366,#1367,#1368,
#1369,#1370,#1371,#1372,#1373,#1374)),.UNSPECIFIED.,.F.,.F.,.U.,(4,2,4),(4,2,2,2,2,2,2,2,2,2,2,2,2,2,2,4),(0.,0.5,0.898109761),(0.,0.084970282,0.199794206,0.287297753,0.350925894,0.372257122,0.475835224,0.572494328,0.574594762,0.659554489,0.687143616,0.795001618,0.861902982,0.905885074,0.981863546,1.),.UNSPECIFIED.);
#1376=CARTESIAN_POINT('',(-5.328551255,27.674960326,111.858356025));
#1377=CARTESIAN_POINT('',(-5.381800868,27.456728753,112.015733848));
#1378=CARTESIAN_POINT('',(-5.429748181,27.262091376,112.197682425));
#1379=CARTESIAN_POINT('',(-5.461164376,27.083651592,112.399077501));
#1380=CARTESIAN_POINT('',(-5.492580571,26.905211809,112.600472576));
#1381=CARTESIAN_POINT('',(-5.507617389,26.743908715,112.825366365));
#1382=CARTESIAN_POINT('',(-5.496063891,26.60892435,113.059903766));
#1383=CARTESIAN_POINT('',(-5.490287142,26.541432168,113.177172467));
#1384=CARTESIAN_POINT('',(-5.478021077,26.480068721,113.297526692));
#1385=CARTESIAN_POINT('',(-5.457968111,26.425030172,113.420999617));
#1386=CARTESIAN_POINT('',(-5.437915144,26.369991622,113.544472542));
#1387=CARTESIAN_POINT('',(-5.410030944,26.321613725,113.670314534));
#1388=CARTESIAN_POINT('',(-5.374485747,26.280811238,113.794476839));
#1389=CARTESIAN_POINT('',(-5.33894055,26.24000875,113.918639145));
#1390=CARTESIAN_POINT('',(-5.295564649,26.206510315,114.042212522));
#1391=CARTESIAN_POINT('',(-5.243929362,26.178315689,114.164471026));
#1392=CARTESIAN_POINT('',(-5.218111718,26.164218377,114.225600279));
#1393=CARTESIAN_POINT('',(-5.19024902,26.151296179,114.286364039));
#1394=CARTESIAN_POINT('',(-5.160154297,26.140227438,114.346893904));
#1395=CARTESIAN_POINT('',(-5.130059573,26.129158696,114.407423769));
#1396=CARTESIAN_POINT('',(-5.097803226,26.120703819,114.467514864));
#1397=CARTESIAN_POINT('',(-5.06391916,26.11353524,114.526148505));
#1398=B_SPLINE_CURVE_WITH_KNOTS('',3,(#1376,#1377,#1378,#1379,#1380,#1381,#1382,#1383,#1384,#1385,#1386,#1387,#1388,#1389,#1390,#1391,#1392,#1393,#1394,#1395,#1396,#1397),.UNSPECIFIED.,.F.,.F.,(4,3,3,3,3,3,3,4),(0.,0.00081109,0.00162218,0.002027725,0.002433269,0.002838814,0.003041587,0.003244359),.UNSPECIFIED.);
#1399=EDGE_CURVE('',#1025,#746,#1398,.T.);
#1400=ORIENTED_EDGE('',*,*,#1399,.F.);
#1401=ORIENTED_EDGE('',*,*,#1034,.F.);
#1402=CARTESIAN_POINT('',(-9.936215012,24.674513799,116.668560815));
#1403=CARTESIAN_POINT('',(-10.065071702,24.622624316,115.903548974));
#1404=CARTESIAN_POINT('',(-10.285110988,24.792819979,115.126114803));
#1405=CARTESIAN_POINT('',(-10.554530967,25.152484909,114.485969688));
#1406=CARTESIAN_POINT('',(-10.823950945,25.512149839,113.845824573));
#1407=CARTESIAN_POINT('',(-11.141740508,26.055840583,113.337020118));
#1408=CARTESIAN_POINT('',(-11.463761135,26.709584265,113.036309078));
#1409=B_SPLINE_CURVE_WITH_KNOTS('',3,(#1402,#1403,#1404,#1405,#1406,#1407,#1408),.UNSPECIFIED.,.F.,.F.,(4,3,4),(0.,0.5,1.),.UNSPECIFIED.);
#1410=EDGE_CURVE('',#821,#1023,#1409,.T.);
#1411=ORIENTED_EDGE('',*,*,#1410,.F.);
#1412=ORIENTED_EDGE('',*,*,#851,.F.);
#1413=CARTESIAN_POINT('',(-6.848377236,25.703301913,114.75865485));
#1414=CARTESIAN_POINT('',(-6.916618216,25.711239725,114.69236936));
#1415=CARTESIAN_POINT('',(-6.964364143,25.73250226,114.606705765));
#1416=CARTESIAN_POINT('',(-6.985915031,25.761407137,114.517841345));
#1417=CARTESIAN_POINT('',(-7.00746592,25.790312015,114.428976925));
#1418=CARTESIAN_POINT('',(-7.003774633,25.827487194,114.337886628));
#1419=CARTESIAN_POINT('',(-6.978281822,25.866961937,114.254238212));
#1420=CARTESIAN_POINT('',(-6.95278901,25.906436681,114.170589796));
#1421=CARTESIAN_POINT('',(-6.905449065,25.948062486,114.094543054));
#1422=CARTESIAN_POINT('',(-6.841363234,25.985222691,114.034662974));
#1423=CARTESIAN_POINT('',(-6.777277403,26.022382897,113.974782894));
#1424=CARTESIAN_POINT('',(-6.695182846,26.055403431,113.930412235));
#1425=CARTESIAN_POINT('',(-6.604445909,26.077620393,113.911030623));
#1426=CARTESIAN_POINT('',(-6.513708973,26.099837355,113.89164901));
#1427=CARTESIAN_POINT('',(-6.413464236,26.110811823,113.898384003));
#1428=CARTESIAN_POINT('',(-6.324131494,26.109274661,113.93195057));
#1429=CARTESIAN_POINT('',(-6.234798752,26.107737499,113.965517138));
#1430=CARTESIAN_POINT('',(-6.155185261,26.094285318,114.026016319));
#1431=CARTESIAN_POINT('',(-6.099220423,26.074202587,114.101042259));
#1432=CARTESIAN_POINT('',(-6.071238005,26.064161221,114.138555229));
#1433=CARTESIAN_POINT('',(-6.048713561,26.052429129,114.179817526));
#1434=CARTESIAN_POINT('',(-6.032346044,26.039571002,114.223082568));
#1435=CARTESIAN_POINT('',(-6.015978528,26.026712874,114.266347609));
#1436=CARTESIAN_POINT('',(-6.005857932,26.013003664,114.310940798));
#1437=CARTESIAN_POINT('',(-6.001880132,25.997940994,114.356680295));
#1438=CARTESIAN_POINT('',(-5.997902331,25.982878325,114.402419792));
#1439=CARTESIAN_POINT('',(-6.000218176,25.96721536,114.447483171));
#1440=CARTESIAN_POINT('',(-6.008507551,25.951135988,114.491843193));
#1441=CARTESIAN_POINT('',(-6.016796925,25.935056616,114.536203216));
#1442=CARTESIAN_POINT('',(-6.031209374,25.918642686,114.579584368));
#1443=CARTESIAN_POINT('',(-6.05095296,25.902624737,114.619901696));
#1444=B_SPLINE_CURVE_WITH_KNOTS('',3,(#1413,#1414,#1415,#1416,#1417,#1418,#1419,#1420,#1421,#1422,#1423,#1424,#1425,#1426,#1427,#1428,#1429,#1430,#1431,#1432,#1433,#1434,#1435,#1436,#1437,#1438,
#1439,#1440,#1441,#1442,#1443),.UNSPECIFIED.,.F.,.F.,(4,3,3,3,3,3,3,3,3,3,4),(0.000758919,0.001044585,0.001330252,0.001615919,0.001901586,0.002187252,0.002472919,0.002615753,0.002758586,0.002901419,0.003044253),.UNSPECIFIED.);
#1445=EDGE_CURVE('',#800,#770,#1444,.T.);
#1446=ORIENTED_EDGE('',*,*,#1445,.T.);
#1447=ORIENTED_EDGE('',*,*,#776,.F.);
#1448=EDGE_LOOP('',(#1400,#1401,#1411,#1412,#1446,#1447));
#1449=FACE_BOUND('',#1448,.T.);
#1450=ADVANCED_FACE('',(#1449),#1375,.F.);
#1451=CARTESIAN_POINT('',(5.254882456,27.686393592,111.844291418));
#1452=CARTESIAN_POINT('',(5.330230302,27.475806801,111.998730964));
#1453=CARTESIAN_POINT('',(5.393640958,27.279847605,112.180087752));
#1454=CARTESIAN_POINT('',(5.438010359,27.097476766,112.382984715));
#1455=CARTESIAN_POINT('',(5.438699866,27.09462695,112.386166118));
#1456=CARTESIAN_POINT('',(5.457743856,27.01546896,112.474835948));
#1457=CARTESIAN_POINT('',(5.472411213,26.942865128,112.564007478));
#1458=CARTESIAN_POINT('',(5.49126701,26.81373651,112.737347741));
#1459=CARTESIAN_POINT('',(5.496575864,26.756361368,112.820652509));
#1460=CARTESIAN_POINT('',(5.49977885,26.616846145,113.03934956));
#1461=CARTESIAN_POINT('',(5.49168621,26.540359405,113.176932926));
#1462=CARTESIAN_POINT('',(5.46810132,26.464739115,113.335089843));
#1463=CARTESIAN_POINT('',(5.465331408,26.456620993,113.352399925));
#1464=CARTESIAN_POINT('',(5.444345023,26.400189876,113.475086779));
#1465=CARTESIAN_POINT('',(5.418982405,26.356657052,113.582236228));
#1466=CARTESIAN_POINT('',(5.380519894,26.31305827,113.705485097));
#1467=CARTESIAN_POINT('',(5.374911845,26.307096222,113.72276455));
#1468=CARTESIAN_POINT('',(5.322864747,26.255228057,113.877012633));
#1469=CARTESIAN_POINT('',(5.261945765,26.21854514,114.015354979));
#1470=CARTESIAN_POINT('',(5.142927429,26.175359302,114.228203628));
#1471=CARTESIAN_POINT('',(5.092691164,26.162286031,114.306837507));
#1472=CARTESIAN_POINT('',(5.030196629,26.152297546,114.393939516));
#1473=CARTESIAN_POINT('',(5.022155095,26.151046127,114.404922981));
#1474=CARTESIAN_POINT('',(4.930113024,26.137213692,114.52822011));
#1475=CARTESIAN_POINT('',(4.834394902,26.127386232,114.634088705));
#1476=CARTESIAN_POINT('',(4.632147419,26.137604753,114.829964758));
#1477=CARTESIAN_POINT('',(4.524081797,26.147515242,114.917912324));
#1478=CARTESIAN_POINT('',(4.389424203,26.164332584,115.010133471));
#1479=CARTESIAN_POINT('',(4.36907741,26.1669854,115.023629551));
#1480=CARTESIAN_POINT('',(4.348530035,26.169773235,115.036840735));
#1481=CARTESIAN_POINT('',(6.173132601,27.543917144,112.019580942));
#1482=CARTESIAN_POINT('',(6.218038658,27.328445029,112.172569734));
#1483=CARTESIAN_POINT('',(6.252720293,27.133844533,112.35971516));
#1484=CARTESIAN_POINT('',(6.271899825,26.953906965,112.566208813));
#1485=CARTESIAN_POINT('',(6.272195936,26.95109617,112.569446679));
#1486=CARTESIAN_POINT('',(6.280319525,26.873048925,112.659691285));
#1487=CARTESIAN_POINT('',(6.285142601,26.802189759,112.750519319));
#1488=CARTESIAN_POINT('',(6.287258793,26.67638622,112.926241941));
#1489=CARTESIAN_POINT('',(6.285473514,26.620618722,113.010340234));
#1490=CARTESIAN_POINT('',(6.272727673,26.48430945,113.22940068));
#1491=CARTESIAN_POINT('',(6.256959154,26.409260121,113.366367003));
#1492=CARTESIAN_POINT('',(6.227527475,26.333327123,113.523047749));
#1493=CARTESIAN_POINT('',(6.224156966,26.325142832,113.540186603));
#1494=CARTESIAN_POINT('',(6.199185331,26.268013356,113.661611895));
#1495=CARTESIAN_POINT('',(6.171753911,26.222685013,113.767412825));
#1496=CARTESIAN_POINT('',(6.132384951,26.175452607,113.889549326));
#1497=CARTESIAN_POINT('',(6.126684608,26.168945576,113.906681616));
#1498=CARTESIAN_POINT('',(6.07412239,26.111884351,114.059719316));
#1499=CARTESIAN_POINT('',(6.015023708,26.068414894,114.197572445));
#1500=CARTESIAN_POINT('',(5.901763352,26.011423712,114.412618068));
#1501=CARTESIAN_POINT('',(5.854280869,25.992121374,114.492805779));
#1502=CARTESIAN_POINT('',(5.795825244,25.975822758,114.582704803));
#1503=CARTESIAN_POINT('',(5.788299602,25.973712968,114.594049787));
#1504=CARTESIAN_POINT('',(5.7021495,25.949677143,114.721528215));
#1505=CARTESIAN_POINT('',(5.61244934,25.925776503,114.832158082));
#1506=CARTESIAN_POINT('',(5.428448392,25.926208733,115.043767541));
#1507=CARTESIAN_POINT('',(5.330819093,25.931041147,115.141361319));
#1508=CARTESIAN_POINT('',(5.21061441,25.944251994,115.247077846));
#1509=CARTESIAN_POINT('',(5.192492057,25.946428554,115.262627831));
#1510=CARTESIAN_POINT('',(5.174228299,25.948817122,115.277961776));
#1511=CARTESIAN_POINT('',(7.091122997,27.400325179,112.195382111));
#1512=CARTESIAN_POINT('',(7.106295802,27.174377538,112.338667283));
#1513=CARTESIAN_POINT('',(7.111565504,26.971536515,112.52002976));
#1514=CARTESIAN_POINT('',(7.103242882,26.784811277,112.723766974));
#1515=CARTESIAN_POINT('',(7.103109082,26.781894208,112.726962226));
#1516=CARTESIAN_POINT('',(7.099287557,26.700889404,112.816035623));
#1517=CARTESIAN_POINT('',(7.093048849,26.627252649,112.906236757));
#1518=CARTESIAN_POINT('',(7.075783499,26.496606179,113.081397719));
#1519=CARTESIAN_POINT('',(7.065566823,26.43883776,113.165398176));
#1520=CARTESIAN_POINT('',(7.033252163,26.298346745,113.384375887));
#1521=CARTESIAN_POINT('',(7.007503627,26.220897961,113.52182777));
#1522=CARTESIAN_POINT('',(6.969965566,26.142374949,113.679455512));
#1523=CARTESIAN_POINT('',(6.965753857,26.133913098,113.696698505));
#1524=CARTESIAN_POINT('',(6.93514268,26.074846028,113.818887762));
#1525=CARTESIAN_POINT('',(6.904465064,26.027996162,113.925497321));
#1526=CARTESIAN_POINT('',(6.863295293,25.978769847,114.049535298));
#1527=CARTESIAN_POINT('',(6.857389204,25.971980278,114.066952258));
#1528=CARTESIAN_POINT('',(6.803411588,25.912353656,114.222720884));
#1529=CARTESIAN_POINT('',(6.746600808,25.866738656,114.362873577));
#1530=CARTESIAN_POINT('',(6.641640732,25.806084073,114.584575101));
#1531=CARTESIAN_POINT('',(6.598412582,25.785503627,114.668013696));
#1532=CARTESIAN_POINT('',(6.545845371,25.767299883,114.762226501));
#1533=CARTESIAN_POINT('',(6.539095487,25.764974682,114.774132435));
#1534=CARTESIAN_POINT('',(6.462004425,25.738743099,114.908100944));
#1535=CARTESIAN_POINT('',(6.383414214,25.715166163,115.026159725));
#1536=CARTESIAN_POINT('',(6.222047224,25.709255309,115.255380036));
#1537=CARTESIAN_POINT('',(6.136635967,25.711968493,115.363972878));
#1538=CARTESIAN_POINT('',(6.031663743,25.723661514,115.483939675));
#1539=CARTESIAN_POINT('',(6.015857226,25.725639061,115.501586251));
#1540=CARTESIAN_POINT('',(5.999926563,25.727861009,115.519082816));
#1541=CARTESIAN_POINT('',(9.161871944,27.076418838,112.591944086));
#1542=CARTESIAN_POINT('',(9.108939308,26.834515422,112.724991826));
#1543=CARTESIAN_POINT('',(9.050109051,26.615940284,112.895096933));
#1544=CARTESIAN_POINT('',(8.983202771,26.412659369,113.09109441));
#1545=CARTESIAN_POINT('',(8.982153561,26.409482145,113.09416883));
#1546=CARTESIAN_POINT('',(8.952906962,26.321211128,113.179889111));
#1547=CARTESIAN_POINT('',(8.923375626,26.240072296,113.267403126));
#1548=CARTESIAN_POINT('',(8.865417111,26.095116731,113.439046853));
#1549=CARTESIAN_POINT('',(8.837723016,26.031094187,113.521540564));
#1550=CARTESIAN_POINT('',(8.765124237,25.876386037,113.737446781));
#1551=CARTESIAN_POINT('',(8.71905948,25.790689816,113.874134006));
#1552=CARTESIAN_POINT('',(8.664696806,25.703581455,114.032718335));
#1553=CARTESIAN_POINT('',(8.658732485,25.694199702,114.050082768));
#1554=CARTESIAN_POINT('',(8.616320293,25.628730658,114.173290077));
#1555=CARTESIAN_POINT('',(8.578573066,25.576955272,114.281633656));
#1556=CARTESIAN_POINT('',(8.532962534,25.522134955,114.410127492));
#1557=CARTESIAN_POINT('',(8.526528506,25.51457426,114.428202932));
#1558=CARTESIAN_POINT('',(8.46868914,25.448153033,114.590202013));
#1559=CARTESIAN_POINT('',(8.415361241,25.39785801,114.736096666));
#1560=CARTESIAN_POINT('',(8.325642033,25.330743158,114.97286735));
#1561=CARTESIAN_POINT('',(8.290531396,25.3083041,115.0634466));
#1562=CARTESIAN_POINT('',(8.24945479,25.287152492,115.167208576));
#1563=CARTESIAN_POINT('',(8.244222241,25.284513843,115.180358881));
#1564=CARTESIAN_POINT('',(8.184891727,25.255287861,115.328753148));
#1565=CARTESIAN_POINT('',(8.128468369,25.234388597,115.463686274));
#1566=CARTESIAN_POINT('',(8.013919209,25.217920907,115.732671095));
#1567=CARTESIAN_POINT('',(7.954819014,25.217295735,115.865867232));
#1568=CARTESIAN_POINT('',(7.883747567,25.226044167,116.018365743));
#1569=CARTESIAN_POINT('',(7.873156777,25.227600572,116.040617482));
#1570=CARTESIAN_POINT('',(7.862488326,25.229441155,116.062989532));
#1571=CARTESIAN_POINT('',(10.314630495,26.896104462,112.812704893));
#1572=CARTESIAN_POINT('',(10.223373968,26.64643745,112.943114684));
#1573=CARTESIAN_POINT('',(10.130519961,26.418119629,113.105091607));
#1574=CARTESIAN_POINT('',(10.033377869,26.202757338,113.293977574));
#1575=CARTESIAN_POINT('',(10.031856437,26.199390033,113.296940588));
#1576=CARTESIAN_POINT('',(9.989500426,26.10580342,113.379559178));
#1577=CARTESIAN_POINT('',(9.948122376,26.0189838,113.464229038));
#1578=CARTESIAN_POINT('',(9.869521989,25.862807145,113.631874308));
#1579=CARTESIAN_POINT('',(9.833115967,25.793797039,113.712570556));
#1580=CARTESIAN_POINT('',(9.74061814,25.627377692,113.924925485));
#1581=CARTESIAN_POINT('',(9.684659168,25.535101147,114.060300846));
#1582=CARTESIAN_POINT('',(9.621820004,25.441534299,114.219280921));
#1583=CARTESIAN_POINT('',(9.614966971,25.431464351,114.236711622));
#1584=CARTESIAN_POINT('',(9.566527638,25.361241034,114.360563449));
#1585=CARTESIAN_POINT('',(9.524937321,25.305994773,114.470401721));
#1586=CARTESIAN_POINT('',(9.476503286,25.247775009,114.602248855));
#1587=CARTESIAN_POINT('',(9.469718819,25.239761702,114.620810061));
#1588=CARTESIAN_POINT('',(9.409157961,25.169504572,114.787303363));
#1589=CARTESIAN_POINT('',(9.356522107,25.117454942,114.937735087));
#1590=CARTESIAN_POINT('',(9.272790122,25.049390531,115.184454164));
#1591=CARTESIAN_POINT('',(9.241153764,25.027207156,115.279449915));
#1592=CARTESIAN_POINT('',(9.205228561,25.006055439,115.389028591));
#1593=CARTESIAN_POINT('',(9.200679428,25.003452022,115.402935953));
#1594=CARTESIAN_POINT('',(9.149385597,24.974942819,115.560095568));
#1595=CARTESIAN_POINT('',(9.103335984,24.957894746,115.705240556));
#1596=CARTESIAN_POINT('',(9.01210706,24.940265295,115.997576816));
#1597=CARTESIAN_POINT('',(8.966944849,24.939884183,116.144771724));
#1598=CARTESIAN_POINT('',(8.914696513,24.94862356,116.315907364));
#1599=CARTESIAN_POINT('',(8.907046349,24.95015895,116.34066723));
#1600=CARTESIAN_POINT('',(8.899351825,24.951977414,116.365775206));
#1601=CARTESIAN_POINT('',(11.46790339,26.717998989,113.032452562));
#1602=CARTESIAN_POINT('',(11.339314471,26.456603109,113.151813912));
#1603=CARTESIAN_POINT('',(11.212873321,26.215386768,113.302239142));
#1604=CARTESIAN_POINT('',(11.086554426,25.990254922,113.485460751));
#1605=CARTESIAN_POINT('',(11.084577471,25.986735507,113.488336602));
#1606=CARTESIAN_POINT('',(11.029580131,25.888939787,113.568572537));
#1607=CARTESIAN_POINT('',(10.976945829,25.798268272,113.651432776));
#1608=CARTESIAN_POINT('',(10.879268573,25.635723485,113.817054304));
#1609=CARTESIAN_POINT('',(10.834791917,25.564014201,113.897248367));
#1610=CARTESIAN_POINT('',(10.723933673,25.391211618,114.109410874));
#1611=CARTESIAN_POINT('',(10.658888457,25.295520683,114.245690932));
#1612=CARTESIAN_POINT('',(10.588411186,25.198348816,114.406780043));
#1613=CARTESIAN_POINT('',(10.580759389,25.187888773,114.424455332));
#1614=CARTESIAN_POINT('',(10.526919172,25.114926568,114.550138306));
#1615=CARTESIAN_POINT('',(10.481951597,25.057363228,114.662067566));
#1616=CARTESIAN_POINT('',(10.431150549,24.996525267,114.797141814));
#1617=CARTESIAN_POINT('',(10.424068755,24.98814216,114.816173013));
#1618=CARTESIAN_POINT('',(10.361165329,24.914560711,114.987029045));
#1619=CARTESIAN_POINT('',(10.308699329,24.859456517,115.142437826));
#1620=CARTESIAN_POINT('',(10.229246458,24.786629897,115.399589195));
#1621=CARTESIAN_POINT('',(10.200188173,24.762670464,115.499129616));
#1622=CARTESIAN_POINT('',(10.168357375,24.739590402,115.614655803));
#1623=CARTESIAN_POINT('',(10.164348369,24.736744445,115.629330891));
#1624=CARTESIAN_POINT('',(10.119391133,24.7055209,115.795314716));
#1625=CARTESIAN_POINT('',(10.081224974,24.685722317,115.949974591));
#1626=CARTESIAN_POINT('',(10.010938237,24.663885001,116.264722869));
#1627=CARTESIAN_POINT('',(9.978895789,24.662062467,116.424854164));
#1628=CARTESIAN_POINT('',(9.945625189,24.671041184,116.613343765));
#1629=CARTESIAN_POINT('',(9.940899368,24.672627449,116.640752071));
#1630=CARTESIAN_POINT('',(9.936215324,24.674513674,116.668560881));
#1631=B_SPLINE_SURFACE_WITH_KNOTS('',3,3,((#1451,#1452,#1453,#1454,#1455,#1456,#1457,#1458,#1459,#1460,#1461,#1462,#1463,#1464,#1465,#1466,#1467,#1468,#1469,#1470,#1471,#1472,#1473,#1474,#1475,#1476,
#1477,#1478,#1479,#1480),(#1481,#1482,#1483,#1484,#1485,#1486,#1487,#1488,#1489,#1490,#1491,#1492,#1493,#1494,#1495,#1496,#1497,#1498,#1499,#1500,#1501,#1502,#1503,#1504,#1505,#1506,
#1507,#1508,#1509,#1510),(#1511,#1512,#1513,#1514,#1515,#1516,#1517,#1518,#1519,#1520,#1521,#1522,#1523,#1524,#1525,#1526,#1527,#1528,#1529,#1530,#1531,#1532,#1533,#1534,#1535,#1536,
#1537,#1538,#1539,#1540),(#1541,#1542,#1543,#1544,#1545,#1546,#1547,#1548,#1549,#1550,#1551,#1552,#1553,#1554,#1555,#1556,#1557,#1558,#1559,#1560,#1561,#1562,#1563,#1564,#1565,#1566,
#1567,#1568,#1569,#1570),(#1571,#1572,#1573,#1574,#1575,#1576,#1577,#1578,#1579,#1580,#1581,#1582,#1583,#1584,#1585,#1586,#1587,#1588,#1589,#1590,#1591,#1592,#1593,#1594,#1595,#1596,
#1597,#1598,#1599,#1600),(#1601,#1602,#1603,#1604,#1605,#1606,#1607,#1608,#1609,#1610,#1611,#1612,#1613,#1614,#1615,#1616,#1617,#1618,#1619,#1620,#1621,#1622,#1623,#1624,#1625,#1626,
#1627,#1628,#1629,#1630)),.UNSPECIFIED.,.F.,.F.,.U.,(4,2,4),(4,2,2,2,2,2,2,2,2,2,2,2,2,2,4),(0.10182885,0.5,1.),(0.,0.199160092,0.20232747,0.287297752,0.361230175,0.475632784,0.489635392,0.57459476,0.588478991,0.698866769,0.76704441,0.776943253,0.878791628,0.981863464,1.),.UNSPECIFIED.);
#1632=CARTESIAN_POINT('',(5.063954136,26.113528458,114.526087981));
#1633=CARTESIAN_POINT('',(5.097761895,26.122354318,114.46758347));
#1634=CARTESIAN_POINT('',(5.129980226,26.131288195,114.407567851));
#1635=CARTESIAN_POINT('',(5.160006482,26.141902802,114.347191168));
#1636=CARTESIAN_POINT('',(5.190032737,26.152517409,114.286814485));
#1637=CARTESIAN_POINT('',(5.217864851,26.164998429,114.226148684));
#1638=CARTESIAN_POINT('',(5.243662557,26.178797364,114.165102563));
#1639=CARTESIAN_POINT('',(5.29525797,26.206395235,114.043010321));
#1640=CARTESIAN_POINT('',(5.338642027,26.239979157,113.919564366));
#1641=CARTESIAN_POINT('',(5.374262418,26.280759585,113.795256578));
#1642=CARTESIAN_POINT('',(5.409882809,26.321540012,113.670948791));
#1643=CARTESIAN_POINT('',(5.437783866,26.370114988,113.544980786));
#1644=CARTESIAN_POINT('',(5.457767314,26.424662812,113.422234484));
#1645=CARTESIAN_POINT('',(5.477750763,26.479210637,113.299488183));
#1646=CARTESIAN_POINT('',(5.490111619,26.540055952,113.179280223));
#1647=CARTESIAN_POINT('',(5.495966735,26.607475889,113.061863993));
#1648=CARTESIAN_POINT('',(5.501821852,26.674895825,112.944447763));
#1649=CARTESIAN_POINT('',(5.50111324,26.74939682,112.829115526));
#1650=CARTESIAN_POINT('',(5.494931082,26.828612774,112.718555036));
#1651=CARTESIAN_POINT('',(5.488748923,26.907828729,112.607994546));
#1652=CARTESIAN_POINT('',(5.477182581,26.991899841,112.502309628));
#1653=CARTESIAN_POINT('',(5.461572542,27.081271109,112.401701084));
#1654=CARTESIAN_POINT('',(5.430352462,27.260013644,112.200483995));
#1655=CARTESIAN_POINT('',(5.381741816,27.457554752,112.015571335));
#1656=CARTESIAN_POINT('',(5.328573848,27.674867715,111.858422801));
#1657=B_SPLINE_CURVE_WITH_KNOTS('',3,(#1632,#1633,#1634,#1635,#1636,#1637,#1638,#1639,#1640,#1641,#1642,#1643,#1644,#1645,#1646,#1647,#1648,#1649,#1650,#1651,#1652,#1653,#1654,#1655,#1656),.UNSPECIFIED.,.F.,.F.,(4,3,3,3,3,3,3,3,4),(0.000736236,0.000939044,0.001141852,0.001547467,0.001953083,0.002358699,0.002764314,0.00316993,0.003981162),.UNSPECIFIED.);
#1658=EDGE_CURVE('',#698,#1085,#1657,.T.);
#1659=ORIENTED_EDGE('',*,*,#1658,.F.);
#1660=ORIENTED_EDGE('',*,*,#707,.F.);
#1661=CARTESIAN_POINT('',(6.064643772,25.899422695,114.630645136));
#1662=CARTESIAN_POINT('',(6.01923052,25.93192453,114.550241258));
#1663=CARTESIAN_POINT('',(5.996625452,25.965552032,114.457576733));
#1664=CARTESIAN_POINT('',(6.000412849,25.996350483,114.364434408));
#1665=CARTESIAN_POINT('',(6.004200246,26.027148934,114.271292082));
#1666=CARTESIAN_POINT('',(6.034982993,26.05518077,114.177801423));
#1667=CARTESIAN_POINT('',(6.089294223,26.076563581,114.099580949));
#1668=CARTESIAN_POINT('',(6.143605454,26.097946393,114.021360475));
#1669=CARTESIAN_POINT('',(6.222117878,26.112922953,113.957476487));
#1670=CARTESIAN_POINT('',(6.313908042,26.115597024,113.920669407));
#1671=CARTESIAN_POINT('',(6.405698207,26.118271096,113.883862327));
#1672=CARTESIAN_POINT('',(6.507978995,26.10774049,113.875824572));
#1673=CARTESIAN_POINT('',(6.601231775,26.085222862,113.895104009));
#1674=CARTESIAN_POINT('',(6.694484556,26.062705233,113.914383445));
#1675=CARTESIAN_POINT('',(6.779172213,26.028539607,113.960207842));
#1676=CARTESIAN_POINT('',(6.844663139,25.989949713,114.022523397));
#1677=CARTESIAN_POINT('',(6.910154064,25.951359819,114.084838953));
#1678=CARTESIAN_POINT('',(6.95699713,25.908674844,114.163185619));
#1679=CARTESIAN_POINT('',(6.98119809,25.868557391,114.248924027));
#1680=CARTESIAN_POINT('',(7.00539905,25.828439939,114.334662435));
#1681=CARTESIAN_POINT('',(7.006817587,25.790595633,114.428851029));
#1682=CARTESIAN_POINT('',(6.981570311,25.761862508,114.519248111));
#1683=CARTESIAN_POINT('',(6.956323035,25.733129383,114.609645194));
#1684=CARTESIAN_POINT('',(6.904169061,25.713760469,114.694969247));
#1685=CARTESIAN_POINT('',(6.830726676,25.707998232,114.759742062));
#1686=B_SPLINE_CURVE_WITH_KNOTS('',3,(#1661,#1662,#1663,#1664,#1665,#1666,#1667,#1668,#1669,#1670,#1671,#1672,#1673,#1674,#1675,#1676,#1677,#1678,#1679,#1680,#1681,#1682,#1683,#1684,#1685),.UNSPECIFIED.,.F.,.F.,(4,3,3,3,3,3,3,3,4),(0.002296861,0.002589737,0.002882613,0.003175489,0.003468365,0.003761241,0.004054117,0.004346993,0.004639869),.UNSPECIFIED.);
#1687=EDGE_CURVE('',#677,#623,#1686,.T.);
#1688=ORIENTED_EDGE('',*,*,#1687,.T.);
#1689=ORIENTED_EDGE('',*,*,#653,.F.);
#1690=CARTESIAN_POINT('',(9.936215324,24.674513674,116.668560881));
#1691=CARTESIAN_POINT('',(10.065071951,24.622624214,115.903549007));
#1692=CARTESIAN_POINT('',(10.285092674,24.792745036,115.126055404));
#1693=CARTESIAN_POINT('',(10.554547494,25.152551123,114.486022301));
#1694=CARTESIAN_POINT('',(10.824002315,25.51235721,113.845989198));
#1695=CARTESIAN_POINT('',(11.141739207,26.055827852,113.337001008));
#1696=CARTESIAN_POINT('',(11.463761189,26.709584182,113.036308955));
#1697=B_SPLINE_CURVE_WITH_KNOTS('',3,(#1690,#1691,#1692,#1693,#1694,#1695,#1696),.UNSPECIFIED.,.F.,.F.,(4,3,4),(0.,0.5,1.),.UNSPECIFIED.);
#1698=EDGE_CURVE('',#611,#1118,#1697,.T.);
#1699=ORIENTED_EDGE('',*,*,#1698,.T.);
#1700=ORIENTED_EDGE('',*,*,#1124,.F.);
#1701=EDGE_LOOP('',(#1659,#1660,#1688,#1689,#1699,#1700));
#1702=FACE_BOUND('',#1701,.T.);
#1703=ADVANCED_FACE('',(#1702),#1631,.F.);
#1704=CARTESIAN_POINT('',(0.,28.,113.6));
#1705=DIRECTION('',(0.,1.,0.));
#1706=DIRECTION('',(0.,0.,1.));
#1707=AXIS2_PLACEMENT_3D('',#1704,#1705,#1706);
#1708=PLANE('',#1707);
#1709=CARTESIAN_POINT('',(5.827520914,28.,107.4));
#1710=VERTEX_POINT('',#1709);
#1711=CARTESIAN_POINT('',(5.827520914,28.,107.909657925));
#1712=VERTEX_POINT('',#1711);
#1713=CARTESIAN_POINT('',(5.827520914,28.,107.4));
#1714=DIRECTION('',(-0.,-0.,1.));
#1715=VECTOR('',#1714,0.509657925);
#1716=LINE('',#1713,#1715);
#1717=EDGE_CURVE('',#1710,#1712,#1716,.T.);
#1718=ORIENTED_EDGE('',*,*,#1717,.F.);
#1719=CARTESIAN_POINT('',(18.98,28.,107.4));
#1720=VERTEX_POINT('',#1719);
#1721=CARTESIAN_POINT('',(5.827520914,28.,107.4));
#1722=DIRECTION('',(1.,0.,-0.));
#1723=VECTOR('',#1722,13.152479086);
#1724=LINE('',#1721,#1723);
#1725=EDGE_CURVE('',#1710,#1720,#1724,.T.);
#1726=ORIENTED_EDGE('',*,*,#1725,.T.);
#1727=CARTESIAN_POINT('',(18.98,28.,107.6));
#1728=VERTEX_POINT('',#1727);
#1729=CARTESIAN_POINT('',(18.98,28.,107.6));
#1730=DIRECTION('',(-0.,-0.,-1.));
#1731=VECTOR('',#1730,0.2);
#1732=LINE('',#1729,#1731);
#1733=EDGE_CURVE('',#1728,#1720,#1732,.T.);
#1734=ORIENTED_EDGE('',*,*,#1733,.F.);
#1735=CARTESIAN_POINT('',(11.469960767,28.,107.6));
#1736=VERTEX_POINT('',#1735);
#1737=CARTESIAN_POINT('',(11.469960767,28.,107.6));
#1738=DIRECTION('',(1.,0.,0.));
#1739=VECTOR('',#1738,7.510039233);
#1740=LINE('',#1737,#1739);
#1741=EDGE_CURVE('',#1736,#1728,#1740,.T.);
#1742=ORIENTED_EDGE('',*,*,#1741,.F.);
#1743=CARTESIAN_POINT('',(5.827521288,28.,107.909665274));
#1744=CARTESIAN_POINT('',(7.085860191,28.,107.810610082));
#1745=CARTESIAN_POINT('',(7.178332263,28.,107.803526447));
#1746=CARTESIAN_POINT('',(7.996264502,28.,107.740870409));
#1747=CARTESIAN_POINT('',(8.609368839,28.,107.702166615));
#1748=CARTESIAN_POINT('',(10.227783619,28.,107.600000003));
#1749=CARTESIAN_POINT('',(11.469960767,28.,107.6));
#1750=B_SPLINE_CURVE_WITH_KNOTS('',2,(#1743,#1744,#1745,#1746,#1747,#1748,#1749),.UNSPECIFIED.,.F.,.F.,(3,2,2,3),(0.751907014,0.8125,0.875,1.),.UNSPECIFIED.);
#1751=EDGE_CURVE('',#1712,#1736,#1750,.T.);
#1752=ORIENTED_EDGE('',*,*,#1751,.F.);
#1753=EDGE_LOOP('',(#1718,#1726,#1734,#1742,#1752));
#1754=FACE_BOUND('',#1753,.T.);
#1755=ADVANCED_FACE('',(#1754),#1708,.F.);
#1756=CARTESIAN_POINT('',(0.,28.,113.6));
#1757=DIRECTION('',(0.,1.,0.));
#1758=DIRECTION('',(0.,0.,1.));
#1759=AXIS2_PLACEMENT_3D('',#1756,#1757,#1758);
#1760=PLANE('',#1759);
#1761=CARTESIAN_POINT('',(-18.98,28.,107.4));
#1762=VERTEX_POINT('',#1761);
#1763=CARTESIAN_POINT('',(-5.827520914,28.,107.4));
#1764=VERTEX_POINT('',#1763);
#1765=CARTESIAN_POINT('',(-18.98,28.,107.4));
#1766=DIRECTION('',(1.,0.,-0.));
#1767=VECTOR('',#1766,13.152479086);
#1768=LINE('',#1765,#1767);
#1769=EDGE_CURVE('',#1762,#1764,#1768,.T.);
#1770=ORIENTED_EDGE('',*,*,#1769,.T.);
#1771=CARTESIAN_POINT('',(-5.827521279,28.,107.909663772));
#1772=VERTEX_POINT('',#1771);
#1773=CARTESIAN_POINT('',(-5.827520914,28.,107.909663772));
#1774=DIRECTION('',(0.,0.,-1.));
#1775=VECTOR('',#1774,0.509663772);
#1776=LINE('',#1773,#1775);
#1777=EDGE_CURVE('',#1772,#1764,#1776,.T.);
#1778=ORIENTED_EDGE('',*,*,#1777,.F.);
#1779=CARTESIAN_POINT('',(-11.469960767,28.,107.6));
#1780=VERTEX_POINT('',#1779);
#1781=CARTESIAN_POINT('',(-11.469960767,28.,107.6));
#1782=CARTESIAN_POINT('',(-10.223001925,28.,107.600000002));
#1783=CARTESIAN_POINT('',(-8.594484914,28.,107.703107588));
#1784=CARTESIAN_POINT('',(-7.982050286,28.,107.741883146));
#1785=CARTESIAN_POINT('',(-7.159717156,28.,107.804953293));
#1786=CARTESIAN_POINT('',(-7.113841065,28.,107.808471833));
#1787=CARTESIAN_POINT('',(-5.82752174,28.,107.90966963));
#1788=B_SPLINE_CURVE_WITH_KNOTS('',2,(#1781,#1782,#1783,#1784,#1785,#1786,#1787),.UNSPECIFIED.,.F.,.F.,(3,2,2,3),(0.,0.125,0.1875,0.247660294),.UNSPECIFIED.);
#1789=EDGE_CURVE('',#1780,#1772,#1788,.T.);
#1790=ORIENTED_EDGE('',*,*,#1789,.F.);
#1791=CARTESIAN_POINT('',(-18.98,28.,107.6));
#1792=VERTEX_POINT('',#1791);
#1793=CARTESIAN_POINT('',(-18.98,28.,107.6));
#1794=DIRECTION('',(1.,0.,0.));
#1795=VECTOR('',#1794,7.510039233);
#1796=LINE('',#1793,#1795);
#1797=EDGE_CURVE('',#1792,#1780,#1796,.T.);
#1798=ORIENTED_EDGE('',*,*,#1797,.F.);
#1799=CARTESIAN_POINT('',(-18.98,28.,107.6));
#1800=DIRECTION('',(-0.,-0.,-1.));
#1801=VECTOR('',#1800,0.2);
#1802=LINE('',#1799,#1801);
#1803=EDGE_CURVE('',#1792,#1762,#1802,.T.);
#1804=ORIENTED_EDGE('',*,*,#1803,.T.);
#1805=EDGE_LOOP('',(#1770,#1778,#1790,#1798,#1804));
#1806=FACE_BOUND('',#1805,.T.);
#1807=ADVANCED_FACE('',(#1806),#1760,.F.);
#1808=CARTESIAN_POINT('',(-6.066474761,26.816586421,110.820191443));
#1809=CARTESIAN_POINT('',(-6.276555436,26.800321487,110.820549814));
#1810=CARTESIAN_POINT('',(-6.485738489,26.783255918,110.821413552));
#1811=CARTESIAN_POINT('',(-6.693942268,26.765407848,110.822917338));
#1812=CARTESIAN_POINT('',(-6.934367465,26.744797757,110.824653735));
#1813=CARTESIAN_POINT('',(-7.173483806,26.723144266,110.827244028));
#1814=CARTESIAN_POINT('',(-7.411175881,26.700475463,110.830899735));
#1815=CARTESIAN_POINT('',(-7.648869285,26.677806668,110.834555349));
#1816=CARTESIAN_POINT('',(-7.885124326,26.654122519,110.839277497));
#1817=CARTESIAN_POINT('',(-8.119834276,26.629450593,110.845279287));
#1818=CARTESIAN_POINT('',(-8.354545487,26.604778675,110.851280996));
#1819=CARTESIAN_POINT('',(-8.587686507,26.57911886,110.858564012));
#1820=CARTESIAN_POINT('',(-8.819157514,26.552497518,110.867341272));
#1821=CARTESIAN_POINT('',(-9.050629747,26.525876185,110.876118467));
#1822=CARTESIAN_POINT('',(-9.280395737,26.498293117,110.886391875));
#1823=CARTESIAN_POINT('',(-9.508360707,26.469772763,110.898373255));
#1824=CARTESIAN_POINT('',(-9.736326923,26.44125242,110.910354584));
#1825=CARTESIAN_POINT('',(-9.962444304,26.411794479,110.924045824));
#1826=CARTESIAN_POINT('',(-10.186621258,26.381420725,110.939657237));
#1827=CARTESIAN_POINT('',(-10.410799568,26.351046981,110.955268616));
#1828=CARTESIAN_POINT('',(-10.632977053,26.319756992,110.972801623));
#1829=CARTESIAN_POINT('',(-10.853063581,26.287569076,110.992465376));
#1830=CARTESIAN_POINT('',(-11.073147003,26.255381135,111.012129151));
#1831=CARTESIAN_POINT('',(-11.291070309,26.222294435,111.033923166));
#1832=CARTESIAN_POINT('',(-11.506747775,26.188323928,111.058058989));
#1833=CARTESIAN_POINT('',(-11.506786545,26.188317587,111.058063463));
#1834=CARTESIAN_POINT('',(-11.506825314,26.188311247,111.058067937));
#1835=CARTESIAN_POINT('',(-11.506864084,26.188304906,111.058072411));
#1836=CARTESIAN_POINT('',(-6.052637488,26.995331388,110.658877128));
#1837=CARTESIAN_POINT('',(-6.262596315,26.981408594,110.659088339));
#1838=CARTESIAN_POINT('',(-6.471711899,26.966795291,110.659825426));
#1839=CARTESIAN_POINT('',(-6.679905674,26.951505358,110.661231286));
#1840=CARTESIAN_POINT('',(-6.920319331,26.933849281,110.662854602));
#1841=CARTESIAN_POINT('',(-7.159500538,26.915290968,110.665370145));
#1842=CARTESIAN_POINT('',(-7.397337242,26.895851691,110.669002711));
#1843=CARTESIAN_POINT('',(-7.635175281,26.876412421,110.672635184));
#1844=CARTESIAN_POINT('',(-7.871654479,26.856092139,110.677385836));
#1845=CARTESIAN_POINT('',(-8.106669891,26.834911446,110.683481573));
#1846=CARTESIAN_POINT('',(-8.341686561,26.813730762,110.68957723));
#1847=CARTESIAN_POINT('',(-8.575214135,26.791689538,110.697019681));
#1848=CARTESIAN_POINT('',(-8.807152786,26.768807114,110.706036109));
#1849=CARTESIAN_POINT('',(-9.03909265,26.745924699,110.71505247));
#1850=CARTESIAN_POINT('',(-9.269407238,26.722200862,110.725644833));
#1851=CARTESIAN_POINT('',(-9.497999746,26.697653059,110.738039593));
#1852=CARTESIAN_POINT('',(-9.726593477,26.673105266,110.7504343));
#1853=CARTESIAN_POINT('',(-9.953417333,26.647733179,110.764633413));
#1854=CARTESIAN_POINT('',(-10.178375388,26.62155171,110.78086219));
#1855=CARTESIAN_POINT('',(-10.403334765,26.595370253,110.797090931));
#1856=CARTESIAN_POINT('',(-10.626368177,26.568378961,110.815350885));
#1857=CARTESIAN_POINT('',(-10.84737848,26.5405895,110.835866493));
#1858=CARTESIAN_POINT('',(-11.068385552,26.512800011,110.856382127));
#1859=CARTESIAN_POINT('',(-11.287300874,26.484211586,110.879152943));
#1860=CARTESIAN_POINT('',(-11.50402897,26.454832541,110.904406367));
#1861=CARTESIAN_POINT('',(-11.504067858,26.454827054,110.904411051));
#1862=CARTESIAN_POINT('',(-11.504106745,26.454821567,110.904415735));
#1863=CARTESIAN_POINT('',(-11.504145633,26.45481608,110.904420418));
#1864=CARTESIAN_POINT('',(-6.036845238,27.153057596,110.483679356));
#1865=CARTESIAN_POINT('',(-6.246610972,27.141295749,110.48336746));
#1866=CARTESIAN_POINT('',(-6.455589346,27.128949338,110.483578258));
#1867=CARTESIAN_POINT('',(-6.663705705,27.116029673,110.484461907));
#1868=CARTESIAN_POINT('',(-6.904029918,27.101110667,110.4854822));
#1869=CARTESIAN_POINT('',(-7.1432019,27.085427269,110.487400132));
#1870=CARTESIAN_POINT('',(-7.381114277,27.068996734,110.490452343));
#1871=CARTESIAN_POINT('',(-7.619027935,27.052566207,110.493504462));
#1872=CARTESIAN_POINT('',(-7.855668607,27.035388497,110.497691973));
#1873=CARTESIAN_POINT('',(-8.090934526,27.017480212,110.503254234));
#1874=CARTESIAN_POINT('',(-8.32620164,26.999571934,110.508816416));
#1875=CARTESIAN_POINT('',(-8.560070203,26.980932963,110.515755004));
#1876=CARTESIAN_POINT('',(-8.792441883,26.96157875,110.524310203));
#1877=CARTESIAN_POINT('',(-9.024814699,26.942224545,110.532865337));
#1878=CARTESIAN_POINT('',(-9.255656452,26.922154897,110.543039057));
#1879=CARTESIAN_POINT('',(-9.484869909,26.901383566,110.555071346));
#1880=CARTESIAN_POINT('',(-9.714084496,26.880612245,110.567103584));
#1881=CARTESIAN_POINT('',(-9.94162597,26.859138942,110.580996374));
#1882=CARTESIAN_POINT('',(-10.167395744,26.836975165,110.596989131));
#1883=CARTESIAN_POINT('',(-10.393166719,26.814811397,110.612981853));
#1884=CARTESIAN_POINT('',(-10.617109809,26.79195674,110.631076127));
#1885=CARTESIAN_POINT('',(-10.839122544,26.768419834,110.651511126));
#1886=CARTESIAN_POINT('',(-11.061132077,26.744882899,110.671946161));
#1887=CARTESIAN_POINT('',(-11.281147514,26.72066308,110.694721522));
#1888=CARTESIAN_POINT('',(-11.499065011,26.695765897,110.720080127));
#1889=CARTESIAN_POINT('',(-11.499104106,26.695761245,110.720084834));
#1890=CARTESIAN_POINT('',(-11.499143201,26.695756592,110.720089542));
#1891=CARTESIAN_POINT('',(-11.499182296,26.69575194,110.720094249));
#1892=CARTESIAN_POINT('',(-6.019904293,27.291027582,110.294640697));
#1893=CARTESIAN_POINT('',(-6.229445202,27.281176178,110.293500893));
#1894=CARTESIAN_POINT('',(-6.438257332,27.270834911,110.292860931));
#1895=CARTESIAN_POINT('',(-6.646270847,27.260013169,110.292877175));
#1896=CARTESIAN_POINT('',(-6.886476207,27.247516744,110.292895836));
#1897=CARTESIAN_POINT('',(-7.125614734,27.234379647,110.293789883));
#1898=CARTESIAN_POINT('',(-7.363585222,27.220616187,110.295806103));
#1899=CARTESIAN_POINT('',(-7.601556889,27.206852734,110.297822237));
#1900=CARTESIAN_POINT('',(-7.838348838,27.192462886,110.30096155));
#1901=CARTESIAN_POINT('',(-8.073864128,27.177460397,110.30547409));
#1902=CARTESIAN_POINT('',(-8.309380503,27.162457914,110.309986557));
#1903=CARTESIAN_POINT('',(-8.543599065,27.146842699,110.315873762));
#1904=CARTESIAN_POINT('',(-8.776424859,27.13062752,110.323387144));
#1905=CARTESIAN_POINT('',(-9.009251671,27.114412347,110.330900468));
#1906=CARTESIAN_POINT('',(-9.24065525,27.097597052,110.340041775));
#1907=CARTESIAN_POINT('',(-9.470540157,27.080192971,110.351062853));
#1908=CARTESIAN_POINT('',(-9.700426054,27.062788896,110.362083884));
#1909=CARTESIAN_POINT('',(-9.928753428,27.044795798,110.37498651));
#1910=CARTESIAN_POINT('',(-10.155423679,27.026223104,110.390022572));
#1911=CARTESIAN_POINT('',(-10.382094961,27.007650416,110.405058602));
#1912=CARTESIAN_POINT('',(-10.607059421,26.988497804,110.422229549));
#1913=CARTESIAN_POINT('',(-10.830212444,26.968772265,110.44178771));
#1914=CARTESIAN_POINT('',(-11.05336244,26.949046703,110.461345911));
#1915=CARTESIAN_POINT('',(-11.274645053,26.928747747,110.483290914));
#1916=CARTESIAN_POINT('',(-11.493951667,26.907879637,110.507879637));
#1917=CARTESIAN_POINT('',(-11.493991067,26.907875737,110.507884205));
#1918=CARTESIAN_POINT('',(-11.494030467,26.907871837,110.507888773));
#1919=CARTESIAN_POINT('',(-11.494069867,26.907867938,110.507893341));
#1920=CARTESIAN_POINT('',(-5.991827088,27.51969319,109.981336032));
#1921=CARTESIAN_POINT('',(-6.200995381,27.513008075,109.97882409));
#1922=CARTESIAN_POINT('',(-6.409531985,27.505990047,109.976774112));
#1923=CARTESIAN_POINT('',(-6.617375052,27.498645316,109.975352755));
#1924=CARTESIAN_POINT('',(-6.857383429,27.490163974,109.973711354));
#1925=CARTESIAN_POINT('',(-7.09646651,27.481247007,109.972908459));
#1926=CARTESIAN_POINT('',(-7.334533308,27.471903846,109.973207672));
#1927=CARTESIAN_POINT('',(-7.572601119,27.462560688,109.973506808));
#1928=CARTESIAN_POINT('',(-7.809643788,27.452791325,109.97490888));
#1929=CARTESIAN_POINT('',(-8.045572373,27.442604779,109.977681658));
#1930=CARTESIAN_POINT('',(-8.281501865,27.432418237,109.980454373));
#1931=CARTESIAN_POINT('',(-8.516300497,27.421814466,109.98459906));
#1932=CARTESIAN_POINT('',(-8.749878924,27.410801788,109.99038578));
#1933=CARTESIAN_POINT('',(-8.983458167,27.399789114,109.99617245));
#1934=CARTESIAN_POINT('',(-9.215792895,27.388367448,110.00360268));
#1935=CARTESIAN_POINT('',(-9.446790634,27.376544101,110.012947819));
#1936=CARTESIAN_POINT('',(-9.67778913,27.364720759,110.02229292));
#1937=CARTESIAN_POINT('',(-9.907419023,27.352495607,110.03355449));
#1938=CARTESIAN_POINT('',(-10.135581687,27.33987462,110.047004965));
#1939=CARTESIAN_POINT('',(-10.363745098,27.327253636,110.060455414));
#1940=CARTESIAN_POINT('',(-10.590402334,27.314236637,110.076096078));
#1941=CARTESIAN_POINT('',(-10.815445223,27.300827897,110.094201006));
#1942=CARTESIAN_POINT('',(-11.040485373,27.287419141,110.11230598));
#1943=CARTESIAN_POINT('',(-11.263868149,27.273618458,110.132874781));
#1944=CARTESIAN_POINT('',(-11.485477028,27.259427963,110.156187535));
#1945=CARTESIAN_POINT('',(-11.485516933,27.259425311,110.156191872));
#1946=CARTESIAN_POINT('',(-11.485556838,27.259422658,110.15619621));
#1947=CARTESIAN_POINT('',(-11.485596743,27.259420006,110.156200547));
#1948=CARTESIAN_POINT('',(-5.96068295,27.695326373,109.628306301));
#1949=CARTESIAN_POINT('',(-6.169400755,27.691150761,109.623557341));
#1950=CARTESIAN_POINT('',(-6.37759257,27.686770177,109.619177403));
#1951=CARTESIAN_POINT('',(-6.585207379,27.682189459,109.615340744));
#1952=CARTESIAN_POINT('',(-6.824951893,27.676899867,109.610910288));
#1953=CARTESIAN_POINT('',(-7.063928781,27.671343421,109.607204359));
#1954=CARTESIAN_POINT('',(-7.30206206,27.665527637,109.60449907));
#1955=CARTESIAN_POINT('',(-7.540196072,27.659711855,109.601793725));
#1956=CARTESIAN_POINT('',(-7.777482219,27.653636741,109.600089504));
#1957=CARTESIAN_POINT('',(-8.013844988,27.647309702,109.59966752));
#1958=CARTESIAN_POINT('',(-8.250208376,27.640982665,109.599245493));
#1959=CARTESIAN_POINT('',(-8.485638704,27.634403699,109.60010648));
#1960=CARTESIAN_POINT('',(-8.72005857,27.627579924,109.602534812));
#1961=CARTESIAN_POINT('',(-8.954478949,27.620756151,109.604963111));
#1962=CARTESIAN_POINT('',(-9.187874377,27.613687555,109.608959689));
#1963=CARTESIAN_POINT('',(-9.420162924,27.606380786,109.614811259));
#1964=CARTESIAN_POINT('',(-9.65245189,27.599074018,109.620662808));
#1965=CARTESIAN_POINT('',(-9.883615258,27.591529051,109.628370277));
#1966=CARTESIAN_POINT('',(-10.113563564,27.583751875,109.638222825));
#1967=CARTESIAN_POINT('',(-10.343512217,27.575974699,109.64807536));
#1968=CARTESIAN_POINT('',(-10.572223376,27.567965276,109.660073715));
#1969=CARTESIAN_POINT('',(-10.799596552,27.55972873,109.674510387));
#1970=CARTESIAN_POINT('',(-11.026967655,27.551492178,109.688947101));
#1971=CARTESIAN_POINT('',(-11.252977109,27.543028509,109.7058214));
#1972=CARTESIAN_POINT('',(-11.477513775,27.534341627,109.725433949));
#1973=CARTESIAN_POINT('',(-11.477554454,27.534340005,109.725437601));
#1974=CARTESIAN_POINT('',(-11.477595133,27.534338383,109.725441253));
#1975=CARTESIAN_POINT('',(-11.477635813,27.534336761,109.725444905));
#1976=CARTESIAN_POINT('',(-5.927611374,27.815739465,109.230125433));
#1977=CARTESIAN_POINT('',(-6.135890939,27.81324313,109.222652569));
#1978=CARTESIAN_POINT('',(-6.343764158,27.810625546,109.21543067));
#1979=CARTESIAN_POINT('',(-6.551194045,27.807890017,109.208641799));
#1980=CARTESIAN_POINT('',(-6.790724763,27.804731159,109.200802289));
#1981=CARTESIAN_POINT('',(-7.029666997,27.801415035,109.193540216));
#1982=CARTESIAN_POINT('',(-7.267965499,27.797946823,109.187144615));
#1983=CARTESIAN_POINT('',(-7.506264491,27.794478613,109.180748976));
#1984=CARTESIAN_POINT('',(-7.743918358,27.790858321,109.175220066));
#1985=CARTESIAN_POINT('',(-7.980871812,27.787091116,109.1708529));
#1986=CARTESIAN_POINT('',(-8.217825659,27.783323911,109.166485707));
#1987=CARTESIAN_POINT('',(-8.45407422,27.779409795,109.163280683));
#1988=CARTESIAN_POINT('',(-8.689560244,27.775353818,109.161537212));
#1989=CARTESIAN_POINT('',(-8.925046563,27.771297842,109.159793724));
#1990=CARTESIAN_POINT('',(-9.159762611,27.767100003,109.159512281));
#1991=CARTESIAN_POINT('',(-9.393647016,27.762765127,109.160996095));
#1992=CARTESIAN_POINT('',(-9.627531623,27.758430251,109.162479899));
#1993=CARTESIAN_POINT('',(-9.860574629,27.753958331,109.16572941));
#1994=CARTESIAN_POINT('',(-10.092708082,27.749353855,109.171052158));
#1995=CARTESIAN_POINT('',(-10.324841648,27.74474938,109.176374902));
#1996=CARTESIAN_POINT('',(-10.556054127,27.74001234,109.18377118));
#1997=CARTESIAN_POINT('',(-10.786268111,27.735146771,109.19355436));
#1998=CARTESIAN_POINT('',(-11.016480646,27.7302812,109.203337569));
#1999=CARTESIAN_POINT('',(-11.245683264,27.725287127,109.215506832));
#2000=CARTESIAN_POINT('',(-11.473789256,27.720167908,109.230386507));
#2001=CARTESIAN_POINT('',(-11.473830872,27.720166953,109.230389278));
#2002=CARTESIAN_POINT('',(-11.473872488,27.720165998,109.23039205));
#2003=CARTESIAN_POINT('',(-11.473914103,27.720165042,109.230394821));
#2004=CARTESIAN_POINT('',(-5.911075586,27.875946012,109.031034999));
#2005=CARTESIAN_POINT('',(-6.119136031,27.874289314,109.022200183));
#2006=CARTESIAN_POINT('',(-6.326849951,27.872553231,109.013557303));
#2007=CARTESIAN_POINT('',(-6.534187377,27.870740296,109.005292326));
#2008=CARTESIAN_POINT('',(-6.773611197,27.868646805,108.99574829));
#2009=CARTESIAN_POINT('',(-7.012536106,27.866450842,108.986708145));
#2010=CARTESIAN_POINT('',(-7.250917218,27.864156417,108.978467388));
#2011=CARTESIAN_POINT('',(-7.489298701,27.861861992,108.970226602));
#2012=CARTESIAN_POINT('',(-7.727136427,27.859469111,108.962785347));
#2013=CARTESIAN_POINT('',(-7.964385225,27.856981822,108.956445591));
#2014=CARTESIAN_POINT('',(-8.201634301,27.854494534,108.950105815));
#2015=CARTESIAN_POINT('',(-8.438291978,27.851912843,108.944867784));
#2016=CARTESIAN_POINT('',(-8.674311081,27.849240766,108.941038413));
#2017=CARTESIAN_POINT('',(-8.91033037,27.846568688,108.93720903));
#2018=CARTESIAN_POINT('',(-9.145706728,27.843806228,108.934788577));
#2019=CARTESIAN_POINT('',(-9.380389063,27.840957298,108.934088513));
#2020=CARTESIAN_POINT('',(-9.61507149,27.838108367,108.933388445));
#2021=CARTESIAN_POINT('',(-9.849054314,27.83517297,108.934408977));
#2022=CARTESIAN_POINT('',(-10.082280341,27.832154845,108.937466825));
#2023=CARTESIAN_POINT('',(-10.315506364,27.82913672,108.940524673));
#2024=CARTESIAN_POINT('',(-10.547969503,27.826035871,108.945619912));
#2025=CARTESIAN_POINT('',(-10.77960389,27.822855791,108.953076346));
#2026=CARTESIAN_POINT('',(-11.011237142,27.819675711,108.960532804));
#2027=CARTESIAN_POINT('',(-11.242036342,27.816416436,108.970349548));
#2028=CARTESIAN_POINT('',(-11.471926997,27.813081049,108.982862786));
#2029=CARTESIAN_POINT('',(-11.471969081,27.813080427,108.982865117));
#2030=CARTESIAN_POINT('',(-11.472011165,27.813079805,108.982867448));
#2031=CARTESIAN_POINT('',(-11.472053249,27.813079183,108.982869779));
#2032=CARTESIAN_POINT('',(-5.894010153,27.922087338,108.820789253));
#2033=CARTESIAN_POINT('',(-6.10185219,27.921061548,108.81047625));
#2034=CARTESIAN_POINT('',(-6.309410881,27.919987247,108.800290324));
#2035=CARTESIAN_POINT('',(-6.516664024,27.9188662,108.790421448));
#2036=CARTESIAN_POINT('',(-6.755990397,27.917571668,108.779025316));
#2037=CARTESIAN_POINT('',(-6.994912573,27.916214807,108.768051921));
#2038=CARTESIAN_POINT('',(-7.233397382,27.914798427,108.757803418));
#2039=CARTESIAN_POINT('',(-7.471882453,27.913382047,108.747554895));
#2040=CARTESIAN_POINT('',(-7.709931199,27.911906151,108.738031324));
#2041=CARTESIAN_POINT('',(-7.947510157,27.910373595,108.729541872));
#2042=CARTESIAN_POINT('',(-8.185089295,27.908841039,108.721052406));
#2043=CARTESIAN_POINT('',(-8.422198017,27.907251826,108.713597164));
#2044=CARTESIAN_POINT('',(-8.658801127,27.905608808,108.7074909));
#2045=CARTESIAN_POINT('',(-8.895404336,27.903965791,108.70138463));
#2046=CARTESIAN_POINT('',(-9.131500207,27.902268973,108.696627427));
#2047=CARTESIAN_POINT('',(-9.367050234,27.900521163,108.693539409));
#2048=CARTESIAN_POINT('',(-9.602600272,27.898773352,108.690451389));
#2049=CARTESIAN_POINT('',(-9.837602261,27.896974551,108.689032568));
#2050=CARTESIAN_POINT('',(-10.072012581,27.895127479,108.689609387));
#2051=CARTESIAN_POINT('',(-10.306422821,27.893280407,108.69018621));
#2052=CARTESIAN_POINT('',(-10.5402394,27.891385066,108.692758564));
#2053=CARTESIAN_POINT('',(-10.773411472,27.889444044,108.69766142));
#2054=CARTESIAN_POINT('',(-11.00658271,27.887503021,108.702564293));
#2055=CARTESIAN_POINT('',(-11.239108568,27.885516341,108.709796753));
#2056=CARTESIAN_POINT('',(-11.470931019,27.883486352,108.719707762));
#2057=CARTESIAN_POINT('',(-11.47097361,27.883485974,108.719709609));
#2058=CARTESIAN_POINT('',(-11.4710162,27.883485595,108.719711455));
#2059=CARTESIAN_POINT('',(-11.471058791,27.883485217,108.719713301));
#2060=CARTESIAN_POINT('',(-5.876375219,27.953111147,108.600276065));
#2061=CARTESIAN_POINT('',(-6.084001329,27.952499673,108.588455095));
#2062=CARTESIAN_POINT('',(-6.29141063,27.951859535,108.576696585));
#2063=CARTESIAN_POINT('',(-6.498589245,27.951191863,108.565195052));
#2064=CARTESIAN_POINT('',(-6.737829453,27.950420866,108.551913612));
#2065=CARTESIAN_POINT('',(-6.976764882,27.949613156,108.538974832));
#2066=CARTESIAN_POINT('',(-7.21537504,27.948770535,108.526688397));
#2067=CARTESIAN_POINT('',(-7.453985373,27.947927913,108.514401948));
#2068=CARTESIAN_POINT('',(-7.692271777,27.947050383,108.502767876));
#2069=CARTESIAN_POINT('',(-7.930213602,27.946139779,108.492103472));
#2070=CARTESIAN_POINT('',(-8.168155539,27.945229174,108.48143906));
#2071=CARTESIAN_POINT('',(-8.405753171,27.944285499,108.471744345));
#2072=CARTESIAN_POINT('',(-8.64298458,27.943310594,108.463342912));
#2073=CARTESIAN_POINT('',(-8.880216035,27.942335688,108.454941477));
#2074=CARTESIAN_POINT('',(-9.117080937,27.941329555,108.447833307));
#2075=CARTESIAN_POINT('',(-9.353554895,27.940294013,108.442348233));
#2076=CARTESIAN_POINT('',(-9.590028829,27.939258471,108.436863159));
#2077=CARTESIAN_POINT('',(-9.826111394,27.938193523,108.43300108));
#2078=CARTESIAN_POINT('',(-10.061774372,27.93710094,108.431099305));
#2079=CARTESIAN_POINT('',(-10.297437248,27.936008358,108.429197535));
#2080=CARTESIAN_POINT('',(-10.532680596,27.934888143,108.429255851));
#2081=CARTESIAN_POINT('',(-10.767470794,27.933741995,108.431621642));
#2082=CARTESIAN_POINT('',(-11.002260407,27.932595847,108.433987445));
#2083=CARTESIAN_POINT('',(-11.236598018,27.931423782,108.43865987));
#2084=CARTESIAN_POINT('',(-11.470444682,27.930227361,108.446001971));
#2085=CARTESIAN_POINT('',(-11.470487799,27.930227138,108.446003338));
#2086=CARTESIAN_POINT('',(-11.470530915,27.930226915,108.446004706));
#2087=CARTESIAN_POINT('',(-11.470574032,27.930226692,108.446006074));
#2088=CARTESIAN_POINT('',(-5.858740285,27.984134956,108.379762877));
#2089=CARTESIAN_POINT('',(-6.066150467,27.983937798,108.366433939));
#2090=CARTESIAN_POINT('',(-6.27341038,27.983731824,108.353102847));
#2091=CARTESIAN_POINT('',(-6.480514465,27.983517526,108.339968656));
#2092=CARTESIAN_POINT('',(-6.719668509,27.983270064,108.324801909));
#2093=CARTESIAN_POINT('',(-6.958617191,27.983011505,108.309897743));
#2094=CARTESIAN_POINT('',(-7.197352698,27.982742643,108.295573375));
#2095=CARTESIAN_POINT('',(-7.436088294,27.98247378,108.281249001));
#2096=CARTESIAN_POINT('',(-7.674612355,27.982194614,108.267504428));
#2097=CARTESIAN_POINT('',(-7.912917047,27.981905962,108.254665072));
#2098=CARTESIAN_POINT('',(-8.151221783,27.98161731,108.241825713));
#2099=CARTESIAN_POINT('',(-8.389308324,27.981319172,108.229891527));
#2100=CARTESIAN_POINT('',(-8.627168032,27.981012379,108.219194925));
#2101=CARTESIAN_POINT('',(-8.865027734,27.980705585,108.208498323));
#2102=CARTESIAN_POINT('',(-9.102661667,27.980390136,108.199039187));
#2103=CARTESIAN_POINT('',(-9.340059556,27.980066863,108.191157057));
#2104=CARTESIAN_POINT('',(-9.577457386,27.97974359,108.183274929));
#2105=CARTESIAN_POINT('',(-9.814620526,27.979412494,108.176969591));
#2106=CARTESIAN_POINT('',(-10.051536162,27.979074401,108.172589223));
#2107=CARTESIAN_POINT('',(-10.288451676,27.978736309,108.168208859));
#2108=CARTESIAN_POINT('',(-10.525121791,27.97839122,108.165753137));
#2109=CARTESIAN_POINT('',(-10.761530115,27.978039947,108.165581864));
#2110=CARTESIAN_POINT('',(-10.997938104,27.977688674,108.165410597));
#2111=CARTESIAN_POINT('',(-11.234087467,27.977331223,108.167522988));
#2112=CARTESIAN_POINT('',(-11.469958346,27.97696837,108.172296179));
#2113=CARTESIAN_POINT('',(-11.470001988,27.976968303,108.172297068));
#2114=CARTESIAN_POINT('',(-11.47004563,27.976968235,108.172297957));
#2115=CARTESIAN_POINT('',(-11.470089272,27.976968168,108.172298847));
#2116=CARTESIAN_POINT('',(-5.840531588,28.,108.149003151));
#2117=CARTESIAN_POINT('',(-6.047728094,28.,108.134137797));
#2118=CARTESIAN_POINT('',(-6.254844216,28.,108.119206046));
#2119=CARTESIAN_POINT('',(-6.461883262,28.,108.10441204));
#2120=CARTESIAN_POINT('',(-6.700962121,28.,108.087328625));
#2121=CARTESIAN_POINT('',(-6.939939715,28.,108.070428979));
#2122=CARTESIAN_POINT('',(-7.178821857,28.,108.054038755));
#2123=CARTESIAN_POINT('',(-7.417704028,28.,108.037648529));
#2124=CARTESIAN_POINT('',(-7.656491982,28.,108.021767749));
#2125=CARTESIAN_POINT('',(-7.895191799,28.,108.006730916));
#2126=CARTESIAN_POINT('',(-8.133891619,28.,107.991694083));
#2127=CARTESIAN_POINT('',(-8.372504434,28.,107.977501143));
#2128=CARTESIAN_POINT('',(-8.61103616,28.,107.964494351));
#2129=CARTESIAN_POINT('',(-8.849567863,28.,107.951487561));
#2130=CARTESIAN_POINT('',(-9.088019704,28.,107.939666773));
#2131=CARTESIAN_POINT('',(-9.326397027,28.,107.929382323));
#2132=CARTESIAN_POINT('',(-9.564774297,28.,107.919097876));
#2133=CARTESIAN_POINT('',(-9.803078593,28.,107.910349516));
#2134=CARTESIAN_POINT('',(-10.041314288,28.,107.903497458));
#2135=CARTESIAN_POINT('',(-10.279549895,28.,107.896645403));
#2136=CARTESIAN_POINT('',(-10.517719018,28.,107.891689286));
#2137=CARTESIAN_POINT('',(-10.755824642,28.,107.889002606));
#2138=CARTESIAN_POINT('',(-10.993930133,28.,107.886315928));
#2139=CARTESIAN_POINT('',(-11.231974916,28.,107.885898026));
#2140=CARTESIAN_POINT('',(-11.469960767,28.,107.888141477));
#2141=CARTESIAN_POINT('',(-11.470004953,28.,107.888141895));
#2142=CARTESIAN_POINT('',(-11.47004914,28.,107.888142313));
#2143=CARTESIAN_POINT('',(-11.470093327,28.,107.888142731));
#2144=CARTESIAN_POINT('',(-5.821687501,28.,107.910118107));
#2145=CARTESIAN_POINT('',(-6.028672937,28.,107.89379014));
#2146=CARTESIAN_POINT('',(-6.235651041,28.,107.877338026));
#2147=CARTESIAN_POINT('',(-6.442634211,28.,107.860971679));
#2148=CARTESIAN_POINT('',(-6.681648495,28.,107.842072602));
#2149=CARTESIAN_POINT('',(-6.920669546,28.,107.823288097));
#2150=CARTESIAN_POINT('',(-7.159717156,28.,107.804953293));
#2151=CARTESIAN_POINT('',(-7.398764765,28.,107.786618489));
#2152=CARTESIAN_POINT('',(-7.63783894,28.,107.768733499));
#2153=CARTESIAN_POINT('',(-7.876960032,28.,107.751642926));
#2154=CARTESIAN_POINT('',(-8.116081124,28.,107.734552353));
#2155=CARTESIAN_POINT('',(-8.355249134,28.,107.718256213));
#2156=CARTESIAN_POINT('',(-8.594484914,28.,107.703107588));
#2157=CARTESIAN_POINT('',(-8.833720695,28.,107.687958962));
#2158=CARTESIAN_POINT('',(-9.073024241,28.,107.673957766));
#2159=CARTESIAN_POINT('',(-9.312416935,28.,107.661466058));
#2160=CARTESIAN_POINT('',(-9.551809629,28.,107.64897435));
#2161=CARTESIAN_POINT('',(-9.79129146,28.,107.637991935));
#2162=CARTESIAN_POINT('',(-10.030884463,28.,107.628891925));
#2163=CARTESIAN_POINT('',(-10.270477467,28.,107.619791916));
#2164=CARTESIAN_POINT('',(-10.510181623,28.,107.612573993));
#2165=CARTESIAN_POINT('',(-10.750019846,28.,107.607626131));
#2166=CARTESIAN_POINT('',(-10.989858069,28.,107.602678268));
#2167=CARTESIAN_POINT('',(-11.229830376,28.,107.6));
#2168=CARTESIAN_POINT('',(-11.469960767,28.,107.6));
#2169=CARTESIAN_POINT('',(-11.4700055,28.,107.6));
#2170=CARTESIAN_POINT('',(-11.470050232,28.,107.6));
#2171=CARTESIAN_POINT('',(-11.470094965,28.,107.6));
#2172=B_SPLINE_SURFACE_WITH_KNOTS('',3,3,((#1808,#1809,#1810,#1811,#1812,#1813,#1814,#1815,#1816,#1817,#1818,#1819,#1820,#1821,#1822,#1823,#1824,#1825,#1826,#1827,#1828,#1829,#1830,#1831,#1832,#1833,
#1834,#1835),(#1836,#1837,#1838,#1839,#1840,#1841,#1842,#1843,#1844,#1845,#1846,#1847,#1848,#1849,#1850,#1851,#1852,#1853,#1854,#1855,#1856,#1857,#1858,#1859,#1860,#1861,
#1862,#1863),(#1864,#1865,#1866,#1867,#1868,#1869,#1870,#1871,#1872,#1873,#1874,#1875,#1876,#1877,#1878,#1879,#1880,#1881,#1882,#1883,#1884,#1885,#1886,#1887,#1888,#1889,
#1890,#1891),(#1892,#1893,#1894,#1895,#1896,#1897,#1898,#1899,#1900,#1901,#1902,#1903,#1904,#1905,#1906,#1907,#1908,#1909,#1910,#1911,#1912,#1913,#1914,#1915,#1916,#1917,
#1918,#1919),(#1920,#1921,#1922,#1923,#1924,#1925,#1926,#1927,#1928,#1929,#1930,#1931,#1932,#1933,#1934,#1935,#1936,#1937,#1938,#1939,#1940,#1941,#1942,#1943,#1944,#1945,
#1946,#1947),(#1948,#1949,#1950,#1951,#1952,#1953,#1954,#1955,#1956,#1957,#1958,#1959,#1960,#1961,#1962,#1963,#1964,#1965,#1966,#1967,#1968,#1969,#1970,#1971,#1972,#1973,
#1974,#1975),(#1976,#1977,#1978,#1979,#1980,#1981,#1982,#1983,#1984,#1985,#1986,#1987,#1988,#1989,#1990,#1991,#1992,#1993,#1994,#1995,#1996,#1997,#1998,#1999,#2000,#2001,
#2002,#2003),(#2004,#2005,#2006,#2007,#2008,#2009,#2010,#2011,#2012,#2013,#2014,#2015,#2016,#2017,#2018,#2019,#2020,#2021,#2022,#2023,#2024,#2025,#2026,#2027,#2028,#2029,
#2030,#2031),(#2032,#2033,#2034,#2035,#2036,#2037,#2038,#2039,#2040,#2041,#2042,#2043,#2044,#2045,#2046,#2047,#2048,#2049,#2050,#2051,#2052,#2053,#2054,#2055,#2056,#2057,
#2058,#2059),(#2060,#2061,#2062,#2063,#2064,#2065,#2066,#2067,#2068,#2069,#2070,#2071,#2072,#2073,#2074,#2075,#2076,#2077,#2078,#2079,#2080,#2081,#2082,#2083,#2084,#2085,
#2086,#2087),(#2088,#2089,#2090,#2091,#2092,#2093,#2094,#2095,#2096,#2097,#2098,#2099,#2100,#2101,#2102,#2103,#2104,#2105,#2106,#2107,#2108,#2109,#2110,#2111,#2112,#2113,
#2114,#2115),(#2116,#2117,#2118,#2119,#2120,#2121,#2122,#2123,#2124,#2125,#2126,#2127,#2128,#2129,#2130,#2131,#2132,#2133,#2134,#2135,#2136,#2137,#2138,#2139,#2140,#2141,
#2142,#2143),(#2144,#2145,#2146,#2147,#2148,#2149,#2150,#2151,#2152,#2153,#2154,#2155,#2156,#2157,#2158,#2159,#2160,#2161,#2162,#2163,#2164,#2165,#2166,#2167,#2168,#2169,
#2170,#2171)),.UNSPECIFIED.,.F.,.F.,.U.,(4,3,3,3,4),(4,3,3,3,3,3,3,3,3,4),(0.349157481,0.5,0.75,0.875,1.),(-0.032785233,-0.032161187,-0.031440568,-0.030719949,-0.029999329,-0.02927871,-0.028558091,-0.027837472,-0.027116853,-0.027116719),.UNSPECIFIED.);
#2173=ORIENTED_EDGE('',*,*,#1789,.T.);
#2174=CARTESIAN_POINT('',(-11.48805705,26.191306672,111.056047471));
#2175=VERTEX_POINT('',#2174);
#2176=CARTESIAN_POINT('',(-11.48805705,26.191306672,111.056047471));
#2177=CARTESIAN_POINT('',(-10.96607257,26.420260026,110.913121457));
#2178=CARTESIAN_POINT('',(-10.439195114,26.632679598,110.761989479));
#2179=CARTESIAN_POINT('',(-9.911544819,26.827621574,110.596212373));
#2180=CARTESIAN_POINT('',(-9.383894525,27.022563549,110.430435266));
#2181=CARTESIAN_POINT('',(-8.854756095,27.200271816,110.250760459));
#2182=CARTESIAN_POINT('',(-8.329483843,27.360184555,110.04055223));
#2183=CARTESIAN_POINT('',(-8.066847717,27.440140925,109.935448115));
#2184=CARTESIAN_POINT('',(-7.805756942,27.515463982,109.82274452));
#2185=CARTESIAN_POINT('',(-7.549475299,27.585601728,109.698015121));
#2186=CARTESIAN_POINT('',(-7.293193656,27.655739475,109.573285721));
#2187=CARTESIAN_POINT('',(-7.039871586,27.721134079,109.436162104));
#2188=CARTESIAN_POINT('',(-6.799870304,27.779880558,109.277514423));
#2189=CARTESIAN_POINT('',(-6.679869664,27.809253798,109.198190582));
#2190=CARTESIAN_POINT('',(-6.563442455,27.836920682,109.113528592));
#2191=CARTESIAN_POINT('',(-6.45270311,27.86256669,109.020592531));
#2192=CARTESIAN_POINT('',(-6.341963765,27.888212699,108.927656471));
#2193=CARTESIAN_POINT('',(-6.236191825,27.911984702,108.825678294));
#2194=CARTESIAN_POINT('',(-6.143659988,27.932336851,108.713457191));
#2195=CARTESIAN_POINT('',(-6.09739407,27.942512925,108.657346639));
#2196=CARTESIAN_POINT('',(-6.054321348,27.951865318,108.598545505));
#2197=CARTESIAN_POINT('',(-6.01544117,27.960230105,108.536228198));
#2198=CARTESIAN_POINT('',(-5.976560993,27.968594892,108.473910892));
#2199=CARTESIAN_POINT('',(-5.942249912,27.975891092,108.408462005));
#2200=CARTESIAN_POINT('',(-5.914283046,27.98180223,108.340939015));
#2201=CARTESIAN_POINT('',(-5.858349313,27.993624507,108.205893035));
#2202=CARTESIAN_POINT('',(-5.827521679,27.999999841,108.058461258));
#2203=CARTESIAN_POINT('',(-5.827520914,28.,107.909663774));
#2204=B_SPLINE_CURVE_WITH_KNOTS('',3,(#2176,#2177,#2178,#2179,#2180,#2181,#2182,#2183,#2184,#2185,#2186,#2187,#2188,#2189,#2190,#2191,#2192,#2193,#2194,#2195,#2196,#2197,#2198,#2199,#2200,#2201,
#2202,#2203),.UNSPECIFIED.,.F.,.F.,(4,3,3,3,3,3,3,3,3,4),(0.000021302,0.001784077,0.003546852,0.004428239,0.005309626,0.00575032,0.006191014,0.006411361,0.006631708,0.007072401),.UNSPECIFIED.);
#2205=EDGE_CURVE('',#2175,#1772,#2204,.T.);
#2206=ORIENTED_EDGE('',*,*,#2205,.F.);
#2207=CARTESIAN_POINT('',(-11.469960767,28.,107.6));
#2208=CARTESIAN_POINT('',(-11.470108423,28.,107.945671494));
#2209=CARTESIAN_POINT('',(-11.47024956,27.969191896,108.276079882));
#2210=CARTESIAN_POINT('',(-11.470394142,27.898186015,108.614553269));
#2211=CARTESIAN_POINT('',(-11.470466432,27.862683074,108.783789963));
#2212=CARTESIAN_POINT('',(-11.470941367,27.818232062,108.947637805));
#2213=CARTESIAN_POINT('',(-11.471446524,27.763623784,109.108674444));
#2214=CARTESIAN_POINT('',(-11.471951681,27.709015506,109.269711084));
#2215=CARTESIAN_POINT('',(-11.472622566,27.644461124,109.42698359));
#2216=CARTESIAN_POINT('',(-11.473510091,27.568924334,109.580099641));
#2217=CARTESIAN_POINT('',(-11.474397616,27.493387543,109.733215691));
#2218=CARTESIAN_POINT('',(-11.475490557,27.406137747,109.882958692));
#2219=CARTESIAN_POINT('',(-11.476735362,27.309774887,110.023466499));
#2220=CARTESIAN_POINT('',(-11.477980168,27.213412027,110.163974305));
#2221=CARTESIAN_POINT('',(-11.479368268,27.107554854,110.296331769));
#2222=CARTESIAN_POINT('',(-11.480788507,26.992060773,110.420417651));
#2223=CARTESIAN_POINT('',(-11.483628984,26.761072612,110.668589415));
#2224=CARTESIAN_POINT('',(-11.486587711,26.487677356,110.884896547));
#2225=CARTESIAN_POINT('',(-11.48805705,26.191306673,111.056047471));
#2226=B_SPLINE_CURVE_WITH_KNOTS('',3,(#2207,#2208,#2209,#2210,#2211,#2212,#2213,#2214,#2215,#2216,#2217,#2218,#2219,#2220,#2221,#2222,#2223,#2224,#2225),.UNSPECIFIED.,.F.,.F.,(4,3,3,3,3,3,4),(-0.001029248,-0.0000096,0.000500225,0.001010049,0.001519874,0.002029698,0.003049347),.UNSPECIFIED.);
#2227=EDGE_CURVE('',#1780,#2175,#2226,.T.);
#2228=ORIENTED_EDGE('',*,*,#2227,.F.);
#2229=EDGE_LOOP('',(#2173,#2206,#2228));
#2230=FACE_BOUND('',#2229,.T.);
#2231=ADVANCED_FACE('',(#2230),#2172,.F.);
#2232=CARTESIAN_POINT('',(0.,0.,120.6));
#2233=DIRECTION('',(0.,0.,-1.));
#2234=DIRECTION('',(-1.,0.,0.));
#2235=AXIS2_PLACEMENT_3D('',#2232,#2233,#2234);
#2236=CYLINDRICAL_SURFACE('',#2235,28.6);
#2237=CARTESIAN_POINT('',(-28.6,0.,107.4));
#2238=VERTEX_POINT('',#2237);
#2239=CARTESIAN_POINT('',(-28.6,0.,111.103284089));
#2240=VERTEX_POINT('',#2239);
#2241=CARTESIAN_POINT('',(-28.6,0.,107.4));
#2242=DIRECTION('',(-0.,-0.,1.));
#2243=VECTOR('',#2242,3.703284089);
#2244=LINE('',#2241,#2243);
#2245=EDGE_CURVE('',#2238,#2240,#2244,.T.);
#2246=ORIENTED_EDGE('',*,*,#2245,.T.);
#2247=CARTESIAN_POINT('',(-28.506873031,2.307026737,111.155583865));
#2248=VERTEX_POINT('',#2247);
#2249=CARTESIAN_POINT('',(-28.506439282,-2.311475598,111.15581464));
#2250=CARTESIAN_POINT('',(-28.568698494,-1.543659387,111.121420145));
#2251=CARTESIAN_POINT('',(-28.599935246,-0.77324782,111.103320801));
#2252=CARTESIAN_POINT('',(-28.599999899,-0.00239875,111.103284145));
#2253=CARTESIAN_POINT('',(-28.600064553,0.768450319,111.103247489));
#2254=CARTESIAN_POINT('',(-28.56893958,1.539192309,111.12128373));
#2255=CARTESIAN_POINT('',(-28.506800089,2.307021602,111.155615303));
#2256=B_SPLINE_CURVE_WITH_KNOTS('',3,(#2249,#2250,#2251,#2252,#2253,#2254,#2255),.UNSPECIFIED.,.F.,.F.,(4,3,4),(0.,0.002311743,0.004623487),.UNSPECIFIED.);
#2257=EDGE_CURVE('',#2240,#2248,#2256,.T.);
#2258=ORIENTED_EDGE('',*,*,#2257,.T.);
#2259=CARTESIAN_POINT('',(-28.081076724,5.423387318,111.338304077));
#2260=VERTEX_POINT('',#2259);
#2261=CARTESIAN_POINT('',(-28.506800019,2.307022465,111.155618853));
#2262=CARTESIAN_POINT('',(-28.422474667,3.348991488,111.198063791));
#2263=CARTESIAN_POINT('',(-28.281110616,4.38765693,111.2662052));
#2264=CARTESIAN_POINT('',(-28.081076724,5.423387318,111.338304077));
#2265=B_SPLINE_CURVE_WITH_KNOTS('',3,(#2261,#2262,#2263,#2264),.UNSPECIFIED.,.F.,.F.,(4,4),(0.004970889,0.008107352),.UNSPECIFIED.);
#2266=EDGE_CURVE('',#2248,#2260,#2265,.T.);
#2267=ORIENTED_EDGE('',*,*,#2266,.T.);
#2268=CARTESIAN_POINT('',(-24.767973856,14.300610863,111.943145751));
#2269=VERTEX_POINT('',#2268);
#2270=CARTESIAN_POINT('',(-28.081076724,5.423387318,111.338304077));
#2271=CARTESIAN_POINT('',(-27.930079886,6.205214932,111.39272844));
#2272=CARTESIAN_POINT('',(-27.746775208,6.979323131,111.455333866));
#2273=CARTESIAN_POINT('',(-27.531036506,7.746097657,111.520481878));
#2274=CARTESIAN_POINT('',(-27.423167155,8.129484919,111.553055884));
#2275=CARTESIAN_POINT('',(-27.306966048,8.511661666,111.586292505));
#2276=CARTESIAN_POINT('',(-27.183100217,8.890391587,111.619109253));
#2277=CARTESIAN_POINT('',(-27.059234386,9.269121509,111.651926001));
#2278=CARTESIAN_POINT('',(-26.927834856,9.644111122,111.68429441));
#2279=CARTESIAN_POINT('',(-26.789003063,10.015453803,111.715231993));
#2280=CARTESIAN_POINT('',(-26.511339477,10.758139166,111.777107159));
#2281=CARTESIAN_POINT('',(-26.203993576,11.486254247,111.833394134));
#2282=CARTESIAN_POINT('',(-25.867203492,12.200318992,111.87487538));
#2283=CARTESIAN_POINT('',(-25.530413408,12.914383736,111.916356627));
#2284=CARTESIAN_POINT('',(-25.164183205,13.614395226,111.943145831));
#2285=CARTESIAN_POINT('',(-24.767973856,14.300610863,111.94314575));
#2286=B_SPLINE_CURVE_WITH_KNOTS('',3,(#2270,#2271,#2272,#2273,#2274,#2275,#2276,#2277,#2278,#2279,#2280,#2281,#2282,#2283,#2284,#2285),.UNSPECIFIED.,.F.,.F.,(4,3,3,3,3,4),(0.010786942,0.013155761,0.01434017,0.01552458,0.017893399,0.020262218),.UNSPECIFIED.);
#2287=EDGE_CURVE('',#2260,#2269,#2286,.T.);
#2288=ORIENTED_EDGE('',*,*,#2287,.T.);
#2289=CARTESIAN_POINT('',(-17.742421638,22.431372549,111.943145751));
#2290=VERTEX_POINT('',#2289);
#2291=CARTESIAN_POINT('',(0.,0.,111.943145751));
#2292=DIRECTION('',(-0.,-0.,-1.));
#2293=DIRECTION('',(1.,0.,-0.));
#2294=AXIS2_PLACEMENT_3D('',#2291,#2292,#2293);
#2295=CIRCLE('',#2294,28.6);
#2296=EDGE_CURVE('',#2269,#2290,#2295,.T.);
#2297=ORIENTED_EDGE('',*,*,#2296,.T.);
#2298=CARTESIAN_POINT('',(-12.556248656,25.696315294,111.294740839));
#2299=VERTEX_POINT('',#2298);
#2300=CARTESIAN_POINT('',(-17.742421638,22.431372549,111.94314575));
#2301=CARTESIAN_POINT('',(-16.933117532,23.071503448,111.943145787));
#2302=CARTESIAN_POINT('',(-16.095261328,23.663319253,111.867423184));
#2303=CARTESIAN_POINT('',(-15.22784216,24.208940975,111.749429154));
#2304=CARTESIAN_POINT('',(-14.794132577,24.481751836,111.690432139));
#2305=CARTESIAN_POINT('',(-14.35318935,24.742814806,111.620618967));
#2306=CARTESIAN_POINT('',(-13.906832464,24.991198667,111.543584077));
#2307=CARTESIAN_POINT('',(-13.460475578,25.239582529,111.466549187));
#2308=CARTESIAN_POINT('',(-13.010263754,25.474465336,111.382584128));
#2309=CARTESIAN_POINT('',(-12.556248656,25.696315294,111.294740839));
#2310=B_SPLINE_CURVE_WITH_KNOTS('',3,(#2300,#2301,#2302,#2303,#2304,#2305,#2306,#2307,#2308,#2309),.UNSPECIFIED.,.F.,.F.,(4,3,3,4),(0.007959801,0.011018557,0.012547936,0.014077314),.UNSPECIFIED.);
#2311=EDGE_CURVE('',#2290,#2299,#2310,.T.);
#2312=ORIENTED_EDGE('',*,*,#2311,.T.);
#2313=CARTESIAN_POINT('',(-12.556248656,25.696315294,111.294740839));
#2314=CARTESIAN_POINT('',(-12.199903971,25.870439577,111.225794918));
#2315=CARTESIAN_POINT('',(-11.843802658,26.035269421,111.146157409));
#2316=CARTESIAN_POINT('',(-11.48805705,26.191306672,111.056047471));
#2317=B_SPLINE_CURVE_WITH_KNOTS('',3,(#2313,#2314,#2315,#2316),.UNSPECIFIED.,.F.,.F.,(4,4),(0.00601584,0.007208065),.UNSPECIFIED.);
#2318=EDGE_CURVE('',#2299,#2175,#2317,.T.);
#2319=ORIENTED_EDGE('',*,*,#2318,.T.);
#2320=ORIENTED_EDGE('',*,*,#2205,.T.);
#2321=ORIENTED_EDGE('',*,*,#1777,.T.);
#2322=CARTESIAN_POINT('',(0.,0.,107.4));
#2323=DIRECTION('',(0.,0.,1.));
#2324=DIRECTION('',(1.,0.,-0.));
#2325=AXIS2_PLACEMENT_3D('',#2322,#2323,#2324);
#2326=CIRCLE('',#2325,28.6);
#2327=EDGE_CURVE('',#1764,#2238,#2326,.T.);
#2328=ORIENTED_EDGE('',*,*,#2327,.T.);
#2329=EDGE_LOOP('',(#2246,#2258,#2267,#2288,#2297,#2312,#2319,#2320,#2321,#2328));
#2330=FACE_BOUND('',#2329,.T.);
#2331=ADVANCED_FACE('',(#2330),#2236,.T.);
#2332=CARTESIAN_POINT('',(11.469960767,28.,107.6));
#2333=CARTESIAN_POINT('',(13.973307178,28.,107.6));
#2334=CARTESIAN_POINT('',(16.476653589,28.,107.6));
#2335=CARTESIAN_POINT('',(18.98,28.,107.6));
#2336=CARTESIAN_POINT('',(11.469960767,28.,107.888141477));
#2337=CARTESIAN_POINT('',(13.973307178,28.,107.888141477));
#2338=CARTESIAN_POINT('',(16.476653589,28.,107.888141477));
#2339=CARTESIAN_POINT('',(18.98,28.,107.888141477));
#2340=CARTESIAN_POINT('',(11.469960767,27.976968428,108.172296192));
#2341=CARTESIAN_POINT('',(13.973307178,27.976968428,108.172296192));
#2342=CARTESIAN_POINT('',(16.476653589,27.976968428,108.172296192));
#2343=CARTESIAN_POINT('',(18.98,27.976968428,108.172296192));
#2344=CARTESIAN_POINT('',(11.469960767,27.930227304,108.446001961));
#2345=CARTESIAN_POINT('',(13.973307178,27.930227304,108.446001961));
#2346=CARTESIAN_POINT('',(16.476653589,27.930227304,108.446001961));
#2347=CARTESIAN_POINT('',(18.98,27.930227304,108.446001961));
#2348=CARTESIAN_POINT('',(11.469960767,27.883486179,108.719707729));
#2349=CARTESIAN_POINT('',(13.973307178,27.883486179,108.719707729));
#2350=CARTESIAN_POINT('',(16.476653589,27.883486179,108.719707729));
#2351=CARTESIAN_POINT('',(18.98,27.883486179,108.719707729));
#2352=CARTESIAN_POINT('',(11.469960767,27.81308087,108.982862979));
#2353=CARTESIAN_POINT('',(13.973307178,27.81308087,108.982862979));
#2354=CARTESIAN_POINT('',(16.476653589,27.81308087,108.982862979));
#2355=CARTESIAN_POINT('',(18.98,27.81308087,108.982862979));
#2356=CARTESIAN_POINT('',(11.469960767,27.720164477,109.230385219));
#2357=CARTESIAN_POINT('',(13.973307178,27.720164477,109.230385219));
#2358=CARTESIAN_POINT('',(16.476653589,27.720164477,109.230385219));
#2359=CARTESIAN_POINT('',(18.98,27.720164477,109.230385219));
#2360=CARTESIAN_POINT('',(11.469960767,27.534331693,109.725429699));
#2361=CARTESIAN_POINT('',(13.973307178,27.534331693,109.725429699));
#2362=CARTESIAN_POINT('',(16.476653589,27.534331693,109.725429699));
#2363=CARTESIAN_POINT('',(18.98,27.534331693,109.725429699));
#2364=CARTESIAN_POINT('',(11.469960767,27.259383155,110.156172619));
#2365=CARTESIAN_POINT('',(13.973307178,27.259383155,110.156172619));
#2366=CARTESIAN_POINT('',(16.476653589,27.259383155,110.156172619));
#2367=CARTESIAN_POINT('',(18.98,27.259383155,110.156172619));
#2368=CARTESIAN_POINT('',(11.469960767,26.907777887,110.507777887));
#2369=CARTESIAN_POINT('',(13.973307178,26.907777887,110.507777887));
#2370=CARTESIAN_POINT('',(16.476653589,26.907777887,110.507777887));
#2371=CARTESIAN_POINT('',(18.98,26.907777887,110.507777887));
#2372=CARTESIAN_POINT('',(11.469960767,26.556172619,110.859383155));
#2373=CARTESIAN_POINT('',(13.973307178,26.556172619,110.859383155));
#2374=CARTESIAN_POINT('',(16.476653589,26.556172619,110.859383155));
#2375=CARTESIAN_POINT('',(18.98,26.556172619,110.859383155));
#2376=CARTESIAN_POINT('',(11.469960767,26.125429699,111.134331693));
#2377=CARTESIAN_POINT('',(13.973307178,26.125429699,111.134331693));
#2378=CARTESIAN_POINT('',(16.476653589,26.125429699,111.134331693));
#2379=CARTESIAN_POINT('',(18.98,26.125429699,111.134331693));
#2380=CARTESIAN_POINT('',(11.469960767,25.630385219,111.320164477));
#2381=CARTESIAN_POINT('',(13.973307178,25.630385219,111.320164477));
#2382=CARTESIAN_POINT('',(16.476653589,25.630385219,111.320164477));
#2383=CARTESIAN_POINT('',(18.98,25.630385219,111.320164477));
#2384=CARTESIAN_POINT('',(11.469960767,25.382862979,111.41308087));
#2385=CARTESIAN_POINT('',(13.973307178,25.382862979,111.41308087));
#2386=CARTESIAN_POINT('',(16.476653589,25.382862979,111.41308087));
#2387=CARTESIAN_POINT('',(18.98,25.382862979,111.41308087));
#2388=CARTESIAN_POINT('',(11.469960767,25.119707729,111.483486179));
#2389=CARTESIAN_POINT('',(13.973307178,25.119707729,111.483486179));
#2390=CARTESIAN_POINT('',(16.476653589,25.119707729,111.483486179));
#2391=CARTESIAN_POINT('',(18.98,25.119707729,111.483486179));
#2392=CARTESIAN_POINT('',(11.469960767,24.846001961,111.530227304));
#2393=CARTESIAN_POINT('',(13.973307178,24.846001961,111.530227304));
#2394=CARTESIAN_POINT('',(16.476653589,24.846001961,111.530227304));
#2395=CARTESIAN_POINT('',(18.98,24.846001961,111.530227304));
#2396=CARTESIAN_POINT('',(11.469960767,24.573046982,111.576840215));
#2397=CARTESIAN_POINT('',(13.973307178,24.573046982,111.576840215));
#2398=CARTESIAN_POINT('',(16.476653589,24.573046982,111.576840215));
#2399=CARTESIAN_POINT('',(18.98,24.573046982,111.576840215));
#2400=CARTESIAN_POINT('',(11.469960767,24.289700301,111.599873468));
#2401=CARTESIAN_POINT('',(13.973307178,24.289700301,111.599873468));
#2402=CARTESIAN_POINT('',(16.476653589,24.289700301,111.599873468));
#2403=CARTESIAN_POINT('',(18.98,24.289700301,111.599873468));
#2404=CARTESIAN_POINT('',(11.469960767,24.002371071,111.59999948));
#2405=CARTESIAN_POINT('',(13.973307178,24.002371071,111.59999948));
#2406=CARTESIAN_POINT('',(16.476653589,24.002371071,111.59999948));
#2407=CARTESIAN_POINT('',(18.98,24.002371071,111.59999948));
#2408=B_SPLINE_SURFACE_WITH_KNOTS('',3,3,((#2332,#2333,#2334,#2335),(#2336,#2337,#2338,#2339),(#2340,#2341,#2342,#2343),(#2344,#2345,#2346,#2347),(#2348,#2349,#2350,#2351),(#2352,#2353,#2354,#2355),(#2356,#2357,#2358,#2359),(#2360,#2361,#2362,#2363),(#2364,#2365,#2366,#2367),(#2368,#2369,#2370,#2371),(#2372,#2373,#2374,#2375),(#2376,#2377,#2378,#2379),(#2380,#2381,#2382,#2383),(#2384,#2385,#2386,#2387),(#2388,#2389,#2390,#2391),(#2392,#2393,#2394,#2395),(#2396,#2397,#2398,#2399),(#2400,#2401,#2402,#2403),(#2404,#2405,#2406,#2407)),.UNSPECIFIED.,.F.,.F.,.U.,(4,3,3,3,3,3,4),(4,4),(0.,0.125,0.25,0.5,0.75,0.875,0.999657118),(0.011469961,0.01898),.UNSPECIFIED.);
#2409=CARTESIAN_POINT('',(11.488056859,26.191306756,111.056047423));
#2410=VERTEX_POINT('',#2409);
#2411=CARTESIAN_POINT('',(12.556248656,25.696315294,111.294740839));
#2412=VERTEX_POINT('',#2411);
#2413=CARTESIAN_POINT('',(11.488056859,26.191306756,111.056047423));
#2414=CARTESIAN_POINT('',(11.844794324,26.034834231,111.146408669));
#2415=CARTESIAN_POINT('',(12.201586341,25.869617504,111.226120425));
#2416=CARTESIAN_POINT('',(12.556248656,25.696315294,111.294740839));
#2417=B_SPLINE_CURVE_WITH_KNOTS('',3,(#2413,#2414,#2415,#2416),.UNSPECIFIED.,.F.,.F.,(4,4),(0.004470592,0.005659883),.UNSPECIFIED.);
#2418=EDGE_CURVE('',#2410,#2412,#2417,.T.);
#2419=ORIENTED_EDGE('',*,*,#2418,.F.);
#2420=CARTESIAN_POINT('',(11.469960767,28.,107.6));
#2421=CARTESIAN_POINT('',(11.47010842,28.,107.945671595));
#2422=CARTESIAN_POINT('',(11.470249552,27.969191804,108.276079672));
#2423=CARTESIAN_POINT('',(11.47039413,27.898186032,108.614553171));
#2424=CARTESIAN_POINT('',(11.470466419,27.862683146,108.78378992));
#2425=CARTESIAN_POINT('',(11.470941328,27.818232084,108.947637727));
#2426=CARTESIAN_POINT('',(11.471446471,27.763623813,109.108674359));
#2427=CARTESIAN_POINT('',(11.471951614,27.709015542,109.269710991));
#2428=CARTESIAN_POINT('',(11.472622482,27.644461171,109.426983478));
#2429=CARTESIAN_POINT('',(11.473509993,27.568924404,109.580099498));
#2430=CARTESIAN_POINT('',(11.474397503,27.493387637,109.733215518));
#2431=CARTESIAN_POINT('',(11.475490428,27.406137829,109.882958564));
#2432=CARTESIAN_POINT('',(11.47673522,27.309774943,110.023466416));
#2433=CARTESIAN_POINT('',(11.477980012,27.213412058,110.163974269));
#2434=CARTESIAN_POINT('',(11.4793681,27.107554883,110.296331731));
#2435=CARTESIAN_POINT('',(11.480788328,26.992060843,110.420417576));
#2436=CARTESIAN_POINT('',(11.483628786,26.761072763,110.668589268));
#2437=CARTESIAN_POINT('',(11.486587509,26.487677552,110.884896424));
#2438=CARTESIAN_POINT('',(11.488056859,26.191306756,111.056047423));
#2439=B_SPLINE_CURVE_WITH_KNOTS('',3,(#2420,#2421,#2422,#2423,#2424,#2425,#2426,#2427,#2428,#2429,#2430,#2431,#2432,#2433,#2434,#2435,#2436,#2437,#2438),.UNSPECIFIED.,.F.,.F.,(4,3,3,3,3,3,4),(-0.001029248,-0.0000096,0.000500225,0.001010049,0.001519873,0.002029698,0.003049346),.UNSPECIFIED.);
#2440=EDGE_CURVE('',#1736,#2410,#2439,.T.);
#2441=ORIENTED_EDGE('',*,*,#2440,.F.);
#2442=ORIENTED_EDGE('',*,*,#1741,.T.);
#2443=CARTESIAN_POINT('',(18.981575169,24.,111.6));
#2444=VERTEX_POINT('',#2443);
#2445=CARTESIAN_POINT('',(18.98,24.,111.6));
#2446=CARTESIAN_POINT('',(18.98,24.266531048,111.6));
#2447=CARTESIAN_POINT('',(18.98,24.530803587,111.580605065));
#2448=CARTESIAN_POINT('',(18.98,24.792494927,111.539044099));
#2449=CARTESIAN_POINT('',(18.98,24.923340596,111.518263616));
#2450=CARTESIAN_POINT('',(18.98,25.053537542,111.491912219));
#2451=CARTESIAN_POINT('',(18.98,25.183017151,111.459400693));
#2452=CARTESIAN_POINT('',(18.98,25.31249676,111.426889166));
#2453=CARTESIAN_POINT('',(18.98,25.441018772,111.388184659));
#2454=CARTESIAN_POINT('',(18.98,25.565882845,111.343745954));
#2455=CARTESIAN_POINT('',(18.98,25.815610991,111.254868543));
#2456=CARTESIAN_POINT('',(18.98,26.0535938,111.142560917));
#2457=CARTESIAN_POINT('',(18.98,26.278449316,111.004066278));
#2458=CARTESIAN_POINT('',(18.98,26.390877074,110.934818958));
#2459=CARTESIAN_POINT('',(18.98,26.500005884,110.858990722));
#2460=CARTESIAN_POINT('',(18.98,26.605537194,110.775986006));
#2461=CARTESIAN_POINT('',(18.98,26.711068503,110.692981289));
#2462=CARTESIAN_POINT('',(18.98,26.812060938,110.603384984));
#2463=CARTESIAN_POINT('',(18.98,26.906392979,110.509161994));
#2464=CARTESIAN_POINT('',(18.98,27.095057063,110.320716015));
#2465=CARTESIAN_POINT('',(18.98,27.258843636,110.112842132));
#2466=CARTESIAN_POINT('',(18.98,27.399056543,109.886558573));
#2467=CARTESIAN_POINT('',(18.98,27.469162996,109.773416793));
#2468=CARTESIAN_POINT('',(18.98,27.533621547,109.654971075));
#2469=CARTESIAN_POINT('',(18.98,27.591048084,109.534476351));
#2470=CARTESIAN_POINT('',(18.98,27.648474621,109.413981626));
#2471=CARTESIAN_POINT('',(18.98,27.699166502,109.291121211));
#2472=CARTESIAN_POINT('',(18.98,27.743672925,109.166088023));
#2473=CARTESIAN_POINT('',(18.98,27.788179349,109.041054836));
#2474=CARTESIAN_POINT('',(18.98,27.826497836,108.913848004));
#2475=CARTESIAN_POINT('',(18.98,27.859003141,108.78459917));
#2476=CARTESIAN_POINT('',(18.98,27.891508445,108.655350335));
#2477=CARTESIAN_POINT('',(18.98,27.918256713,108.523507149));
#2478=CARTESIAN_POINT('',(18.98,27.939150305,108.391825884));
#2479=CARTESIAN_POINT('',(18.98,27.980937489,108.128463353));
#2480=CARTESIAN_POINT('',(18.98,27.999999989,107.864488604));
#2481=CARTESIAN_POINT('',(18.98,28.,107.6000003));
#2482=B_SPLINE_CURVE_WITH_KNOTS('',3,(#2445,#2446,#2447,#2448,#2449,#2450,#2451,#2452,#2453,#2454,#2455,#2456,#2457,#2458,#2459,#2460,#2461,#2462,#2463,#2464,#2465,#2466,#2467,#2468,#2469,#2470,
#2471,#2472,#2473,#2474,#2475,#2476,#2477,#2478,#2479,#2480,#2481),.UNSPECIFIED.,.F.,.F.,(4,3,3,3,3,3,3,3,3,3,3,3,4),(0.014000013,0.014799606,0.015199402,0.015599199,0.016398792,0.016798589,0.017198385,0.017997978,0.018397775,0.018797571,0.019197368,0.019597165,0.020396758),.UNSPECIFIED.);
#2483=EDGE_CURVE('',#2444,#1728,#2482,.T.);
#2484=ORIENTED_EDGE('',*,*,#2483,.F.);
#2485=CARTESIAN_POINT('',(12.556248656,25.696315294,111.294740839));
#2486=CARTESIAN_POINT('',(13.698984587,25.493082228,111.375212619));
#2487=CARTESIAN_POINT('',(14.804388652,25.256495697,111.449710981));
#2488=CARTESIAN_POINT('',(15.874914404,24.977527456,111.505790935));
#2489=CARTESIAN_POINT('',(16.945440156,24.698559215,111.561870889));
#2490=CARTESIAN_POINT('',(17.981057575,24.377158209,111.599972106));
#2491=CARTESIAN_POINT('',(18.982079391,24.000403136,111.599999985));
#2492=B_SPLINE_CURVE_WITH_KNOTS('',3,(#2485,#2486,#2487,#2488,#2489,#2490,#2491),.UNSPECIFIED.,.F.,.F.,(4,3,4),(0.041720993,0.045506614,0.049292235),.UNSPECIFIED.);
#2493=EDGE_CURVE('',#2412,#2444,#2492,.T.);
#2494=ORIENTED_EDGE('',*,*,#2493,.F.);
#2495=EDGE_LOOP('',(#2419,#2441,#2442,#2484,#2494));
#2496=FACE_BOUND('',#2495,.T.);
#2497=ADVANCED_FACE('',(#2496),#2408,.F.);
#2498=CARTESIAN_POINT('',(-30.5,2.304343723,107.6));
#2499=CARTESIAN_POINT('',(-30.5,6.636229149,107.6));
#2500=CARTESIAN_POINT('',(-30.5,10.968114574,107.6));
#2501=CARTESIAN_POINT('',(-30.5,15.3,107.6));
#2502=CARTESIAN_POINT('',(-30.5,2.304343723,107.888141477));
#2503=CARTESIAN_POINT('',(-30.5,6.636229149,107.888141477));
#2504=CARTESIAN_POINT('',(-30.5,10.968114574,107.888141477));
#2505=CARTESIAN_POINT('',(-30.5,15.3,107.888141477));
#2506=CARTESIAN_POINT('',(-30.476968428,2.304343723,108.172296192));
#2507=CARTESIAN_POINT('',(-30.476968428,6.636229149,108.172296192));
#2508=CARTESIAN_POINT('',(-30.476968428,10.968114574,108.172296192));
#2509=CARTESIAN_POINT('',(-30.476968428,15.3,108.172296192));
#2510=CARTESIAN_POINT('',(-30.430227304,2.304343723,108.446001961));
#2511=CARTESIAN_POINT('',(-30.430227304,6.636229149,108.446001961));
#2512=CARTESIAN_POINT('',(-30.430227304,10.968114574,108.446001961));
#2513=CARTESIAN_POINT('',(-30.430227304,15.3,108.446001961));
#2514=CARTESIAN_POINT('',(-30.383486179,2.304343723,108.719707729));
#2515=CARTESIAN_POINT('',(-30.383486179,6.636229149,108.719707729));
#2516=CARTESIAN_POINT('',(-30.383486179,10.968114574,108.719707729));
#2517=CARTESIAN_POINT('',(-30.383486179,15.3,108.719707729));
#2518=CARTESIAN_POINT('',(-30.31308087,2.304343723,108.982862979));
#2519=CARTESIAN_POINT('',(-30.31308087,6.636229149,108.982862979));
#2520=CARTESIAN_POINT('',(-30.31308087,10.968114574,108.982862979));
#2521=CARTESIAN_POINT('',(-30.31308087,15.3,108.982862979));
#2522=CARTESIAN_POINT('',(-30.220164477,2.304343723,109.230385219));
#2523=CARTESIAN_POINT('',(-30.220164477,6.636229149,109.230385219));
#2524=CARTESIAN_POINT('',(-30.220164477,10.968114574,109.230385219));
#2525=CARTESIAN_POINT('',(-30.220164477,15.3,109.230385219));
#2526=CARTESIAN_POINT('',(-30.034331693,2.304343723,109.725429699));
#2527=CARTESIAN_POINT('',(-30.034331693,6.636229149,109.725429699));
#2528=CARTESIAN_POINT('',(-30.034331693,10.968114574,109.725429699));
#2529=CARTESIAN_POINT('',(-30.034331693,15.3,109.725429699));
#2530=CARTESIAN_POINT('',(-29.759383155,2.304343723,110.156172619));
#2531=CARTESIAN_POINT('',(-29.759383155,6.636229149,110.156172619));
#2532=CARTESIAN_POINT('',(-29.759383155,10.968114574,110.156172619));
#2533=CARTESIAN_POINT('',(-29.759383155,15.3,110.156172619));
#2534=CARTESIAN_POINT('',(-29.407777887,2.304343723,110.507777887));
#2535=CARTESIAN_POINT('',(-29.407777887,6.636229149,110.507777887));
#2536=CARTESIAN_POINT('',(-29.407777887,10.968114574,110.507777887));
#2537=CARTESIAN_POINT('',(-29.407777887,15.3,110.507777887));
#2538=CARTESIAN_POINT('',(-29.056172619,2.304343723,110.859383155));
#2539=CARTESIAN_POINT('',(-29.056172619,6.636229149,110.859383155));
#2540=CARTESIAN_POINT('',(-29.056172619,10.968114574,110.859383155));
#2541=CARTESIAN_POINT('',(-29.056172619,15.3,110.859383155));
#2542=CARTESIAN_POINT('',(-28.625429699,2.304343723,111.134331693));
#2543=CARTESIAN_POINT('',(-28.625429699,6.636229149,111.134331693));
#2544=CARTESIAN_POINT('',(-28.625429699,10.968114574,111.134331693));
#2545=CARTESIAN_POINT('',(-28.625429699,15.3,111.134331693));
#2546=CARTESIAN_POINT('',(-28.130385219,2.304343723,111.320164477));
#2547=CARTESIAN_POINT('',(-28.130385219,6.636229149,111.320164477));
#2548=CARTESIAN_POINT('',(-28.130385219,10.968114574,111.320164477));
#2549=CARTESIAN_POINT('',(-28.130385219,15.3,111.320164477));
#2550=CARTESIAN_POINT('',(-27.882862979,2.304343723,111.41308087));
#2551=CARTESIAN_POINT('',(-27.882862979,6.636229149,111.41308087));
#2552=CARTESIAN_POINT('',(-27.882862979,10.968114574,111.41308087));
#2553=CARTESIAN_POINT('',(-27.882862979,15.3,111.41308087));
#2554=CARTESIAN_POINT('',(-27.619707729,2.304343723,111.483486179));
#2555=CARTESIAN_POINT('',(-27.619707729,6.636229149,111.483486179));
#2556=CARTESIAN_POINT('',(-27.619707729,10.968114574,111.483486179));
#2557=CARTESIAN_POINT('',(-27.619707729,15.3,111.483486179));
#2558=CARTESIAN_POINT('',(-27.346001961,2.304343723,111.530227304));
#2559=CARTESIAN_POINT('',(-27.346001961,6.636229149,111.530227304));
#2560=CARTESIAN_POINT('',(-27.346001961,10.968114574,111.530227304));
#2561=CARTESIAN_POINT('',(-27.346001961,15.3,111.530227304));
#2562=CARTESIAN_POINT('',(-27.072406945,2.304343723,111.576949515));
#2563=CARTESIAN_POINT('',(-27.072406945,6.636229149,111.576949515));
#2564=CARTESIAN_POINT('',(-27.072406945,10.968114574,111.576949515));
#2565=CARTESIAN_POINT('',(-27.072406945,15.3,111.576949515));
#2566=CARTESIAN_POINT('',(-26.788371437,2.304343723,111.599981357));
#2567=CARTESIAN_POINT('',(-26.788371437,6.636229149,111.599981357));
#2568=CARTESIAN_POINT('',(-26.788371437,10.968114574,111.599981357));
#2569=CARTESIAN_POINT('',(-26.788371437,15.3,111.599981357));
#2570=CARTESIAN_POINT('',(-26.500349781,2.304343723,111.599999989));
#2571=CARTESIAN_POINT('',(-26.500349781,6.636229149,111.599999989));
#2572=CARTESIAN_POINT('',(-26.500349781,10.968114574,111.599999989));
#2573=CARTESIAN_POINT('',(-26.500349781,15.3,111.599999989));
#2574=B_SPLINE_SURFACE_WITH_KNOTS('',3,3,((#2498,#2499,#2500,#2501),(#2502,#2503,#2504,#2505),(#2506,#2507,#2508,#2509),(#2510,#2511,#2512,#2513),(#2514,#2515,#2516,#2517),(#2518,#2519,#2520,#2521),(#2522,#2523,#2524,#2525),(#2526,#2527,#2528,#2529),(#2530,#2531,#2532,#2533),(#2534,#2535,#2536,#2537),(#2538,#2539,#2540,#2541),(#2542,#2543,#2544,#2545),(#2546,#2547,#2548,#2549),(#2550,#2551,#2552,#2553),(#2554,#2555,#2556,#2557),(#2558,#2559,#2560,#2561),(#2562,#2563,#2564,#2565),(#2566,#2567,#2568,#2569),(#2570,#2571,#2572,#2573)),.UNSPECIFIED.,.F.,.F.,.U.,(4,3,3,3,3,3,4),(4,4),(0.,0.125,0.25,0.5,0.75,0.875,0.99994942),(0.020304344,0.0333),.UNSPECIFIED.);
#2575=ORIENTED_EDGE('',*,*,#2266,.F.);
#2576=CARTESIAN_POINT('',(-30.5,2.304343723,107.6));
#2577=VERTEX_POINT('',#2576);
#2578=CARTESIAN_POINT('',(-28.506610668,2.306144064,111.15565553));
#2579=CARTESIAN_POINT('',(-29.136615359,2.306144064,110.838439257));
#2580=CARTESIAN_POINT('',(-29.636833399,2.306144064,110.361010591));
#2581=CARTESIAN_POINT('',(-29.978842048,2.306144064,109.751083474));
#2582=CARTESIAN_POINT('',(-30.149846373,2.306144064,109.446119915));
#2583=CARTESIAN_POINT('',(-30.281267135,2.306144064,109.107291656));
#2584=CARTESIAN_POINT('',(-30.368920159,2.306144064,108.744247942));
#2585=CARTESIAN_POINT('',(-30.412746671,2.306144064,108.562726085));
#2586=CARTESIAN_POINT('',(-30.445627199,2.306144064,108.375320438));
#2587=CARTESIAN_POINT('',(-30.467419786,2.306144064,108.183926577));
#2588=CARTESIAN_POINT('',(-30.478316079,2.306144064,108.088229646));
#2589=CARTESIAN_POINT('',(-30.486461132,2.306144064,107.991548008));
#2590=CARTESIAN_POINT('',(-30.491882113,2.306144064,107.8941406));
#2591=CARTESIAN_POINT('',(-30.494592603,2.306144064,107.845436896));
#2592=CARTESIAN_POINT('',(-30.496622075,2.306144064,107.796551749));
#2593=CARTESIAN_POINT('',(-30.497973924,2.306144064,107.747517527));
#2594=CARTESIAN_POINT('',(-30.498649849,2.306144064,107.723000415));
#2595=CARTESIAN_POINT('',(-30.499156368,2.306144064,107.698446035));
#2596=CARTESIAN_POINT('',(-30.499493905,2.306144064,107.673858432));
#2597=CARTESIAN_POINT('',(-30.499662674,2.306144064,107.661564631));
#2598=CARTESIAN_POINT('',(-30.499789198,2.306144064,107.649262524));
#2599=CARTESIAN_POINT('',(-30.499873529,2.306144064,107.636952616));
#2600=CARTESIAN_POINT('',(-30.499915695,2.306144064,107.630797663));
#2601=CARTESIAN_POINT('',(-30.499947313,2.306144064,107.624640759));
#2602=CARTESIAN_POINT('',(-30.499968389,2.306144064,107.618481968));
#2603=CARTESIAN_POINT('',(-30.499989465,2.306144064,107.612323178));
#2604=CARTESIAN_POINT('',(-30.5,2.306144064,107.608424724));
#2605=CARTESIAN_POINT('',(-30.5,2.306144064,107.6));
#2606=B_SPLINE_CURVE_WITH_KNOTS('',3,(#2578,#2579,#2580,#2581,#2582,#2583,#2584,#2585,#2586,#2587,#2588,#2589,#2590,#2591,#2592,#2593,#2594,#2595,#2596,#2597,#2598,#2599,#2600,#2601,#2602,#2603,
#2604,#2605),.UNSPECIFIED.,.F.,.F.,(4,3,3,3,3,3,3,3,3,4),(0.,0.342193057,0.513289586,0.59883785,0.641611982,0.662999048,0.673692581,0.679039348,0.681712731,0.684386114),.UNSPECIFIED.);
#2607=EDGE_CURVE('',#2248,#2577,#2606,.T.);
#2608=ORIENTED_EDGE('',*,*,#2607,.T.);
#2609=CARTESIAN_POINT('',(-30.5,15.3,107.6));
#2610=VERTEX_POINT('',#2609);
#2611=CARTESIAN_POINT('',(-30.5,2.304343723,107.6));
#2612=DIRECTION('',(-0.,1.,-0.));
#2613=VECTOR('',#2612,12.995656277);
#2614=LINE('',#2611,#2613);
#2615=EDGE_CURVE('',#2577,#2610,#2614,.T.);
#2616=ORIENTED_EDGE('',*,*,#2615,.T.);
#2617=CARTESIAN_POINT('',(-26.5,15.300326748,111.6));
#2618=VERTEX_POINT('',#2617);
#2619=CARTESIAN_POINT('',(-26.5,15.3,111.6));
#2620=CARTESIAN_POINT('',(-26.766545556,15.3,111.6));
#2621=CARTESIAN_POINT('',(-27.034298576,15.3,111.580256581));
#2622=CARTESIAN_POINT('',(-27.296076456,15.3,111.538473867));
#2623=CARTESIAN_POINT('',(-27.557854336,15.3,111.496691154));
#2624=CARTESIAN_POINT('',(-27.814651561,15.3,111.43313459));
#2625=CARTESIAN_POINT('',(-28.065565653,15.3,111.343858826));
#2626=CARTESIAN_POINT('',(-28.567393839,15.3,111.165307299));
#2627=CARTESIAN_POINT('',(-29.02986975,15.3,110.886034875));
#2628=CARTESIAN_POINT('',(-29.40888034,15.3,110.506674926));
#2629=CARTESIAN_POINT('',(-29.598385635,15.3,110.316994952));
#2630=CARTESIAN_POINT('',(-29.761494214,15.3,110.108957601));
#2631=CARTESIAN_POINT('',(-29.900529786,15.3,109.884178877));
#2632=CARTESIAN_POINT('',(-30.039565358,15.3,109.659400153));
#2633=CARTESIAN_POINT('',(-30.155011991,15.3,109.41530529));
#2634=CARTESIAN_POINT('',(-30.243910991,15.3,109.165419033));
#2635=CARTESIAN_POINT('',(-30.421708992,15.3,108.665646517));
#2636=CARTESIAN_POINT('',(-30.5,15.3,108.130582791));
#2637=CARTESIAN_POINT('',(-30.5,15.3,107.600000001));
#2638=B_SPLINE_CURVE_WITH_KNOTS('',3,(#2619,#2620,#2621,#2622,#2623,#2624,#2625,#2626,#2627,#2628,#2629,#2630,#2631,#2632,#2633,#2634,#2635,#2636,#2637),.UNSPECIFIED.,.F.,.F.,(4,3,3,3,3,3,4),(0.002061915,0.002861533,0.003661151,0.005260388,0.006060006,0.006859624,0.00845886),.UNSPECIFIED.);
#2639=EDGE_CURVE('',#2618,#2610,#2638,.T.);
#2640=ORIENTED_EDGE('',*,*,#2639,.F.);
#2641=CARTESIAN_POINT('',(-28.081076724,5.423387318,111.338304077));
#2642=CARTESIAN_POINT('',(-28.018238084,6.294650296,111.360953217));
#2643=CARTESIAN_POINT('',(-27.939354564,7.161119765,111.387672213));
#2644=CARTESIAN_POINT('',(-27.844452796,8.011036749,111.415500313));
#2645=CARTESIAN_POINT('',(-27.749551028,8.860953733,111.443328414));
#2646=CARTESIAN_POINT('',(-27.638496336,9.697008631,111.472333601));
#2647=CARTESIAN_POINT('',(-27.509607535,10.519849518,111.49922063));
#2648=CARTESIAN_POINT('',(-27.380718733,11.342690405,111.52610766));
#2649=CARTESIAN_POINT('',(-27.233996722,12.152316261,111.550909414));
#2650=CARTESIAN_POINT('',(-27.066780038,12.949058124,111.569368241));
#2651=CARTESIAN_POINT('',(-26.983171695,13.347429055,111.578597654));
#2652=CARTESIAN_POINT('',(-26.894424258,13.742574143,111.586223495));
#2653=CARTESIAN_POINT('',(-26.800112758,14.134505804,111.591573512));
#2654=CARTESIAN_POINT('',(-26.752957008,14.330471635,111.594248521));
#2655=CARTESIAN_POINT('',(-26.704409282,14.525633809,111.596352844));
#2656=CARTESIAN_POINT('',(-26.654410736,14.719992063,111.597790693));
#2657=CARTESIAN_POINT('',(-26.629411463,14.81717119,111.598509618));
#2658=CARTESIAN_POINT('',(-26.604067677,14.914143914,111.599061253));
#2659=CARTESIAN_POINT('',(-26.578335223,15.010920893,111.599434121));
#2660=CARTESIAN_POINT('',(-26.565468995,15.059309383,111.599620554));
#2661=CARTESIAN_POINT('',(-26.552496656,15.107651596,111.599762005));
#2662=CARTESIAN_POINT('',(-26.539444176,15.155939486,111.59985687));
#2663=CARTESIAN_POINT('',(-26.532917936,15.18008343,111.599904303));
#2664=CARTESIAN_POINT('',(-26.52636466,15.204215839,111.599940084));
#2665=CARTESIAN_POINT('',(-26.519791488,15.228334623,111.599964009));
#2666=CARTESIAN_POINT('',(-26.516504902,15.240394015,111.599975971));
#2667=CARTESIAN_POINT('',(-26.513211491,15.252450527,111.599984969));
#2668=CARTESIAN_POINT('',(-26.509913126,15.264503628,111.599990976));
#2669=CARTESIAN_POINT('',(-26.508263943,15.270530178,111.59999398));
#2670=CARTESIAN_POINT('',(-26.506613046,15.276556009,111.599996236));
#2671=CARTESIAN_POINT('',(-26.504960912,15.282580986,111.599997741));
#2672=CARTESIAN_POINT('',(-26.504134846,15.285593475,111.599998493));
#2673=CARTESIAN_POINT('',(-26.503308349,15.288605784,111.599999058));
#2674=CARTESIAN_POINT('',(-26.502481544,15.291617879,111.599999435));
#2675=CARTESIAN_POINT('',(-26.501654739,15.294629974,111.599999811));
#2676=CARTESIAN_POINT('',(-26.501738906,15.297641879,111.6));
#2677=CARTESIAN_POINT('',(-26.5,15.300653581,111.6));
#2678=B_SPLINE_CURVE_WITH_KNOTS('',3,(#2641,#2642,#2643,#2644,#2645,#2646,#2647,#2648,#2649,#2650,#2651,#2652,#2653,#2654,#2655,#2656,#2657,#2658,#2659,#2660,#2661,#2662,#2663,#2664,#2665,#2666,
#2667,#2668,#2669,#2670,#2671,#2672,#2673,#2674,#2675,#2676,#2677),.UNSPECIFIED.,.F.,.F.,(4,3,3,3,3,3,3,3,3,3,3,3,4),(0.,0.00263479,0.005269581,0.007904371,0.009221767,0.009880464,0.010209813,0.010374487,0.010456825,0.010497993,0.010518577,0.01052887,0.010539162),.UNSPECIFIED.);
#2679=EDGE_CURVE('',#2260,#2618,#2678,.T.);
#2680=ORIENTED_EDGE('',*,*,#2679,.F.);
#2681=EDGE_LOOP('',(#2575,#2608,#2616,#2640,#2680));
#2682=FACE_BOUND('',#2681,.T.);
#2683=ADVANCED_FACE('',(#2682),#2574,.F.);
#2684=CARTESIAN_POINT('',(30.5,-2.304343724,107.6));
#2685=CARTESIAN_POINT('',(30.5,-20.202895816,107.6));
#2686=CARTESIAN_POINT('',(30.5,-38.101447908,107.6));
#2687=CARTESIAN_POINT('',(30.5,-56.,107.6));
#2688=CARTESIAN_POINT('',(30.5,-2.304343724,107.888141477));
#2689=CARTESIAN_POINT('',(30.5,-20.202895816,107.888141477));
#2690=CARTESIAN_POINT('',(30.5,-38.101447908,107.888141477));
#2691=CARTESIAN_POINT('',(30.5,-56.,107.888141477));
#2692=CARTESIAN_POINT('',(30.476968428,-2.304343724,108.172296192));
#2693=CARTESIAN_POINT('',(30.476968428,-20.202895816,108.172296192));
#2694=CARTESIAN_POINT('',(30.476968428,-38.101447908,108.172296192));
#2695=CARTESIAN_POINT('',(30.476968428,-56.,108.172296192));
#2696=CARTESIAN_POINT('',(30.430227304,-2.304343724,108.446001961));
#2697=CARTESIAN_POINT('',(30.430227304,-20.202895816,108.446001961));
#2698=CARTESIAN_POINT('',(30.430227304,-38.101447908,108.446001961));
#2699=CARTESIAN_POINT('',(30.430227304,-56.,108.446001961));
#2700=CARTESIAN_POINT('',(30.383486179,-2.304343724,108.719707729));
#2701=CARTESIAN_POINT('',(30.383486179,-20.202895816,108.719707729));
#2702=CARTESIAN_POINT('',(30.383486179,-38.101447908,108.719707729));
#2703=CARTESIAN_POINT('',(30.383486179,-56.,108.719707729));
#2704=CARTESIAN_POINT('',(30.31308087,-2.304343724,108.982862979));
#2705=CARTESIAN_POINT('',(30.31308087,-20.202895816,108.982862979));
#2706=CARTESIAN_POINT('',(30.31308087,-38.101447908,108.982862979));
#2707=CARTESIAN_POINT('',(30.31308087,-56.,108.982862979));
#2708=CARTESIAN_POINT('',(30.220164477,-2.304343724,109.230385219));
#2709=CARTESIAN_POINT('',(30.220164477,-20.202895816,109.230385219));
#2710=CARTESIAN_POINT('',(30.220164477,-38.101447908,109.230385219));
#2711=CARTESIAN_POINT('',(30.220164477,-56.,109.230385219));
#2712=CARTESIAN_POINT('',(30.034331693,-2.304343724,109.725429699));
#2713=CARTESIAN_POINT('',(30.034331693,-20.202895816,109.725429699));
#2714=CARTESIAN_POINT('',(30.034331693,-38.101447908,109.725429699));
#2715=CARTESIAN_POINT('',(30.034331693,-56.,109.725429699));
#2716=CARTESIAN_POINT('',(29.759383155,-2.304343724,110.156172619));
#2717=CARTESIAN_POINT('',(29.759383155,-20.202895816,110.156172619));
#2718=CARTESIAN_POINT('',(29.759383155,-38.101447908,110.156172619));
#2719=CARTESIAN_POINT('',(29.759383155,-56.,110.156172619));
#2720=CARTESIAN_POINT('',(29.407777887,-2.304343724,110.507777887));
#2721=CARTESIAN_POINT('',(29.407777887,-20.202895816,110.507777887));
#2722=CARTESIAN_POINT('',(29.407777887,-38.101447908,110.507777887));
#2723=CARTESIAN_POINT('',(29.407777887,-56.,110.507777887));
#2724=CARTESIAN_POINT('',(29.056172619,-2.304343724,110.859383155));
#2725=CARTESIAN_POINT('',(29.056172619,-20.202895816,110.859383155));
#2726=CARTESIAN_POINT('',(29.056172619,-38.101447908,110.859383155));
#2727=CARTESIAN_POINT('',(29.056172619,-56.,110.859383155));
#2728=CARTESIAN_POINT('',(28.625429699,-2.304343724,111.134331693));
#2729=CARTESIAN_POINT('',(28.625429699,-20.202895816,111.134331693));
#2730=CARTESIAN_POINT('',(28.625429699,-38.101447908,111.134331693));
#2731=CARTESIAN_POINT('',(28.625429699,-56.,111.134331693));
#2732=CARTESIAN_POINT('',(28.130385219,-2.304343724,111.320164477));
#2733=CARTESIAN_POINT('',(28.130385219,-20.202895816,111.320164477));
#2734=CARTESIAN_POINT('',(28.130385219,-38.101447908,111.320164477));
#2735=CARTESIAN_POINT('',(28.130385219,-56.,111.320164477));
#2736=CARTESIAN_POINT('',(27.882862979,-2.304343724,111.41308087));
#2737=CARTESIAN_POINT('',(27.882862979,-20.202895816,111.41308087));
#2738=CARTESIAN_POINT('',(27.882862979,-38.101447908,111.41308087));
#2739=CARTESIAN_POINT('',(27.882862979,-56.,111.41308087));
#2740=CARTESIAN_POINT('',(27.619707729,-2.304343724,111.483486179));
#2741=CARTESIAN_POINT('',(27.619707729,-20.202895816,111.483486179));
#2742=CARTESIAN_POINT('',(27.619707729,-38.101447908,111.483486179));
#2743=CARTESIAN_POINT('',(27.619707729,-56.,111.483486179));
#2744=CARTESIAN_POINT('',(27.346001961,-2.304343724,111.530227304));
#2745=CARTESIAN_POINT('',(27.346001961,-20.202895816,111.530227304));
#2746=CARTESIAN_POINT('',(27.346001961,-38.101447908,111.530227304));
#2747=CARTESIAN_POINT('',(27.346001961,-56.,111.530227304));
#2748=CARTESIAN_POINT('',(27.072296192,-2.304343724,111.576968428));
#2749=CARTESIAN_POINT('',(27.072296192,-20.202895816,111.576968428));
#2750=CARTESIAN_POINT('',(27.072296192,-38.101447908,111.576968428));
#2751=CARTESIAN_POINT('',(27.072296192,-56.,111.576968428));
#2752=CARTESIAN_POINT('',(26.788141477,-2.304343724,111.6));
#2753=CARTESIAN_POINT('',(26.788141477,-20.202895816,111.6));
#2754=CARTESIAN_POINT('',(26.788141477,-38.101447908,111.6));
#2755=CARTESIAN_POINT('',(26.788141477,-56.,111.6));
#2756=CARTESIAN_POINT('',(26.5,-2.304343724,111.6));
#2757=CARTESIAN_POINT('',(26.5,-20.202895816,111.6));
#2758=CARTESIAN_POINT('',(26.5,-38.101447908,111.6));
#2759=CARTESIAN_POINT('',(26.5,-56.,111.6));
#2760=B_SPLINE_SURFACE_WITH_KNOTS('',3,3,((#2684,#2685,#2686,#2687),(#2688,#2689,#2690,#2691),(#2692,#2693,#2694,#2695),(#2696,#2697,#2698,#2699),(#2700,#2701,#2702,#2703),(#2704,#2705,#2706,#2707),(#2708,#2709,#2710,#2711),(#2712,#2713,#2714,#2715),(#2716,#2717,#2718,#2719),(#2720,#2721,#2722,#2723),(#2724,#2725,#2726,#2727),(#2728,#2729,#2730,#2731),(#2732,#2733,#2734,#2735),(#2736,#2737,#2738,#2739),(#2740,#2741,#2742,#2743),(#2744,#2745,#2746,#2747),(#2748,#2749,#2750,#2751),(#2752,#2753,#2754,#2755),(#2756,#2757,#2758,#2759)),.UNSPECIFIED.,.F.,.F.,.U.,(4,3,3,3,3,3,4),(4,4),(0.,0.125,0.25,0.5,0.75,0.875,1.),(-0.015695656,0.038),.UNSPECIFIED.);
#2761=CARTESIAN_POINT('',(28.50672859,-2.307904911,111.155654806));
#2762=VERTEX_POINT('',#2761);
#2763=CARTESIAN_POINT('',(26.5,-10.756858277,111.6));
#2764=VERTEX_POINT('',#2763);
#2765=CARTESIAN_POINT('',(28.50672859,-2.307904911,111.155654806));
#2766=CARTESIAN_POINT('',(28.448259788,-3.030098616,111.185083232));
#2767=CARTESIAN_POINT('',(28.362339644,-3.75070702,111.226653922));
#2768=CARTESIAN_POINT('',(28.248547808,-4.469848629,111.273622234));
#2769=CARTESIAN_POINT('',(28.134755971,-5.188990237,111.320590546));
#2770=CARTESIAN_POINT('',(27.992572005,-5.908048889,111.372922747));
#2771=CARTESIAN_POINT('',(27.824307411,-6.615732543,111.421353002));
#2772=CARTESIAN_POINT('',(27.487778224,-8.031099851,111.518213511));
#2773=CARTESIAN_POINT('',(27.046415227,-9.410739995,111.59999994));
#2774=CARTESIAN_POINT('',(26.5,-10.756858277,111.6));
#2775=B_SPLINE_CURVE_WITH_KNOTS('',3,(#2765,#2766,#2767,#2768,#2769,#2770,#2771,#2772,#2773,#2774),.UNSPECIFIED.,.F.,.F.,(4,3,3,4),(0.004971775,0.007145676,0.009319576,0.013667378),.UNSPECIFIED.);
#2776=EDGE_CURVE('',#2762,#2764,#2775,.T.);
#2777=ORIENTED_EDGE('',*,*,#2776,.F.);
#2778=CARTESIAN_POINT('',(30.5,-2.304343724,107.6));
#2779=VERTEX_POINT('',#2778);
#2780=CARTESIAN_POINT('',(30.5,-2.304343724,107.6));
#2781=CARTESIAN_POINT('',(30.5,-2.304411356,107.77223873));
#2782=CARTESIAN_POINT('',(30.489544471,-2.304491604,107.976606119));
#2783=CARTESIAN_POINT('',(30.471744498,-2.304557647,108.144799503));
#2784=CARTESIAN_POINT('',(30.453944526,-2.30462369,108.312992887));
#2785=CARTESIAN_POINT('',(30.421595229,-2.304701984,108.512384546));
#2786=CARTESIAN_POINT('',(30.38478525,-2.304766331,108.676257583));
#2787=CARTESIAN_POINT('',(30.366380261,-2.304798504,108.758194101));
#2788=CARTESIAN_POINT('',(30.341298698,-2.304836856,108.855865683));
#2789=CARTESIAN_POINT('',(30.317782849,-2.304868574,108.936640672));
#2790=CARTESIAN_POINT('',(30.294267,-2.304900291,109.017415661));
#2791=CARTESIAN_POINT('',(30.262873462,-2.30493808,109.113652739));
#2792=CARTESIAN_POINT('',(30.233915675,-2.304969312,109.193190956));
#2793=CARTESIAN_POINT('',(30.204957888,-2.305000543,109.272729172));
#2794=CARTESIAN_POINT('',(30.166806273,-2.305037729,109.367430362));
#2795=CARTESIAN_POINT('',(30.131984755,-2.305068438,109.445635946));
#2796=CARTESIAN_POINT('',(30.114573996,-2.305083792,109.484738738));
#2797=CARTESIAN_POINT('',(30.092756489,-2.30510214,109.531466235));
#2798=CARTESIAN_POINT('',(30.073783135,-2.305117355,109.570213901));
#2799=CARTESIAN_POINT('',(30.064296458,-2.305124962,109.589587734));
#2800=CARTESIAN_POINT('',(30.052669096,-2.305134072,109.612788166));
#2801=CARTESIAN_POINT('',(30.042777844,-2.305141643,109.632070053));
#2802=CARTESIAN_POINT('',(30.037832219,-2.305145429,109.641710996));
#2803=CARTESIAN_POINT('',(30.032245253,-2.305153124,109.652483581));
#2804=CARTESIAN_POINT('',(30.027039017,-2.305165677,109.662404241));
#2805=CARTESIAN_POINT('',(30.021832781,-2.30517823,109.672324902));
#2806=CARTESIAN_POINT('',(30.016582472,-2.3051905,109.682220632));
#2807=CARTESIAN_POINT('',(30.011287109,-2.305203138,109.692090878));
#2808=CARTESIAN_POINT('',(29.926561306,-2.305405342,109.850014817));
#2809=CARTESIAN_POINT('',(29.830083944,-2.305648139,110.001644101));
#2810=CARTESIAN_POINT('',(29.723706869,-2.30591132,110.143421042));
#2811=CARTESIAN_POINT('',(29.617329793,-2.306174502,110.285197984));
#2812=CARTESIAN_POINT('',(29.500677529,-2.30645794,110.417954897));
#2813=CARTESIAN_POINT('',(29.373553786,-2.306731531,110.541519531));
#2814=CARTESIAN_POINT('',(29.246430042,-2.307005122,110.665084165));
#2815=CARTESIAN_POINT('',(29.107534801,-2.30726922,110.780225334));
#2816=CARTESIAN_POINT('',(28.962252234,-2.307476607,110.882786732));
#2817=CARTESIAN_POINT('',(28.816969666,-2.307683994,110.98534813));
#2818=CARTESIAN_POINT('',(28.664963401,-2.307836332,111.076012087));
#2819=CARTESIAN_POINT('',(28.506728591,-2.307904911,111.155654806));
#2820=B_SPLINE_CURVE_WITH_KNOTS('',3,(#2780,#2781,#2782,#2783,#2784,#2785,#2786,#2787,#2788,#2789,#2790,#2791,#2792,#2793,#2794,#2795,#2796,#2797,#2798,#2799,#2800,#2801,#2802,#2803,#2804,#2805,
#2806,#2807,#2808,#2809,#2810,#2811,#2812,#2813,#2814,#2815,#2816,#2817,#2818,#2819),.UNSPECIFIED.,.F.,.F.,(4,3,3,3,3,3,3,3,3,3,3,3,3,4),(-0.002100224,-0.00156271,-0.001025195,-0.000756438,-0.000487681,-0.000218924,-0.000084545,-0.000017356,0.000016239,0.000049834,0.000587348,0.001124863,0.001662377,0.002199891),.UNSPECIFIED.);
#2821=EDGE_CURVE('',#2779,#2762,#2820,.T.);
#2822=ORIENTED_EDGE('',*,*,#2821,.F.);
#2823=CARTESIAN_POINT('',(30.5,-56.,107.6));
#2824=VERTEX_POINT('',#2823);
#2825=CARTESIAN_POINT('',(30.5,-2.304343724,107.6));
#2826=DIRECTION('',(0.,-1.,-0.));
#2827=VECTOR('',#2826,53.695656276);
#2828=LINE('',#2825,#2827);
#2829=EDGE_CURVE('',#2779,#2824,#2828,.T.);
#2830=ORIENTED_EDGE('',*,*,#2829,.T.);
#2831=CARTESIAN_POINT('',(26.499554656,-55.999807203,111.6));
#2832=VERTEX_POINT('',#2831);
#2833=CARTESIAN_POINT('',(30.5,-56.,107.6));
#2834=CARTESIAN_POINT('',(30.5,-56.,108.176282954));
#2835=CARTESIAN_POINT('',(30.405997262,-56.,108.73534074));
#2836=CARTESIAN_POINT('',(30.220164477,-56.,109.230385219));
#2837=CARTESIAN_POINT('',(30.034331693,-56.,109.725429699));
#2838=CARTESIAN_POINT('',(29.759383155,-56.,110.156172619));
#2839=CARTESIAN_POINT('',(29.407777887,-56.,110.507777887));
#2840=CARTESIAN_POINT('',(29.056172619,-56.,110.859383155));
#2841=CARTESIAN_POINT('',(28.625429699,-56.,111.134331693));
#2842=CARTESIAN_POINT('',(28.130385219,-56.,111.320164477));
#2843=CARTESIAN_POINT('',(27.63534074,-56.,111.505997262));
#2844=CARTESIAN_POINT('',(27.076282954,-56.,111.6));
#2845=CARTESIAN_POINT('',(26.5,-56.,111.6));
#2846=B_SPLINE_CURVE_WITH_KNOTS('',3,(#2833,#2834,#2835,#2836,#2837,#2838,#2839,#2840,#2841,#2842,#2843,#2844,#2845),.UNSPECIFIED.,.F.,.F.,(4,3,3,3,4),(0.,0.25,0.5,0.75,1.),.UNSPECIFIED.);
#2847=EDGE_CURVE('',#2824,#2832,#2846,.T.);
#2848=ORIENTED_EDGE('',*,*,#2847,.T.);
#2849=CARTESIAN_POINT('',(26.5,-55.999807203,111.6));
#2850=DIRECTION('',(0.,1.,0.));
#2851=VECTOR('',#2850,45.242948925);
#2852=LINE('',#2849,#2851);
#2853=EDGE_CURVE('',#2832,#2764,#2852,.T.);
#2854=ORIENTED_EDGE('',*,*,#2853,.T.);
#2855=EDGE_LOOP('',(#2777,#2822,#2830,#2848,#2854));
#2856=FACE_BOUND('',#2855,.T.);
#2857=ADVANCED_FACE('',(#2856),#2760,.F.);
#2858=CARTESIAN_POINT('',(0.,0.,122.0044));
#2859=DIRECTION('',(0.,0.,1.));
#2860=DIRECTION('',(1.,0.,0.));
#2861=AXIS2_PLACEMENT_3D('',#2858,#2859,#2860);
#2862=PLANE('',#2861);
#2863=CARTESIAN_POINT('',(-24.7,-0.,122.004408906));
#2864=VERTEX_POINT('',#2863);
#2865=CARTESIAN_POINT('',(24.7,0.,122.004408906));
#2866=VERTEX_POINT('',#2865);
#2867=CARTESIAN_POINT('',(0.,0.,122.004408906));
#2868=DIRECTION('',(-0.,-0.,1.));
#2869=DIRECTION('',(-1.,0.,0.));
#2870=AXIS2_PLACEMENT_3D('',#2867,#2868,#2869);
#2871=CIRCLE('',#2870,24.7);
#2872=EDGE_CURVE('',#2864,#2866,#2871,.T.);
#2873=ORIENTED_EDGE('',*,*,#2872,.T.);
#2874=CARTESIAN_POINT('',(0.,0.,122.004408906));
#2875=DIRECTION('',(-0.,-0.,1.));
#2876=DIRECTION('',(-1.,0.,0.));
#2877=AXIS2_PLACEMENT_3D('',#2874,#2875,#2876);
#2878=CIRCLE('',#2877,24.7);
#2879=EDGE_CURVE('',#2866,#2864,#2878,.T.);
#2880=ORIENTED_EDGE('',*,*,#2879,.T.);
#2881=EDGE_LOOP('',(#2873,#2880));
#2882=FACE_BOUND('',#2881,.T.);
#2883=ADVANCED_FACE('',(#2882),#2862,.T.);
#2884=CARTESIAN_POINT('',(-0.000000006,0.,107.4));
#2885=DIRECTION('',(0.,0.,-1.));
#2886=DIRECTION('',(-1.,0.,0.));
#2887=AXIS2_PLACEMENT_3D('',#2884,#2885,#2886);
#2888=PLANE('',#2887);
#2889=CARTESIAN_POINT('',(-22.5,-64.85,107.4));
#2890=VERTEX_POINT('',#2889);
#2891=CARTESIAN_POINT('',(-31.35,-56.,107.4));
#2892=VERTEX_POINT('',#2891);
#2893=CARTESIAN_POINT('',(-22.5,-56.,107.4));
#2894=DIRECTION('',(0.,0.,-1.));
#2895=DIRECTION('',(0.,-1.,0.));
#2896=AXIS2_PLACEMENT_3D('',#2893,#2894,#2895);
#2897=CIRCLE('',#2896,8.85);
#2898=EDGE_CURVE('',#2890,#2892,#2897,.T.);
#2899=ORIENTED_EDGE('',*,*,#2898,.T.);
#2900=CARTESIAN_POINT('',(-31.35,20.,107.4));
#2901=VERTEX_POINT('',#2900);
#2902=CARTESIAN_POINT('',(-31.35,-56.,107.4));
#2903=DIRECTION('',(-0.,1.,0.));
#2904=VECTOR('',#2903,76.);
#2905=LINE('',#2902,#2904);
#2906=EDGE_CURVE('',#2892,#2901,#2905,.T.);
#2907=ORIENTED_EDGE('',*,*,#2906,.T.);
#2908=CARTESIAN_POINT('',(-22.5,28.85,107.4));
#2909=VERTEX_POINT('',#2908);
#2910=CARTESIAN_POINT('',(-22.5,20.,107.4));
#2911=DIRECTION('',(0.,0.,-1.));
#2912=DIRECTION('',(-1.,0.,0.));
#2913=AXIS2_PLACEMENT_3D('',#2910,#2911,#2912);
#2914=CIRCLE('',#2913,8.85);
#2915=EDGE_CURVE('',#2901,#2909,#2914,.T.);
#2916=ORIENTED_EDGE('',*,*,#2915,.T.);
#2917=CARTESIAN_POINT('',(22.5,28.85,107.4));
#2918=VERTEX_POINT('',#2917);
#2919=CARTESIAN_POINT('',(-22.5,28.85,107.4));
#2920=DIRECTION('',(1.,0.,-0.));
#2921=VECTOR('',#2920,45.);
#2922=LINE('',#2919,#2921);
#2923=EDGE_CURVE('',#2909,#2918,#2922,.T.);
#2924=ORIENTED_EDGE('',*,*,#2923,.T.);
#2925=CARTESIAN_POINT('',(31.35,20.,107.4));
#2926=VERTEX_POINT('',#2925);
#2927=CARTESIAN_POINT('',(22.5,20.,107.4));
#2928=DIRECTION('',(0.,0.,-1.));
#2929=DIRECTION('',(0.,1.,0.));
#2930=AXIS2_PLACEMENT_3D('',#2927,#2928,#2929);
#2931=CIRCLE('',#2930,8.85);
#2932=EDGE_CURVE('',#2918,#2926,#2931,.T.);
#2933=ORIENTED_EDGE('',*,*,#2932,.T.);
#2934=CARTESIAN_POINT('',(31.35,-56.,107.4));
#2935=VERTEX_POINT('',#2934);
#2936=CARTESIAN_POINT('',(31.35,20.,107.4));
#2937=DIRECTION('',(0.,-1.,0.));
#2938=VECTOR('',#2937,76.);
#2939=LINE('',#2936,#2938);
#2940=EDGE_CURVE('',#2926,#2935,#2939,.T.);
#2941=ORIENTED_EDGE('',*,*,#2940,.T.);
#2942=CARTESIAN_POINT('',(22.5,-64.85,107.4));
#2943=VERTEX_POINT('',#2942);
#2944=CARTESIAN_POINT('',(22.5,-56.,107.4));
#2945=DIRECTION('',(0.,0.,-1.));
#2946=DIRECTION('',(1.,0.,0.));
#2947=AXIS2_PLACEMENT_3D('',#2944,#2945,#2946);
#2948=CIRCLE('',#2947,8.85);
#2949=EDGE_CURVE('',#2935,#2943,#2948,.T.);
#2950=ORIENTED_EDGE('',*,*,#2949,.T.);
#2951=CARTESIAN_POINT('',(22.5,-64.85,107.4));
#2952=DIRECTION('',(-1.,0.,0.));
#2953=VECTOR('',#2952,45.);
#2954=LINE('',#2951,#2953);
#2955=EDGE_CURVE('',#2943,#2890,#2954,.T.);
#2956=ORIENTED_EDGE('',*,*,#2955,.T.);
#2957=EDGE_LOOP('',(#2899,#2907,#2916,#2924,#2933,#2941,#2950,#2956));
#2958=FACE_BOUND('',#2957,.T.);
#2959=CARTESIAN_POINT('',(-26.5,19.595468149,107.4));
#2960=VERTEX_POINT('',#2959);
#2961=CARTESIAN_POINT('',(-23.042410146,23.962883837,107.4));
#2962=VERTEX_POINT('',#2961);
#2963=CARTESIAN_POINT('',(-25.645222289,22.471116783,107.4));
#2964=DIRECTION('',(0.,0.,-1.));
#2965=DIRECTION('',(0.915321309,0.402724348,0.));
#2966=AXIS2_PLACEMENT_3D('',#2963,#2964,#2965);
#2967=CIRCLE('',#2966,3.);
#2968=EDGE_CURVE('',#2960,#2962,#2967,.T.);
#2969=ORIENTED_EDGE('',*,*,#2968,.F.);
#2970=CARTESIAN_POINT('',(-26.5,15.300653581,107.4));
#2971=VERTEX_POINT('',#2970);
#2972=CARTESIAN_POINT('',(-26.5,15.300653581,107.4));
#2973=CARTESIAN_POINT('',(-26.5,16.732258437,107.4));
#2974=CARTESIAN_POINT('',(-26.5,18.163863293,107.4));
#2975=CARTESIAN_POINT('',(-26.5,19.595468149,107.4));
#2976=B_SPLINE_CURVE_WITH_KNOTS('',3,(#2972,#2973,#2974,#2975),.UNSPECIFIED.,.F.,.F.,(4,4),(-0.00463277,-0.000398801),.UNSPECIFIED.);
#2977=EDGE_CURVE('',#2971,#2960,#2976,.T.);
#2978=ORIENTED_EDGE('',*,*,#2977,.F.);
#2979=CARTESIAN_POINT('',(-30.5,15.3,107.4));
#2980=VERTEX_POINT('',#2979);
#2981=CARTESIAN_POINT('',(-30.5,15.3,107.4));
#2982=DIRECTION('',(1.,0.,-0.));
#2983=VECTOR('',#2982,4.);
#2984=LINE('',#2981,#2983);
#2985=EDGE_CURVE('',#2980,#2971,#2984,.T.);
#2986=ORIENTED_EDGE('',*,*,#2985,.F.);
#2987=CARTESIAN_POINT('',(-30.5,-56.,107.4));
#2988=VERTEX_POINT('',#2987);
#2989=CARTESIAN_POINT('',(-30.5,-56.,107.4));
#2990=DIRECTION('',(-0.,1.,0.));
#2991=VECTOR('',#2990,71.3);
#2992=LINE('',#2989,#2991);
#2993=EDGE_CURVE('',#2988,#2980,#2992,.T.);
#2994=ORIENTED_EDGE('',*,*,#2993,.F.);
#2995=CARTESIAN_POINT('',(-22.5,-64.,107.4));
#2996=VERTEX_POINT('',#2995);
#2997=CARTESIAN_POINT('',(-22.5,-56.,107.4));
#2998=DIRECTION('',(0.,0.,1.));
#2999=DIRECTION('',(-1.,0.,0.));
#3000=AXIS2_PLACEMENT_3D('',#2997,#2998,#2999);
#3001=CIRCLE('',#3000,8.);
#3002=EDGE_CURVE('',#2988,#2996,#3001,.T.);
#3003=ORIENTED_EDGE('',*,*,#3002,.T.);
#3004=CARTESIAN_POINT('',(22.5,-64.,107.4));
#3005=VERTEX_POINT('',#3004);
#3006=CARTESIAN_POINT('',(22.5,-64.,107.4));
#3007=DIRECTION('',(-1.,0.,0.));
#3008=VECTOR('',#3007,45.);
#3009=LINE('',#3006,#3008);
#3010=EDGE_CURVE('',#3005,#2996,#3009,.T.);
#3011=ORIENTED_EDGE('',*,*,#3010,.F.);
#3012=CARTESIAN_POINT('',(30.5,-56.,107.4));
#3013=VERTEX_POINT('',#3012);
#3014=CARTESIAN_POINT('',(22.5,-56.,107.4));
#3015=DIRECTION('',(0.,0.,1.));
#3016=DIRECTION('',(-0.,-1.,0.));
#3017=AXIS2_PLACEMENT_3D('',#3014,#3015,#3016);
#3018=CIRCLE('',#3017,8.);
#3019=EDGE_CURVE('',#3005,#3013,#3018,.T.);
#3020=ORIENTED_EDGE('',*,*,#3019,.T.);
#3021=CARTESIAN_POINT('',(30.5,15.3,107.4));
#3022=VERTEX_POINT('',#3021);
#3023=CARTESIAN_POINT('',(30.5,15.3,107.4));
#3024=DIRECTION('',(0.,-1.,0.));
#3025=VECTOR('',#3024,71.3);
#3026=LINE('',#3023,#3025);
#3027=EDGE_CURVE('',#3022,#3013,#3026,.T.);
#3028=ORIENTED_EDGE('',*,*,#3027,.F.);
#3029=CARTESIAN_POINT('',(26.5,15.300465165,107.4));
#3030=VERTEX_POINT('',#3029);
#3031=CARTESIAN_POINT('',(30.5,15.3,107.4));
#3032=DIRECTION('',(-1.,-0.,0.));
#3033=VECTOR('',#3032,4.);
#3034=LINE('',#3031,#3033);
#3035=EDGE_CURVE('',#3022,#3030,#3034,.T.);
#3036=ORIENTED_EDGE('',*,*,#3035,.T.);
#3037=CARTESIAN_POINT('',(26.5,19.595480003,107.4));
#3038=VERTEX_POINT('',#3037);
#3039=CARTESIAN_POINT('',(26.5,19.595480003,107.4));
#3040=CARTESIAN_POINT('',(26.5,18.163808391,107.4));
#3041=CARTESIAN_POINT('',(26.5,16.732136779,107.4));
#3042=CARTESIAN_POINT('',(26.5,15.300465167,107.4));
#3043=B_SPLINE_CURVE_WITH_KNOTS('',3,(#3039,#3040,#3041,#3042),.UNSPECIFIED.,.F.,.F.,(4,4),(0.006665914,0.010987041),.UNSPECIFIED.);
#3044=EDGE_CURVE('',#3038,#3030,#3043,.T.);
#3045=ORIENTED_EDGE('',*,*,#3044,.F.);
#3046=CARTESIAN_POINT('',(28.645244616,22.471135274,107.4));
#3047=VERTEX_POINT('',#3046);
#3048=CARTESIAN_POINT('',(25.645244616,22.471135274,107.4));
#3049=DIRECTION('',(0.,0.,-1.));
#3050=DIRECTION('',(-0.915325566,0.402714673,0.));
#3051=AXIS2_PLACEMENT_3D('',#3048,#3049,#3050);
#3052=CIRCLE('',#3051,3.);
#3053=EDGE_CURVE('',#3047,#3038,#3052,.T.);
#3054=ORIENTED_EDGE('',*,*,#3053,.F.);
#3055=CARTESIAN_POINT('',(23.042437318,23.962910783,107.4));
#3056=VERTEX_POINT('',#3055);
#3057=CARTESIAN_POINT('',(25.645244616,22.471135274,107.4));
#3058=DIRECTION('',(0.,0.,-1.));
#3059=DIRECTION('',(-0.915325566,0.402714673,0.));
#3060=AXIS2_PLACEMENT_3D('',#3057,#3058,#3059);
#3061=CIRCLE('',#3060,3.);
#3062=EDGE_CURVE('',#3056,#3047,#3061,.T.);
#3063=ORIENTED_EDGE('',*,*,#3062,.F.);
#3064=CARTESIAN_POINT('',(18.981575212,24.001245769,107.4));
#3065=VERTEX_POINT('',#3064);
#3066=CARTESIAN_POINT('',(18.981575212,24.,107.4));
#3067=CARTESIAN_POINT('',(19.659437295,24.,107.4));
#3068=CARTESIAN_POINT('',(20.337299378,24.,107.4));
#3069=CARTESIAN_POINT('',(21.015161461,24.,107.4));
#3070=CARTESIAN_POINT('',(21.354092502,24.,107.4));
#3071=CARTESIAN_POINT('',(21.693023544,24.,107.4));
#3072=CARTESIAN_POINT('',(22.031954585,24.,107.4));
#3073=CARTESIAN_POINT('',(22.116687346,24.,107.4));
#3074=CARTESIAN_POINT('',(22.201420106,24.,107.4));
#3075=CARTESIAN_POINT('',(22.286152867,24.,107.4));
#3076=CARTESIAN_POINT('',(22.370885627,24.,107.4));
#3077=CARTESIAN_POINT('',(22.455728827,24.000649106,107.4));
#3078=CARTESIAN_POINT('',(22.540316611,23.99979701,107.4));
#3079=CARTESIAN_POINT('',(22.709492179,23.998092819,107.4));
#3080=CARTESIAN_POINT('',(22.876844131,23.985670357,107.4));
#3081=CARTESIAN_POINT('',(23.042437318,23.962910783,107.4));
#3082=B_SPLINE_CURVE_WITH_KNOTS('',3,(#3066,#3067,#3068,#3069,#3070,#3071,#3072,#3073,#3074,#3075,#3076,#3077,#3078,#3079,#3080,#3081),.UNSPECIFIED.,.F.,.F.,(4,3,3,3,3,4),(-0.003468579,-0.001463803,-0.000461415,-0.000210818,0.000039779,0.000540974),.UNSPECIFIED.);
#3083=EDGE_CURVE('',#3065,#3056,#3082,.T.);
#3084=ORIENTED_EDGE('',*,*,#3083,.F.);
#3085=CARTESIAN_POINT('',(18.98,28.,107.4));
#3086=DIRECTION('',(-0.,-1.,-0.));
#3087=VECTOR('',#3086,3.998754231);
#3088=LINE('',#3085,#3087);
#3089=EDGE_CURVE('',#1720,#3065,#3088,.T.);
#3090=ORIENTED_EDGE('',*,*,#3089,.F.);
#3091=ORIENTED_EDGE('',*,*,#1725,.F.);
#3092=CARTESIAN_POINT('',(0.,0.,107.4));
#3093=DIRECTION('',(0.,0.,1.));
#3094=DIRECTION('',(1.,0.,-0.));
#3095=AXIS2_PLACEMENT_3D('',#3092,#3093,#3094);
#3096=CIRCLE('',#3095,28.6);
#3097=EDGE_CURVE('',#2238,#1710,#3096,.T.);
#3098=ORIENTED_EDGE('',*,*,#3097,.F.);
#3099=ORIENTED_EDGE('',*,*,#2327,.F.);
#3100=ORIENTED_EDGE('',*,*,#1769,.F.);
#3101=CARTESIAN_POINT('',(-18.982399014,24.000321828,107.4));
#3102=VERTEX_POINT('',#3101);
#3103=CARTESIAN_POINT('',(-18.98,28.,107.4));
#3104=DIRECTION('',(-0.,-1.,-0.));
#3105=VECTOR('',#3104,4.);
#3106=LINE('',#3103,#3105);
#3107=EDGE_CURVE('',#1762,#3102,#3106,.T.);
#3108=ORIENTED_EDGE('',*,*,#3107,.T.);
#3109=CARTESIAN_POINT('',(-23.042410146,23.962883837,107.4));
#3110=CARTESIAN_POINT('',(-22.873727898,23.986064351,107.4));
#3111=CARTESIAN_POINT('',(-22.704801046,23.998331325,107.4));
#3112=CARTESIAN_POINT('',(-22.53563309,23.999841041,107.4));
#3113=CARTESIAN_POINT('',(-22.366465135,24.001350757,107.4));
#3114=CARTESIAN_POINT('',(-22.197233069,24.,107.4));
#3115=CARTESIAN_POINT('',(-22.028031276,24.,107.4));
#3116=CARTESIAN_POINT('',(-21.689627691,24.,107.4));
#3117=CARTESIAN_POINT('',(-21.351224107,24.,107.4));
#3118=CARTESIAN_POINT('',(-21.012820522,24.,107.4));
#3119=CARTESIAN_POINT('',(-20.336013353,24.,107.4));
#3120=CARTESIAN_POINT('',(-19.659206183,24.,107.4));
#3121=CARTESIAN_POINT('',(-18.982399014,24.,107.4));
#3122=B_SPLINE_CURVE_WITH_KNOTS('',3,(#3109,#3110,#3111,#3112,#3113,#3114,#3115,#3116,#3117,#3118,#3119,#3120,#3121),.UNSPECIFIED.,.F.,.F.,(4,3,3,3,4),(0.005712415,0.006222975,0.006733535,0.007754654,0.009796893),.UNSPECIFIED.);
#3123=EDGE_CURVE('',#2962,#3102,#3122,.T.);
#3124=ORIENTED_EDGE('',*,*,#3123,.F.);
#3125=EDGE_LOOP('',(#2969,#2978,#2986,#2994,#3003,#3011,#3020,#3028,#3036,#3045,#3054,#3063,#3084,#3090,#3091,#3098,#3099,#3100,#3108,#3124));
#3126=FACE_BOUND('',#3125,.T.);
#3127=CARTESIAN_POINT('',(-28.55,-0.,107.4));
#3128=VERTEX_POINT('',#3127);
#3129=CARTESIAN_POINT('',(-26.55,-0.,107.4));
#3130=DIRECTION('',(-0.,-0.,1.));
#3131=DIRECTION('',(-1.,0.,0.));
#3132=AXIS2_PLACEMENT_3D('',#3129,#3130,#3131);
#3133=CIRCLE('',#3132,2.);
#3134=EDGE_CURVE('',#52,#3128,#3133,.T.);
#3135=ORIENTED_EDGE('',*,*,#3134,.T.);
#3136=CARTESIAN_POINT('',(-26.55,-0.,107.4));
#3137=DIRECTION('',(-0.,-0.,1.));
#3138=DIRECTION('',(-1.,0.,0.));
#3139=AXIS2_PLACEMENT_3D('',#3136,#3137,#3138);
#3140=CIRCLE('',#3139,2.);
#3141=EDGE_CURVE('',#3128,#94,#3140,.T.);
#3142=ORIENTED_EDGE('',*,*,#3141,.T.);
#3143=ORIENTED_EDGE('',*,*,#100,.T.);
#3144=CARTESIAN_POINT('',(26.55,-0.,107.4));
#3145=DIRECTION('',(-0.,-0.,1.));
#3146=DIRECTION('',(-1.,0.,0.));
#3147=AXIS2_PLACEMENT_3D('',#3144,#3145,#3146);
#3148=CIRCLE('',#3147,2.);
#3149=EDGE_CURVE('',#86,#60,#3148,.T.);
#3150=ORIENTED_EDGE('',*,*,#3149,.T.);
#3151=ORIENTED_EDGE('',*,*,#66,.T.);
#3152=EDGE_LOOP('',(#3135,#3142,#3143,#3150,#3151));
#3153=FACE_BOUND('',#3152,.T.);
#3154=ADVANCED_FACE('',(#2958,#3126,#3153),#2888,.T.);
#3155=CARTESIAN_POINT('',(-0.000000006,0.,107.4));
#3156=DIRECTION('',(0.,0.,-1.));
#3157=DIRECTION('',(-1.,0.,0.));
#3158=AXIS2_PLACEMENT_3D('',#3155,#3156,#3157);
#3159=PLANE('',#3158);
#3160=CARTESIAN_POINT('',(25.645244616,22.471135274,107.4));
#3161=DIRECTION('',(0.,0.,-1.));
#3162=DIRECTION('',(-0.915325566,0.402714673,0.));
#3163=AXIS2_PLACEMENT_3D('',#3160,#3161,#3162);
#3164=CIRCLE('',#3163,3.);
#3165=EDGE_CURVE('',#3038,#3056,#3164,.T.);
#3166=ORIENTED_EDGE('',*,*,#3165,.F.);
#3167=ORIENTED_EDGE('',*,*,#3044,.T.);
#3168=CARTESIAN_POINT('',(0.,0.,107.4));
#3169=DIRECTION('',(0.,0.,-1.));
#3170=DIRECTION('',(-1.,0.,0.));
#3171=AXIS2_PLACEMENT_3D('',#3168,#3169,#3170);
#3172=CIRCLE('',#3171,30.6);
#3173=EDGE_CURVE('',#3065,#3030,#3172,.T.);
#3174=ORIENTED_EDGE('',*,*,#3173,.F.);
#3175=ORIENTED_EDGE('',*,*,#3083,.T.);
#3176=EDGE_LOOP('',(#3166,#3167,#3174,#3175));
#3177=FACE_BOUND('',#3176,.T.);
#3178=ADVANCED_FACE('',(#3177),#3159,.T.);
#3179=CARTESIAN_POINT('',(-0.000000006,0.,107.4));
#3180=DIRECTION('',(0.,0.,-1.));
#3181=DIRECTION('',(-1.,0.,0.));
#3182=AXIS2_PLACEMENT_3D('',#3179,#3180,#3181);
#3183=PLANE('',#3182);
#3184=CARTESIAN_POINT('',(-22.645222289,22.471116783,107.4));
#3185=VERTEX_POINT('',#3184);
#3186=CARTESIAN_POINT('',(-25.645222289,22.471116783,107.4));
#3187=DIRECTION('',(0.,0.,-1.));
#3188=DIRECTION('',(0.915321309,0.402724348,0.));
#3189=AXIS2_PLACEMENT_3D('',#3186,#3187,#3188);
#3190=CIRCLE('',#3189,3.);
#3191=EDGE_CURVE('',#3185,#2960,#3190,.T.);
#3192=ORIENTED_EDGE('',*,*,#3191,.F.);
#3193=CARTESIAN_POINT('',(-25.645222289,22.471116783,107.4));
#3194=DIRECTION('',(0.,0.,-1.));
#3195=DIRECTION('',(0.915321309,0.402724348,0.));
#3196=AXIS2_PLACEMENT_3D('',#3193,#3194,#3195);
#3197=CIRCLE('',#3196,3.);
#3198=EDGE_CURVE('',#2962,#3185,#3197,.T.);
#3199=ORIENTED_EDGE('',*,*,#3198,.F.);
#3200=ORIENTED_EDGE('',*,*,#3123,.T.);
#3201=CARTESIAN_POINT('',(0.,0.,107.4));
#3202=DIRECTION('',(0.,0.,-1.));
#3203=DIRECTION('',(-1.,0.,0.));
#3204=AXIS2_PLACEMENT_3D('',#3201,#3202,#3203);
#3205=CIRCLE('',#3204,30.6);
#3206=EDGE_CURVE('',#2971,#3102,#3205,.T.);
#3207=ORIENTED_EDGE('',*,*,#3206,.F.);
#3208=ORIENTED_EDGE('',*,*,#2977,.T.);
#3209=EDGE_LOOP('',(#3192,#3199,#3200,#3207,#3208));
#3210=FACE_BOUND('',#3209,.T.);
#3211=ADVANCED_FACE('',(#3210),#3183,.T.);
#3212=CARTESIAN_POINT('',(-18.98,28.,107.6));
#3213=DIRECTION('',(-1.,0.,0.));
#3214=DIRECTION('',(0.,0.,1.));
#3215=AXIS2_PLACEMENT_3D('',#3212,#3213,#3214);
#3216=PLANE('',#3215);
#3217=CARTESIAN_POINT('',(-18.981575169,24.,111.6));
#3218=VERTEX_POINT('',#3217);
#3219=CARTESIAN_POINT('',(-18.98,24.,111.6));
#3220=CARTESIAN_POINT('',(-18.98,24.265920352,111.6));
#3221=CARTESIAN_POINT('',(-18.98,24.532788506,111.580497552));
#3222=CARTESIAN_POINT('',(-18.98,24.796074011,111.538474257));
#3223=CARTESIAN_POINT('',(-18.98,25.059359517,111.496450962));
#3224=CARTESIAN_POINT('',(-18.98,25.316300529,111.432578605));
#3225=CARTESIAN_POINT('',(-18.98,25.565983239,111.343710222));
#3226=CARTESIAN_POINT('',(-18.98,25.815665949,111.25484184));
#3227=CARTESIAN_POINT('',(-18.98,26.059936043,111.139390664));
#3228=CARTESIAN_POINT('',(-18.98,26.285701497,110.999587448));
#3229=CARTESIAN_POINT('',(-18.98,26.398584224,110.92968584));
#3230=CARTESIAN_POINT('',(-18.98,26.507358717,110.853591782));
#3231=CARTESIAN_POINT('',(-18.98,26.611835727,110.771020016));
#3232=CARTESIAN_POINT('',(-18.98,26.716312738,110.688448249));
#3233=CARTESIAN_POINT('',(-18.98,26.816962694,110.598835101));
#3234=CARTESIAN_POINT('',(-18.98,26.91090715,110.504644528));
#3235=CARTESIAN_POINT('',(-18.98,27.098796061,110.316263384));
#3236=CARTESIAN_POINT('',(-18.98,27.261923224,110.108544739));
#3237=CARTESIAN_POINT('',(-18.98,27.401572856,109.882491494));
#3238=CARTESIAN_POINT('',(-18.98,27.471397673,109.769464872));
#3239=CARTESIAN_POINT('',(-18.98,27.535588022,109.651169322));
#3240=CARTESIAN_POINT('',(-18.98,27.592765495,109.530867871));
#3241=CARTESIAN_POINT('',(-18.98,27.649942969,109.41056642));
#3242=CARTESIAN_POINT('',(-18.98,27.700419037,109.287910959));
#3243=CARTESIAN_POINT('',(-18.98,27.744737828,109.163092623));
#3244=CARTESIAN_POINT('',(-18.98,27.789056618,109.038274288));
#3245=CARTESIAN_POINT('',(-18.98,27.827215691,108.911292222));
#3246=CARTESIAN_POINT('',(-18.98,27.859586495,108.782276904));
#3247=CARTESIAN_POINT('',(-18.98,27.891957299,108.653261585));
#3248=CARTESIAN_POINT('',(-18.98,27.918594125,108.521668282));
#3249=CARTESIAN_POINT('',(-18.98,27.939400294,108.390248612));
#3250=CARTESIAN_POINT('',(-18.98,27.981012632,108.127409273));
#3251=CARTESIAN_POINT('',(-18.98,28.,107.863960403));
#3252=CARTESIAN_POINT('',(-18.98,28.,107.6));
#3253=B_SPLINE_CURVE_WITH_KNOTS('',3,(#3219,#3220,#3221,#3222,#3223,#3224,#3225,#3226,#3227,#3228,#3229,#3230,#3231,#3232,#3233,#3234,#3235,#3236,#3237,#3238,#3239,#3240,#3241,#3242,#3243,#3244,
#3245,#3246,#3247,#3248,#3249,#3250,#3251,#3252),.UNSPECIFIED.,.F.,.F.,(4,3,3,3,3,3,3,3,3,3,3,4),(0.014000013,0.014797774,0.015595535,0.016393296,0.016792176,0.017191057,0.017988818,0.018387698,0.018786579,0.019185459,0.01958434,0.020382101),.UNSPECIFIED.);
#3254=EDGE_CURVE('',#3218,#1792,#3253,.T.);
#3255=ORIENTED_EDGE('',*,*,#3254,.F.);
#3256=CARTESIAN_POINT('',(-18.98,24.002491537,107.4));
#3257=DIRECTION('',(0.,0.,1.));
#3258=VECTOR('',#3257,4.2);
#3259=LINE('',#3256,#3258);
#3260=EDGE_CURVE('',#3102,#3218,#3259,.T.);
#3261=ORIENTED_EDGE('',*,*,#3260,.F.);
#3262=ORIENTED_EDGE('',*,*,#3107,.F.);
#3263=ORIENTED_EDGE('',*,*,#1803,.F.);
#3264=EDGE_LOOP('',(#3255,#3261,#3262,#3263));
#3265=FACE_BOUND('',#3264,.T.);
#3266=ADVANCED_FACE('',(#3265),#3216,.F.);
#3267=CARTESIAN_POINT('',(18.98,24.,111.6));
#3268=DIRECTION('',(1.,0.,0.));
#3269=DIRECTION('',(0.,0.,-1.));
#3270=AXIS2_PLACEMENT_3D('',#3267,#3268,#3269);
#3271=PLANE('',#3270);
#3272=ORIENTED_EDGE('',*,*,#3089,.T.);
#3273=CARTESIAN_POINT('',(18.98,24.002491537,111.6));
#3274=DIRECTION('',(-0.,-0.,-1.));
#3275=VECTOR('',#3274,4.2);
#3276=LINE('',#3273,#3275);
#3277=EDGE_CURVE('',#2444,#3065,#3276,.T.);
#3278=ORIENTED_EDGE('',*,*,#3277,.F.);
#3279=ORIENTED_EDGE('',*,*,#2483,.T.);
#3280=ORIENTED_EDGE('',*,*,#1733,.T.);
#3281=EDGE_LOOP('',(#3272,#3278,#3279,#3280));
#3282=FACE_BOUND('',#3281,.T.);
#3283=ADVANCED_FACE('',(#3282),#3271,.F.);
#3284=CARTESIAN_POINT('',(0.,0.,111.6));
#3285=DIRECTION('',(0.,0.,1.));
#3286=DIRECTION('',(1.,0.,0.));
#3287=AXIS2_PLACEMENT_3D('',#3284,#3285,#3286);
#3288=PLANE('',#3287);
#3289=CARTESIAN_POINT('',(-18.503483328,-56.,111.6));
#3290=VERTEX_POINT('',#3289);
#3291=CARTESIAN_POINT('',(-22.5,-56.,111.6));
#3292=DIRECTION('',(-0.,-0.,-1.));
#3293=DIRECTION('',(1.,0.,-0.));
#3294=AXIS2_PLACEMENT_3D('',#3291,#3292,#3293);
#3295=CIRCLE('',#3294,3.996516672);
#3296=EDGE_CURVE('',#3290,#3290,#3295,.T.);
#3297=ORIENTED_EDGE('',*,*,#3296,.F.);
#3298=EDGE_LOOP('',(#3297));
#3299=FACE_BOUND('',#3298,.T.);
#3300=CARTESIAN_POINT('',(12.,-45.3,111.6));
#3301=VERTEX_POINT('',#3300);
#3302=CARTESIAN_POINT('',(0.,-45.3,111.6));
#3303=DIRECTION('',(0.,0.,1.));
#3304=DIRECTION('',(1.,0.,-0.));
#3305=AXIS2_PLACEMENT_3D('',#3302,#3303,#3304);
#3306=CIRCLE('',#3305,12.);
#3307=EDGE_CURVE('',#3301,#3301,#3306,.T.);
#3308=ORIENTED_EDGE('',*,*,#3307,.T.);
#3309=EDGE_LOOP('',(#3308));
#3310=FACE_BOUND('',#3309,.T.);
#3311=ORIENTED_EDGE('',*,*,#2853,.F.);
#3312=CARTESIAN_POINT('',(22.500192797,-59.999554656,111.6));
#3313=VERTEX_POINT('',#3312);
#3314=CARTESIAN_POINT('',(22.5,-56.,111.6));
#3315=DIRECTION('',(-0.,-0.,-1.));
#3316=DIRECTION('',(1.,0.,-0.));
#3317=AXIS2_PLACEMENT_3D('',#3314,#3315,#3316);
#3318=CIRCLE('',#3317,3.999362549);
#3319=EDGE_CURVE('',#3313,#2832,#3318,.T.);
#3320=ORIENTED_EDGE('',*,*,#3319,.F.);
#3321=CARTESIAN_POINT('',(-22.5,-60.,111.6));
#3322=VERTEX_POINT('',#3321);
#3323=CARTESIAN_POINT('',(-22.5,-60.,111.6));
#3324=DIRECTION('',(1.,0.,-0.));
#3325=VECTOR('',#3324,45.);
#3326=LINE('',#3323,#3325);
#3327=EDGE_CURVE('',#3322,#3313,#3326,.T.);
#3328=ORIENTED_EDGE('',*,*,#3327,.F.);
#3329=CARTESIAN_POINT('',(-26.5,-56.,111.6));
#3330=VERTEX_POINT('',#3329);
#3331=CARTESIAN_POINT('',(-26.5,-56.,111.6));
#3332=CARTESIAN_POINT('',(-26.5,-56.392489466,111.6));
#3333=CARTESIAN_POINT('',(-26.42289878,-56.780348485,111.6));
#3334=CARTESIAN_POINT('',(-26.345956621,-57.16740735,111.6));
#3335=CARTESIAN_POINT('',(-26.19551813,-57.530733729,111.6));
#3336=CARTESIAN_POINT('',(-26.045486863,-57.893076615,111.6));
#3337=CARTESIAN_POINT('',(-25.825673002,-58.222143657,111.6));
#3338=CARTESIAN_POINT('',(-25.606440743,-58.550340025,111.6));
#3339=CARTESIAN_POINT('',(-25.328427125,-58.828427125,111.6));
#3340=CARTESIAN_POINT('',(-25.051153765,-59.105773769,111.6));
#3341=CARTESIAN_POINT('',(-24.722143657,-59.325673002,111.6));
#3342=CARTESIAN_POINT('',(-24.394004147,-59.544990356,111.6));
#3343=CARTESIAN_POINT('',(-24.030733729,-59.69551813,111.6));
#3344=CARTESIAN_POINT('',(-23.668414366,-59.845651817,111.6));
#3345=CARTESIAN_POINT('',(-23.280348485,-59.92289878,111.6));
#3346=CARTESIAN_POINT('',(-22.893014779,-60.,111.6));
#3347=CARTESIAN_POINT('',(-22.5,-60.,111.6));
#3348=B_SPLINE_CURVE_WITH_KNOTS('',2,(#3331,#3332,#3333,#3334,#3335,#3336,#3337,#3338,#3339,#3340,#3341,#3342,#3343,#3344,#3345,#3346,#3347),.UNSPECIFIED.,.F.,.F.,(3,2,2,2,2,2,2,2,3),(0.,0.125,0.25,0.375,0.5,0.625,0.75,0.875,1.),.UNSPECIFIED.);
#3349=EDGE_CURVE('',#3330,#3322,#3348,.T.);
#3350=ORIENTED_EDGE('',*,*,#3349,.F.);
#3351=CARTESIAN_POINT('',(-26.5,-10.756858277,111.6));
#3352=VERTEX_POINT('',#3351);
#3353=CARTESIAN_POINT('',(-26.5,-10.756858277,111.6));
#3354=DIRECTION('',(-0.,-1.,-0.));
#3355=VECTOR('',#3354,45.243141723);
#3356=LINE('',#3353,#3355);
#3357=EDGE_CURVE('',#3352,#3330,#3356,.T.);
#3358=ORIENTED_EDGE('',*,*,#3357,.F.);
#3359=CARTESIAN_POINT('',(0.,0.,111.6));
#3360=DIRECTION('',(-0.,-0.,-1.));
#3361=DIRECTION('',(1.,0.,-0.));
#3362=AXIS2_PLACEMENT_3D('',#3359,#3360,#3361);
#3363=CIRCLE('',#3362,28.6);
#3364=EDGE_CURVE('',#2764,#3352,#3363,.T.);
#3365=ORIENTED_EDGE('',*,*,#3364,.F.);
#3366=EDGE_LOOP('',(#3311,#3320,#3328,#3350,#3358,#3365));
#3367=FACE_BOUND('',#3366,.T.);
#3368=ADVANCED_FACE('',(#3299,#3310,#3367),#3288,.F.);
#3369=CARTESIAN_POINT('',(30.5,-18.,113.6));
#3370=DIRECTION('',(1.,0.,0.));
#3371=DIRECTION('',(0.,0.,-1.));
#3372=AXIS2_PLACEMENT_3D('',#3369,#3370,#3371);
#3373=PLANE('',#3372);
#3374=CARTESIAN_POINT('',(30.5,15.3,107.6));
#3375=VERTEX_POINT('',#3374);
#3376=CARTESIAN_POINT('',(30.5,15.3,107.6));
#3377=DIRECTION('',(-0.,-0.,-1.));
#3378=VECTOR('',#3377,0.2);
#3379=LINE('',#3376,#3378);
#3380=EDGE_CURVE('',#3375,#3022,#3379,.T.);
#3381=ORIENTED_EDGE('',*,*,#3380,.T.);
#3382=ORIENTED_EDGE('',*,*,#3027,.T.);
#3383=CARTESIAN_POINT('',(30.5,-56.,107.6));
#3384=DIRECTION('',(0.,0.,-1.));
#3385=VECTOR('',#3384,0.2);
#3386=LINE('',#3383,#3385);
#3387=EDGE_CURVE('',#2824,#3013,#3386,.T.);
#3388=ORIENTED_EDGE('',*,*,#3387,.F.);
#3389=ORIENTED_EDGE('',*,*,#2829,.F.);
#3390=CARTESIAN_POINT('',(30.5,2.304343724,107.6));
#3391=VERTEX_POINT('',#3390);
#3392=CARTESIAN_POINT('',(30.5,2.304343724,107.6));
#3393=DIRECTION('',(0.,-1.,-0.));
#3394=VECTOR('',#3393,4.608687449);
#3395=LINE('',#3392,#3394);
#3396=EDGE_CURVE('',#3391,#2779,#3395,.T.);
#3397=ORIENTED_EDGE('',*,*,#3396,.F.);
#3398=CARTESIAN_POINT('',(30.5,15.3,107.6));
#3399=DIRECTION('',(0.,-1.,-0.));
#3400=VECTOR('',#3399,12.995656276);
#3401=LINE('',#3398,#3400);
#3402=EDGE_CURVE('',#3375,#3391,#3401,.T.);
#3403=ORIENTED_EDGE('',*,*,#3402,.F.);
#3404=EDGE_LOOP('',(#3381,#3382,#3388,#3389,#3397,#3403));
#3405=FACE_BOUND('',#3404,.T.);
#3406=ADVANCED_FACE('',(#3405),#3373,.F.);
#3407=CARTESIAN_POINT('',(-30.5,-18.,113.6));
#3408=DIRECTION('',(-1.,-0.,0.));
#3409=DIRECTION('',(0.,-1.,0.));
#3410=AXIS2_PLACEMENT_3D('',#3407,#3408,#3409);
#3411=PLANE('',#3410);
#3412=ORIENTED_EDGE('',*,*,#2993,.T.);
#3413=CARTESIAN_POINT('',(-30.5,15.3,107.6));
#3414=DIRECTION('',(-0.,-0.,-1.));
#3415=VECTOR('',#3414,0.2);
#3416=LINE('',#3413,#3415);
#3417=EDGE_CURVE('',#2610,#2980,#3416,.T.);
#3418=ORIENTED_EDGE('',*,*,#3417,.F.);
#3419=ORIENTED_EDGE('',*,*,#2615,.F.);
#3420=CARTESIAN_POINT('',(-30.5,-2.304343724,107.6));
#3421=VERTEX_POINT('',#3420);
#3422=CARTESIAN_POINT('',(-30.5,-2.304343724,107.6));
#3423=DIRECTION('',(-0.,1.,-0.));
#3424=VECTOR('',#3423,4.608687448);
#3425=LINE('',#3422,#3424);
#3426=EDGE_CURVE('',#3421,#2577,#3425,.T.);
#3427=ORIENTED_EDGE('',*,*,#3426,.F.);
#3428=CARTESIAN_POINT('',(-30.5,-56.,107.6));
#3429=VERTEX_POINT('',#3428);
#3430=CARTESIAN_POINT('',(-30.5,-56.,107.6));
#3431=DIRECTION('',(-0.,1.,-0.));
#3432=VECTOR('',#3431,53.695656276);
#3433=LINE('',#3430,#3432);
#3434=EDGE_CURVE('',#3429,#3421,#3433,.T.);
#3435=ORIENTED_EDGE('',*,*,#3434,.F.);
#3436=CARTESIAN_POINT('',(-30.5,-56.,107.6));
#3437=DIRECTION('',(0.,0.,-1.));
#3438=VECTOR('',#3437,0.2);
#3439=LINE('',#3436,#3438);
#3440=EDGE_CURVE('',#3429,#2988,#3439,.T.);
#3441=ORIENTED_EDGE('',*,*,#3440,.T.);
#3442=EDGE_LOOP('',(#3412,#3418,#3419,#3427,#3435,#3441));
#3443=FACE_BOUND('',#3442,.T.);
#3444=ADVANCED_FACE('',(#3443),#3411,.F.);
#3445=CARTESIAN_POINT('',(-22.5,-56.,113.6));
#3446=DIRECTION('',(0.,0.,-1.));
#3447=DIRECTION('',(-1.,0.,0.));
#3448=AXIS2_PLACEMENT_3D('',#3445,#3446,#3447);
#3449=CYLINDRICAL_SURFACE('',#3448,8.);
#3450=CARTESIAN_POINT('',(-22.5,-64.,107.6));
#3451=VERTEX_POINT('',#3450);
#3452=CARTESIAN_POINT('',(-22.5,-64.,107.6));
#3453=DIRECTION('',(0.,0.,-1.));
#3454=VECTOR('',#3453,0.2);
#3455=LINE('',#3452,#3454);
#3456=EDGE_CURVE('',#3451,#2996,#3455,.T.);
#3457=ORIENTED_EDGE('',*,*,#3456,.T.);
#3458=ORIENTED_EDGE('',*,*,#3002,.F.);
#3459=ORIENTED_EDGE('',*,*,#3440,.F.);
#3460=CARTESIAN_POINT('',(-22.5,-56.,107.6));
#3461=DIRECTION('',(0.,0.,-1.));
#3462=DIRECTION('',(-1.,0.,0.));
#3463=AXIS2_PLACEMENT_3D('',#3460,#3461,#3462);
#3464=CIRCLE('',#3463,8.);
#3465=EDGE_CURVE('',#3451,#3429,#3464,.T.);
#3466=ORIENTED_EDGE('',*,*,#3465,.F.);
#3467=EDGE_LOOP('',(#3457,#3458,#3459,#3466));
#3468=FACE_BOUND('',#3467,.T.);
#3469=ADVANCED_FACE('',(#3468),#3449,.F.);
#3470=CARTESIAN_POINT('',(0.,-64.,113.6));
#3471=DIRECTION('',(0.,-1.,0.));
#3472=DIRECTION('',(0.,0.,-1.));
#3473=AXIS2_PLACEMENT_3D('',#3470,#3471,#3472);
#3474=PLANE('',#3473);
#3475=ORIENTED_EDGE('',*,*,#3010,.T.);
#3476=ORIENTED_EDGE('',*,*,#3456,.F.);
#3477=CARTESIAN_POINT('',(22.5,-64.,107.6));
#3478=VERTEX_POINT('',#3477);
#3479=CARTESIAN_POINT('',(22.5,-64.,107.6));
#3480=DIRECTION('',(-1.,-0.,-0.));
#3481=VECTOR('',#3480,45.);
#3482=LINE('',#3479,#3481);
#3483=EDGE_CURVE('',#3478,#3451,#3482,.T.);
#3484=ORIENTED_EDGE('',*,*,#3483,.F.);
#3485=CARTESIAN_POINT('',(22.5,-64.,107.6));
#3486=DIRECTION('',(0.,0.,-1.));
#3487=VECTOR('',#3486,0.2);
#3488=LINE('',#3485,#3487);
#3489=EDGE_CURVE('',#3478,#3005,#3488,.T.);
#3490=ORIENTED_EDGE('',*,*,#3489,.T.);
#3491=EDGE_LOOP('',(#3475,#3476,#3484,#3490));
#3492=FACE_BOUND('',#3491,.T.);
#3493=ADVANCED_FACE('',(#3492),#3474,.F.);
#3494=CARTESIAN_POINT('',(22.5,-56.,113.6));
#3495=DIRECTION('',(0.,0.,-1.));
#3496=DIRECTION('',(-1.,0.,0.));
#3497=AXIS2_PLACEMENT_3D('',#3494,#3495,#3496);
#3498=CYLINDRICAL_SURFACE('',#3497,8.);
#3499=ORIENTED_EDGE('',*,*,#3387,.T.);
#3500=ORIENTED_EDGE('',*,*,#3019,.F.);
#3501=ORIENTED_EDGE('',*,*,#3489,.F.);
#3502=CARTESIAN_POINT('',(22.5,-56.,107.6));
#3503=DIRECTION('',(0.,0.,-1.));
#3504=DIRECTION('',(-1.,0.,0.));
#3505=AXIS2_PLACEMENT_3D('',#3502,#3503,#3504);
#3506=CIRCLE('',#3505,8.);
#3507=EDGE_CURVE('',#2824,#3478,#3506,.T.);
#3508=ORIENTED_EDGE('',*,*,#3507,.F.);
#3509=EDGE_LOOP('',(#3499,#3500,#3501,#3508));
#3510=FACE_BOUND('',#3509,.T.);
#3511=ADVANCED_FACE('',(#3510),#3498,.F.);
#3512=CARTESIAN_POINT('',(-0.000000006,0.,106.4));
#3513=DIRECTION('',(0.,0.,1.));
#3514=DIRECTION('',(1.,0.,0.));
#3515=AXIS2_PLACEMENT_3D('',#3512,#3513,#3514);
#3516=PLANE('',#3515);
#3517=CARTESIAN_POINT('',(-31.35,-56.,106.4));
#3518=VERTEX_POINT('',#3517);
#3519=CARTESIAN_POINT('',(-31.35,20.,106.4));
#3520=VERTEX_POINT('',#3519);
#3521=CARTESIAN_POINT('',(-31.35,-56.,106.4));
#3522=DIRECTION('',(-0.,1.,0.));
#3523=VECTOR('',#3522,76.);
#3524=LINE('',#3521,#3523);
#3525=EDGE_CURVE('',#3518,#3520,#3524,.T.);
#3526=ORIENTED_EDGE('',*,*,#3525,.F.);
#3527=CARTESIAN_POINT('',(-22.5,-64.85,106.4));
#3528=VERTEX_POINT('',#3527);
#3529=CARTESIAN_POINT('',(-22.5,-56.,106.4));
#3530=DIRECTION('',(0.,0.,-1.));
#3531=DIRECTION('',(0.,-1.,0.));
#3532=AXIS2_PLACEMENT_3D('',#3529,#3530,#3531);
#3533=CIRCLE('',#3532,8.85);
#3534=EDGE_CURVE('',#3528,#3518,#3533,.T.);
#3535=ORIENTED_EDGE('',*,*,#3534,.F.);
#3536=CARTESIAN_POINT('',(22.5,-64.85,106.4));
#3537=VERTEX_POINT('',#3536);
#3538=CARTESIAN_POINT('',(22.5,-64.85,106.4));
#3539=DIRECTION('',(-1.,0.,0.));
#3540=VECTOR('',#3539,45.);
#3541=LINE('',#3538,#3540);
#3542=EDGE_CURVE('',#3537,#3528,#3541,.T.);
#3543=ORIENTED_EDGE('',*,*,#3542,.F.);
#3544=CARTESIAN_POINT('',(31.35,-56.,106.4));
#3545=VERTEX_POINT('',#3544);
#3546=CARTESIAN_POINT('',(22.5,-56.,106.4));
#3547=DIRECTION('',(0.,0.,-1.));
#3548=DIRECTION('',(1.,0.,0.));
#3549=AXIS2_PLACEMENT_3D('',#3546,#3547,#3548);
#3550=CIRCLE('',#3549,8.85);
#3551=EDGE_CURVE('',#3545,#3537,#3550,.T.);
#3552=ORIENTED_EDGE('',*,*,#3551,.F.);
#3553=CARTESIAN_POINT('',(31.35,20.,106.4));
#3554=VERTEX_POINT('',#3553);
#3555=CARTESIAN_POINT('',(31.35,20.,106.4));
#3556=DIRECTION('',(0.,-1.,0.));
#3557=VECTOR('',#3556,76.);
#3558=LINE('',#3555,#3557);
#3559=EDGE_CURVE('',#3554,#3545,#3558,.T.);
#3560=ORIENTED_EDGE('',*,*,#3559,.F.);
#3561=CARTESIAN_POINT('',(22.5,28.85,106.4));
#3562=VERTEX_POINT('',#3561);
#3563=CARTESIAN_POINT('',(22.5,20.,106.4));
#3564=DIRECTION('',(0.,0.,-1.));
#3565=DIRECTION('',(0.,1.,0.));
#3566=AXIS2_PLACEMENT_3D('',#3563,#3564,#3565);
#3567=CIRCLE('',#3566,8.85);
#3568=EDGE_CURVE('',#3562,#3554,#3567,.T.);
#3569=ORIENTED_EDGE('',*,*,#3568,.F.);
#3570=CARTESIAN_POINT('',(-22.5,28.85,106.4));
#3571=VERTEX_POINT('',#3570);
#3572=CARTESIAN_POINT('',(-22.5,28.85,106.4));
#3573=DIRECTION('',(1.,0.,-0.));
#3574=VECTOR('',#3573,45.);
#3575=LINE('',#3572,#3574);
#3576=EDGE_CURVE('',#3571,#3562,#3575,.T.);
#3577=ORIENTED_EDGE('',*,*,#3576,.F.);
#3578=CARTESIAN_POINT('',(-22.5,20.,106.4));
#3579=DIRECTION('',(0.,0.,-1.));
#3580=DIRECTION('',(-1.,0.,0.));
#3581=AXIS2_PLACEMENT_3D('',#3578,#3579,#3580);
#3582=CIRCLE('',#3581,8.85);
#3583=EDGE_CURVE('',#3520,#3571,#3582,.T.);
#3584=ORIENTED_EDGE('',*,*,#3583,.F.);
#3585=EDGE_LOOP('',(#3526,#3535,#3543,#3552,#3560,#3569,#3577,#3584));
#3586=FACE_BOUND('',#3585,.T.);
#3587=CARTESIAN_POINT('',(-22.5,29.5,106.4));
#3588=VERTEX_POINT('',#3587);
#3589=CARTESIAN_POINT('',(22.5,29.5,106.4));
#3590=VERTEX_POINT('',#3589);
#3591=CARTESIAN_POINT('',(-22.5,29.5,106.4));
#3592=DIRECTION('',(1.,0.,-0.));
#3593=VECTOR('',#3592,45.);
#3594=LINE('',#3591,#3593);
#3595=EDGE_CURVE('',#3588,#3590,#3594,.T.);
#3596=ORIENTED_EDGE('',*,*,#3595,.T.);
#3597=CARTESIAN_POINT('',(32.,20.,106.4));
#3598=VERTEX_POINT('',#3597);
#3599=CARTESIAN_POINT('',(22.5,20.,106.4));
#3600=DIRECTION('',(-0.,-0.,-1.));
#3601=DIRECTION('',(1.,0.,-0.));
#3602=AXIS2_PLACEMENT_3D('',#3599,#3600,#3601);
#3603=CIRCLE('',#3602,9.5);
#3604=EDGE_CURVE('',#3590,#3598,#3603,.T.);
#3605=ORIENTED_EDGE('',*,*,#3604,.T.);
#3606=CARTESIAN_POINT('',(32.,-56.,106.4));
#3607=VERTEX_POINT('',#3606);
#3608=CARTESIAN_POINT('',(32.,20.,106.4));
#3609=DIRECTION('',(0.,-1.,0.));
#3610=VECTOR('',#3609,76.);
#3611=LINE('',#3608,#3610);
#3612=EDGE_CURVE('',#3598,#3607,#3611,.T.);
#3613=ORIENTED_EDGE('',*,*,#3612,.T.);
#3614=CARTESIAN_POINT('',(22.5,-65.5,106.4));
#3615=VERTEX_POINT('',#3614);
#3616=CARTESIAN_POINT('',(22.5,-56.,106.4));
#3617=DIRECTION('',(-0.,-0.,-1.));
#3618=DIRECTION('',(1.,0.,-0.));
#3619=AXIS2_PLACEMENT_3D('',#3616,#3617,#3618);
#3620=CIRCLE('',#3619,9.5);
#3621=EDGE_CURVE('',#3607,#3615,#3620,.T.);
#3622=ORIENTED_EDGE('',*,*,#3621,.T.);
#3623=CARTESIAN_POINT('',(-22.5,-65.5,106.4));
#3624=VERTEX_POINT('',#3623);
#3625=CARTESIAN_POINT('',(22.5,-65.5,106.4));
#3626=DIRECTION('',(-1.,0.,0.));
#3627=VECTOR('',#3626,45.);
#3628=LINE('',#3625,#3627);
#3629=EDGE_CURVE('',#3615,#3624,#3628,.T.);
#3630=ORIENTED_EDGE('',*,*,#3629,.T.);
#3631=CARTESIAN_POINT('',(-32.,-56.,106.4));
#3632=VERTEX_POINT('',#3631);
#3633=CARTESIAN_POINT('',(-22.5,-56.,106.4));
#3634=DIRECTION('',(-0.,-0.,-1.));
#3635=DIRECTION('',(1.,0.,-0.));
#3636=AXIS2_PLACEMENT_3D('',#3633,#3634,#3635);
#3637=CIRCLE('',#3636,9.5);
#3638=EDGE_CURVE('',#3624,#3632,#3637,.T.);
#3639=ORIENTED_EDGE('',*,*,#3638,.T.);
#3640=CARTESIAN_POINT('',(-32.,20.,106.4));
#3641=VERTEX_POINT('',#3640);
#3642=CARTESIAN_POINT('',(-32.,-56.,106.4));
#3643=DIRECTION('',(-0.,1.,0.));
#3644=VECTOR('',#3643,76.);
#3645=LINE('',#3642,#3644);
#3646=EDGE_CURVE('',#3632,#3641,#3645,.T.);
#3647=ORIENTED_EDGE('',*,*,#3646,.T.);
#3648=CARTESIAN_POINT('',(-22.5,20.,106.4));
#3649=DIRECTION('',(-0.,-0.,-1.));
#3650=DIRECTION('',(1.,0.,-0.));
#3651=AXIS2_PLACEMENT_3D('',#3648,#3649,#3650);
#3652=CIRCLE('',#3651,9.5);
#3653=EDGE_CURVE('',#3641,#3588,#3652,.T.);
#3654=ORIENTED_EDGE('',*,*,#3653,.T.);
#3655=EDGE_LOOP('',(#3596,#3605,#3613,#3622,#3630,#3639,#3647,#3654));
#3656=FACE_BOUND('',#3655,.T.);
#3657=ADVANCED_FACE('',(#3586,#3656),#3516,.F.);
#3658=CARTESIAN_POINT('',(0.,0.,113.6));
#3659=DIRECTION('',(0.,0.,1.));
#3660=DIRECTION('',(1.,0.,0.));
#3661=AXIS2_PLACEMENT_3D('',#3658,#3659,#3660);
#3662=PLANE('',#3661);
#3663=CARTESIAN_POINT('',(22.5,24.,113.6));
#3664=VERTEX_POINT('',#3663);
#3665=CARTESIAN_POINT('',(18.983150423,24.,113.6));
#3666=VERTEX_POINT('',#3665);
#3667=CARTESIAN_POINT('',(22.5,24.,113.6));
#3668=DIRECTION('',(-1.,-0.,0.));
#3669=VECTOR('',#3668,3.516849577);
#3670=LINE('',#3667,#3669);
#3671=EDGE_CURVE('',#3664,#3666,#3670,.T.);
#3672=ORIENTED_EDGE('',*,*,#3671,.T.);
#3673=CARTESIAN_POINT('',(26.5,15.300653581,113.6));
#3674=VERTEX_POINT('',#3673);
#3675=CARTESIAN_POINT('',(0.,0.,113.6));
#3676=DIRECTION('',(-0.,-0.,-1.));
#3677=DIRECTION('',(1.,0.,-0.));
#3678=AXIS2_PLACEMENT_3D('',#3675,#3676,#3677);
#3679=CIRCLE('',#3678,30.6);
#3680=EDGE_CURVE('',#3666,#3674,#3679,.T.);
#3681=ORIENTED_EDGE('',*,*,#3680,.T.);
#3682=CARTESIAN_POINT('',(26.5,20.,113.6));
#3683=VERTEX_POINT('',#3682);
#3684=CARTESIAN_POINT('',(26.5,15.300653581,113.6));
#3685=DIRECTION('',(0.,1.,0.));
#3686=VECTOR('',#3685,4.699346419);
#3687=LINE('',#3684,#3686);
#3688=EDGE_CURVE('',#3674,#3683,#3687,.T.);
#3689=ORIENTED_EDGE('',*,*,#3688,.T.);
#3690=CARTESIAN_POINT('',(26.5,20.,113.6));
#3691=CARTESIAN_POINT('',(26.5,20.392489466,113.6));
#3692=CARTESIAN_POINT('',(26.42289878,20.780348485,113.6));
#3693=CARTESIAN_POINT('',(26.345956621,21.16740735,113.6));
#3694=CARTESIAN_POINT('',(26.19551813,21.530733729,113.6));
#3695=CARTESIAN_POINT('',(26.045486863,21.893076615,113.6));
#3696=CARTESIAN_POINT('',(25.825673002,22.222143657,113.6));
#3697=CARTESIAN_POINT('',(25.606440743,22.550340025,113.6));
#3698=CARTESIAN_POINT('',(25.328427125,22.828427125,113.6));
#3699=CARTESIAN_POINT('',(25.051153765,23.105773769,113.6));
#3700=CARTESIAN_POINT('',(24.722143657,23.325673002,113.6));
#3701=CARTESIAN_POINT('',(24.394004147,23.544990356,113.6));
#3702=CARTESIAN_POINT('',(24.030733729,23.69551813,113.6));
#3703=CARTESIAN_POINT('',(23.668414366,23.845651817,113.6));
#3704=CARTESIAN_POINT('',(23.280348485,23.92289878,113.6));
#3705=CARTESIAN_POINT('',(22.893014779,24.,113.6));
#3706=CARTESIAN_POINT('',(22.5,24.,113.6));
#3707=B_SPLINE_CURVE_WITH_KNOTS('',2,(#3690,#3691,#3692,#3693,#3694,#3695,#3696,#3697,#3698,#3699,#3700,#3701,#3702,#3703,#3704,#3705,#3706),.UNSPECIFIED.,.F.,.F.,(3,2,2,2,2,2,2,2,3),(0.,0.125,0.25,0.375,0.5,0.625,0.75,0.875,1.),.UNSPECIFIED.);
#3708=EDGE_CURVE('',#3683,#3664,#3707,.T.);
#3709=ORIENTED_EDGE('',*,*,#3708,.T.);
#3710=EDGE_LOOP('',(#3672,#3681,#3689,#3709));
#3711=FACE_BOUND('',#3710,.T.);
#3712=ADVANCED_FACE('',(#3711),#3662,.T.);
#3713=CARTESIAN_POINT('',(0.,0.,113.6));
#3714=DIRECTION('',(0.,0.,1.));
#3715=DIRECTION('',(1.,0.,0.));
#3716=AXIS2_PLACEMENT_3D('',#3713,#3714,#3715);
#3717=PLANE('',#3716);
#3718=CARTESIAN_POINT('',(-26.5,20.,113.6));
#3719=VERTEX_POINT('',#3718);
#3720=CARTESIAN_POINT('',(-26.5,15.300653581,113.6));
#3721=VERTEX_POINT('',#3720);
#3722=CARTESIAN_POINT('',(-26.5,20.,113.6));
#3723=DIRECTION('',(-0.,-1.,-0.));
#3724=VECTOR('',#3723,4.699346419);
#3725=LINE('',#3722,#3724);
#3726=EDGE_CURVE('',#3719,#3721,#3725,.T.);
#3727=ORIENTED_EDGE('',*,*,#3726,.T.);
#3728=CARTESIAN_POINT('',(-18.983150423,24.,113.6));
#3729=VERTEX_POINT('',#3728);
#3730=CARTESIAN_POINT('',(0.,0.,113.6));
#3731=DIRECTION('',(-0.,-0.,-1.));
#3732=DIRECTION('',(1.,0.,-0.));
#3733=AXIS2_PLACEMENT_3D('',#3730,#3731,#3732);
#3734=CIRCLE('',#3733,30.6);
#3735=EDGE_CURVE('',#3721,#3729,#3734,.T.);
#3736=ORIENTED_EDGE('',*,*,#3735,.T.);
#3737=CARTESIAN_POINT('',(-22.5,24.,113.6));
#3738=VERTEX_POINT('',#3737);
#3739=CARTESIAN_POINT('',(-18.983150423,24.,113.6));
#3740=DIRECTION('',(-1.,-0.,0.));
#3741=VECTOR('',#3740,3.516849577);
#3742=LINE('',#3739,#3741);
#3743=EDGE_CURVE('',#3729,#3738,#3742,.T.);
#3744=ORIENTED_EDGE('',*,*,#3743,.T.);
#3745=CARTESIAN_POINT('',(-22.5,24.,113.6));
#3746=CARTESIAN_POINT('',(-22.892489466,24.,113.6));
#3747=CARTESIAN_POINT('',(-23.280348485,23.92289878,113.6));
#3748=CARTESIAN_POINT('',(-23.66740735,23.845956621,113.6));
#3749=CARTESIAN_POINT('',(-24.030733729,23.69551813,113.6));
#3750=CARTESIAN_POINT('',(-24.393076615,23.545486863,113.6));
#3751=CARTESIAN_POINT('',(-24.722143657,23.325673002,113.6));
#3752=CARTESIAN_POINT('',(-25.050340025,23.106440743,113.6));
#3753=CARTESIAN_POINT('',(-25.328427125,22.828427125,113.6));
#3754=CARTESIAN_POINT('',(-25.605773769,22.551153765,113.6));
#3755=CARTESIAN_POINT('',(-25.825673002,22.222143657,113.6));
#3756=CARTESIAN_POINT('',(-26.044990356,21.894004147,113.6));
#3757=CARTESIAN_POINT('',(-26.19551813,21.530733729,113.6));
#3758=CARTESIAN_POINT('',(-26.345651817,21.168414366,113.6));
#3759=CARTESIAN_POINT('',(-26.42289878,20.780348485,113.6));
#3760=CARTESIAN_POINT('',(-26.5,20.393014779,113.6));
#3761=CARTESIAN_POINT('',(-26.5,20.,113.6));
#3762=B_SPLINE_CURVE_WITH_KNOTS('',2,(#3745,#3746,#3747,#3748,#3749,#3750,#3751,#3752,#3753,#3754,#3755,#3756,#3757,#3758,#3759,#3760,#3761),.UNSPECIFIED.,.F.,.F.,(3,2,2,2,2,2,2,2,3),(0.,0.125,0.25,0.375,0.5,0.625,0.75,0.875,1.),.UNSPECIFIED.);
#3763=EDGE_CURVE('',#3738,#3719,#3762,.T.);
#3764=ORIENTED_EDGE('',*,*,#3763,.T.);
#3765=EDGE_LOOP('',(#3727,#3736,#3744,#3764));
#3766=FACE_BOUND('',#3765,.T.);
#3767=ADVANCED_FACE('',(#3766),#3717,.T.);
#3768=CARTESIAN_POINT('',(32.5,-18.,113.6));
#3769=DIRECTION('',(1.,0.,0.));
#3770=DIRECTION('',(0.,0.,-1.));
#3771=AXIS2_PLACEMENT_3D('',#3768,#3769,#3770);
#3772=PLANE('',#3771);
#3773=CARTESIAN_POINT('',(32.5,-56.,107.6));
#3774=VERTEX_POINT('',#3773);
#3775=CARTESIAN_POINT('',(32.5,-56.,106.9));
#3776=VERTEX_POINT('',#3775);
#3777=CARTESIAN_POINT('',(32.5,-56.,107.6));
#3778=DIRECTION('',(0.,0.,-1.));
#3779=VECTOR('',#3778,0.7);
#3780=LINE('',#3777,#3779);
#3781=EDGE_CURVE('',#3774,#3776,#3780,.T.);
#3782=ORIENTED_EDGE('',*,*,#3781,.T.);
#3783=CARTESIAN_POINT('',(32.5,20.,106.9));
#3784=VERTEX_POINT('',#3783);
#3785=CARTESIAN_POINT('',(32.5,-56.,106.9));
#3786=DIRECTION('',(-0.,1.,-0.));
#3787=VECTOR('',#3786,76.);
#3788=LINE('',#3785,#3787);
#3789=EDGE_CURVE('',#3776,#3784,#3788,.T.);
#3790=ORIENTED_EDGE('',*,*,#3789,.T.);
#3791=CARTESIAN_POINT('',(32.5,20.,107.6));
#3792=VERTEX_POINT('',#3791);
#3793=CARTESIAN_POINT('',(32.5,20.,107.6));
#3794=DIRECTION('',(0.,0.,-1.));
#3795=VECTOR('',#3794,0.7);
#3796=LINE('',#3793,#3795);
#3797=EDGE_CURVE('',#3792,#3784,#3796,.T.);
#3798=ORIENTED_EDGE('',*,*,#3797,.F.);
#3799=CARTESIAN_POINT('',(32.5,2.304343724,107.6));
#3800=VERTEX_POINT('',#3799);
#3801=CARTESIAN_POINT('',(32.5,20.,107.6));
#3802=DIRECTION('',(0.,-1.,-0.));
#3803=VECTOR('',#3802,17.695656276);
#3804=LINE('',#3801,#3803);
#3805=EDGE_CURVE('',#3792,#3800,#3804,.T.);
#3806=ORIENTED_EDGE('',*,*,#3805,.T.);
#3807=CARTESIAN_POINT('',(32.5,-2.304343724,107.6));
#3808=VERTEX_POINT('',#3807);
#3809=CARTESIAN_POINT('',(32.5,2.304343724,107.6));
#3810=DIRECTION('',(0.,-1.,-0.));
#3811=VECTOR('',#3810,4.608687449);
#3812=LINE('',#3809,#3811);
#3813=EDGE_CURVE('',#3800,#3808,#3812,.T.);
#3814=ORIENTED_EDGE('',*,*,#3813,.T.);
#3815=CARTESIAN_POINT('',(32.5,-2.304343724,107.6));
#3816=DIRECTION('',(0.,-1.,-0.));
#3817=VECTOR('',#3816,53.695656276);
#3818=LINE('',#3815,#3817);
#3819=EDGE_CURVE('',#3808,#3774,#3818,.T.);
#3820=ORIENTED_EDGE('',*,*,#3819,.T.);
#3821=EDGE_LOOP('',(#3782,#3790,#3798,#3806,#3814,#3820));
#3822=FACE_BOUND('',#3821,.T.);
#3823=ADVANCED_FACE('',(#3822),#3772,.T.);
#3824=CARTESIAN_POINT('',(22.5,20.,113.6));
#3825=DIRECTION('',(0.,0.,-1.));
#3826=DIRECTION('',(-1.,0.,0.));
#3827=AXIS2_PLACEMENT_3D('',#3824,#3825,#3826);
#3828=CYLINDRICAL_SURFACE('',#3827,10.);
#3829=ORIENTED_EDGE('',*,*,#3797,.T.);
#3830=CARTESIAN_POINT('',(22.5,30.,106.9));
#3831=VERTEX_POINT('',#3830);
#3832=CARTESIAN_POINT('',(22.5,20.,106.9));
#3833=DIRECTION('',(0.,0.,1.));
#3834=DIRECTION('',(1.,0.,-0.));
#3835=AXIS2_PLACEMENT_3D('',#3832,#3833,#3834);
#3836=CIRCLE('',#3835,10.);
#3837=EDGE_CURVE('',#3784,#3831,#3836,.T.);
#3838=ORIENTED_EDGE('',*,*,#3837,.T.);
#3839=CARTESIAN_POINT('',(22.5,30.,107.6));
#3840=VERTEX_POINT('',#3839);
#3841=CARTESIAN_POINT('',(22.5,30.,107.6));
#3842=DIRECTION('',(0.,0.,-1.));
#3843=VECTOR('',#3842,0.7);
#3844=LINE('',#3841,#3843);
#3845=EDGE_CURVE('',#3840,#3831,#3844,.T.);
#3846=ORIENTED_EDGE('',*,*,#3845,.F.);
#3847=CARTESIAN_POINT('',(22.5,20.,107.6));
#3848=DIRECTION('',(0.,0.,-1.));
#3849=DIRECTION('',(-1.,0.,0.));
#3850=AXIS2_PLACEMENT_3D('',#3847,#3848,#3849);
#3851=CIRCLE('',#3850,10.);
#3852=EDGE_CURVE('',#3840,#3792,#3851,.T.);
#3853=ORIENTED_EDGE('',*,*,#3852,.T.);
#3854=EDGE_LOOP('',(#3829,#3838,#3846,#3853));
#3855=FACE_BOUND('',#3854,.T.);
#3856=ADVANCED_FACE('',(#3855),#3828,.T.);
#3857=CARTESIAN_POINT('',(0.,30.,113.6));
#3858=DIRECTION('',(0.,1.,0.));
#3859=DIRECTION('',(0.,0.,1.));
#3860=AXIS2_PLACEMENT_3D('',#3857,#3858,#3859);
#3861=PLANE('',#3860);
#3862=ORIENTED_EDGE('',*,*,#3845,.T.);
#3863=CARTESIAN_POINT('',(-22.5,30.,106.9));
#3864=VERTEX_POINT('',#3863);
#3865=CARTESIAN_POINT('',(22.5,30.,106.9));
#3866=DIRECTION('',(-1.,-0.,0.));
#3867=VECTOR('',#3866,45.);
#3868=LINE('',#3865,#3867);
#3869=EDGE_CURVE('',#3831,#3864,#3868,.T.);
#3870=ORIENTED_EDGE('',*,*,#3869,.T.);
#3871=CARTESIAN_POINT('',(-22.5,30.,107.6));
#3872=VERTEX_POINT('',#3871);
#3873=CARTESIAN_POINT('',(-22.5,30.,107.6));
#3874=DIRECTION('',(0.,0.,-1.));
#3875=VECTOR('',#3874,0.7);
#3876=LINE('',#3873,#3875);
#3877=EDGE_CURVE('',#3872,#3864,#3876,.T.);
#3878=ORIENTED_EDGE('',*,*,#3877,.F.);
#3879=CARTESIAN_POINT('',(-22.5,30.,107.6));
#3880=DIRECTION('',(1.,0.,0.));
#3881=VECTOR('',#3880,11.030039233);
#3882=LINE('',#3879,#3881);
#3883=EDGE_CURVE('',#3872,#1142,#3882,.T.);
#3884=ORIENTED_EDGE('',*,*,#3883,.T.);
#3885=ORIENTED_EDGE('',*,*,#1165,.T.);
#3886=CARTESIAN_POINT('',(11.469960767,30.,107.6));
#3887=DIRECTION('',(1.,0.,0.));
#3888=VECTOR('',#3887,11.030039233);
#3889=LINE('',#3886,#3888);
#3890=EDGE_CURVE('',#1127,#3840,#3889,.T.);
#3891=ORIENTED_EDGE('',*,*,#3890,.T.);
#3892=EDGE_LOOP('',(#3862,#3870,#3878,#3884,#3885,#3891));
#3893=FACE_BOUND('',#3892,.T.);
#3894=ADVANCED_FACE('',(#3893),#3861,.T.);
#3895=CARTESIAN_POINT('',(-22.5,20.,113.6));
#3896=DIRECTION('',(0.,0.,-1.));
#3897=DIRECTION('',(-1.,0.,0.));
#3898=AXIS2_PLACEMENT_3D('',#3895,#3896,#3897);
#3899=CYLINDRICAL_SURFACE('',#3898,10.);
#3900=ORIENTED_EDGE('',*,*,#3877,.T.);
#3901=CARTESIAN_POINT('',(-32.5,20.,106.9));
#3902=VERTEX_POINT('',#3901);
#3903=CARTESIAN_POINT('',(-22.5,20.,106.9));
#3904=DIRECTION('',(0.,0.,1.));
#3905=DIRECTION('',(1.,0.,-0.));
#3906=AXIS2_PLACEMENT_3D('',#3903,#3904,#3905);
#3907=CIRCLE('',#3906,10.);
#3908=EDGE_CURVE('',#3864,#3902,#3907,.T.);
#3909=ORIENTED_EDGE('',*,*,#3908,.T.);
#3910=CARTESIAN_POINT('',(-32.5,20.,107.6));
#3911=VERTEX_POINT('',#3910);
#3912=CARTESIAN_POINT('',(-32.5,20.,107.6));
#3913=DIRECTION('',(0.,0.,-1.));
#3914=VECTOR('',#3913,0.7);
#3915=LINE('',#3912,#3914);
#3916=EDGE_CURVE('',#3911,#3902,#3915,.T.);
#3917=ORIENTED_EDGE('',*,*,#3916,.F.);
#3918=CARTESIAN_POINT('',(-22.5,20.,107.6));
#3919=DIRECTION('',(0.,0.,-1.));
#3920=DIRECTION('',(-1.,0.,0.));
#3921=AXIS2_PLACEMENT_3D('',#3918,#3919,#3920);
#3922=CIRCLE('',#3921,10.);
#3923=EDGE_CURVE('',#3911,#3872,#3922,.T.);
#3924=ORIENTED_EDGE('',*,*,#3923,.T.);
#3925=EDGE_LOOP('',(#3900,#3909,#3917,#3924));
#3926=FACE_BOUND('',#3925,.T.);
#3927=ADVANCED_FACE('',(#3926),#3899,.T.);
#3928=CARTESIAN_POINT('',(-32.5,-18.,113.6));
#3929=DIRECTION('',(-1.,-0.,0.));
#3930=DIRECTION('',(0.,-1.,0.));
#3931=AXIS2_PLACEMENT_3D('',#3928,#3929,#3930);
#3932=PLANE('',#3931);
#3933=ORIENTED_EDGE('',*,*,#3916,.T.);
#3934=CARTESIAN_POINT('',(-32.5,-56.,106.9));
#3935=VERTEX_POINT('',#3934);
#3936=CARTESIAN_POINT('',(-32.5,20.,106.9));
#3937=DIRECTION('',(0.,-1.,-0.));
#3938=VECTOR('',#3937,76.);
#3939=LINE('',#3936,#3938);
#3940=EDGE_CURVE('',#3902,#3935,#3939,.T.);
#3941=ORIENTED_EDGE('',*,*,#3940,.T.);
#3942=CARTESIAN_POINT('',(-32.5,-56.,107.6));
#3943=VERTEX_POINT('',#3942);
#3944=CARTESIAN_POINT('',(-32.5,-56.,107.6));
#3945=DIRECTION('',(0.,0.,-1.));
#3946=VECTOR('',#3945,0.7);
#3947=LINE('',#3944,#3946);
#3948=EDGE_CURVE('',#3943,#3935,#3947,.T.);
#3949=ORIENTED_EDGE('',*,*,#3948,.F.);
#3950=CARTESIAN_POINT('',(-32.5,-2.304343724,107.6));
#3951=VERTEX_POINT('',#3950);
#3952=CARTESIAN_POINT('',(-32.5,-56.,107.6));
#3953=DIRECTION('',(-0.,1.,-0.));
#3954=VECTOR('',#3953,53.695656276);
#3955=LINE('',#3952,#3954);
#3956=EDGE_CURVE('',#3943,#3951,#3955,.T.);
#3957=ORIENTED_EDGE('',*,*,#3956,.T.);
#3958=CARTESIAN_POINT('',(-32.5,2.304343723,107.6));
#3959=VERTEX_POINT('',#3958);
#3960=CARTESIAN_POINT('',(-32.5,-2.304343724,107.6));
#3961=DIRECTION('',(-0.,1.,-0.));
#3962=VECTOR('',#3961,4.608687448);
#3963=LINE('',#3960,#3962);
#3964=EDGE_CURVE('',#3951,#3959,#3963,.T.);
#3965=ORIENTED_EDGE('',*,*,#3964,.T.);
#3966=CARTESIAN_POINT('',(-32.5,2.304343723,107.6));
#3967=DIRECTION('',(-0.,1.,-0.));
#3968=VECTOR('',#3967,17.695656277);
#3969=LINE('',#3966,#3968);
#3970=EDGE_CURVE('',#3959,#3911,#3969,.T.);
#3971=ORIENTED_EDGE('',*,*,#3970,.T.);
#3972=EDGE_LOOP('',(#3933,#3941,#3949,#3957,#3965,#3971));
#3973=FACE_BOUND('',#3972,.T.);
#3974=ADVANCED_FACE('',(#3973),#3932,.T.);
#3975=CARTESIAN_POINT('',(-22.5,-56.,113.6));
#3976=DIRECTION('',(0.,0.,-1.));
#3977=DIRECTION('',(-1.,0.,0.));
#3978=AXIS2_PLACEMENT_3D('',#3975,#3976,#3977);
#3979=CYLINDRICAL_SURFACE('',#3978,10.);
#3980=ORIENTED_EDGE('',*,*,#3948,.T.);
#3981=CARTESIAN_POINT('',(-22.5,-66.,106.9));
#3982=VERTEX_POINT('',#3981);
#3983=CARTESIAN_POINT('',(-22.5,-56.,106.9));
#3984=DIRECTION('',(0.,0.,1.));
#3985=DIRECTION('',(1.,0.,-0.));
#3986=AXIS2_PLACEMENT_3D('',#3983,#3984,#3985);
#3987=CIRCLE('',#3986,10.);
#3988=EDGE_CURVE('',#3935,#3982,#3987,.T.);
#3989=ORIENTED_EDGE('',*,*,#3988,.T.);
#3990=CARTESIAN_POINT('',(-22.5,-66.,107.6));
#3991=VERTEX_POINT('',#3990);
#3992=CARTESIAN_POINT('',(-22.5,-66.,107.6));
#3993=DIRECTION('',(0.,0.,-1.));
#3994=VECTOR('',#3993,0.7);
#3995=LINE('',#3992,#3994);
#3996=EDGE_CURVE('',#3991,#3982,#3995,.T.);
#3997=ORIENTED_EDGE('',*,*,#3996,.F.);
#3998=CARTESIAN_POINT('',(-22.5,-56.,107.6));
#3999=DIRECTION('',(0.,0.,-1.));
#4000=DIRECTION('',(-1.,0.,0.));
#4001=AXIS2_PLACEMENT_3D('',#3998,#3999,#4000);
#4002=CIRCLE('',#4001,10.);
#4003=EDGE_CURVE('',#3991,#3943,#4002,.T.);
#4004=ORIENTED_EDGE('',*,*,#4003,.T.);
#4005=EDGE_LOOP('',(#3980,#3989,#3997,#4004));
#4006=FACE_BOUND('',#4005,.T.);
#4007=ADVANCED_FACE('',(#4006),#3979,.T.);
#4008=CARTESIAN_POINT('',(0.,-66.,113.6));
#4009=DIRECTION('',(0.,-1.,0.));
#4010=DIRECTION('',(0.,0.,-1.));
#4011=AXIS2_PLACEMENT_3D('',#4008,#4009,#4010);
#4012=PLANE('',#4011);
#4013=ORIENTED_EDGE('',*,*,#3996,.T.);
#4014=CARTESIAN_POINT('',(22.5,-66.,106.9));
#4015=VERTEX_POINT('',#4014);
#4016=CARTESIAN_POINT('',(-22.5,-66.,106.9));
#4017=DIRECTION('',(1.,-0.,-0.));
#4018=VECTOR('',#4017,45.);
#4019=LINE('',#4016,#4018);
#4020=EDGE_CURVE('',#3982,#4015,#4019,.T.);
#4021=ORIENTED_EDGE('',*,*,#4020,.T.);
#4022=CARTESIAN_POINT('',(22.5,-66.,107.6));
#4023=VERTEX_POINT('',#4022);
#4024=CARTESIAN_POINT('',(22.5,-66.,107.6));
#4025=DIRECTION('',(0.,0.,-1.));
#4026=VECTOR('',#4025,0.7);
#4027=LINE('',#4024,#4026);
#4028=EDGE_CURVE('',#4023,#4015,#4027,.T.);
#4029=ORIENTED_EDGE('',*,*,#4028,.F.);
#4030=CARTESIAN_POINT('',(22.5,-66.,107.6));
#4031=DIRECTION('',(-1.,-0.,-0.));
#4032=VECTOR('',#4031,45.);
#4033=LINE('',#4030,#4032);
#4034=EDGE_CURVE('',#4023,#3991,#4033,.T.);
#4035=ORIENTED_EDGE('',*,*,#4034,.T.);
#4036=EDGE_LOOP('',(#4013,#4021,#4029,#4035));
#4037=FACE_BOUND('',#4036,.T.);
#4038=ADVANCED_FACE('',(#4037),#4012,.T.);
#4039=CARTESIAN_POINT('',(22.5,-56.,113.6));
#4040=DIRECTION('',(0.,0.,-1.));
#4041=DIRECTION('',(-1.,0.,0.));
#4042=AXIS2_PLACEMENT_3D('',#4039,#4040,#4041);
#4043=CYLINDRICAL_SURFACE('',#4042,10.);
#4044=ORIENTED_EDGE('',*,*,#4028,.T.);
#4045=CARTESIAN_POINT('',(22.5,-56.,106.9));
#4046=DIRECTION('',(0.,0.,1.));
#4047=DIRECTION('',(1.,0.,-0.));
#4048=AXIS2_PLACEMENT_3D('',#4045,#4046,#4047);
#4049=CIRCLE('',#4048,10.);
#4050=EDGE_CURVE('',#4015,#3776,#4049,.T.);
#4051=ORIENTED_EDGE('',*,*,#4050,.T.);
#4052=ORIENTED_EDGE('',*,*,#3781,.F.);
#4053=CARTESIAN_POINT('',(22.5,-56.,107.6));
#4054=DIRECTION('',(0.,0.,-1.));
#4055=DIRECTION('',(-1.,0.,0.));
#4056=AXIS2_PLACEMENT_3D('',#4053,#4054,#4055);
#4057=CIRCLE('',#4056,10.);
#4058=EDGE_CURVE('',#3774,#4023,#4057,.T.);
#4059=ORIENTED_EDGE('',*,*,#4058,.T.);
#4060=EDGE_LOOP('',(#4044,#4051,#4052,#4059));
#4061=FACE_BOUND('',#4060,.T.);
#4062=ADVANCED_FACE('',(#4061),#4043,.T.);
#4063=CARTESIAN_POINT('',(0.,0.,113.6));
#4064=DIRECTION('',(0.,0.,1.));
#4065=DIRECTION('',(1.,0.,0.));
#4066=AXIS2_PLACEMENT_3D('',#4063,#4064,#4065);
#4067=PLANE('',#4066);
#4068=CARTESIAN_POINT('',(11.098386677,-45.3,113.6));
#4069=VERTEX_POINT('',#4068);
#4070=CARTESIAN_POINT('',(11.098386677,-45.3,113.6));
#4071=CARTESIAN_POINT('',(11.098386677,-46.752775417,113.6));
#4072=CARTESIAN_POINT('',(10.809525378,-48.204979234,113.6));
#4073=CARTESIAN_POINT('',(9.697619212,-50.88935818,113.6));
#4074=CARTESIAN_POINT('',(8.875011828,-52.120477131,113.6));
#4075=CARTESIAN_POINT('',(6.820477131,-54.175011828,113.6));
#4076=CARTESIAN_POINT('',(5.58935818,-54.997619212,113.6));
#4077=CARTESIAN_POINT('',(2.904979234,-56.109525378,113.6));
#4078=CARTESIAN_POINT('',(1.452775417,-56.398386677,113.6));
#4079=CARTESIAN_POINT('',(-1.452775417,-56.398386677,113.6));
#4080=CARTESIAN_POINT('',(-2.904979234,-56.109525378,113.6));
#4081=CARTESIAN_POINT('',(-5.58935818,-54.997619212,113.6));
#4082=CARTESIAN_POINT('',(-6.820477131,-54.175011828,113.6));
#4083=CARTESIAN_POINT('',(-8.875011828,-52.120477131,113.6));
#4084=CARTESIAN_POINT('',(-9.697619212,-50.88935818,113.6));
#4085=CARTESIAN_POINT('',(-10.809525378,-48.204979234,113.6));
#4086=CARTESIAN_POINT('',(-11.098386677,-46.752775417,113.6));
#4087=CARTESIAN_POINT('',(-11.098386677,-43.847224583,113.6));
#4088=CARTESIAN_POINT('',(-10.809525378,-42.395020766,113.6));
#4089=CARTESIAN_POINT('',(-9.697619212,-39.71064182,113.6));
#4090=CARTESIAN_POINT('',(-8.875011828,-38.479522869,113.6));
#4091=CARTESIAN_POINT('',(-6.820477131,-36.424988172,113.6));
#4092=CARTESIAN_POINT('',(-5.58935818,-35.602380788,113.6));
#4093=CARTESIAN_POINT('',(-2.904979234,-34.490474622,113.6));
#4094=CARTESIAN_POINT('',(-1.452775417,-34.201613323,113.6));
#4095=CARTESIAN_POINT('',(1.452775417,-34.201613323,113.6));
#4096=CARTESIAN_POINT('',(2.904979234,-34.490474622,113.6));
#4097=CARTESIAN_POINT('',(5.58935818,-35.602380788,113.6));
#4098=CARTESIAN_POINT('',(6.820477131,-36.424988172,113.6));
#4099=CARTESIAN_POINT('',(8.875011828,-38.479522869,113.6));
#4100=CARTESIAN_POINT('',(9.697619212,-39.71064182,113.6));
#4101=CARTESIAN_POINT('',(10.809525378,-42.395020766,113.6));
#4102=CARTESIAN_POINT('',(11.098386677,-43.847224583,113.6));
#4103=CARTESIAN_POINT('',(11.098386677,-45.3,113.6));
#4104=B_SPLINE_CURVE_WITH_KNOTS('',3,(#4070,#4071,#4072,#4073,#4074,#4075,#4076,#4077,#4078,#4079,#4080,#4081,#4082,#4083,#4084,#4085,#4086,#4087,#4088,#4089,#4090,#4091,#4092,#4093,#4094,#4095,
#4096,#4097,#4098,#4099,#4100,#4101,#4102,#4103),.UNSPECIFIED.,.T.,.F.,(4,2,2,2,2,2,2,2,2,2,2,2,2,2,2,2,4),(0.,0.392699082,0.785398163,1.178097245,1.570796327,1.963495408,2.35619449,2.748893572,3.141592654,3.534291735,3.926990817,4.319689899,4.71238898,5.105088062,5.497787144,5.890486225,6.283185307),.UNSPECIFIED.);
#4105=EDGE_CURVE('',#4069,#4069,#4104,.T.);
#4106=ORIENTED_EDGE('',*,*,#4105,.T.);
#4107=EDGE_LOOP('',(#4106));
#4108=FACE_BOUND('',#4107,.T.);
#4109=CARTESIAN_POINT('',(26.5,-56.,113.6));
#4110=VERTEX_POINT('',#4109);
#4111=CARTESIAN_POINT('',(26.5,-15.300653581,113.6));
#4112=VERTEX_POINT('',#4111);
#4113=CARTESIAN_POINT('',(26.5,-56.,113.6));
#4114=DIRECTION('',(0.,1.,0.));
#4115=VECTOR('',#4114,40.699346419);
#4116=LINE('',#4113,#4115);
#4117=EDGE_CURVE('',#4110,#4112,#4116,.T.);
#4118=ORIENTED_EDGE('',*,*,#4117,.T.);
#4119=CARTESIAN_POINT('',(-26.5,-15.300653581,113.6));
#4120=VERTEX_POINT('',#4119);
#4121=CARTESIAN_POINT('',(0.,0.,113.6));
#4122=DIRECTION('',(-0.,-0.,-1.));
#4123=DIRECTION('',(1.,0.,-0.));
#4124=AXIS2_PLACEMENT_3D('',#4121,#4122,#4123);
#4125=CIRCLE('',#4124,30.6);
#4126=EDGE_CURVE('',#4112,#4120,#4125,.T.);
#4127=ORIENTED_EDGE('',*,*,#4126,.T.);
#4128=CARTESIAN_POINT('',(-26.5,-56.,113.6));
#4129=VERTEX_POINT('',#4128);
#4130=CARTESIAN_POINT('',(-26.5,-15.300653581,113.6));
#4131=DIRECTION('',(-0.,-1.,-0.));
#4132=VECTOR('',#4131,40.699346419);
#4133=LINE('',#4130,#4132);
#4134=EDGE_CURVE('',#4120,#4129,#4133,.T.);
#4135=ORIENTED_EDGE('',*,*,#4134,.T.);
#4136=CARTESIAN_POINT('',(-22.5,-60.,113.6));
#4137=VERTEX_POINT('',#4136);
#4138=CARTESIAN_POINT('',(-26.5,-56.,113.6));
#4139=CARTESIAN_POINT('',(-26.5,-56.392489466,113.6));
#4140=CARTESIAN_POINT('',(-26.42289878,-56.780348485,113.6));
#4141=CARTESIAN_POINT('',(-26.345956621,-57.16740735,113.6));
#4142=CARTESIAN_POINT('',(-26.19551813,-57.530733729,113.6));
#4143=CARTESIAN_POINT('',(-26.045486863,-57.893076615,113.6));
#4144=CARTESIAN_POINT('',(-25.825673002,-58.222143657,113.6));
#4145=CARTESIAN_POINT('',(-25.606440743,-58.550340025,113.6));
#4146=CARTESIAN_POINT('',(-25.328427125,-58.828427125,113.6));
#4147=CARTESIAN_POINT('',(-25.051153765,-59.105773769,113.6));
#4148=CARTESIAN_POINT('',(-24.722143657,-59.325673002,113.6));
#4149=CARTESIAN_POINT('',(-24.394004147,-59.544990356,113.6));
#4150=CARTESIAN_POINT('',(-24.030733729,-59.69551813,113.6));
#4151=CARTESIAN_POINT('',(-23.668414366,-59.845651817,113.6));
#4152=CARTESIAN_POINT('',(-23.280348485,-59.92289878,113.6));
#4153=CARTESIAN_POINT('',(-22.893014779,-60.,113.6));
#4154=CARTESIAN_POINT('',(-22.5,-60.,113.6));
#4155=B_SPLINE_CURVE_WITH_KNOTS('',2,(#4138,#4139,#4140,#4141,#4142,#4143,#4144,#4145,#4146,#4147,#4148,#4149,#4150,#4151,#4152,#4153,#4154),.UNSPECIFIED.,.F.,.F.,(3,2,2,2,2,2,2,2,3),(0.,0.125,0.25,0.375,0.5,0.625,0.75,0.875,1.),.UNSPECIFIED.);
#4156=EDGE_CURVE('',#4129,#4137,#4155,.T.);
#4157=ORIENTED_EDGE('',*,*,#4156,.T.);
#4158=CARTESIAN_POINT('',(22.5,-60.,113.6));
#4159=VERTEX_POINT('',#4158);
#4160=CARTESIAN_POINT('',(-22.5,-60.,113.6));
#4161=DIRECTION('',(1.,0.,-0.));
#4162=VECTOR('',#4161,45.);
#4163=LINE('',#4160,#4162);
#4164=EDGE_CURVE('',#4137,#4159,#4163,.T.);
#4165=ORIENTED_EDGE('',*,*,#4164,.T.);
#4166=CARTESIAN_POINT('',(22.5,-60.,113.6));
#4167=CARTESIAN_POINT('',(22.892489466,-60.,113.6));
#4168=CARTESIAN_POINT('',(23.280348485,-59.92289878,113.6));
#4169=CARTESIAN_POINT('',(23.66740735,-59.845956621,113.6));
#4170=CARTESIAN_POINT('',(24.030733729,-59.69551813,113.6));
#4171=CARTESIAN_POINT('',(24.393076615,-59.545486863,113.6));
#4172=CARTESIAN_POINT('',(24.722143657,-59.325673002,113.6));
#4173=CARTESIAN_POINT('',(25.050340025,-59.106440743,113.6));
#4174=CARTESIAN_POINT('',(25.328427125,-58.828427125,113.6));
#4175=CARTESIAN_POINT('',(25.605773769,-58.551153765,113.6));
#4176=CARTESIAN_POINT('',(25.825673002,-58.222143657,113.6));
#4177=CARTESIAN_POINT('',(26.044990356,-57.894004147,113.6));
#4178=CARTESIAN_POINT('',(26.19551813,-57.530733729,113.6));
#4179=CARTESIAN_POINT('',(26.345651817,-57.168414366,113.6));
#4180=CARTESIAN_POINT('',(26.42289878,-56.780348485,113.6));
#4181=CARTESIAN_POINT('',(26.5,-56.393014779,113.6));
#4182=CARTESIAN_POINT('',(26.5,-56.,113.6));
#4183=B_SPLINE_CURVE_WITH_KNOTS('',2,(#4166,#4167,#4168,#4169,#4170,#4171,#4172,#4173,#4174,#4175,#4176,#4177,#4178,#4179,#4180,#4181,#4182),.UNSPECIFIED.,.F.,.F.,(3,2,2,2,2,2,2,2,3),(0.,0.125,0.25,0.375,0.5,0.625,0.75,0.875,1.),.UNSPECIFIED.);
#4184=EDGE_CURVE('',#4159,#4110,#4183,.T.);
#4185=ORIENTED_EDGE('',*,*,#4184,.T.);
#4186=EDGE_LOOP('',(#4118,#4127,#4135,#4157,#4165,#4185));
#4187=FACE_BOUND('',#4186,.T.);
#4188=ADVANCED_FACE('',(#4108,#4187),#4067,.T.);
#4189=CARTESIAN_POINT('',(-22.5,30.,107.6));
#4190=CARTESIAN_POINT('',(-18.822634457,30.,107.6));
#4191=CARTESIAN_POINT('',(-15.145268914,30.,107.6));
#4192=CARTESIAN_POINT('',(-11.467903371,30.,107.6));
#4193=CARTESIAN_POINT('',(-22.5,30.,113.6));
#4194=CARTESIAN_POINT('',(-18.822634457,30.,113.6));
#4195=CARTESIAN_POINT('',(-15.145268914,30.,113.6));
#4196=CARTESIAN_POINT('',(-11.467903371,30.,113.6));
#4197=CARTESIAN_POINT('',(-22.5,24.,113.6));
#4198=CARTESIAN_POINT('',(-18.822634457,24.,113.6));
#4199=CARTESIAN_POINT('',(-15.145268914,24.,113.6));
#4200=CARTESIAN_POINT('',(-11.467903371,24.,113.6));
#4201=(BOUNDED_SURFACE()
B_SPLINE_SURFACE(2,3,((#4189,#4190,#4191,#4192),(#4193,#4194,#4195,#4196),(#4197,#4198,#4199,#4200)),.UNSPECIFIED.,.F.,.F.,.U.)
B_SPLINE_SURFACE_WITH_KNOTS((3,3),(4,4),(0.,1.),(-0.0225,-0.011467903),.UNSPECIFIED.)
GEOMETRIC_REPRESENTATION_ITEM()
RATIONAL_B_SPLINE_SURFACE(((1.,1.,1.,1.),(0.78783356,0.78783356,0.78783356,0.78783356),(1.,1.,1.,1.)))
REPRESENTATION_ITEM('')
SURFACE()
);
#4202=ORIENTED_EDGE('',*,*,#3743,.F.);
#4203=CARTESIAN_POINT('',(-18.983150423,24.,113.6));
#4204=CARTESIAN_POINT('',(-18.978620748,24.003582813,113.6));
#4205=CARTESIAN_POINT('',(-18.974090346,24.004660746,113.599998906));
#4206=CARTESIAN_POINT('',(-18.969559252,24.006989187,113.59999672));
#4207=CARTESIAN_POINT('',(-18.965028158,24.009317628,113.599994534));
#4208=CARTESIAN_POINT('',(-18.960496303,24.011644984,113.599991257));
#4209=CARTESIAN_POINT('',(-18.955963791,24.013970892,113.599986891));
#4210=CARTESIAN_POINT('',(-18.946898768,24.018622708,113.59997816));
#4211=CARTESIAN_POINT('',(-18.9378307,24.023270176,113.599965071));
#4212=CARTESIAN_POINT('',(-18.928760005,24.027911874,113.599947653));
#4213=CARTESIAN_POINT('',(-18.910618616,24.03719527,113.599912816));
#4214=CARTESIAN_POINT('',(-18.892465066,24.046461204,113.599860634));
#4215=CARTESIAN_POINT('',(-18.874300997,24.055704239,113.599791317));
#4216=CARTESIAN_POINT('',(-18.837972859,24.07419031,113.599652682));
#4217=CARTESIAN_POINT('',(-18.801596215,24.092606018,113.599445324));
#4218=CARTESIAN_POINT('',(-18.765177394,24.110931527,113.599170879));
#4219=CARTESIAN_POINT('',(-18.692339753,24.147582546,113.598621988));
#4220=CARTESIAN_POINT('',(-18.619325051,24.183899821,113.597804709));
#4221=CARTESIAN_POINT('',(-18.546124939,24.219915662,113.596729349));
#4222=CARTESIAN_POINT('',(-18.399724717,24.291947343,113.594578629));
#4223=CARTESIAN_POINT('',(-18.252599916,24.362717965,113.591397065));
#4224=CARTESIAN_POINT('',(-18.104751154,24.432263111,113.587267335));
#4225=CARTESIAN_POINT('',(-17.80905363,24.571353403,113.579007875));
#4226=CARTESIAN_POINT('',(-17.510461112,24.705543595,113.566960599));
#4227=CARTESIAN_POINT('',(-17.208968442,24.835096447,113.551721145));
#4228=CARTESIAN_POINT('',(-16.605983103,25.09420215,113.521242237));
#4229=CARTESIAN_POINT('',(-15.991411705,25.334787165,113.47804357));
#4230=CARTESIAN_POINT('',(-15.365044886,25.558608464,113.426109887));
#4231=CARTESIAN_POINT('',(-14.738678067,25.782429763,113.374176203));
#4232=CARTESIAN_POINT('',(-14.100518174,25.989488322,113.313477469));
#4233=CARTESIAN_POINT('',(-13.450108359,26.181075021,113.247384951));
#4234=CARTESIAN_POINT('',(-13.124903452,26.27686837,113.214338692));
#4235=CARTESIAN_POINT('',(-12.796619233,26.368773278,113.179942248));
#4236=CARTESIAN_POINT('',(-12.465197289,26.456931985,113.144582986));
#4237=CARTESIAN_POINT('',(-12.133775346,26.545090692,113.109223724));
#4238=CARTESIAN_POINT('',(-11.798984429,26.629543485,113.072873844));
#4239=CARTESIAN_POINT('',(-11.463141143,26.709809936,113.036209826));
#4240=B_SPLINE_CURVE_WITH_KNOTS('',3,(#4203,#4204,#4205,#4206,#4207,#4208,#4209,#4210,#4211,#4212,#4213,#4214,#4215,#4216,#4217,#4218,#4219,#4220,#4221,#4222,#4223,#4224,#4225,#4226,#4227,#4228,
#4229,#4230,#4231,#4232,#4233,#4234,#4235,#4236,#4237,#4238,#4239),.UNSPECIFIED.,.F.,.F.,(4,3,3,3,3,3,3,3,3,3,3,3,4),(0.,0.000017088,0.000034175,0.00006835,0.0001367,0.000273401,0.000546801,0.001093603,0.002187206,0.004374412,0.006561618,0.007655221,0.008748824),.UNSPECIFIED.);
#4241=EDGE_CURVE('',#3729,#1023,#4240,.T.);
#4242=ORIENTED_EDGE('',*,*,#4241,.T.);
#4243=ORIENTED_EDGE('',*,*,#1178,.F.);
#4244=ORIENTED_EDGE('',*,*,#3883,.F.);
#4245=CARTESIAN_POINT('',(-22.5,24.,113.6));
#4246=CARTESIAN_POINT('',(-22.5,24.78783356,113.6));
#4247=CARTESIAN_POINT('',(-22.5,25.588869645,113.472020996));
#4248=CARTESIAN_POINT('',(-22.5,26.333265769,113.192585085));
#4249=CARTESIAN_POINT('',(-22.5,27.077661893,112.913149175));
#4250=CARTESIAN_POINT('',(-22.5,27.762655266,112.481327633));
#4251=CARTESIAN_POINT('',(-22.5,28.321991449,111.921991449));
#4252=CARTESIAN_POINT('',(-22.5,28.881327633,111.362655266));
#4253=CARTESIAN_POINT('',(-22.5,29.313149175,110.677661893));
#4254=CARTESIAN_POINT('',(-22.5,29.592585085,109.933265769));
#4255=CARTESIAN_POINT('',(-22.5,29.872020996,109.188869645));
#4256=CARTESIAN_POINT('',(-22.5,30.,108.38783356));
#4257=CARTESIAN_POINT('',(-22.5,30.,107.6));
#4258=B_SPLINE_CURVE_WITH_KNOTS('',3,(#4245,#4246,#4247,#4248,#4249,#4250,#4251,#4252,#4253,#4254,#4255,#4256,#4257),.UNSPECIFIED.,.F.,.F.,(4,3,3,3,4),(0.,0.25,0.5,0.75,1.),.UNSPECIFIED.);
#4259=EDGE_CURVE('',#3738,#3872,#4258,.T.);
#4260=ORIENTED_EDGE('',*,*,#4259,.F.);
#4261=EDGE_LOOP('',(#4202,#4242,#4243,#4244,#4260));
#4262=FACE_BOUND('',#4261,.T.);
#4263=ADVANCED_FACE('',(#4262),#4201,.T.);
#4264=CARTESIAN_POINT('',(-22.5,24.,113.6));
#4265=CARTESIAN_POINT('',(-23.023693175,24.,113.6));
#4266=CARTESIAN_POINT('',(-23.546991542,23.895890705,113.6));
#4267=CARTESIAN_POINT('',(-24.514475916,23.495145556,113.6));
#4268=CARTESIAN_POINT('',(-24.958186884,23.198667366,113.6));
#4269=CARTESIAN_POINT('',(-25.698667366,22.458186884,113.6));
#4270=CARTESIAN_POINT('',(-25.995145556,22.014475916,113.6));
#4271=CARTESIAN_POINT('',(-26.395890705,21.046991542,113.6));
#4272=CARTESIAN_POINT('',(-26.5,20.523693175,113.6));
#4273=CARTESIAN_POINT('',(-26.5,20.,113.6));
#4274=CARTESIAN_POINT('',(-22.5,30.,113.6));
#4275=CARTESIAN_POINT('',(-23.809232938,30.,113.6));
#4276=CARTESIAN_POINT('',(-25.117478856,29.739726761,113.6));
#4277=CARTESIAN_POINT('',(-27.536189791,28.737863889,113.6));
#4278=CARTESIAN_POINT('',(-28.645467209,27.996668414,113.6));
#4279=CARTESIAN_POINT('',(-30.496668414,26.145467209,113.6));
#4280=CARTESIAN_POINT('',(-31.237863889,25.036189791,113.6));
#4281=CARTESIAN_POINT('',(-32.239726761,22.617478856,113.6));
#4282=CARTESIAN_POINT('',(-32.5,21.309232938,113.6));
#4283=CARTESIAN_POINT('',(-32.5,20.,113.6));
#4284=CARTESIAN_POINT('',(-22.5,30.,107.6));
#4285=CARTESIAN_POINT('',(-23.809232938,30.,107.6));
#4286=CARTESIAN_POINT('',(-25.117478856,29.739726761,107.6));
#4287=CARTESIAN_POINT('',(-27.536189791,28.737863889,107.6));
#4288=CARTESIAN_POINT('',(-28.645467209,27.996668414,107.6));
#4289=CARTESIAN_POINT('',(-30.496668414,26.145467209,107.6));
#4290=CARTESIAN_POINT('',(-31.237863889,25.036189791,107.6));
#4291=CARTESIAN_POINT('',(-32.239726761,22.617478856,107.6));
#4292=CARTESIAN_POINT('',(-32.5,21.309232938,107.6));
#4293=CARTESIAN_POINT('',(-32.5,20.,107.6));
#4294=(BOUNDED_SURFACE()
B_SPLINE_SURFACE(2,3,((#4264,#4265,#4266,#4267,#4268,#4269,#4270,#4271,#4272,#4273),(#4274,#4275,#4276,#4277,#4278,#4279,#4280,#4281,#4282,#4283),(#4284,#4285,#4286,#4287,#4288,#4289,#4290,#4291,#4292,#4293)),.UNSPECIFIED.,.F.,.F.,.U.)
B_SPLINE_SURFACE_WITH_KNOTS((3,3),(4,2,2,2,4),(0.,1.),(1.570796327,1.963495408,2.35619449,2.748893572,3.141592654),.UNSPECIFIED.)
GEOMETRIC_REPRESENTATION_ITEM()
RATIONAL_B_SPLINE_SURFACE(((1.,1.,1.,1.,1.,1.,1.,1.,1.,1.),(0.78783356,0.78783356,0.78783356,0.78783356,0.78783356,0.78783356,0.78783356,0.78783356,0.78783356,0.78783356),(1.,1.,1.,1.,1.,1.,1.,1.,1.,1.)))
REPRESENTATION_ITEM('')
SURFACE()
);
#4295=ORIENTED_EDGE('',*,*,#4259,.T.);
#4296=ORIENTED_EDGE('',*,*,#3923,.F.);
#4297=CARTESIAN_POINT('',(-26.5,20.,113.6));
#4298=CARTESIAN_POINT('',(-27.28783356,20.,113.6));
#4299=CARTESIAN_POINT('',(-28.088869645,20.,113.472020996));
#4300=CARTESIAN_POINT('',(-28.833265769,20.,113.192585085));
#4301=CARTESIAN_POINT('',(-29.577661893,20.,112.913149175));
#4302=CARTESIAN_POINT('',(-30.262655266,20.,112.481327633));
#4303=CARTESIAN_POINT('',(-30.821991449,20.,111.921991449));
#4304=CARTESIAN_POINT('',(-31.381327633,20.,111.362655266));
#4305=CARTESIAN_POINT('',(-31.813149175,20.,110.677661893));
#4306=CARTESIAN_POINT('',(-32.092585085,20.,109.933265769));
#4307=CARTESIAN_POINT('',(-32.372020996,20.,109.188869645));
#4308=CARTESIAN_POINT('',(-32.5,20.,108.38783356));
#4309=CARTESIAN_POINT('',(-32.5,20.,107.6));
#4310=B_SPLINE_CURVE_WITH_KNOTS('',3,(#4297,#4298,#4299,#4300,#4301,#4302,#4303,#4304,#4305,#4306,#4307,#4308,#4309),.UNSPECIFIED.,.F.,.F.,(4,3,3,3,4),(0.,0.25,0.5,0.75,1.),.UNSPECIFIED.);
#4311=EDGE_CURVE('',#3719,#3911,#4310,.T.);
#4312=ORIENTED_EDGE('',*,*,#4311,.F.);
#4313=ORIENTED_EDGE('',*,*,#3763,.F.);
#4314=EDGE_LOOP('',(#4295,#4296,#4312,#4313));
#4315=FACE_BOUND('',#4314,.T.);
#4316=ADVANCED_FACE('',(#4315),#4294,.T.);
#4317=CARTESIAN_POINT('',(-32.5,2.304343723,107.6));
#4318=CARTESIAN_POINT('',(-32.5,8.202895816,107.6));
#4319=CARTESIAN_POINT('',(-32.5,14.101447908,107.6));
#4320=CARTESIAN_POINT('',(-32.5,20.,107.6));
#4321=CARTESIAN_POINT('',(-32.5,2.304343723,113.6));
#4322=CARTESIAN_POINT('',(-32.5,8.202895816,113.6));
#4323=CARTESIAN_POINT('',(-32.5,14.101447908,113.6));
#4324=CARTESIAN_POINT('',(-32.5,20.,113.6));
#4325=CARTESIAN_POINT('',(-26.5,2.304343723,113.6));
#4326=CARTESIAN_POINT('',(-26.5,8.202895816,113.6));
#4327=CARTESIAN_POINT('',(-26.5,14.101447908,113.6));
#4328=CARTESIAN_POINT('',(-26.5,20.,113.6));
#4329=(BOUNDED_SURFACE()
B_SPLINE_SURFACE(2,3,((#4317,#4318,#4319,#4320),(#4321,#4322,#4323,#4324),(#4325,#4326,#4327,#4328)),.UNSPECIFIED.,.F.,.F.,.U.)
B_SPLINE_SURFACE_WITH_KNOTS((3,3),(4,4),(0.,1.),(0.020304344,0.038),.UNSPECIFIED.)
GEOMETRIC_REPRESENTATION_ITEM()
RATIONAL_B_SPLINE_SURFACE(((1.,1.,1.,1.),(0.78783356,0.78783356,0.78783356,0.78783356),(1.,1.,1.,1.)))
REPRESENTATION_ITEM('')
SURFACE()
);
#4330=CARTESIAN_POINT('',(-28.997271134,2.304343723,113.128230597));
#4331=VERTEX_POINT('',#4330);
#4332=CARTESIAN_POINT('',(-28.997271134,2.304343723,113.128230597));
#4333=CARTESIAN_POINT('',(-29.53528795,2.304343723,112.907817769));
#4334=CARTESIAN_POINT('',(-30.039042432,2.304343723,112.606956585));
#4335=CARTESIAN_POINT('',(-30.481845455,2.304343723,112.234169079));
#4336=CARTESIAN_POINT('',(-30.924648478,2.304343723,111.861381573));
#4337=CARTESIAN_POINT('',(-31.306008718,2.304343723,111.416957608));
#4338=CARTESIAN_POINT('',(-31.60965027,2.304343723,110.922958775));
#4339=CARTESIAN_POINT('',(-31.913291823,2.304343723,110.428959943));
#4340=CARTESIAN_POINT('',(-32.139141487,2.304343723,109.885978925));
#4341=CARTESIAN_POINT('',(-32.285736837,2.304343723,109.322688057));
#4342=CARTESIAN_POINT('',(-32.432332186,2.304343723,108.759397188));
#4343=CARTESIAN_POINT('',(-32.5,2.304343723,108.176324595));
#4344=CARTESIAN_POINT('',(-32.5,2.304343723,107.6));
#4345=B_SPLINE_CURVE_WITH_KNOTS('',3,(#4332,#4333,#4334,#4335,#4336,#4337,#4338,#4339,#4340,#4341,#4342,#4343,#4344),.UNSPECIFIED.,.F.,.F.,(4,3,3,3,4),(0.,0.182882726,0.365765451,0.548648177,0.731530903),.UNSPECIFIED.);
#4346=EDGE_CURVE('',#4331,#3959,#4345,.T.);
#4347=ORIENTED_EDGE('',*,*,#4346,.F.);
#4348=CARTESIAN_POINT('',(-28.996943883,2.304314341,113.128364652));
#4349=CARTESIAN_POINT('',(-28.945304386,3.452450922,113.149516466));
#4350=CARTESIAN_POINT('',(-28.855413568,4.589815811,113.185885615));
#4351=CARTESIAN_POINT('',(-28.726567436,5.717081496,113.231487901));
#4352=CARTESIAN_POINT('',(-28.66214437,6.280714339,113.254289045));
#4353=CARTESIAN_POINT('',(-28.587794162,6.8426302,113.279380379));
#4354=CARTESIAN_POINT('',(-28.504040411,7.397656275,113.305437753));
#4355=CARTESIAN_POINT('',(-28.42028666,7.952682351,113.331495128));
#4356=CARTESIAN_POINT('',(-28.327058341,8.501796614,113.358547332));
#4357=CARTESIAN_POINT('',(-28.224195399,9.045212621,113.385344355));
#4358=CARTESIAN_POINT('',(-28.018469515,10.132044635,113.4389384));
#4359=CARTESIAN_POINT('',(-27.774376252,11.196138671,113.491681003));
#4360=CARTESIAN_POINT('',(-27.488582943,12.238517725,113.531900698));
#4361=CARTESIAN_POINT('',(-27.345686289,12.759707251,113.552010546));
#4362=CARTESIAN_POINT('',(-27.192321994,13.275454115,113.568952808));
#4363=CARTESIAN_POINT('',(-27.027813413,13.78580395,113.580948085));
#4364=CARTESIAN_POINT('',(-26.945559123,14.040978867,113.586945723));
#4365=CARTESIAN_POINT('',(-26.860516013,14.294803681,113.591702454));
#4366=CARTESIAN_POINT('',(-26.772582779,14.547278991,113.594965944));
#4367=CARTESIAN_POINT('',(-26.728616162,14.673516646,113.59659769));
#4368=CARTESIAN_POINT('',(-26.683926837,14.799416872,113.597855773));
#4369=CARTESIAN_POINT('',(-26.638501072,14.924979422,113.598706348));
#4370=CARTESIAN_POINT('',(-26.615788189,14.987760696,113.599131635));
#4371=CARTESIAN_POINT('',(-26.592902205,15.050455227,113.599454829));
#4372=CARTESIAN_POINT('',(-26.569819309,15.113067605,113.599672007));
#4373=CARTESIAN_POINT('',(-26.558277861,15.144373795,113.599780597));
#4374=CARTESIAN_POINT('',(-26.54668176,15.175660596,113.599862602));
#4375=CARTESIAN_POINT('',(-26.535047126,15.206924541,113.599917449));
#4376=CARTESIAN_POINT('',(-26.529229808,15.222556513,113.599944873));
#4377=CARTESIAN_POINT('',(-26.523398673,15.238183647,113.599965512));
#4378=CARTESIAN_POINT('',(-26.517557974,15.253805055,113.599979293));
#4379=CARTESIAN_POINT('',(-26.514637624,15.261615759,113.599986184));
#4380=CARTESIAN_POINT('',(-26.511713801,15.269425255,113.599991361));
#4381=CARTESIAN_POINT('',(-26.508787595,15.277233318,113.599994815));
#4382=CARTESIAN_POINT('',(-26.507324492,15.281137349,113.599996542));
#4383=CARTESIAN_POINT('',(-26.505860518,15.285041078,113.599997838));
#4384=CARTESIAN_POINT('',(-26.50439595,15.288944449,113.599998703));
#4385=CARTESIAN_POINT('',(-26.502931382,15.29284782,113.599999567));
#4386=CARTESIAN_POINT('',(-26.502253359,15.29675087,113.6));
#4387=CARTESIAN_POINT('',(-26.5,15.300653581,113.6));
#4388=B_SPLINE_CURVE_WITH_KNOTS('',3,(#4348,#4349,#4350,#4351,#4352,#4353,#4354,#4355,#4356,#4357,#4358,#4359,#4360,#4361,#4362,#4363,#4364,#4365,#4366,#4367,#4368,#4369,#4370,#4371,#4372,#4373,
#4374,#4375,#4376,#4377,#4378,#4379,#4380,#4381,#4382,#4383,#4384,#4385,#4386,#4387),.UNSPECIFIED.,.F.,.F.,(4,3,3,3,3,3,3,3,3,3,3,3,3,4),(0.,0.00341429,0.005121435,0.00682858,0.01024287,0.011950015,0.012803588,0.013230374,0.013443767,0.013550464,0.013603812,0.013630486,0.013643823,0.01365716),.UNSPECIFIED.);
#4389=EDGE_CURVE('',#4331,#3721,#4388,.T.);
#4390=ORIENTED_EDGE('',*,*,#4389,.T.);
#4391=ORIENTED_EDGE('',*,*,#3726,.F.);
#4392=ORIENTED_EDGE('',*,*,#4311,.T.);
#4393=ORIENTED_EDGE('',*,*,#3970,.F.);
#4394=EDGE_LOOP('',(#4347,#4390,#4391,#4392,#4393));
#4395=FACE_BOUND('',#4394,.T.);
#4396=ADVANCED_FACE('',(#4395),#4329,.T.);
#4397=CARTESIAN_POINT('',(11.46790339,30.,107.6));
#4398=CARTESIAN_POINT('',(15.145268927,30.,107.6));
#4399=CARTESIAN_POINT('',(18.822634463,30.,107.6));
#4400=CARTESIAN_POINT('',(22.5,30.,107.6));
#4401=CARTESIAN_POINT('',(11.46790339,30.,113.6));
#4402=CARTESIAN_POINT('',(15.145268927,30.,113.6));
#4403=CARTESIAN_POINT('',(18.822634463,30.,113.6));
#4404=CARTESIAN_POINT('',(22.5,30.,113.6));
#4405=CARTESIAN_POINT('',(11.46790339,24.,113.6));
#4406=CARTESIAN_POINT('',(15.145268927,24.,113.6));
#4407=CARTESIAN_POINT('',(18.822634463,24.,113.6));
#4408=CARTESIAN_POINT('',(22.5,24.,113.6));
#4409=(BOUNDED_SURFACE()
B_SPLINE_SURFACE(2,3,((#4397,#4398,#4399,#4400),(#4401,#4402,#4403,#4404),(#4405,#4406,#4407,#4408)),.UNSPECIFIED.,.F.,.F.,.U.)
B_SPLINE_SURFACE_WITH_KNOTS((3,3),(4,4),(0.,1.),(0.011467903,0.0225),.UNSPECIFIED.)
GEOMETRIC_REPRESENTATION_ITEM()
RATIONAL_B_SPLINE_SURFACE(((1.,1.,1.,1.),(0.78783356,0.78783356,0.78783356,0.78783356),(1.,1.,1.,1.)))
REPRESENTATION_ITEM('')
SURFACE()
);
#4410=ORIENTED_EDGE('',*,*,#1139,.T.);
#4411=CARTESIAN_POINT('',(11.463821658,26.709647278,113.036284121));
#4412=CARTESIAN_POINT('',(12.81473213,26.386756127,113.183761928));
#4413=CARTESIAN_POINT('',(14.114130186,26.005665176,113.322417173));
#4414=CARTESIAN_POINT('',(15.366477761,25.558096421,113.426228675));
#4415=CARTESIAN_POINT('',(16.618825336,25.110527665,113.530040177));
#4416=CARTESIAN_POINT('',(17.824140086,24.596428083,113.6));
#4417=CARTESIAN_POINT('',(18.983150423,24.,113.6));
#4418=B_SPLINE_CURVE_WITH_KNOTS('',3,(#4411,#4412,#4413,#4414,#4415,#4416,#4417),.UNSPECIFIED.,.F.,.F.,(4,3,4),(0.041719643,0.046102847,0.05048605),.UNSPECIFIED.);
#4419=EDGE_CURVE('',#1118,#3666,#4418,.T.);
#4420=ORIENTED_EDGE('',*,*,#4419,.T.);
#4421=ORIENTED_EDGE('',*,*,#3671,.F.);
#4422=CARTESIAN_POINT('',(22.5,30.,107.6));
#4423=CARTESIAN_POINT('',(22.5,30.,108.38783356));
#4424=CARTESIAN_POINT('',(22.5,29.872020996,109.188869645));
#4425=CARTESIAN_POINT('',(22.5,29.592585085,109.933265769));
#4426=CARTESIAN_POINT('',(22.5,29.313149175,110.677661893));
#4427=CARTESIAN_POINT('',(22.5,28.881327633,111.362655266));
#4428=CARTESIAN_POINT('',(22.5,28.321991449,111.921991449));
#4429=CARTESIAN_POINT('',(22.5,27.762655266,112.481327633));
#4430=CARTESIAN_POINT('',(22.5,27.077661893,112.913149175));
#4431=CARTESIAN_POINT('',(22.5,26.333265769,113.192585085));
#4432=CARTESIAN_POINT('',(22.5,25.588869645,113.472020996));
#4433=CARTESIAN_POINT('',(22.5,24.78783356,113.6));
#4434=CARTESIAN_POINT('',(22.5,24.,113.6));
#4435=B_SPLINE_CURVE_WITH_KNOTS('',3,(#4422,#4423,#4424,#4425,#4426,#4427,#4428,#4429,#4430,#4431,#4432,#4433,#4434),.UNSPECIFIED.,.F.,.F.,(4,3,3,3,4),(0.,0.25,0.5,0.75,1.),.UNSPECIFIED.);
#4436=EDGE_CURVE('',#3840,#3664,#4435,.T.);
#4437=ORIENTED_EDGE('',*,*,#4436,.F.);
#4438=ORIENTED_EDGE('',*,*,#3890,.F.);
#4439=EDGE_LOOP('',(#4410,#4420,#4421,#4437,#4438));
#4440=FACE_BOUND('',#4439,.T.);
#4441=ADVANCED_FACE('',(#4440),#4409,.T.);
#4442=CARTESIAN_POINT('',(-28.979475722,2.304343723,113.135487095));
#4443=CARTESIAN_POINT('',(-29.024820837,1.542958792,113.114125797));
#4444=CARTESIAN_POINT('',(-29.047772614,0.77076586,113.103633237));
#4445=CARTESIAN_POINT('',(-29.047772321,-0.770780732,113.103633372));
#4446=CARTESIAN_POINT('',(-29.024820705,-1.542960597,113.114125844));
#4447=CARTESIAN_POINT('',(-28.979475722,-2.304343724,113.135487095));
#4448=CARTESIAN_POINT('',(-32.5,2.304343723,111.706597691));
#4449=CARTESIAN_POINT('',(-32.5,1.543040452,111.668529561));
#4450=CARTESIAN_POINT('',(-32.5,0.77006356,111.650065727));
#4451=CARTESIAN_POINT('',(-32.5,-0.770078427,111.650065966));
#4452=CARTESIAN_POINT('',(-32.5,-1.543042249,111.668529624));
#4453=CARTESIAN_POINT('',(-32.5,-2.304343724,111.706597691));
#4454=CARTESIAN_POINT('',(-32.5,2.304343723,107.6));
#4455=CARTESIAN_POINT('',(-32.5,1.536228231,107.6));
#4456=CARTESIAN_POINT('',(-32.5,0.768107169,107.600833395));
#4457=CARTESIAN_POINT('',(-32.5,-0.76812198,107.600833388));
#4458=CARTESIAN_POINT('',(-32.5,-1.536230068,107.6));
#4459=CARTESIAN_POINT('',(-32.5,-2.304343724,107.6));
#4460=(BOUNDED_SURFACE()
B_SPLINE_SURFACE(2,3,((#4442,#4443,#4444,#4445,#4446,#4447),(#4448,#4449,#4450,#4451,#4452,#4453),(#4454,#4455,#4456,#4457,#4458,#4459)),.UNSPECIFIED.,.F.,.F.,.U.)
B_SPLINE_SURFACE_WITH_KNOTS((3,3),(4,2,4),(0.266454148,1.),(-0.038334295,-0.036019358,-0.03370442),.UNSPECIFIED.)
GEOMETRIC_REPRESENTATION_ITEM()
RATIONAL_B_SPLINE_SURFACE(((0.91706145,0.91876325,0.919617301,0.91961729,0.91876324,0.91706145),(0.844366188,0.847559608,0.849162231,0.84916221,0.847559588,0.844366188),(1.,1.,1.,1.,1.,1.)))
REPRESENTATION_ITEM('')
SURFACE()
);
#4461=CARTESIAN_POINT('',(-28.997271135,-2.304343724,113.128230596));
#4462=VERTEX_POINT('',#4461);
#4463=CARTESIAN_POINT('',(-28.997271135,-2.304343724,113.128230596));
#4464=CARTESIAN_POINT('',(-29.535287951,-2.304343724,112.907817769));
#4465=CARTESIAN_POINT('',(-30.039042433,-2.304343724,112.606956585));
#4466=CARTESIAN_POINT('',(-30.481845456,-2.304343724,112.234169079));
#4467=CARTESIAN_POINT('',(-30.924648479,-2.304343724,111.861381573));
#4468=CARTESIAN_POINT('',(-31.306008719,-2.304343724,111.416957608));
#4469=CARTESIAN_POINT('',(-31.609650271,-2.304343724,110.922958775));
#4470=CARTESIAN_POINT('',(-31.913291823,-2.304343724,110.428959942));
#4471=CARTESIAN_POINT('',(-32.139141487,-2.304343724,109.885978925));
#4472=CARTESIAN_POINT('',(-32.285736837,-2.304343724,109.322688056));
#4473=CARTESIAN_POINT('',(-32.432332186,-2.304343724,108.759397188));
#4474=CARTESIAN_POINT('',(-32.5,-2.304343724,108.176324595));
#4475=CARTESIAN_POINT('',(-32.5,-2.304343724,107.6));
#4476=B_SPLINE_CURVE_WITH_KNOTS('',3,(#4463,#4464,#4465,#4466,#4467,#4468,#4469,#4470,#4471,#4472,#4473,#4474,#4475),.UNSPECIFIED.,.F.,.F.,(4,3,3,3,4),(0.,0.182882726,0.365765451,0.548648177,0.731530903),.UNSPECIFIED.);
#4477=EDGE_CURVE('',#4462,#3951,#4476,.T.);
#4478=ORIENTED_EDGE('',*,*,#4477,.F.);
#4479=CARTESIAN_POINT('',(-28.99759251,-2.304413104,113.128099196));
#4480=CARTESIAN_POINT('',(-29.001773228,-2.208902425,113.126014502));
#4481=CARTESIAN_POINT('',(-29.005690793,-2.111938232,113.124066129));
#4482=CARTESIAN_POINT('',(-29.00934694,-2.015760965,113.122258659));
#4483=CARTESIAN_POINT('',(-29.013003088,-1.919583699,113.12045119));
#4484=CARTESIAN_POINT('',(-29.016397935,-1.823443986,113.118781644));
#4485=CARTESIAN_POINT('',(-29.019532072,-1.72733373,113.117246663));
#4486=CARTESIAN_POINT('',(-29.025800346,-1.535113218,113.114176701));
#4487=CARTESIAN_POINT('',(-29.031025997,-1.343010267,113.111644578));
#4488=CARTESIAN_POINT('',(-29.035209674,-1.150963468,113.109629294));
#4489=CARTESIAN_POINT('',(-29.043577028,-0.766869871,113.105598725));
#4490=CARTESIAN_POINT('',(-29.047775104,-0.38320946,113.103632105));
#4491=CARTESIAN_POINT('',(-29.047773265,0.000251491,113.103632969));
#4492=CARTESIAN_POINT('',(-29.047771427,0.383712443,113.103633832));
#4493=CARTESIAN_POINT('',(-29.043567383,0.767403393,113.105603325));
#4494=CARTESIAN_POINT('',(-29.035202373,1.151283358,113.109632799));
#4495=CARTESIAN_POINT('',(-29.031019869,1.343223341,113.111647536));
#4496=CARTESIAN_POINT('',(-29.025796135,1.535246185,113.114178754));
#4497=CARTESIAN_POINT('',(-29.019529312,1.727413322,113.117248011));
#4498=CARTESIAN_POINT('',(-29.016395901,1.82349689,113.118782639));
#4499=CARTESIAN_POINT('',(-29.013001824,1.919616637,113.120451816));
#4500=CARTESIAN_POINT('',(-29.009346144,2.015780621,113.122259054));
#4501=CARTESIAN_POINT('',(-29.005690464,2.111944605,113.124066292));
#4502=CARTESIAN_POINT('',(-29.001773235,2.208902254,113.1260145));
#4503=CARTESIAN_POINT('',(-28.997592507,2.304413103,113.128099197));
#4504=B_SPLINE_CURVE_WITH_KNOTS('',3,(#4479,#4480,#4481,#4482,#4483,#4484,#4485,#4486,#4487,#4488,#4489,#4490,#4491,#4492,#4493,#4494,#4495,#4496,#4497,#4498,#4499,#4500,#4501,#4502,#4503),.UNSPECIFIED.,.F.,.F.,(4,3,3,3,3,3,3,3,4),(-0.00000007,0.000286399,0.000572868,0.001145806,0.002291681,0.003437556,0.004010494,0.004296963,0.004583432),.UNSPECIFIED.);
#4505=EDGE_CURVE('',#4462,#4331,#4504,.T.);
#4506=ORIENTED_EDGE('',*,*,#4505,.T.);
#4507=ORIENTED_EDGE('',*,*,#4346,.T.);
#4508=ORIENTED_EDGE('',*,*,#3964,.F.);
#4509=EDGE_LOOP('',(#4478,#4506,#4507,#4508));
#4510=FACE_BOUND('',#4509,.T.);
#4511=ADVANCED_FACE('',(#4510),#4460,.T.);
#4512=CARTESIAN_POINT('',(26.5,20.,113.6));
#4513=CARTESIAN_POINT('',(26.5,20.523693175,113.6));
#4514=CARTESIAN_POINT('',(26.395890705,21.046991542,113.6));
#4515=CARTESIAN_POINT('',(25.995145556,22.014475916,113.6));
#4516=CARTESIAN_POINT('',(25.698667366,22.458186884,113.6));
#4517=CARTESIAN_POINT('',(24.958186884,23.198667366,113.6));
#4518=CARTESIAN_POINT('',(24.514475916,23.495145556,113.6));
#4519=CARTESIAN_POINT('',(23.546991542,23.895890705,113.6));
#4520=CARTESIAN_POINT('',(23.023693175,24.,113.6));
#4521=CARTESIAN_POINT('',(22.5,24.,113.6));
#4522=CARTESIAN_POINT('',(32.5,20.,113.6));
#4523=CARTESIAN_POINT('',(32.5,21.309232938,113.6));
#4524=CARTESIAN_POINT('',(32.239726761,22.617478856,113.6));
#4525=CARTESIAN_POINT('',(31.237863889,25.036189791,113.6));
#4526=CARTESIAN_POINT('',(30.496668414,26.145467209,113.6));
#4527=CARTESIAN_POINT('',(28.645467209,27.996668414,113.6));
#4528=CARTESIAN_POINT('',(27.536189791,28.737863889,113.6));
#4529=CARTESIAN_POINT('',(25.117478856,29.739726761,113.6));
#4530=CARTESIAN_POINT('',(23.809232938,30.,113.6));
#4531=CARTESIAN_POINT('',(22.5,30.,113.6));
#4532=CARTESIAN_POINT('',(32.5,20.,107.6));
#4533=CARTESIAN_POINT('',(32.5,21.309232938,107.6));
#4534=CARTESIAN_POINT('',(32.239726761,22.617478856,107.6));
#4535=CARTESIAN_POINT('',(31.237863889,25.036189791,107.6));
#4536=CARTESIAN_POINT('',(30.496668414,26.145467209,107.6));
#4537=CARTESIAN_POINT('',(28.645467209,27.996668414,107.6));
#4538=CARTESIAN_POINT('',(27.536189791,28.737863889,107.6));
#4539=CARTESIAN_POINT('',(25.117478856,29.739726761,107.6));
#4540=CARTESIAN_POINT('',(23.809232938,30.,107.6));
#4541=CARTESIAN_POINT('',(22.5,30.,107.6));
#4542=(BOUNDED_SURFACE()
B_SPLINE_SURFACE(2,3,((#4512,#4513,#4514,#4515,#4516,#4517,#4518,#4519,#4520,#4521),(#4522,#4523,#4524,#4525,#4526,#4527,#4528,#4529,#4530,#4531),(#4532,#4533,#4534,#4535,#4536,#4537,#4538,#4539,#4540,#4541)),.UNSPECIFIED.,.F.,.F.,.U.)
B_SPLINE_SURFACE_WITH_KNOTS((3,3),(4,2,2,2,4),(0.,1.),(0.,0.392699082,0.785398163,1.178097245,1.570796327),.UNSPECIFIED.)
GEOMETRIC_REPRESENTATION_ITEM()
RATIONAL_B_SPLINE_SURFACE(((1.,1.,1.,1.,1.,1.,1.,1.,1.,1.),(0.78783356,0.78783356,0.78783356,0.78783356,0.78783356,0.78783356,0.78783356,0.78783356,0.78783356,0.78783356),(1.,1.,1.,1.,1.,1.,1.,1.,1.,1.)))
REPRESENTATION_ITEM('')
SURFACE()
);
#4543=ORIENTED_EDGE('',*,*,#4436,.T.);
#4544=ORIENTED_EDGE('',*,*,#3708,.F.);
#4545=CARTESIAN_POINT('',(32.5,20.,107.6));
#4546=CARTESIAN_POINT('',(32.5,20.,108.38783356));
#4547=CARTESIAN_POINT('',(32.372020996,20.,109.188869645));
#4548=CARTESIAN_POINT('',(32.092585085,20.,109.933265769));
#4549=CARTESIAN_POINT('',(31.813149175,20.,110.677661893));
#4550=CARTESIAN_POINT('',(31.381327633,20.,111.362655266));
#4551=CARTESIAN_POINT('',(30.821991449,20.,111.921991449));
#4552=CARTESIAN_POINT('',(30.262655266,20.,112.481327633));
#4553=CARTESIAN_POINT('',(29.577661893,20.,112.913149175));
#4554=CARTESIAN_POINT('',(28.833265769,20.,113.192585085));
#4555=CARTESIAN_POINT('',(28.088869645,20.,113.472020996));
#4556=CARTESIAN_POINT('',(27.28783356,20.,113.6));
#4557=CARTESIAN_POINT('',(26.5,20.,113.6));
#4558=B_SPLINE_CURVE_WITH_KNOTS('',3,(#4545,#4546,#4547,#4548,#4549,#4550,#4551,#4552,#4553,#4554,#4555,#4556,#4557),.UNSPECIFIED.,.F.,.F.,(4,3,3,3,4),(0.,0.25,0.5,0.75,1.),.UNSPECIFIED.);
#4559=EDGE_CURVE('',#3792,#3683,#4558,.T.);
#4560=ORIENTED_EDGE('',*,*,#4559,.F.);
#4561=ORIENTED_EDGE('',*,*,#3852,.F.);
#4562=EDGE_LOOP('',(#4543,#4544,#4560,#4561));
#4563=FACE_BOUND('',#4562,.T.);
#4564=ADVANCED_FACE('',(#4563),#4542,.T.);
#4565=CARTESIAN_POINT('',(-32.5,-56.,107.6));
#4566=CARTESIAN_POINT('',(-32.5,-38.101447908,107.6));
#4567=CARTESIAN_POINT('',(-32.5,-20.202895816,107.6));
#4568=CARTESIAN_POINT('',(-32.5,-2.304343724,107.6));
#4569=CARTESIAN_POINT('',(-32.5,-56.,113.6));
#4570=CARTESIAN_POINT('',(-32.5,-38.101447908,113.6));
#4571=CARTESIAN_POINT('',(-32.5,-20.202895816,113.6));
#4572=CARTESIAN_POINT('',(-32.5,-2.304343724,113.6));
#4573=CARTESIAN_POINT('',(-26.5,-56.,113.6));
#4574=CARTESIAN_POINT('',(-26.5,-38.101447908,113.6));
#4575=CARTESIAN_POINT('',(-26.5,-20.202895816,113.6));
#4576=CARTESIAN_POINT('',(-26.5,-2.304343724,113.6));
#4577=(BOUNDED_SURFACE()
B_SPLINE_SURFACE(2,3,((#4565,#4566,#4567,#4568),(#4569,#4570,#4571,#4572),(#4573,#4574,#4575,#4576)),.UNSPECIFIED.,.F.,.F.,.U.)
B_SPLINE_SURFACE_WITH_KNOTS((3,3),(4,4),(0.,1.),(-0.038,0.015695656),.UNSPECIFIED.)
GEOMETRIC_REPRESENTATION_ITEM()
RATIONAL_B_SPLINE_SURFACE(((1.,1.,1.,1.),(0.78783356,0.78783356,0.78783356,0.78783356),(1.,1.,1.,1.)))
REPRESENTATION_ITEM('')
SURFACE()
);
#4578=ORIENTED_EDGE('',*,*,#4134,.F.);
#4579=CARTESIAN_POINT('',(-26.5,-15.300653581,113.6));
#4580=CARTESIAN_POINT('',(-26.875126952,-14.302033183,113.6));
#4581=CARTESIAN_POINT('',(-27.204758513,-13.275668395,113.57205115));
#4582=CARTESIAN_POINT('',(-27.493346506,-12.221132023,113.531228594));
#4583=CARTESIAN_POINT('',(-27.637640502,-11.693863837,113.510817315));
#4584=CARTESIAN_POINT('',(-27.771249056,-11.160795156,113.487164069));
#4585=CARTESIAN_POINT('',(-27.894061177,-10.625040869,113.462027251));
#4586=CARTESIAN_POINT('',(-28.016873297,-10.089286582,113.436890432));
#4587=CARTESIAN_POINT('',(-28.129147722,-9.549911404,113.410230705));
#4588=CARTESIAN_POINT('',(-28.231442251,-9.006833962,113.383451863));
#4589=CARTESIAN_POINT('',(-28.436031311,-7.920679078,113.32989418));
#4590=CARTESIAN_POINT('',(-28.60087477,-6.819741236,113.276015013));
#4591=CARTESIAN_POINT('',(-28.72818219,-5.703031148,113.23091613));
#4592=CARTESIAN_POINT('',(-28.855489609,-4.58632106,113.185817248));
#4593=CARTESIAN_POINT('',(-28.945247612,-3.45383214,113.14953986));
#4594=CARTESIAN_POINT('',(-28.996951778,-2.304199357,113.128361418));
#4595=B_SPLINE_CURVE_WITH_KNOTS('',3,(#4579,#4580,#4581,#4582,#4583,#4584,#4585,#4586,#4587,#4588,#4589,#4590,#4591,#4592,#4593,#4594),.UNSPECIFIED.,.F.,.F.,(4,3,3,3,3,4),(0.00001411,0.003427122,0.005133627,0.006840133,0.010253145,0.013666156),.UNSPECIFIED.);
#4596=EDGE_CURVE('',#4120,#4462,#4595,.T.);
#4597=ORIENTED_EDGE('',*,*,#4596,.T.);
#4598=ORIENTED_EDGE('',*,*,#4477,.T.);
#4599=ORIENTED_EDGE('',*,*,#3956,.F.);
#4600=CARTESIAN_POINT('',(-26.5,-56.,113.6));
#4601=CARTESIAN_POINT('',(-27.28783356,-56.,113.6));
#4602=CARTESIAN_POINT('',(-28.088869645,-56.,113.472020996));
#4603=CARTESIAN_POINT('',(-28.833265769,-56.,113.192585085));
#4604=CARTESIAN_POINT('',(-29.577661893,-56.,112.913149175));
#4605=CARTESIAN_POINT('',(-30.262655266,-56.,112.481327633));
#4606=CARTESIAN_POINT('',(-30.821991449,-56.,111.921991449));
#4607=CARTESIAN_POINT('',(-31.381327633,-56.,111.362655266));
#4608=CARTESIAN_POINT('',(-31.813149175,-56.,110.677661893));
#4609=CARTESIAN_POINT('',(-32.092585085,-56.,109.933265769));
#4610=CARTESIAN_POINT('',(-32.372020996,-56.,109.188869645));
#4611=CARTESIAN_POINT('',(-32.5,-56.,108.38783356));
#4612=CARTESIAN_POINT('',(-32.5,-56.,107.6));
#4613=B_SPLINE_CURVE_WITH_KNOTS('',3,(#4600,#4601,#4602,#4603,#4604,#4605,#4606,#4607,#4608,#4609,#4610,#4611,#4612),.UNSPECIFIED.,.F.,.F.,(4,3,3,3,4),(0.,0.25,0.5,0.75,1.),.UNSPECIFIED.);
#4614=EDGE_CURVE('',#4129,#3943,#4613,.T.);
#4615=ORIENTED_EDGE('',*,*,#4614,.F.);
#4616=EDGE_LOOP('',(#4578,#4597,#4598,#4599,#4615));
#4617=FACE_BOUND('',#4616,.T.);
#4618=ADVANCED_FACE('',(#4617),#4577,.T.);
#4619=CARTESIAN_POINT('',(32.5,20.,107.6));
#4620=CARTESIAN_POINT('',(32.5,14.101447908,107.6));
#4621=CARTESIAN_POINT('',(32.5,8.202895816,107.6));
#4622=CARTESIAN_POINT('',(32.5,2.304343724,107.6));
#4623=CARTESIAN_POINT('',(32.5,20.,113.6));
#4624=CARTESIAN_POINT('',(32.5,14.101447908,113.6));
#4625=CARTESIAN_POINT('',(32.5,8.202895816,113.6));
#4626=CARTESIAN_POINT('',(32.5,2.304343724,113.6));
#4627=CARTESIAN_POINT('',(26.5,20.,113.6));
#4628=CARTESIAN_POINT('',(26.5,14.101447908,113.6));
#4629=CARTESIAN_POINT('',(26.5,8.202895816,113.6));
#4630=CARTESIAN_POINT('',(26.5,2.304343724,113.6));
#4631=(BOUNDED_SURFACE()
B_SPLINE_SURFACE(2,3,((#4619,#4620,#4621,#4622),(#4623,#4624,#4625,#4626),(#4627,#4628,#4629,#4630)),.UNSPECIFIED.,.F.,.F.,.U.)
B_SPLINE_SURFACE_WITH_KNOTS((3,3),(4,4),(0.,1.),(-0.038,-0.020304344),.UNSPECIFIED.)
GEOMETRIC_REPRESENTATION_ITEM()
RATIONAL_B_SPLINE_SURFACE(((1.,1.,1.,1.),(0.78783356,0.78783356,0.78783356,0.78783356),(1.,1.,1.,1.)))
REPRESENTATION_ITEM('')
SURFACE()
);
#4632=ORIENTED_EDGE('',*,*,#3688,.F.);
#4633=CARTESIAN_POINT('',(28.997271135,2.304343724,113.128230596));
#4634=VERTEX_POINT('',#4633);
#4635=CARTESIAN_POINT('',(26.5,15.300653581,113.6));
#4636=CARTESIAN_POINT('',(26.875126952,14.302033183,113.6));
#4637=CARTESIAN_POINT('',(27.204758513,13.275668395,113.57205115));
#4638=CARTESIAN_POINT('',(27.493346506,12.221132023,113.531228594));
#4639=CARTESIAN_POINT('',(27.637640502,11.693863837,113.510817315));
#4640=CARTESIAN_POINT('',(27.771249056,11.160795156,113.487164069));
#4641=CARTESIAN_POINT('',(27.894061177,10.625040869,113.462027251));
#4642=CARTESIAN_POINT('',(28.016873297,10.089286582,113.436890432));
#4643=CARTESIAN_POINT('',(28.129147722,9.549911404,113.410230705));
#4644=CARTESIAN_POINT('',(28.231442251,9.006833962,113.383451863));
#4645=CARTESIAN_POINT('',(28.436031311,7.920679078,113.32989418));
#4646=CARTESIAN_POINT('',(28.60087477,6.819741236,113.276015013));
#4647=CARTESIAN_POINT('',(28.72818219,5.703031148,113.23091613));
#4648=CARTESIAN_POINT('',(28.855489609,4.58632106,113.185817248));
#4649=CARTESIAN_POINT('',(28.945247612,3.45383214,113.14953986));
#4650=CARTESIAN_POINT('',(28.996951778,2.304199357,113.128361419));
#4651=B_SPLINE_CURVE_WITH_KNOTS('',3,(#4635,#4636,#4637,#4638,#4639,#4640,#4641,#4642,#4643,#4644,#4645,#4646,#4647,#4648,#4649,#4650),.UNSPECIFIED.,.F.,.F.,(4,3,3,3,3,4),(0.00001411,0.003427122,0.005133627,0.006840133,0.010253145,0.013666156),.UNSPECIFIED.);
#4652=EDGE_CURVE('',#3674,#4634,#4651,.T.);
#4653=ORIENTED_EDGE('',*,*,#4652,.T.);
#4654=CARTESIAN_POINT('',(32.5,2.304343724,107.6));
#4655=CARTESIAN_POINT('',(32.5,2.304343724,108.176324595));
#4656=CARTESIAN_POINT('',(32.432332186,2.304343724,108.759397188));
#4657=CARTESIAN_POINT('',(32.285736837,2.304343724,109.322688056));
#4658=CARTESIAN_POINT('',(32.139141487,2.304343724,109.885978925));
#4659=CARTESIAN_POINT('',(31.913291823,2.304343724,110.428959942));
#4660=CARTESIAN_POINT('',(31.609650271,2.304343724,110.922958775));
#4661=CARTESIAN_POINT('',(31.306008719,2.304343724,111.416957608));
#4662=CARTESIAN_POINT('',(30.924648479,2.304343724,111.861381573));
#4663=CARTESIAN_POINT('',(30.481845456,2.304343724,112.234169079));
#4664=CARTESIAN_POINT('',(30.039042433,2.304343724,112.606956585));
#4665=CARTESIAN_POINT('',(29.535287951,2.304343724,112.907817769));
#4666=CARTESIAN_POINT('',(28.997271135,2.304343724,113.128230596));
#4667=B_SPLINE_CURVE_WITH_KNOTS('',3,(#4654,#4655,#4656,#4657,#4658,#4659,#4660,#4661,#4662,#4663,#4664,#4665,#4666),.UNSPECIFIED.,.F.,.F.,(4,3,3,3,4),(0.268469097,0.451351823,0.634234549,0.817117274,1.),.UNSPECIFIED.);
#4668=EDGE_CURVE('',#3800,#4634,#4667,.T.);
#4669=ORIENTED_EDGE('',*,*,#4668,.F.);
#4670=ORIENTED_EDGE('',*,*,#3805,.F.);
#4671=ORIENTED_EDGE('',*,*,#4559,.T.);
#4672=EDGE_LOOP('',(#4632,#4653,#4669,#4670,#4671));
#4673=FACE_BOUND('',#4672,.T.);
#4674=ADVANCED_FACE('',(#4673),#4631,.T.);
#4675=CARTESIAN_POINT('',(-26.5,-56.,113.6));
#4676=CARTESIAN_POINT('',(-26.5,-56.523693175,113.6));
#4677=CARTESIAN_POINT('',(-26.395890705,-57.046991542,113.6));
#4678=CARTESIAN_POINT('',(-25.995145556,-58.014475916,113.6));
#4679=CARTESIAN_POINT('',(-25.698667366,-58.458186884,113.6));
#4680=CARTESIAN_POINT('',(-24.958186884,-59.198667366,113.6));
#4681=CARTESIAN_POINT('',(-24.514475916,-59.495145556,113.6));
#4682=CARTESIAN_POINT('',(-23.546991542,-59.895890705,113.6));
#4683=CARTESIAN_POINT('',(-23.023693175,-60.,113.6));
#4684=CARTESIAN_POINT('',(-22.5,-60.,113.6));
#4685=CARTESIAN_POINT('',(-32.5,-56.,113.6));
#4686=CARTESIAN_POINT('',(-32.5,-57.309232938,113.6));
#4687=CARTESIAN_POINT('',(-32.239726761,-58.617478856,113.6));
#4688=CARTESIAN_POINT('',(-31.237863889,-61.036189791,113.6));
#4689=CARTESIAN_POINT('',(-30.496668414,-62.145467209,113.6));
#4690=CARTESIAN_POINT('',(-28.645467209,-63.996668414,113.6));
#4691=CARTESIAN_POINT('',(-27.536189791,-64.737863889,113.6));
#4692=CARTESIAN_POINT('',(-25.117478856,-65.739726761,113.6));
#4693=CARTESIAN_POINT('',(-23.809232938,-66.,113.6));
#4694=CARTESIAN_POINT('',(-22.5,-66.,113.6));
#4695=CARTESIAN_POINT('',(-32.5,-56.,107.6));
#4696=CARTESIAN_POINT('',(-32.5,-57.309232938,107.6));
#4697=CARTESIAN_POINT('',(-32.239726761,-58.617478856,107.6));
#4698=CARTESIAN_POINT('',(-31.237863889,-61.036189791,107.6));
#4699=CARTESIAN_POINT('',(-30.496668414,-62.145467209,107.6));
#4700=CARTESIAN_POINT('',(-28.645467209,-63.996668414,107.6));
#4701=CARTESIAN_POINT('',(-27.536189791,-64.737863889,107.6));
#4702=CARTESIAN_POINT('',(-25.117478856,-65.739726761,107.6));
#4703=CARTESIAN_POINT('',(-23.809232938,-66.,107.6));
#4704=CARTESIAN_POINT('',(-22.5,-66.,107.6));
#4705=(BOUNDED_SURFACE()
B_SPLINE_SURFACE(2,3,((#4675,#4676,#4677,#4678,#4679,#4680,#4681,#4682,#4683,#4684),(#4685,#4686,#4687,#4688,#4689,#4690,#4691,#4692,#4693,#4694),(#4695,#4696,#4697,#4698,#4699,#4700,#4701,#4702,#4703,#4704)),.UNSPECIFIED.,.F.,.F.,.U.)
B_SPLINE_SURFACE_WITH_KNOTS((3,3),(4,2,2,2,4),(0.,1.),(3.141592654,3.534291735,3.926990817,4.319689899,4.71238898),.UNSPECIFIED.)
GEOMETRIC_REPRESENTATION_ITEM()
RATIONAL_B_SPLINE_SURFACE(((1.,1.,1.,1.,1.,1.,1.,1.,1.,1.),(0.78783356,0.78783356,0.78783356,0.78783356,0.78783356,0.78783356,0.78783356,0.78783356,0.78783356,0.78783356),(1.,1.,1.,1.,1.,1.,1.,1.,1.,1.)))
REPRESENTATION_ITEM('')
SURFACE()
);
#4706=ORIENTED_EDGE('',*,*,#4614,.T.);
#4707=ORIENTED_EDGE('',*,*,#4003,.F.);
#4708=CARTESIAN_POINT('',(-22.5,-60.,113.6));
#4709=CARTESIAN_POINT('',(-22.5,-60.78783356,113.6));
#4710=CARTESIAN_POINT('',(-22.5,-61.588869645,113.472020996));
#4711=CARTESIAN_POINT('',(-22.5,-62.333265769,113.192585085));
#4712=CARTESIAN_POINT('',(-22.5,-63.077661893,112.913149175));
#4713=CARTESIAN_POINT('',(-22.5,-63.762655266,112.481327633));
#4714=CARTESIAN_POINT('',(-22.5,-64.321991449,111.921991449));
#4715=CARTESIAN_POINT('',(-22.5,-64.881327633,111.362655266));
#4716=CARTESIAN_POINT('',(-22.5,-65.313149175,110.677661893));
#4717=CARTESIAN_POINT('',(-22.5,-65.592585085,109.933265769));
#4718=CARTESIAN_POINT('',(-22.5,-65.872020996,109.188869645));
#4719=CARTESIAN_POINT('',(-22.5,-66.,108.38783356));
#4720=CARTESIAN_POINT('',(-22.5,-66.,107.6));
#4721=B_SPLINE_CURVE_WITH_KNOTS('',3,(#4708,#4709,#4710,#4711,#4712,#4713,#4714,#4715,#4716,#4717,#4718,#4719,#4720),.UNSPECIFIED.,.F.,.F.,(4,3,3,3,4),(0.,0.25,0.5,0.75,1.),.UNSPECIFIED.);
#4722=EDGE_CURVE('',#4137,#3991,#4721,.T.);
#4723=ORIENTED_EDGE('',*,*,#4722,.F.);
#4724=ORIENTED_EDGE('',*,*,#4156,.F.);
#4725=EDGE_LOOP('',(#4706,#4707,#4723,#4724));
#4726=FACE_BOUND('',#4725,.T.);
#4727=ADVANCED_FACE('',(#4726),#4705,.T.);
#4728=CARTESIAN_POINT('',(28.979475731,-2.304343724,113.135487091));
#4729=CARTESIAN_POINT('',(29.024820846,-1.542958793,113.114125793));
#4730=CARTESIAN_POINT('',(29.047772623,-0.770765861,113.103633233));
#4731=CARTESIAN_POINT('',(29.047772329,0.770780732,113.103633369));
#4732=CARTESIAN_POINT('',(29.024820714,1.542960597,113.11412584));
#4733=CARTESIAN_POINT('',(28.979475731,2.304343724,113.135487091));
#4734=CARTESIAN_POINT('',(32.5,-2.304343724,111.706597685));
#4735=CARTESIAN_POINT('',(32.5,-1.543040452,111.668529554));
#4736=CARTESIAN_POINT('',(32.5,-0.77006356,111.65006572));
#4737=CARTESIAN_POINT('',(32.5,0.770078427,111.650065959));
#4738=CARTESIAN_POINT('',(32.5,1.543042249,111.668529617));
#4739=CARTESIAN_POINT('',(32.5,2.304343724,111.706597685));
#4740=CARTESIAN_POINT('',(32.5,-2.304343724,107.6));
#4741=CARTESIAN_POINT('',(32.5,-1.536228231,107.6));
#4742=CARTESIAN_POINT('',(32.5,-0.768107169,107.600833395));
#4743=CARTESIAN_POINT('',(32.5,0.76812198,107.600833388));
#4744=CARTESIAN_POINT('',(32.5,1.536230068,107.6));
#4745=CARTESIAN_POINT('',(32.5,2.304343724,107.6));
#4746=(BOUNDED_SURFACE()
B_SPLINE_SURFACE(2,3,((#4728,#4729,#4730,#4731,#4732,#4733),(#4734,#4735,#4736,#4737,#4738,#4739),(#4740,#4741,#4742,#4743,#4744,#4745)),.UNSPECIFIED.,.F.,.F.,.U.)
B_SPLINE_SURFACE_WITH_KNOTS((3,3),(4,2,4),(0.266454149,1.),(-0.038334295,-0.036019358,-0.03370442),.UNSPECIFIED.)
GEOMETRIC_REPRESENTATION_ITEM()
RATIONAL_B_SPLINE_SURFACE(((0.91706145,0.91876325,0.919617301,0.91961729,0.91876324,0.91706145),(0.844366188,0.847559608,0.849162231,0.84916221,0.847559589,0.844366188),(1.,1.,1.,1.,1.,1.)))
REPRESENTATION_ITEM('')
SURFACE()
);
#4747=ORIENTED_EDGE('',*,*,#4668,.T.);
#4748=CARTESIAN_POINT('',(28.997271134,-2.304343724,113.128230597));
#4749=VERTEX_POINT('',#4748);
#4750=CARTESIAN_POINT('',(28.997596941,2.304343724,113.128097111));
#4751=CARTESIAN_POINT('',(29.031033057,1.534257123,113.111400265));
#4752=CARTESIAN_POINT('',(29.047776942,0.766670412,113.103631242));
#4753=CARTESIAN_POINT('',(29.047773265,-0.000251491,113.103632969));
#4754=CARTESIAN_POINT('',(29.047771427,-0.383712442,113.103633832));
#4755=CARTESIAN_POINT('',(29.043567383,-0.767403393,113.105603325));
#4756=CARTESIAN_POINT('',(29.035202373,-1.151283358,113.109632799));
#4757=CARTESIAN_POINT('',(29.031019869,-1.343223341,113.111647536));
#4758=CARTESIAN_POINT('',(29.025796135,-1.535246186,113.114178754));
#4759=CARTESIAN_POINT('',(29.019529312,-1.727413322,113.117248011));
#4760=CARTESIAN_POINT('',(29.016395901,-1.823496891,113.118782639));
#4761=CARTESIAN_POINT('',(29.013001824,-1.919616638,113.120451816));
#4762=CARTESIAN_POINT('',(29.009346144,-2.015780622,113.122259054));
#4763=CARTESIAN_POINT('',(29.005690464,-2.111944606,113.124066292));
#4764=CARTESIAN_POINT('',(29.001773235,-2.208902254,113.1260145));
#4765=CARTESIAN_POINT('',(28.997592507,-2.304413103,113.128099197));
#4766=B_SPLINE_CURVE_WITH_KNOTS('',3,(#4750,#4751,#4752,#4753,#4754,#4755,#4756,#4757,#4758,#4759,#4760,#4761,#4762,#4763,#4764,#4765),.UNSPECIFIED.,.F.,.F.,(4,3,3,3,3,4),(-0.00000007,0.002291681,0.003437556,0.004010494,0.004296963,0.004583432),.UNSPECIFIED.);
#4767=EDGE_CURVE('',#4634,#4749,#4766,.T.);
#4768=ORIENTED_EDGE('',*,*,#4767,.T.);
#4769=CARTESIAN_POINT('',(32.5,-2.304343724,107.6));
#4770=CARTESIAN_POINT('',(32.5,-2.304343724,108.176324595));
#4771=CARTESIAN_POINT('',(32.432332186,-2.304343724,108.759397188));
#4772=CARTESIAN_POINT('',(32.285736837,-2.304343724,109.322688057));
#4773=CARTESIAN_POINT('',(32.139141487,-2.304343724,109.885978925));
#4774=CARTESIAN_POINT('',(31.913291823,-2.304343724,110.428959943));
#4775=CARTESIAN_POINT('',(31.60965027,-2.304343724,110.922958775));
#4776=CARTESIAN_POINT('',(31.306008718,-2.304343724,111.416957608));
#4777=CARTESIAN_POINT('',(30.924648478,-2.304343724,111.861381573));
#4778=CARTESIAN_POINT('',(30.481845455,-2.304343724,112.234169079));
#4779=CARTESIAN_POINT('',(30.039042433,-2.304343724,112.606956585));
#4780=CARTESIAN_POINT('',(29.53528795,-2.304343724,112.907817769));
#4781=CARTESIAN_POINT('',(28.997271134,-2.304343724,113.128230597));
#4782=B_SPLINE_CURVE_WITH_KNOTS('',3,(#4769,#4770,#4771,#4772,#4773,#4774,#4775,#4776,#4777,#4778,#4779,#4780,#4781),.UNSPECIFIED.,.F.,.F.,(4,3,3,3,4),(0.268469097,0.451351823,0.634234549,0.817117274,1.),.UNSPECIFIED.);
#4783=EDGE_CURVE('',#3808,#4749,#4782,.T.);
#4784=ORIENTED_EDGE('',*,*,#4783,.F.);
#4785=ORIENTED_EDGE('',*,*,#3813,.F.);
#4786=EDGE_LOOP('',(#4747,#4768,#4784,#4785));
#4787=FACE_BOUND('',#4786,.T.);
#4788=ADVANCED_FACE('',(#4787),#4746,.T.);
#4789=CARTESIAN_POINT('',(22.5,-66.,107.6));
#4790=CARTESIAN_POINT('',(7.5,-66.,107.6));
#4791=CARTESIAN_POINT('',(-7.5,-66.,107.6));
#4792=CARTESIAN_POINT('',(-22.5,-66.,107.6));
#4793=CARTESIAN_POINT('',(22.5,-66.,113.6));
#4794=CARTESIAN_POINT('',(7.5,-66.,113.6));
#4795=CARTESIAN_POINT('',(-7.5,-66.,113.6));
#4796=CARTESIAN_POINT('',(-22.5,-66.,113.6));
#4797=CARTESIAN_POINT('',(22.5,-60.,113.6));
#4798=CARTESIAN_POINT('',(7.5,-60.,113.6));
#4799=CARTESIAN_POINT('',(-7.5,-60.,113.6));
#4800=CARTESIAN_POINT('',(-22.5,-60.,113.6));
#4801=(BOUNDED_SURFACE()
B_SPLINE_SURFACE(2,3,((#4789,#4790,#4791,#4792),(#4793,#4794,#4795,#4796),(#4797,#4798,#4799,#4800)),.UNSPECIFIED.,.F.,.F.,.U.)
B_SPLINE_SURFACE_WITH_KNOTS((3,3),(4,4),(0.,1.),(-0.0225,0.0225),.UNSPECIFIED.)
GEOMETRIC_REPRESENTATION_ITEM()
RATIONAL_B_SPLINE_SURFACE(((1.,1.,1.,1.),(0.78783356,0.78783356,0.78783356,0.78783356),(1.,1.,1.,1.)))
REPRESENTATION_ITEM('')
SURFACE()
);
#4802=ORIENTED_EDGE('',*,*,#4722,.T.);
#4803=ORIENTED_EDGE('',*,*,#4034,.F.);
#4804=CARTESIAN_POINT('',(22.5,-60.,113.6));
#4805=CARTESIAN_POINT('',(22.5,-60.78783356,113.6));
#4806=CARTESIAN_POINT('',(22.5,-61.588869645,113.472020996));
#4807=CARTESIAN_POINT('',(22.5,-62.333265769,113.192585085));
#4808=CARTESIAN_POINT('',(22.5,-63.077661893,112.913149175));
#4809=CARTESIAN_POINT('',(22.5,-63.762655266,112.481327633));
#4810=CARTESIAN_POINT('',(22.5,-64.321991449,111.921991449));
#4811=CARTESIAN_POINT('',(22.5,-64.881327633,111.362655266));
#4812=CARTESIAN_POINT('',(22.5,-65.313149175,110.677661893));
#4813=CARTESIAN_POINT('',(22.5,-65.592585085,109.933265769));
#4814=CARTESIAN_POINT('',(22.5,-65.872020996,109.188869645));
#4815=CARTESIAN_POINT('',(22.5,-66.,108.38783356));
#4816=CARTESIAN_POINT('',(22.5,-66.,107.6));
#4817=B_SPLINE_CURVE_WITH_KNOTS('',3,(#4804,#4805,#4806,#4807,#4808,#4809,#4810,#4811,#4812,#4813,#4814,#4815,#4816),.UNSPECIFIED.,.F.,.F.,(4,3,3,3,4),(0.,0.25,0.5,0.75,1.),.UNSPECIFIED.);
#4818=EDGE_CURVE('',#4159,#4023,#4817,.T.);
#4819=ORIENTED_EDGE('',*,*,#4818,.F.);
#4820=ORIENTED_EDGE('',*,*,#4164,.F.);
#4821=EDGE_LOOP('',(#4802,#4803,#4819,#4820));
#4822=FACE_BOUND('',#4821,.T.);
#4823=ADVANCED_FACE('',(#4822),#4801,.T.);
#4824=CARTESIAN_POINT('',(32.5,-2.304343724,107.6));
#4825=CARTESIAN_POINT('',(32.5,-20.202895816,107.6));
#4826=CARTESIAN_POINT('',(32.5,-38.101447908,107.6));
#4827=CARTESIAN_POINT('',(32.5,-56.,107.6));
#4828=CARTESIAN_POINT('',(32.5,-2.304343724,113.6));
#4829=CARTESIAN_POINT('',(32.5,-20.202895816,113.6));
#4830=CARTESIAN_POINT('',(32.5,-38.101447908,113.6));
#4831=CARTESIAN_POINT('',(32.5,-56.,113.6));
#4832=CARTESIAN_POINT('',(26.5,-2.304343724,113.6));
#4833=CARTESIAN_POINT('',(26.5,-20.202895816,113.6));
#4834=CARTESIAN_POINT('',(26.5,-38.101447908,113.6));
#4835=CARTESIAN_POINT('',(26.5,-56.,113.6));
#4836=(BOUNDED_SURFACE()
B_SPLINE_SURFACE(2,3,((#4824,#4825,#4826,#4827),(#4828,#4829,#4830,#4831),(#4832,#4833,#4834,#4835)),.UNSPECIFIED.,.F.,.F.,.U.)
B_SPLINE_SURFACE_WITH_KNOTS((3,3),(4,4),(0.,1.),(-0.015695656,0.038),.UNSPECIFIED.)
GEOMETRIC_REPRESENTATION_ITEM()
RATIONAL_B_SPLINE_SURFACE(((1.,1.,1.,1.),(0.78783356,0.78783356,0.78783356,0.78783356),(1.,1.,1.,1.)))
REPRESENTATION_ITEM('')
SURFACE()
);
#4837=ORIENTED_EDGE('',*,*,#4783,.T.);
#4838=CARTESIAN_POINT('',(28.996943883,-2.304314342,113.128364652));
#4839=CARTESIAN_POINT('',(28.945304386,-3.452450922,113.149516466));
#4840=CARTESIAN_POINT('',(28.855413568,-4.589815811,113.185885615));
#4841=CARTESIAN_POINT('',(28.726567436,-5.717081497,113.231487901));
#4842=CARTESIAN_POINT('',(28.66214437,-6.28071434,113.254289045));
#4843=CARTESIAN_POINT('',(28.587794162,-6.8426302,113.279380379));
#4844=CARTESIAN_POINT('',(28.504040411,-7.397656276,113.305437753));
#4845=CARTESIAN_POINT('',(28.42028666,-7.952682351,113.331495128));
#4846=CARTESIAN_POINT('',(28.327058341,-8.501796615,113.358547332));
#4847=CARTESIAN_POINT('',(28.224195399,-9.045212622,113.385344355));
#4848=CARTESIAN_POINT('',(28.018469515,-10.132044636,113.4389384));
#4849=CARTESIAN_POINT('',(27.774376252,-11.196138671,113.491681003));
#4850=CARTESIAN_POINT('',(27.488582943,-12.238517725,113.531900698));
#4851=CARTESIAN_POINT('',(27.202789634,-13.280896778,113.572120393));
#4852=CARTESIAN_POINT('',(26.875304814,-14.301559699,113.6));
#4853=CARTESIAN_POINT('',(26.5,-15.300653581,113.6));
#4854=B_SPLINE_CURVE_WITH_KNOTS('',3,(#4838,#4839,#4840,#4841,#4842,#4843,#4844,#4845,#4846,#4847,#4848,#4849,#4850,#4851,#4852,#4853),.UNSPECIFIED.,.F.,.F.,(4,3,3,3,3,4),(0.,0.00341429,0.005121435,0.00682858,0.01024287,0.01365716),.UNSPECIFIED.);
#4855=EDGE_CURVE('',#4749,#4112,#4854,.T.);
#4856=ORIENTED_EDGE('',*,*,#4855,.T.);
#4857=ORIENTED_EDGE('',*,*,#4117,.F.);
#4858=CARTESIAN_POINT('',(32.5,-56.,107.6));
#4859=CARTESIAN_POINT('',(32.5,-56.,108.38783356));
#4860=CARTESIAN_POINT('',(32.372020996,-56.,109.188869645));
#4861=CARTESIAN_POINT('',(32.092585085,-56.,109.933265769));
#4862=CARTESIAN_POINT('',(31.813149175,-56.,110.677661893));
#4863=CARTESIAN_POINT('',(31.381327633,-56.,111.362655266));
#4864=CARTESIAN_POINT('',(30.821991449,-56.,111.921991449));
#4865=CARTESIAN_POINT('',(30.262655266,-56.,112.481327633));
#4866=CARTESIAN_POINT('',(29.577661893,-56.,112.913149175));
#4867=CARTESIAN_POINT('',(28.833265769,-56.,113.192585085));
#4868=CARTESIAN_POINT('',(28.088869645,-56.,113.472020996));
#4869=CARTESIAN_POINT('',(27.28783356,-56.,113.6));
#4870=CARTESIAN_POINT('',(26.5,-56.,113.6));
#4871=B_SPLINE_CURVE_WITH_KNOTS('',3,(#4858,#4859,#4860,#4861,#4862,#4863,#4864,#4865,#4866,#4867,#4868,#4869,#4870),.UNSPECIFIED.,.F.,.F.,(4,3,3,3,4),(0.,0.25,0.5,0.75,1.),.UNSPECIFIED.);
#4872=EDGE_CURVE('',#3774,#4110,#4871,.T.);
#4873=ORIENTED_EDGE('',*,*,#4872,.F.);
#4874=ORIENTED_EDGE('',*,*,#3819,.F.);
#4875=EDGE_LOOP('',(#4837,#4856,#4857,#4873,#4874));
#4876=FACE_BOUND('',#4875,.T.);
#4877=ADVANCED_FACE('',(#4876),#4836,.T.);
#4878=CARTESIAN_POINT('',(22.5,-60.,113.6));
#4879=CARTESIAN_POINT('',(23.023693175,-60.,113.6));
#4880=CARTESIAN_POINT('',(23.546991542,-59.895890705,113.6));
#4881=CARTESIAN_POINT('',(24.514475916,-59.495145556,113.6));
#4882=CARTESIAN_POINT('',(24.958186884,-59.198667366,113.6));
#4883=CARTESIAN_POINT('',(25.698667366,-58.458186884,113.6));
#4884=CARTESIAN_POINT('',(25.995145556,-58.014475916,113.6));
#4885=CARTESIAN_POINT('',(26.395890705,-57.046991542,113.6));
#4886=CARTESIAN_POINT('',(26.5,-56.523693175,113.6));
#4887=CARTESIAN_POINT('',(26.5,-56.,113.6));
#4888=CARTESIAN_POINT('',(22.5,-66.,113.6));
#4889=CARTESIAN_POINT('',(23.809232938,-66.,113.6));
#4890=CARTESIAN_POINT('',(25.117478856,-65.739726761,113.6));
#4891=CARTESIAN_POINT('',(27.536189791,-64.737863889,113.6));
#4892=CARTESIAN_POINT('',(28.645467209,-63.996668414,113.6));
#4893=CARTESIAN_POINT('',(30.496668414,-62.145467209,113.6));
#4894=CARTESIAN_POINT('',(31.237863889,-61.036189791,113.6));
#4895=CARTESIAN_POINT('',(32.239726761,-58.617478856,113.6));
#4896=CARTESIAN_POINT('',(32.5,-57.309232938,113.6));
#4897=CARTESIAN_POINT('',(32.5,-56.,113.6));
#4898=CARTESIAN_POINT('',(22.5,-66.,107.6));
#4899=CARTESIAN_POINT('',(23.809232938,-66.,107.6));
#4900=CARTESIAN_POINT('',(25.117478856,-65.739726761,107.6));
#4901=CARTESIAN_POINT('',(27.536189791,-64.737863889,107.6));
#4902=CARTESIAN_POINT('',(28.645467209,-63.996668414,107.6));
#4903=CARTESIAN_POINT('',(30.496668414,-62.145467209,107.6));
#4904=CARTESIAN_POINT('',(31.237863889,-61.036189791,107.6));
#4905=CARTESIAN_POINT('',(32.239726761,-58.617478856,107.6));
#4906=CARTESIAN_POINT('',(32.5,-57.309232938,107.6));
#4907=CARTESIAN_POINT('',(32.5,-56.,107.6));
#4908=(BOUNDED_SURFACE()
B_SPLINE_SURFACE(2,3,((#4878,#4879,#4880,#4881,#4882,#4883,#4884,#4885,#4886,#4887),(#4888,#4889,#4890,#4891,#4892,#4893,#4894,#4895,#4896,#4897),(#4898,#4899,#4900,#4901,#4902,#4903,#4904,#4905,#4906,#4907)),.UNSPECIFIED.,.F.,.F.,.U.)
B_SPLINE_SURFACE_WITH_KNOTS((3,3),(4,2,2,2,4),(0.,1.),(4.71238898,5.105088062,5.497787144,5.890486225,6.283185307),.UNSPECIFIED.)
GEOMETRIC_REPRESENTATION_ITEM()
RATIONAL_B_SPLINE_SURFACE(((1.,1.,1.,1.,1.,1.,1.,1.,1.,1.),(0.78783356,0.78783356,0.78783356,0.78783356,0.78783356,0.78783356,0.78783356,0.78783356,0.78783356,0.78783356),(1.,1.,1.,1.,1.,1.,1.,1.,1.,1.)))
REPRESENTATION_ITEM('')
SURFACE()
);
#4909=ORIENTED_EDGE('',*,*,#4818,.T.);
#4910=ORIENTED_EDGE('',*,*,#4058,.F.);
#4911=ORIENTED_EDGE('',*,*,#4872,.T.);
#4912=ORIENTED_EDGE('',*,*,#4184,.F.);
#4913=EDGE_LOOP('',(#4909,#4910,#4911,#4912));
#4914=FACE_BOUND('',#4913,.T.);
#4915=ADVANCED_FACE('',(#4914),#4908,.T.);
#4916=CARTESIAN_POINT('',(16.501692852,20.862745098,117.6));
#4917=CARTESIAN_POINT('',(16.501692852,20.862745098,117.076401224));
#4918=CARTESIAN_POINT('',(16.56627855,20.944399446,116.553008463));
#4919=CARTESIAN_POINT('',(16.814886574,21.25870937,115.585524079));
#4920=CARTESIAN_POINT('',(16.998811083,21.491241279,115.14181312));
#4921=CARTESIAN_POINT('',(17.458178812,22.07201029,114.40133263));
#4922=CARTESIAN_POINT('',(17.733441291,22.420018885,114.104854447));
#4923=CARTESIAN_POINT('',(18.333634154,23.178830167,113.704109293));
#4924=CARTESIAN_POINT('',(18.658328387,23.589334294,113.6));
#4925=CARTESIAN_POINT('',(18.983150423,24.,113.6));
#4926=CARTESIAN_POINT('',(16.49971695,20.864307966,117.6));
#4927=CARTESIAN_POINT('',(16.49971695,20.864307966,117.076401224));
#4928=CARTESIAN_POINT('',(16.564294915,20.945968431,116.553008463));
#4929=CARTESIAN_POINT('',(16.812873171,21.2603019,115.585524079));
#4930=CARTESIAN_POINT('',(16.996775656,21.492851229,115.14181312));
#4931=CARTESIAN_POINT('',(17.456088382,22.073663747,114.40133263));
#4932=CARTESIAN_POINT('',(17.731317901,22.421698412,114.104854447));
#4933=CARTESIAN_POINT('',(18.331438897,23.180566537,113.704109293));
#4934=CARTESIAN_POINT('',(18.656094251,23.591101416,113.6));
#4935=CARTESIAN_POINT('',(18.980877394,24.001797886,113.6));
#4936=CARTESIAN_POINT('',(16.497740806,20.86587057,117.600000847));
#4937=CARTESIAN_POINT('',(16.497820673,20.865807204,117.076484076));
#4938=CARTESIAN_POINT('',(16.56245027,20.947384551,116.553173126));
#4939=CARTESIAN_POINT('',(16.811070515,21.261528575,115.585815499));
#4940=CARTESIAN_POINT('',(16.994963404,21.493971726,115.1421492));
#4941=CARTESIAN_POINT('',(17.454205684,22.074575711,114.401693386));
#4942=CARTESIAN_POINT('',(17.729374495,22.422508245,114.105195028));
#4943=CARTESIAN_POINT('',(18.329344951,23.181207828,113.704333862));
#4944=CARTESIAN_POINT('',(18.65391068,23.591676547,113.600128677));
#4945=CARTESIAN_POINT('',(18.978604085,24.002339425,113.599999724));
#4946=CARTESIAN_POINT('',(16.49378838,20.868994974,117.599999153));
#4947=CARTESIAN_POINT('',(16.49394819,20.86886845,117.076564548));
#4948=CARTESIAN_POINT('',(16.558621737,20.950368954,116.553335602));
#4949=CARTESIAN_POINT('',(16.807254263,21.264347266,115.586105127));
#4950=CARTESIAN_POINT('',(16.991115538,21.496701692,115.142483688));
#4951=CARTESIAN_POINT('',(17.450232344,22.077140592,114.402052904));
#4952=CARTESIAN_POINT('',(17.725307456,22.424996974,114.105534523));
#4953=CARTESIAN_POINT('',(18.325055421,23.183584583,113.704557552));
#4954=CARTESIAN_POINT('',(18.649492592,23.59401771,113.600256533));
#4955=CARTESIAN_POINT('',(18.974057309,24.004677557,113.599998623));
#4956=CARTESIAN_POINT('',(16.491811751,20.870557048,117.600001693));
#4957=CARTESIAN_POINT('',(16.492011117,20.870398657,117.076607814));
#4958=CARTESIAN_POINT('',(16.556706324,20.951860559,116.553419416));
#4959=CARTESIAN_POINT('',(16.805344601,21.265755874,115.586251593));
#4960=CARTESIAN_POINT('',(16.989189995,21.498065977,115.142652114));
#4961=CARTESIAN_POINT('',(17.448244124,22.078422577,114.402233054));
#4962=CARTESIAN_POINT('',(17.723272522,22.426241086,114.105704343));
#4963=CARTESIAN_POINT('',(18.322909641,23.184773169,113.704669093));
#4964=CARTESIAN_POINT('',(18.647282798,23.595188759,113.600320098));
#4965=CARTESIAN_POINT('',(18.971783443,24.005847313,113.599997796));
#4966=CARTESIAN_POINT('',(16.485882177,20.875241657,117.599996615));
#4967=CARTESIAN_POINT('',(16.486201344,20.874988728,117.076726059));
#4968=CARTESIAN_POINT('',(16.550962383,20.956335539,116.553660742));
#4969=CARTESIAN_POINT('',(16.799618952,21.269982545,115.586683801));
#4970=CARTESIAN_POINT('',(16.983416892,21.50215964,115.143151693));
#4971=CARTESIAN_POINT('',(17.442282801,22.082268653,114.402770339));
#4972=CARTESIAN_POINT('',(17.717170677,22.429972891,114.106211677));
#4973=CARTESIAN_POINT('',(18.316474147,23.188336796,113.705002868));
#4974=CARTESIAN_POINT('',(18.640654529,23.598698823,113.600510188));
#4975=CARTESIAN_POINT('',(18.964962204,24.009352598,113.599994493));
#4976=CARTESIAN_POINT('',(16.481928851,20.878363123,117.599986462));
#4977=CARTESIAN_POINT('',(16.48232834,20.878047732,117.076798661));
#4978=CARTESIAN_POINT('',(16.5471336,20.959318214,116.55381607));
#4979=CARTESIAN_POINT('',(16.795802768,21.272800096,115.586967755));
#4980=CARTESIAN_POINT('',(16.979569142,21.504888541,115.143481257));
#4981=CARTESIAN_POINT('',(17.438309484,22.084832206,114.403126238));
#4982=CARTESIAN_POINT('',(17.713103521,22.432459956,114.106548105));
#4983=CARTESIAN_POINT('',(18.312184103,23.190710932,113.705224227));
#4984=CARTESIAN_POINT('',(18.636235672,23.60103675,113.600635892));
#4985=CARTESIAN_POINT('',(18.960414393,24.011686833,113.599991194));
#4986=CARTESIAN_POINT('',(16.470065965,20.887724352,117.599966175));
#4987=CARTESIAN_POINT('',(16.470704602,20.887220686,117.077025317));
#4988=CARTESIAN_POINT('',(16.535641144,20.968261686,116.554289186));
#4989=CARTESIAN_POINT('',(16.784346382,21.281247976,115.587823252));
#4990=CARTESIAN_POINT('',(16.968017713,21.513070733,115.144471814));
#4991=CARTESIAN_POINT('',(17.426381584,22.092519381,114.404192853));
#4992=CARTESIAN_POINT('',(17.700894679,22.439918422,114.107555144));
#4993=CARTESIAN_POINT('',(18.299308315,23.197832171,113.705884746));
#4994=CARTESIAN_POINT('',(18.622974583,23.608050162,113.601009307));
#4995=CARTESIAN_POINT('',(18.946767614,24.018689757,113.599978002));
#4996=CARTESIAN_POINT('',(16.462154882,20.893959847,117.599945903));
#4997=CARTESIAN_POINT('',(16.462952649,20.893331197,117.07716987));
#4998=CARTESIAN_POINT('',(16.527976459,20.974219675,116.554598244));
#4999=CARTESIAN_POINT('',(16.776705401,21.286876252,115.588387641));
#5000=CARTESIAN_POINT('',(16.960313279,21.518522103,115.145126455));
#5001=CARTESIAN_POINT('',(17.418426149,22.097640845,114.40489863));
#5002=CARTESIAN_POINT('',(17.692752017,22.444887301,114.108221422));
#5003=CARTESIAN_POINT('',(18.290721259,23.202575653,113.706320408));
#5004=CARTESIAN_POINT('',(18.614130825,23.612721293,113.601253746));
#5005=CARTESIAN_POINT('',(18.937666894,24.023353278,113.599964821));
#5006=CARTESIAN_POINT('',(16.438414156,20.912650377,117.599864929));
#5007=CARTESIAN_POINT('',(16.439688403,20.911648365,117.077583959));
#5008=CARTESIAN_POINT('',(16.50497326,20.992080666,116.555506434));
#5009=CARTESIAN_POINT('',(16.753772282,21.303750153,115.590063041));
#5010=CARTESIAN_POINT('',(16.937189532,21.534865934,115.147073244));
#5011=CARTESIAN_POINT('',(17.394549336,22.112995282,114.407000115));
#5012=CARTESIAN_POINT('',(17.668313733,22.459783648,114.110205065));
#5013=CARTESIAN_POINT('',(18.264950495,23.216794086,113.707613401));
#5014=CARTESIAN_POINT('',(18.587590451,23.626721277,113.601973609));
#5015=CARTESIAN_POINT('',(18.910356134,24.037328585,113.59991219));
#5016=CARTESIAN_POINT('',(16.422577038,20.925089457,117.59978407));
#5017=CARTESIAN_POINT('',(16.424167726,20.923840658,117.077833923));
#5018=CARTESIAN_POINT('',(16.489625601,21.003970694,116.556086582));
#5019=CARTESIAN_POINT('',(16.73846997,21.314984847,115.591156286));
#5020=CARTESIAN_POINT('',(16.921759774,21.545748118,115.148348259));
#5021=CARTESIAN_POINT('',(17.37861745,22.123218297,114.408379976));
#5022=CARTESIAN_POINT('',(17.652007809,22.469700827,114.111507238));
#5023=CARTESIAN_POINT('',(18.247757193,23.22625702,113.708456737));
#5024=CARTESIAN_POINT('',(18.569884738,23.636036722,113.602435581));
#5025=CARTESIAN_POINT('',(18.892137495,24.046625115,113.599859649));
#5026=CARTESIAN_POINT('',(16.375035791,20.962343003,117.599461538));
#5027=CARTESIAN_POINT('',(16.37757215,20.960360157,117.078506152));
#5028=CARTESIAN_POINT('',(16.443546039,21.039588919,116.557751659));
#5029=CARTESIAN_POINT('',(16.692522322,21.348645197,115.594365441));
#5030=CARTESIAN_POINT('',(16.875428705,21.578353537,115.15210522));
#5031=CARTESIAN_POINT('',(17.330779754,22.153847515,114.412456587));
#5032=CARTESIAN_POINT('',(17.603048827,22.499411231,114.115353401));
#5033=CARTESIAN_POINT('',(18.19613891,23.254597875,113.710931212));
#5034=CARTESIAN_POINT('',(18.516731212,23.663929586,113.603768166));
#5035=CARTESIAN_POINT('',(18.837447189,24.074453903,113.599650209));
#5036=CARTESIAN_POINT('',(16.343301769,20.987093779,117.599139925));
#5037=CARTESIAN_POINT('',(16.346463705,20.984629984,117.078850768));
#5038=CARTESIAN_POINT('',(16.412777544,21.063265254,116.558761233));
#5039=CARTESIAN_POINT('',(16.661836268,21.371027121,115.596410777));
#5040=CARTESIAN_POINT('',(16.844485594,21.600035638,115.154519088));
#5041=CARTESIAN_POINT('',(17.298831898,22.17421389,114.415090366));
#5042=CARTESIAN_POINT('',(17.570354555,22.519163327,114.117837037));
#5043=CARTESIAN_POINT('',(18.161675549,23.273427848,113.712506821));
#5044=CARTESIAN_POINT('',(18.481247012,23.68245354,113.604585452));
#5045=CARTESIAN_POINT('',(18.800941133,24.092925364,113.599441492));
#5046=CARTESIAN_POINT('',(16.2479802,21.06109236,117.597860615));
#5047=CARTESIAN_POINT('',(16.25300417,21.057210561,117.079578896));
#5048=CARTESIAN_POINT('',(16.320325639,21.1340871,116.561493012));
#5049=CARTESIAN_POINT('',(16.569615136,21.437997849,115.602268297));
#5050=CARTESIAN_POINT('',(16.751488966,21.664917233,115.161491916));
#5051=CARTESIAN_POINT('',(17.20282009,22.235153688,114.422743077));
#5052=CARTESIAN_POINT('',(17.472106849,22.578255297,114.125049764));
#5053=CARTESIAN_POINT('',(18.058131974,23.329726845,113.717015035));
#5054=CARTESIAN_POINT('',(18.374648915,23.737812838,113.606827807));
#5055=CARTESIAN_POINT('',(18.691285494,24.148098311,113.598612332));
#5056=CARTESIAN_POINT('',(16.184273147,21.110086433,117.596588588));
#5057=CARTESIAN_POINT('',(16.190518861,21.105292412,117.079656818));
#5058=CARTESIAN_POINT('',(16.258495777,21.181025448,116.562918383));
#5059=CARTESIAN_POINT('',(16.507917047,21.482411603,115.60580207));
#5060=CARTESIAN_POINT('',(16.689268113,21.707952007,115.165782162));
#5061=CARTESIAN_POINT('',(17.138587856,22.275567781,114.427513417));
#5062=CARTESIAN_POINT('',(17.406388488,22.617430861,114.129540703));
#5063=CARTESIAN_POINT('',(17.988898241,23.367004969,113.719729049));
#5064=CARTESIAN_POINT('',(18.303389506,23.774435648,113.608043393));
#5065=CARTESIAN_POINT('',(18.617998434,24.184558398,113.597788902));
#5066=CARTESIAN_POINT('',(15.992674441,21.256061496,117.591556532));
#5067=CARTESIAN_POINT('',(16.002525888,21.248626929,117.07870641));
#5068=CARTESIAN_POINT('',(16.072419918,21.321013791,116.566042211));
#5069=CARTESIAN_POINT('',(16.322170034,21.614951471,115.615319563));
#5070=CARTESIAN_POINT('',(16.501935566,21.836395753,115.177605789));
#5071=CARTESIAN_POINT('',(16.945217637,22.396172317,114.440855559));
#5072=CARTESIAN_POINT('',(17.208573485,22.73430168,114.142086221));
#5073=CARTESIAN_POINT('',(17.780583132,23.478082382,113.727024106));
#5074=CARTESIAN_POINT('',(18.08902959,23.883464077,113.610881845));
#5075=CARTESIAN_POINT('',(18.397587892,24.29298685,113.594539749));
#5076=CARTESIAN_POINT('',(15.864305263,21.35203549,117.586581241));
#5077=CARTESIAN_POINT('',(15.876481136,21.342968682,117.076494543));
#5078=CARTESIAN_POINT('',(15.947587557,21.413237175,116.566588936));
#5079=CARTESIAN_POINT('',(16.197468213,21.702376252,115.620219865));
#5080=CARTESIAN_POINT('',(16.376153724,21.921144205,115.184092394));
#5081=CARTESIAN_POINT('',(16.815405984,22.475725098,114.448458739));
#5082=CARTESIAN_POINT('',(17.075816799,22.811341164,114.149213745));
#5083=CARTESIAN_POINT('',(17.64088779,23.551124871,113.730758432));
#5084=CARTESIAN_POINT('',(17.945347378,23.955029871,113.611696716));
#5085=CARTESIAN_POINT('',(18.249915079,24.3640036,113.591335534));
#5086=CARTESIAN_POINT('',(15.477289507,21.635986543,117.567113982));
#5087=CARTESIAN_POINT('',(15.496196091,21.622381731,117.065420516));
#5088=CARTESIAN_POINT('',(15.570740855,21.686611537,116.563894001));
#5089=CARTESIAN_POINT('',(15.820745954,21.961830979,115.630818697));
#5090=CARTESIAN_POINT('',(15.99612305,22.172729119,115.199580441));
#5091=CARTESIAN_POINT('',(16.42327357,22.711824703,114.467590618));
#5092=CARTESIAN_POINT('',(16.674904894,23.039842811,114.167082729));
#5093=CARTESIAN_POINT('',(17.21934623,23.76727402,113.738783007));
#5094=CARTESIAN_POINT('',(17.511975175,24.166445049,113.611133872));
#5095=CARTESIAN_POINT('',(17.804701465,24.573354414,113.578858935));
#5096=CARTESIAN_POINT('',(15.216735446,21.819994715,117.548085404));
#5097=CARTESIAN_POINT('',(15.239805298,21.803842612,117.052124087));
#5098=CARTESIAN_POINT('',(15.316376851,21.864468301,116.556320764));
#5099=CARTESIAN_POINT('',(15.56610828,22.131042645,115.632417735));
#5100=CARTESIAN_POINT('',(15.739188571,22.336906447,115.204612374));
#5101=CARTESIAN_POINT('',(16.158254961,22.8658142,114.475443791));
#5102=CARTESIAN_POINT('',(16.404107604,23.188689712,114.174312932));
#5103=CARTESIAN_POINT('',(16.93504473,23.907404142,113.739898114));
#5104=CARTESIAN_POINT('',(17.21996017,24.303014112,113.606752692));
#5105=CARTESIAN_POINT('',(17.504966345,24.70799088,113.566727491));
#5106=CARTESIAN_POINT('',(14.42743089,22.356521775,117.475219535));
#5107=CARTESIAN_POINT('',(14.462000713,22.333963885,116.996696064));
#5108=CARTESIAN_POINT('',(14.543855042,22.384881946,116.518305203));
#5109=CARTESIAN_POINT('',(14.791702244,22.627232299,115.622560389));
#5110=CARTESIAN_POINT('',(14.957626301,22.818597709,115.205454755));
#5111=CARTESIAN_POINT('',(15.352401762,23.317428546,114.485780923));
#5112=CARTESIAN_POINT('',(15.581143942,23.62475595,114.183412471));
#5113=CARTESIAN_POINT('',(16.072313529,24.316210845,113.732071185));
#5114=CARTESIAN_POINT('',(16.334605217,24.700146753,113.583224036));
#5115=CARTESIAN_POINT('',(16.596969375,25.097900264,113.520695855));
#5116=CARTESIAN_POINT('',(13.891050853,22.693570815,117.405638015));
#5117=CARTESIAN_POINT('',(13.931962962,22.668386085,116.939054917));
#5118=CARTESIAN_POINT('',(14.016272579,22.714301481,116.472589509));
#5119=CARTESIAN_POINT('',(14.261442592,22.942779724,115.596462228));
#5120=CARTESIAN_POINT('',(14.422241096,23.125285081,115.187021406));
#5121=CARTESIAN_POINT('',(14.800772652,23.604715328,114.475052232));
#5122=CARTESIAN_POINT('',(15.018410373,23.901519429,114.17270368));
#5123=CARTESIAN_POINT('',(15.484066279,24.5733281,113.711983224));
#5124=CARTESIAN_POINT('',(15.731967293,24.948163285,113.553727965));
#5125=CARTESIAN_POINT('',(15.979930686,25.339202039,113.477207673));
#5126=CARTESIAN_POINT('',(12.79757742,23.327697322,117.235754865));
#5127=CARTESIAN_POINT('',(12.848568231,23.299585755,116.79298362));
#5128=CARTESIAN_POINT('',(12.935749944,23.337663287,116.350304083));
#5129=CARTESIAN_POINT('',(13.172876286,23.542020794,115.513862738));
#5130=CARTESIAN_POINT('',(13.322771747,23.708258589,115.120274239));
#5131=CARTESIAN_POINT('',(13.668733312,24.150571738,114.425706286));
#5132=CARTESIAN_POINT('',(13.864727914,24.426555628,114.124870921));
#5133=CARTESIAN_POINT('',(14.281198877,25.05781188,113.649257114));
#5134=CARTESIAN_POINT('',(14.501589276,25.412953567,113.474577639));
#5135=CARTESIAN_POINT('',(14.722025157,25.788061006,113.372676815));
#5136=CARTESIAN_POINT('',(12.240486078,23.624771888,117.135415583));
#5137=CARTESIAN_POINT('',(12.295215474,23.596360193,116.704518986));
#5138=CARTESIAN_POINT('',(12.382815866,23.631602453,116.273703028));
#5139=CARTESIAN_POINT('',(12.614578152,23.825711149,115.457335033));
#5140=CARTESIAN_POINT('',(12.758696681,23.984541324,115.07193581));
#5141=CARTESIAN_POINT('',(13.088331912,24.409138013,114.387065823));
#5142=CARTESIAN_POINT('',(13.273787062,24.674825162,114.087723371));
#5143=CARTESIAN_POINT('',(13.666584335,25.285176485,113.606592865));
#5144=CARTESIAN_POINT('',(13.873853171,25.629726516,113.424895148));
#5145=CARTESIAN_POINT('',(14.081160677,25.99561927,113.311603689));
#5146=CARTESIAN_POINT('',(11.104798625,24.179387786,116.914500512));
#5147=CARTESIAN_POINT('',(11.164568767,24.151883335,116.506769997));
#5148=CARTESIAN_POINT('',(11.251144992,24.182975045,116.099101258));
#5149=CARTESIAN_POINT('',(11.469729643,24.359422914,115.322357759));
#5150=CARTESIAN_POINT('',(11.601704958,24.504752406,114.953400724));
#5151=CARTESIAN_POINT('',(11.898579459,24.895921753,114.289145033));
#5152=CARTESIAN_POINT('',(12.063433807,25.141702441,113.993947171));
#5153=CARTESIAN_POINT('',(12.410448897,25.710477637,113.505300856));
#5154=CARTESIAN_POINT('',(12.592557295,26.033386052,113.311926752));
#5155=CARTESIAN_POINT('',(12.774693156,26.379583618,113.178654974));
#5156=CARTESIAN_POINT('',(10.525952854,24.43703144,116.793842921));
#5157=CARTESIAN_POINT('',(10.587026492,24.410735266,116.397410815));
#5158=CARTESIAN_POINT('',(10.672159934,24.440511574,116.001032647));
#5159=CARTESIAN_POINT('',(10.882928509,24.609544829,115.24385191));
#5160=CARTESIAN_POINT('',(11.008534986,24.748778784,114.883152455));
#5161=CARTESIAN_POINT('',(11.288967877,25.124230589,114.229818578));
#5162=CARTESIAN_POINT('',(11.443756229,25.360397378,113.937273199));
#5163=CARTESIAN_POINT('',(11.768652376,25.90849281,113.446624998));
#5164=CARTESIAN_POINT('',(11.938716106,26.220346895,113.248589165));
#5165=CARTESIAN_POINT('',(12.108802905,26.556060452,113.106722335));
#5166=CARTESIAN_POINT('',(9.93621505,24.674513784,116.668563293));
#5167=CARTESIAN_POINT('',(9.997492847,24.649837484,116.282917814));
#5168=CARTESIAN_POINT('',(10.080359726,24.678794909,115.897319765));
#5169=CARTESIAN_POINT('',(10.282226881,24.841515452,115.158999392));
#5170=CARTESIAN_POINT('',(10.401202312,24.975258542,114.806367941));
#5171=CARTESIAN_POINT('',(10.665122414,25.33614045,114.164140782));
#5172=CARTESIAN_POINT('',(10.810034603,25.563234852,113.87462412));
#5173=CARTESIAN_POINT('',(11.113443829,26.091424564,113.383397323));
#5174=CARTESIAN_POINT('',(11.271903523,26.392454864,113.181747648));
#5175=CARTESIAN_POINT('',(11.430382727,26.717624858,113.032633124));
#5176=B_SPLINE_SURFACE_WITH_KNOTS('',3,3,((#4916,#4917,#4918,#4919,#4920,#4921,#4922,#4923,#4924,#4925),(#4926,#4927,#4928,#4929,#4930,#4931,#4932,#4933,#4934,#4935),(#4936,#4937,#4938,#4939,#4940,#4941,#4942,#4943,#4944,#4945),(#4946,#4947,#4948,#4949,#4950,#4951,#4952,#4953,#4954,#4955),(#4956,#4957,#4958,#4959,#4960,#4961,#4962,#4963,#4964,#4965),(#4966,#4967,#4968,#4969,#4970,#4971,#4972,#4973,#4974,#4975),(#4976,#4977,#4978,#4979,#4980,#4981,#4982,#4983,#4984,#4985),(#4986,#4987,#4988,#4989,#4990,#4991,#4992,#4993,#4994,#4995),(#4996,#4997,#4998,#4999,#5000,#5001,#5002,#5003,#5004,#5005),(#5006,#5007,#5008,#5009,#5010,#5011,#5012,#5013,#5014,#5015),(#5016,#5017,#5018,#5019,#5020,#5021,#5022,#5023,#5024,#5025),(#5026,#5027,#5028,#5029,#5030,#5031,#5032,#5033,#5034,#5035),(#5036,#5037,#5038,#5039,#5040,#5041,#5042,#5043,#5044,#5045),(#5046,#5047,#5048,#5049,#5050,#5051,#5052,#5053,#5054,#5055),(#5056,#5057,#5058,#5059,#5060,#5061,#5062,#5063,#5064,#5065),(#5066,#5067,#5068,#5069,#5070,#5071,#5072,#5073,#5074,#5075),(#5076,#5077,#5078,#5079,#5080,#5081,#5082,#5083,#5084,#5085),(#5086,#5087,#5088,#5089,#5090,#5091,#5092,#5093,#5094,#5095),(#5096,#5097,#5098,#5099,#5100,#5101,#5102,#5103,#5104,#5105),(#5106,#5107,#5108,#5109,#5110,#5111,#5112,#5113,#5114,#5115),(#5116,#5117,#5118,#5119,#5120,#5121,#5122,#5123,#5124,#5125),(#5126,#5127,#5128,#5129,#5130,#5131,#5132,#5133,#5134,#5135),(#5136,#5137,#5138,#5139,#5140,#5141,#5142,#5143,#5144,#5145),(#5146,#5147,#5148,#5149,#5150,#5151,#5152,#5153,#5154,#5155),(#5156,#5157,#5158,#5159,#5160,#5161,#5162,#5163,#5164,#5165),(#5166,#5167,#5168,#5169,#5170,#5171,#5172,#5173,#5174,#5175)),.UNSPECIFIED.,.F.,.F.,.U.,(4,2,2,2,2,2,2,2,2,2,2,2,4),(4,2,2,2,4),(0.041719643,0.041728239,0.041736836,0.041754028,0.041788413,0.041857183,0.041994723,0.042269804,0.042819964,0.043920285,0.046120927,0.048321569,0.050522211),(0.,0.25,0.5,0.75,1.),.UNSPECIFIED.);
#5177=ORIENTED_EDGE('',*,*,#4419,.F.);
#5178=ORIENTED_EDGE('',*,*,#1698,.F.);
#5179=ORIENTED_EDGE('',*,*,#620,.F.);
#5180=CARTESIAN_POINT('',(18.983150423,24.,117.6));
#5181=DIRECTION('',(-0.784313725,0.620364393,0.));
#5182=DIRECTION('',(-0.620364393,-0.784313725,0.));
#5183=AXIS2_PLACEMENT_3D('',#5180,#5181,#5182);
#5184=CIRCLE('',#5183,4.);
#5185=EDGE_CURVE('',#3666,#602,#5184,.T.);
#5186=ORIENTED_EDGE('',*,*,#5185,.F.);
#5187=EDGE_LOOP('',(#5177,#5178,#5179,#5186));
#5188=FACE_BOUND('',#5187,.T.);
#5189=ADVANCED_FACE('',(#5188),#5176,.F.);
#5190=CARTESIAN_POINT('',(0.,0.,117.6));
#5191=DIRECTION('',(0.,0.,1.));
#5192=DIRECTION('',(1.,0.,-0.));
#5193=AXIS2_PLACEMENT_3D('',#5190,#5191,#5192);
#5194=TOROIDAL_SURFACE('',#5193,30.6,4.);
#5195=ORIENTED_EDGE('',*,*,#5185,.T.);
#5196=ORIENTED_EDGE('',*,*,#608,.F.);
#5197=CARTESIAN_POINT('',(26.5,15.300653581,117.6));
#5198=DIRECTION('',(-0.500021359,0.866013072,-0.));
#5199=DIRECTION('',(0.866013072,0.500021359,0.));
#5200=AXIS2_PLACEMENT_3D('',#5197,#5198,#5199);
#5201=CIRCLE('',#5200,4.);
#5202=EDGE_CURVE('',#3674,#581,#5201,.T.);
#5203=ORIENTED_EDGE('',*,*,#5202,.F.);
#5204=ORIENTED_EDGE('',*,*,#3680,.F.);
#5205=EDGE_LOOP('',(#5195,#5196,#5203,#5204));
#5206=FACE_BOUND('',#5205,.T.);
#5207=ADVANCED_FACE('',(#5206),#5194,.F.);
#5208=CARTESIAN_POINT('',(-18.983150423,24.,113.6));
#5209=CARTESIAN_POINT('',(-18.658328387,23.589334294,113.6));
#5210=CARTESIAN_POINT('',(-18.333634154,23.178830167,113.704109293));
#5211=CARTESIAN_POINT('',(-17.733441291,22.420018885,114.104854447));
#5212=CARTESIAN_POINT('',(-17.458178812,22.07201029,114.40133263));
#5213=CARTESIAN_POINT('',(-16.998811083,21.491241279,115.14181312));
#5214=CARTESIAN_POINT('',(-16.814886574,21.25870937,115.585524079));
#5215=CARTESIAN_POINT('',(-16.56627855,20.944399446,116.553008463));
#5216=CARTESIAN_POINT('',(-16.501692852,20.862745098,117.076401224));
#5217=CARTESIAN_POINT('',(-16.501692852,20.862745098,117.6));
#5218=CARTESIAN_POINT('',(-18.980876382,24.001798686,113.6));
#5219=CARTESIAN_POINT('',(-18.656093257,23.591102202,113.6));
#5220=CARTESIAN_POINT('',(-18.33143792,23.18056731,113.704109293));
#5221=CARTESIAN_POINT('',(-17.731316956,22.421699159,114.104854447));
#5222=CARTESIAN_POINT('',(-17.456087451,22.073664483,114.40133263));
#5223=CARTESIAN_POINT('',(-16.996774751,21.492851945,115.14181312));
#5224=CARTESIAN_POINT('',(-16.812872275,21.260302609,115.585524079));
#5225=CARTESIAN_POINT('',(-16.564294033,20.945969129,116.553008463));
#5226=CARTESIAN_POINT('',(-16.499716071,20.864308662,117.076401224));
#5227=CARTESIAN_POINT('',(-16.499716071,20.864308662,117.6));
#5228=CARTESIAN_POINT('',(-18.978602158,24.002340144,113.599999724));
#5229=CARTESIAN_POINT('',(-18.653908894,23.591677351,113.60012876));
#5230=CARTESIAN_POINT('',(-18.329343303,23.181208739,113.704333965));
#5231=CARTESIAN_POINT('',(-17.729373068,22.422509365,114.105195054));
#5232=CARTESIAN_POINT('',(-17.45420434,22.074576931,114.401693316));
#5233=CARTESIAN_POINT('',(-16.994962136,21.493973094,115.142148858));
#5234=CARTESIAN_POINT('',(-16.811069239,21.261529991,115.585814984));
#5235=CARTESIAN_POINT('',(-16.562448871,20.947385983,116.553172251));
#5236=CARTESIAN_POINT('',(-16.49781916,20.865808603,117.076483017));
#5237=CARTESIAN_POINT('',(-16.497739131,20.865871895,117.599999634));
#5238=CARTESIAN_POINT('',(-18.974053361,24.004679315,113.599998622));
#5239=CARTESIAN_POINT('',(-18.649488842,23.594019554,113.600256672));
#5240=CARTESIAN_POINT('',(-18.325051865,23.18358655,113.704557754));
#5241=CARTESIAN_POINT('',(-17.725304221,22.424999199,114.1055347));
#5242=CARTESIAN_POINT('',(-17.450229234,22.077142952,114.402052993));
#5243=CARTESIAN_POINT('',(-16.99111256,21.496704274,115.142483495));
#5244=CARTESIAN_POINT('',(-16.80725129,21.264349935,115.58610474));
#5245=CARTESIAN_POINT('',(-16.558618636,20.950371712,116.553334799));
#5246=CARTESIAN_POINT('',(-16.493944955,20.868871209,117.076563524));
#5247=CARTESIAN_POINT('',(-16.493784948,20.868997687,117.599997939));
#5248=CARTESIAN_POINT('',(-18.97177877,24.005848627,113.599997795));
#5249=CARTESIAN_POINT('',(-18.647278601,23.59519041,113.600320341));
#5250=CARTESIAN_POINT('',(-18.32290591,23.184775225,113.704669355));
#5251=CARTESIAN_POINT('',(-17.723269529,22.4262439,114.105704222));
#5252=CARTESIAN_POINT('',(-17.448241401,22.078425743,114.402232532));
#5253=CARTESIAN_POINT('',(-16.989187491,21.498069627,115.142650523));
#5254=CARTESIAN_POINT('',(-16.805342044,21.265759656,115.586249337));
#5255=CARTESIAN_POINT('',(-16.556703285,20.95186429,116.553415809));
#5256=CARTESIAN_POINT('',(-16.492007649,20.870402207,117.076603522));
#5257=CARTESIAN_POINT('',(-16.491807689,20.870560259,117.599996841));
#5258=CARTESIAN_POINT('',(-18.964954502,24.009355465,113.59999449));
#5259=CARTESIAN_POINT('',(-18.640647389,23.598702031,113.600510514));
#5260=CARTESIAN_POINT('',(-18.316467558,23.188340433,113.705003277));
#5261=CARTESIAN_POINT('',(-17.717164973,22.429977362,114.106211779));
#5262=CARTESIAN_POINT('',(-17.442277431,22.082273526,114.402770054));
#5263=CARTESIAN_POINT('',(-16.983411823,21.502165108,115.143150322));
#5264=CARTESIAN_POINT('',(-16.799613851,21.269988203,115.586681736));
#5265=CARTESIAN_POINT('',(-16.550956792,20.956341256,116.553657241));
#5266=CARTESIAN_POINT('',(-16.486195296,20.874994314,117.076721818));
#5267=CARTESIAN_POINT('',(-16.485875482,20.875246945,117.599991759));
#5268=CARTESIAN_POINT('',(-18.960404222,24.011692264,113.599991186));
#5269=CARTESIAN_POINT('',(-18.636225724,23.601042125,113.600636151));
#5270=CARTESIAN_POINT('',(-18.312174379,23.190716317,113.705224715));
#5271=CARTESIAN_POINT('',(-17.713094197,22.432465471,114.106548946));
#5272=CARTESIAN_POINT('',(-17.438300336,22.084837839,114.403127203));
#5273=CARTESIAN_POINT('',(-16.979560258,21.504894483,115.143482363));
#5274=CARTESIAN_POINT('',(-16.795793971,21.27280623,115.586968877));
#5275=CARTESIAN_POINT('',(-16.547124863,20.959324758,116.553817138));
#5276=CARTESIAN_POINT('',(-16.482319578,20.878054497,117.07679966));
#5277=CARTESIAN_POINT('',(-16.481920008,20.878370105,117.599987366));
#5278=CARTESIAN_POINT('',(-18.946751398,24.018698281,113.599977982));
#5279=CARTESIAN_POINT('',(-18.622958761,23.608058635,113.601009725));
#5280=CARTESIAN_POINT('',(-18.299292887,23.197840703,113.70588552));
#5281=CARTESIAN_POINT('',(-17.700879946,22.439927233,114.107556424));
#5282=CARTESIAN_POINT('',(-17.426367151,22.092528412,114.404194283));
#5283=CARTESIAN_POINT('',(-16.96800371,21.513080293,115.14447335));
#5284=CARTESIAN_POINT('',(-16.784332509,21.281257843,115.587824745));
#5285=CARTESIAN_POINT('',(-16.535627316,20.968272184,116.554290455));
#5286=CARTESIAN_POINT('',(-16.470690691,20.887231505,117.077026407));
#5287=CARTESIAN_POINT('',(-16.470051866,20.887735471,117.599967062));
#5288=CARTESIAN_POINT('',(-18.937646446,24.023364575,113.599964787));
#5289=CARTESIAN_POINT('',(-18.614110696,23.612732356,113.601254207));
#5290=CARTESIAN_POINT('',(-18.290701457,23.202586602,113.706321359));
#5291=CARTESIAN_POINT('',(-17.692732831,22.444898274,114.108223267));
#5292=CARTESIAN_POINT('',(-17.418407252,22.097651957,114.40490088));
#5293=CARTESIAN_POINT('',(-16.960294877,21.518533721,115.14512937));
#5294=CARTESIAN_POINT('',(-16.776687205,21.286888238,115.588390817));
#5295=CARTESIAN_POINT('',(-16.527958559,20.974232567,116.554601762));
#5296=CARTESIAN_POINT('',(-16.462934838,20.893344628,117.077173469));
#5297=CARTESIAN_POINT('',(-16.462137096,20.893973863,117.599949488));
#5298=CARTESIAN_POINT('',(-18.910323644,24.037346008,113.599912108));
#5299=CARTESIAN_POINT('',(-18.58755862,23.626738479,113.601974362));
#5300=CARTESIAN_POINT('',(-18.264919329,23.216811272,113.707614895));
#5301=CARTESIAN_POINT('',(-17.66828377,22.45980116,114.110207756));
#5302=CARTESIAN_POINT('',(-17.394519909,22.113013134,114.407003261));
#5303=CARTESIAN_POINT('',(-16.937160933,21.534884728,115.147076985));
#5304=CARTESIAN_POINT('',(-16.753743972,21.303769547,115.590066922));
#5305=CARTESIAN_POINT('',(-16.504945216,20.992101399,116.555510316));
#5306=CARTESIAN_POINT('',(-16.439660334,20.911669836,117.077587703));
#5307=CARTESIAN_POINT('',(-16.438385903,20.912672594,117.59986844));
#5308=CARTESIAN_POINT('',(-18.892096183,24.046649357,113.599859502));
#5309=CARTESIAN_POINT('',(-18.569843584,23.636060019,113.60243628));
#5310=CARTESIAN_POINT('',(-18.247716226,23.226279565,113.708458543));
#5311=CARTESIAN_POINT('',(-17.651967365,22.469722513,114.111511571));
#5312=CARTESIAN_POINT('',(-17.378577342,22.123239878,114.408385728));
#5313=CARTESIAN_POINT('',(-16.921720536,21.545770283,115.148356838));
#5314=CARTESIAN_POINT('',(-16.738431268,21.315007701,115.591166271));
#5315=CARTESIAN_POINT('',(-16.489588156,21.0039957,116.556098992));
#5316=CARTESIAN_POINT('',(-16.424131002,20.923867127,117.07784735));
#5317=CARTESIAN_POINT('',(-16.422541087,20.925117681,117.599798146));
#5318=CARTESIAN_POINT('',(-18.837381987,24.074490157,113.599649865));
#5319=CARTESIAN_POINT('',(-18.516666841,23.663964929,113.603769342));
#5320=CARTESIAN_POINT('',(-18.196075397,23.254632665,113.71093399));
#5321=CARTESIAN_POINT('',(-17.602987,22.499445766,114.115359297));
#5322=CARTESIAN_POINT('',(-17.330718752,22.153882347,114.412463997));
#5323=CARTESIAN_POINT('',(-16.875369232,21.578389814,115.152115306));
#5324=CARTESIAN_POINT('',(-16.692463551,21.34868262,115.594376688));
#5325=CARTESIAN_POINT('',(-16.443488465,21.039629339,116.557764644));
#5326=CARTESIAN_POINT('',(-16.377515071,20.960402427,117.078519715));
#5327=CARTESIAN_POINT('',(-16.374979071,20.962387341,117.599475311));
#5328=CARTESIAN_POINT('',(-18.800861241,24.092965739,113.599441006));
#5329=CARTESIAN_POINT('',(-18.481169356,23.682494034,113.604587209));
#5330=CARTESIAN_POINT('',(-18.161600126,23.273469017,113.712510235));
#5331=CARTESIAN_POINT('',(-17.570283002,22.519206518,114.117842434));
#5332=CARTESIAN_POINT('',(-17.298761978,22.174258427,114.415096089));
#5333=CARTESIAN_POINT('',(-16.844417872,21.600083054,115.154524324));
#5334=CARTESIAN_POINT('',(-16.66176911,21.371076066,115.596415205));
#5335=CARTESIAN_POINT('',(-16.412710207,21.063317026,116.558763389));
#5336=CARTESIAN_POINT('',(-16.346395625,20.98468305,117.078851466));
#5337=CARTESIAN_POINT('',(-16.343232321,20.987147893,117.599139163));
#5338=CARTESIAN_POINT('',(-18.691158587,24.1481618,113.598611137));
#5339=CARTESIAN_POINT('',(-18.374525534,23.737876577,113.606830155));
#5340=CARTESIAN_POINT('',(-18.058012115,23.329791696,113.717019992));
#5341=CARTESIAN_POINT('',(-17.471993099,22.578323408,114.125057823));
#5342=CARTESIAN_POINT('',(-17.202708921,22.235223942,114.422751631));
#5343=CARTESIAN_POINT('',(-16.751381284,21.664992038,115.161499658));
#5344=CARTESIAN_POINT('',(-16.569508355,21.438075057,115.602274738));
#5345=CARTESIAN_POINT('',(-16.32021861,21.134168721,116.561495815));
#5346=CARTESIAN_POINT('',(-16.252895989,21.057294189,117.079579372));
#5347=CARTESIAN_POINT('',(-16.247869883,21.061177597,117.597858759));
#5348=CARTESIAN_POINT('',(-18.617840696,24.184636672,113.597787016));
#5349=CARTESIAN_POINT('',(-18.303236131,23.774514295,113.60804589));
#5350=CARTESIAN_POINT('',(-17.988749224,23.367085044,113.719734762));
#5351=CARTESIAN_POINT('',(-17.406247035,22.617515045,114.129550218));
#5352=CARTESIAN_POINT('',(-17.138449601,22.275654636,114.427523519));
#5353=CARTESIAN_POINT('',(-16.689134187,21.708044502,115.165791202));
#5354=CARTESIAN_POINT('',(-16.507784247,21.482507058,115.605809466));
#5355=CARTESIAN_POINT('',(-16.258362696,21.181126311,116.562921213));
#5356=CARTESIAN_POINT('',(-16.190384371,21.105395717,117.079656735));
#5357=CARTESIAN_POINT('',(-16.18413603,21.11019168,117.596585588));
#5358=CARTESIAN_POINT('',(-18.397339126,24.293107818,113.594535204));
#5359=CARTESIAN_POINT('',(-18.088787605,23.883585853,113.610884122));
#5360=CARTESIAN_POINT('',(-17.780347921,23.478206567,113.727031355));
#5361=CARTESIAN_POINT('',(-17.20835005,22.734432513,114.142099281));
#5362=CARTESIAN_POINT('',(-16.944999194,22.396307379,114.44086946));
#5363=CARTESIAN_POINT('',(-16.501723926,21.836539619,115.177617874));
#5364=CARTESIAN_POINT('',(-16.321960197,21.615099902,115.615329));
#5365=CARTESIAN_POINT('',(-16.072209779,21.321170461,116.566044351));
#5366=CARTESIAN_POINT('',(-16.002313641,21.248787265,117.078703917));
#5367=CARTESIAN_POINT('',(-15.992458195,21.256224689,117.591549399));
#5368=CARTESIAN_POINT('',(-18.249607606,24.364150737,113.591328447));
#5369=CARTESIAN_POINT('',(-17.945048194,23.955178221,113.611697969));
#5370=CARTESIAN_POINT('',(-17.640596887,23.551276347,113.730765728));
#5371=CARTESIAN_POINT('',(-17.075540312,22.811501024,114.149228035));
#5372=CARTESIAN_POINT('',(-16.815135619,22.475890201,114.448473983));
#5373=CARTESIAN_POINT('',(-16.375891745,21.921320106,115.184105245));
#5374=CARTESIAN_POINT('',(-16.197208489,21.702557696,115.620229381));
#5375=CARTESIAN_POINT('',(-15.94732759,21.413428522,116.56658933));
#5376=CARTESIAN_POINT('',(-15.876218668,21.34316438,117.076489169));
#5377=CARTESIAN_POINT('',(-15.864037984,21.352234519,117.586570093));
#5378=CARTESIAN_POINT('',(-17.804223481,24.573573983,113.57884248));
#5379=CARTESIAN_POINT('',(-17.511509706,24.166667288,113.611129988));
#5380=CARTESIAN_POINT('',(-17.218893264,23.767501658,113.738788107));
#5381=CARTESIAN_POINT('',(-16.674473773,23.040084055,114.167097965));
#5382=CARTESIAN_POINT('',(-16.42285177,22.712074135,114.467607013));
#5383=CARTESIAN_POINT('',(-15.995714194,22.172994988,115.199592595));
#5384=CARTESIAN_POINT('',(-15.820340705,21.96210508,115.63082547));
#5385=CARTESIAN_POINT('',(-15.570335755,21.686899979,116.563886287));
#5386=CARTESIAN_POINT('',(-15.495787527,21.62267627,117.065403723));
#5387=CARTESIAN_POINT('',(-15.476874007,21.636285527,117.567088099));
#5388=CARTESIAN_POINT('',(-17.504382177,24.70825063,113.566702498));
#5389=CARTESIAN_POINT('',(-17.219390946,24.30327784,113.60674266));
#5390=CARTESIAN_POINT('',(-16.934490439,23.907674952,113.73989865));
#5391=CARTESIAN_POINT('',(-16.403579477,23.188977654,114.174325131));
#5392=CARTESIAN_POINT('',(-16.157738042,22.866112168,114.475457095));
#5393=CARTESIAN_POINT('',(-15.738687381,22.337224161,115.204620007));
#5394=CARTESIAN_POINT('',(-15.565611595,22.13137006,115.632418616));
#5395=CARTESIAN_POINT('',(-15.315880844,21.864812265,116.556303679));
#5396=CARTESIAN_POINT('',(-15.239305458,21.804193414,117.05209582));
#5397=CARTESIAN_POINT('',(-15.216227644,21.820350275,117.548045941));
#5398=CARTESIAN_POINT('',(-16.596086688,25.098261414,113.520641855));
#5399=CARTESIAN_POINT('',(-16.333743808,24.7005163,113.583190945));
#5400=CARTESIAN_POINT('',(-16.071473382,24.316592635,113.732052412));
#5401=CARTESIAN_POINT('',(-15.580341332,23.625165108,114.183408548));
#5402=CARTESIAN_POINT('',(-15.351615397,23.317852796,114.485777544));
#5403=CARTESIAN_POINT('',(-14.956863356,22.819050422,115.20544117));
#5404=CARTESIAN_POINT('',(-14.790946451,22.627698356,115.622536084));
#5405=CARTESIAN_POINT('',(-14.54310212,22.385369585,116.518253115));
#5406=CARTESIAN_POINT('',(-14.4612435,22.334459745,116.996626955));
#5407=CARTESIAN_POINT('',(-14.426663591,22.357022543,117.475133384));
#5408=CARTESIAN_POINT('',(-15.978875723,25.339605541,113.477130046));
#5409=CARTESIAN_POINT('',(-15.730936562,24.948578742,113.553673575));
#5410=CARTESIAN_POINT('',(-15.483059762,24.573759356,113.711944319));
#5411=CARTESIAN_POINT('',(-15.017446874,23.901984375,114.172679892));
#5412=CARTESIAN_POINT('',(-14.799827927,23.60519813,114.475028091));
#5413=CARTESIAN_POINT('',(-14.421324027,23.125800536,115.186983729));
#5414=CARTESIAN_POINT('',(-14.260534383,22.943309949,115.596411401));
#5415=CARTESIAN_POINT('',(-14.0153695,22.71485455,116.472505216));
#5416=CARTESIAN_POINT('',(-13.931056141,22.668947213,116.938950355));
#5417=CARTESIAN_POINT('',(-13.890133798,22.694135926,117.405513159));
#5418=CARTESIAN_POINT('',(-14.720665799,25.788518943,113.372553797));
#5419=CARTESIAN_POINT('',(-14.500258521,25.413430132,113.474480094));
#5420=CARTESIAN_POINT('',(-14.279896709,25.05831045,113.649175603));
#5421=CARTESIAN_POINT('',(-13.86347713,24.427098348,114.124802869));
#5422=CARTESIAN_POINT('',(-13.667505294,24.151136564,114.425635677));
#5423=CARTESIAN_POINT('',(-13.321578587,23.708862,115.120183756));
#5424=CARTESIAN_POINT('',(-13.171695193,23.542640655,115.513754975));
#5425=CARTESIAN_POINT('',(-12.934579161,23.338306592,116.350153605));
#5426=CARTESIAN_POINT('',(-12.847395679,23.300236039,116.792807754));
#5427=CARTESIAN_POINT('',(-12.796395759,23.328349233,117.235553587));
#5428=CARTESIAN_POINT('',(-14.079669245,25.996089222,113.311458764));
#5429=CARTESIAN_POINT('',(-13.872391754,25.630218213,113.42477562));
#5430=CARTESIAN_POINT('',(-13.665152919,25.285692841,113.606488769));
#5431=CARTESIAN_POINT('',(-13.272409902,24.675389806,114.087630835));
#5432=CARTESIAN_POINT('',(-13.086978982,24.40972625,114.386969436));
#5433=CARTESIAN_POINT('',(-12.757381568,23.985169885,115.071816565));
#5434=CARTESIAN_POINT('',(-12.613276607,23.826356413,115.457196818));
#5435=CARTESIAN_POINT('',(-12.381527561,23.632270493,116.273518542));
#5436=CARTESIAN_POINT('',(-12.293926829,23.597034292,116.704307248));
#5437=CARTESIAN_POINT('',(-12.239189605,23.625446184,117.135176566));
#5438=CARTESIAN_POINT('',(-13.099639233,26.284067699,113.211718694));
#5439=CARTESIAN_POINT('',(-12.91124201,25.932971894,113.340019645));
#5440=CARTESIAN_POINT('',(-12.722875038,25.604680776,113.53048853));
#5441=CARTESIAN_POINT('',(-12.364471952,25.025564305,114.017264007));
#5442=CARTESIAN_POINT('',(-12.194493392,24.774832024,114.313492274));
#5443=CARTESIAN_POINT('',(-11.889470396,24.375347505,114.982874836));
#5444=CARTESIAN_POINT('',(-11.754474955,24.22665946,115.355921491));
#5445=CARTESIAN_POINT('',(-11.532613653,24.045817658,116.142520958));
#5446=CARTESIAN_POINT('',(-11.445783453,24.013692955,116.555947315));
#5447=CARTESIAN_POINT('',(-11.387268092,24.041422437,116.96944014));
#5448=CARTESIAN_POINT('',(-12.769869223,26.376156875,113.17711562));
#5449=CARTESIAN_POINT('',(-12.587630089,26.030144915,113.310063757));
#5450=CARTESIAN_POINT('',(-12.405418708,25.707323343,113.50315824));
#5451=CARTESIAN_POINT('',(-12.058267136,25.138574548,113.991374579));
#5452=CARTESIAN_POINT('',(-11.893379817,24.892734008,114.286421951));
#5453=CARTESIAN_POINT('',(-11.596562019,24.50135635,114.950497737));
#5454=CARTESIAN_POINT('',(-11.464676754,24.355878875,115.319424889));
#5455=CARTESIAN_POINT('',(-11.246417173,24.179095941,116.09618091));
#5456=CARTESIAN_POINT('',(-11.160076121,24.147817421,116.50389136));
#5457=CARTESIAN_POINT('',(-11.100605273,24.175129899,116.911663972));
#5458=CARTESIAN_POINT('',(-12.103971828,26.552761241,113.106000338));
#5459=CARTESIAN_POINT('',(-11.933805094,26.217090018,113.247553294));
#5460=CARTESIAN_POINT('',(-11.763661624,25.905207108,113.445339795));
#5461=CARTESIAN_POINT('',(-11.438663455,25.356971508,113.935638361));
#5462=CARTESIAN_POINT('',(-11.283853192,25.120693843,114.228083251));
#5463=CARTESIAN_POINT('',(-11.003480036,24.744994431,114.88134349));
#5464=CARTESIAN_POINT('',(-10.877955489,24.605624092,115.242069389));
#5465=CARTESIAN_POINT('',(-10.667478634,24.436332208,115.999375989));
#5466=CARTESIAN_POINT('',(-10.582555131,24.406433826,116.395853019));
#5467=CARTESIAN_POINT('',(-10.521753289,24.432622675,116.792384327));
#5468=CARTESIAN_POINT('',(-11.767692928,26.637295486,113.06947008));
#5469=CARTESIAN_POINT('',(-11.603442492,26.30688337,113.214980954));
#5470=CARTESIAN_POINT('',(-11.43921333,26.000471597,113.414833683));
#5471=CARTESIAN_POINT('',(-11.125120897,25.462384905,113.905772449));
#5472=CARTESIAN_POINT('',(-10.975298311,25.230779743,114.196794779));
#5473=CARTESIAN_POINT('',(-10.703168072,24.86265364,114.844543753));
#5474=CARTESIAN_POINT('',(-10.580895675,24.72618042,115.20118638));
#5475=CARTESIAN_POINT('',(-10.374602664,24.560320945,115.948883678));
#5476=CARTESIAN_POINT('',(-10.29060879,24.530956192,116.33984139));
#5477=CARTESIAN_POINT('',(-10.229432415,24.556437667,116.730849804));
#5478=CARTESIAN_POINT('',(-11.430382683,26.717625243,113.032632947));
#5479=CARTESIAN_POINT('',(-11.271903535,26.392455383,113.18174737));
#5480=CARTESIAN_POINT('',(-11.113443893,26.091425191,113.383396899));
#5481=CARTESIAN_POINT('',(-10.810034746,25.563235615,113.874623342));
#5482=CARTESIAN_POINT('',(-10.665122584,25.33614124,114.164139796));
#5483=CARTESIAN_POINT('',(-10.401202496,24.975259284,114.806366515));
#5484=CARTESIAN_POINT('',(-10.282227054,24.841516121,115.158997735));
#5485=CARTESIAN_POINT('',(-10.080359829,24.678795326,115.897317668));
#5486=CARTESIAN_POINT('',(-9.997492891,24.649837723,116.282915509));
#5487=CARTESIAN_POINT('',(-9.936215012,24.674513799,116.668560815));
#5488=B_SPLINE_SURFACE_WITH_KNOTS('',3,3,((#5208,#5209,#5210,#5211,#5212,#5213,#5214,#5215,#5216,#5217),(#5218,#5219,#5220,#5221,#5222,#5223,#5224,#5225,#5226,#5227),(#5228,#5229,#5230,#5231,#5232,#5233,#5234,#5235,#5236,#5237),(#5238,#5239,#5240,#5241,#5242,#5243,#5244,#5245,#5246,#5247),(#5248,#5249,#5250,#5251,#5252,#5253,#5254,#5255,#5256,#5257),(#5258,#5259,#5260,#5261,#5262,#5263,#5264,#5265,#5266,#5267),(#5268,#5269,#5270,#5271,#5272,#5273,#5274,#5275,#5276,#5277),(#5278,#5279,#5280,#5281,#5282,#5283,#5284,#5285,#5286,#5287),(#5288,#5289,#5290,#5291,#5292,#5293,#5294,#5295,#5296,#5297),(#5298,#5299,#5300,#5301,#5302,#5303,#5304,#5305,#5306,#5307),(#5308,#5309,#5310,#5311,#5312,#5313,#5314,#5315,#5316,#5317),(#5318,#5319,#5320,#5321,#5322,#5323,#5324,#5325,#5326,#5327),(#5328,#5329,#5330,#5331,#5332,#5333,#5334,#5335,#5336,#5337),(#5338,#5339,#5340,#5341,#5342,#5343,#5344,#5345,#5346,#5347),(#5348,#5349,#5350,#5351,#5352,#5353,#5354,#5355,#5356,#5357),(#5358,#5359,#5360,#5361,#5362,#5363,#5364,#5365,#5366,#5367),(#5368,#5369,#5370,#5371,#5372,#5373,#5374,#5375,#5376,#5377),(#5378,#5379,#5380,#5381,#5382,#5383,#5384,#5385,#5386,#5387),(#5388,#5389,#5390,#5391,#5392,#5393,#5394,#5395,#5396,#5397),(#5398,#5399,#5400,#5401,#5402,#5403,#5404,#5405,#5406,#5407),(#5408,#5409,#5410,#5411,#5412,#5413,#5414,#5415,#5416,#5417),(#5418,#5419,#5420,#5421,#5422,#5423,#5424,#5425,#5426,#5427),(#5428,#5429,#5430,#5431,#5432,#5433,#5434,#5435,#5436,#5437),(#5438,#5439,#5440,#5441,#5442,#5443,#5444,#5445,#5446,#5447),(#5448,#5449,#5450,#5451,#5452,#5453,#5454,#5455,#5456,#5457),(#5458,#5459,#5460,#5461,#5462,#5463,#5464,#5465,#5466,#5467),
(#5468,#5469,#5470,#5471,#5472,#5473,#5474,#5475,#5476,#5477),(#5478,#5479,#5480,#5481,#5482,#5483,#5484,#5485,#5486,#5487)),.UNSPECIFIED.,.F.,.F.,.U.,(4,2,2,2,2,2,2,2,2,2,2,2,2,4),(4,2,2,2,4),(0.,0.000008578,0.000017157,0.000034314,0.000068628,0.000137256,0.000274512,0.000549023,0.001098047,0.002196094,0.004392188,0.006588281,0.007686328,0.008784375),(0.,0.25,0.5,0.75,1.),.UNSPECIFIED.);
#5489=ORIENTED_EDGE('',*,*,#1410,.T.);
#5490=ORIENTED_EDGE('',*,*,#4241,.F.);
#5491=CARTESIAN_POINT('',(-18.983150423,24.,117.6));
#5492=DIRECTION('',(0.784313725,0.620364393,0.));
#5493=DIRECTION('',(-0.620364393,0.784313725,0.));
#5494=AXIS2_PLACEMENT_3D('',#5491,#5492,#5493);
#5495=CIRCLE('',#5494,4.);
#5496=EDGE_CURVE('',#854,#3729,#5495,.T.);
#5497=ORIENTED_EDGE('',*,*,#5496,.F.);
#5498=ORIENTED_EDGE('',*,*,#869,.F.);
#5499=EDGE_LOOP('',(#5489,#5490,#5497,#5498));
#5500=FACE_BOUND('',#5499,.T.);
#5501=ADVANCED_FACE('',(#5500),#5488,.F.);
#5502=CARTESIAN_POINT('',(26.525412458,1.990601398,116.829438276));
#5503=CARTESIAN_POINT('',(26.52450797,2.002653992,116.435268181));
#5504=CARTESIAN_POINT('',(26.582178865,2.019100841,116.04114815));
#5505=CARTESIAN_POINT('',(26.809691832,2.059362945,115.287038477));
#5506=CARTESIAN_POINT('',(26.979505008,2.083173086,114.927144614));
#5507=CARTESIAN_POINT('',(27.416582239,2.136095664,114.272753842));
#5508=CARTESIAN_POINT('',(27.68379078,2.165201378,113.978340048));
#5509=CARTESIAN_POINT('',(28.292475617,2.226188527,113.480496776));
#5510=CARTESIAN_POINT('',(28.633874603,2.258062216,113.277130529));
#5511=CARTESIAN_POINT('',(28.997591123,2.289939954,113.128099494));
#5512=CARTESIAN_POINT('',(26.450329083,2.991111839,116.864829637));
#5513=CARTESIAN_POINT('',(26.448532034,3.008966157,116.467316276));
#5514=CARTESIAN_POINT('',(26.506198114,3.033502391,116.069855188));
#5515=CARTESIAN_POINT('',(26.735389591,3.093795077,115.30995612));
#5516=CARTESIAN_POINT('',(26.906884848,3.129543691,114.947618069));
#5517=CARTESIAN_POINT('',(27.348608215,3.209122508,114.289998711));
#5518=CARTESIAN_POINT('',(27.618778243,3.252942366,113.994803891));
#5519=CARTESIAN_POINT('',(28.234000508,3.344815061,113.497580613));
#5520=CARTESIAN_POINT('',(28.578971851,3.392855954,113.295617562));
#5521=CARTESIAN_POINT('',(28.946150351,3.440903093,113.149177094));
#5522=CARTESIAN_POINT('',(26.319655957,3.976683156,116.92559075));
#5523=CARTESIAN_POINT('',(26.316330546,3.999666604,116.522277031));
#5524=CARTESIAN_POINT('',(26.374007314,4.031767746,116.11901947));
#5525=CARTESIAN_POINT('',(26.606145992,4.111323619,115.349087705));
#5526=CARTESIAN_POINT('',(26.780575579,4.158767465,114.982520726));
#5527=CARTESIAN_POINT('',(27.23038265,4.264734375,114.31934299));
#5528=CARTESIAN_POINT('',(27.505697532,4.323242971,114.022824646));
#5529=CARTESIAN_POINT('',(28.132256313,4.446069498,113.526762479));
#5530=CARTESIAN_POINT('',(28.483413006,4.510370677,113.327287876));
#5531=CARTESIAN_POINT('',(28.856569857,4.574680624,113.185404595));
#5532=CARTESIAN_POINT('',(25.951647129,5.92033022,117.07566201));
#5533=CARTESIAN_POINT('',(25.944882815,5.950635843,116.656554245));
#5534=CARTESIAN_POINT('',(26.003253382,5.995698121,116.237514843));
#5535=CARTESIAN_POINT('',(26.244554183,6.110950554,115.440545437));
#5536=CARTESIAN_POINT('',(26.427445058,6.181122098,115.062745449));
#5537=CARTESIAN_POINT('',(26.899828006,6.339731456,114.385460779));
#5538=CARTESIAN_POINT('',(27.189243055,6.428143678,114.086086639));
#5539=CARTESIAN_POINT('',(27.846227858,6.614587194,113.595162278));
#5540=CARTESIAN_POINT('',(28.213690481,6.712588413,113.403692275));
#5541=CARTESIAN_POINT('',(28.602160777,6.810605441,113.275589138));
#5542=CARTESIAN_POINT('',(25.714304702,6.878411705,117.164845251));
#5543=CARTESIAN_POINT('',(25.705624057,6.910913275,116.735740611));
#5544=CARTESIAN_POINT('',(25.764672961,6.961374973,116.30671266));
#5545=CARTESIAN_POINT('',(26.012184327,7.09306538,115.492736159));
#5546=CARTESIAN_POINT('',(26.200602596,7.17427078,115.107933134));
#5547=CARTESIAN_POINT('',(26.687483667,7.359134677,114.422109956));
#5548=CARTESIAN_POINT('',(26.985859546,7.462760585,114.121212576));
#5549=CARTESIAN_POINT('',(27.661946198,7.681863043,113.634293574));
#5550=CARTESIAN_POINT('',(28.039536213,7.797301031,113.44835939));
#5551=CARTESIAN_POINT('',(28.437345514,7.91275933,113.329504487));
#5552=CARTESIAN_POINT('',(25.278000307,8.296216244,117.296348842));
#5553=CARTESIAN_POINT('',(25.267356615,8.328657159,116.84979943));
#5554=CARTESIAN_POINT('',(25.328853906,8.38472874,116.403344089));
#5555=CARTESIAN_POINT('',(25.589311025,8.537918612,115.56012925));
#5556=CARTESIAN_POINT('',(25.788215994,8.635004685,115.163547398));
#5557=CARTESIAN_POINT('',(26.3013246,8.859404448,114.46441548));
#5558=CARTESIAN_POINT('',(26.615420165,8.986670972,114.162012743));
#5559=CARTESIAN_POINT('',(27.3238668,9.257242053,113.685076937));
#5560=CARTESIAN_POINT('',(27.718068642,9.400489753,113.51064444));
#5561=CARTESIAN_POINT('',(28.130392942,9.543767559,113.409927347));
#5562=CARTESIAN_POINT('',(25.119146462,8.765592451,117.339747421));
#5563=CARTESIAN_POINT('',(25.108006444,8.797454084,116.886976671));
#5564=CARTESIAN_POINT('',(25.170563459,8.854980105,116.434306609));
#5565=CARTESIAN_POINT('',(25.435947797,9.014808976,115.580728202));
#5566=CARTESIAN_POINT('',(25.638716128,9.117076332,115.1800097));
#5567=CARTESIAN_POINT('',(26.161313556,9.35467989,114.476361946));
#5568=CARTESIAN_POINT('',(26.481026472,9.489963383,114.173589251));
#5569=CARTESIAN_POINT('',(27.200868758,9.778104769,113.700646482));
#5570=CARTESIAN_POINT('',(27.600838065,9.930898769,113.530581737));
#5571=CARTESIAN_POINT('',(28.018076813,10.083726654,113.436621037));
#5572=CARTESIAN_POINT('',(24.860349357,9.464925375,117.40073825));
#5573=CARTESIAN_POINT('',(24.848917948,9.494936536,116.938139939));
#5574=CARTESIAN_POINT('',(24.913601433,9.553906745,116.47565372));
#5575=CARTESIAN_POINT('',(25.187515406,9.722760802,115.605840201));
#5576=CARTESIAN_POINT('',(25.396679526,9.832603747,115.198723671));
#5577=CARTESIAN_POINT('',(25.934578294,10.090077,114.488430125));
#5578=CARTESIAN_POINT('',(26.263182612,10.237644951,114.185425239));
#5579=CARTESIAN_POINT('',(27.000670083,10.552920108,113.719693905));
#5580=CARTESIAN_POINT('',(27.40937454,10.720550964,113.557080345));
#5581=CARTESIAN_POINT('',(27.833766503,10.888222424,113.474379556));
#5582=CARTESIAN_POINT('',(24.770661722,9.69724738,117.420380403));
#5583=CARTESIAN_POINT('',(24.759209209,9.726478144,116.954423886));
#5584=CARTESIAN_POINT('',(24.824691428,9.785806798,116.48858351));
#5585=CARTESIAN_POINT('',(25.101638971,9.957513613,115.61324374));
#5586=CARTESIAN_POINT('',(25.313035275,10.069848986,115.203962532));
#5587=CARTESIAN_POINT('',(25.85621241,10.333956094,114.49147525));
#5588=CARTESIAN_POINT('',(26.187857864,10.485662033,114.188446785));
#5589=CARTESIAN_POINT('',(26.931318259,10.810111544,113.725322729));
#5590=CARTESIAN_POINT('',(27.342947897,10.982774297,113.565342617));
#5591=CARTESIAN_POINT('',(27.769687264,11.155480069,113.486582318));
#5592=CARTESIAN_POINT('',(24.584345836,10.160326211,117.457665052));
#5593=CARTESIAN_POINT('',(24.573045835,10.187645683,116.984850041));
#5594=CARTESIAN_POINT('',(24.640339549,10.247425972,116.5121598));
#5595=CARTESIAN_POINT('',(24.92377904,10.424502476,115.625583875));
#5596=CARTESIAN_POINT('',(25.13985003,10.541751974,115.211932152));
#5597=CARTESIAN_POINT('',(25.693929794,10.81915181,114.495144138));
#5598=CARTESIAN_POINT('',(26.031792364,10.979228979,114.192197018));
#5599=CARTESIAN_POINT('',(26.787310919,11.322313276,113.734728294));
#5600=CARTESIAN_POINT('',(27.204767538,11.505229918,113.580327454));
#5601=CARTESIAN_POINT('',(27.636064954,11.688194814,113.509826773));
#5602=CARTESIAN_POINT('',(24.487604785,10.391334307,117.475339945));
#5603=CARTESIAN_POINT('',(24.476477131,10.4175205,116.999019275));
#5604=CARTESIAN_POINT('',(24.544783732,10.477393235,116.522827629));
#5605=CARTESIAN_POINT('',(24.831684431,10.656988394,115.630531813));
#5606=CARTESIAN_POINT('',(25.050200627,10.776662052,115.214669977));
#5607=CARTESIAN_POINT('',(25.60991167,11.060728234,114.495769554));
#5608=CARTESIAN_POINT('',(25.950954526,11.225043648,114.19292623));
#5609=CARTESIAN_POINT('',(26.712567008,11.577599796,113.738507438));
#5610=CARTESIAN_POINT('',(27.132929803,11.765744839,113.587055433));
#5611=CARTESIAN_POINT('',(27.566441398,11.953940972,113.520878962));
#5612=CARTESIAN_POINT('',(23.988042995,11.538442788,117.556710708));
#5613=CARTESIAN_POINT('',(23.978385111,11.558057974,117.06264115));
#5614=CARTESIAN_POINT('',(24.0523722,11.61768615,116.568724871));
#5615=CARTESIAN_POINT('',(24.357704573,11.808936365,115.647617029));
#5616=CARTESIAN_POINT('',(24.588955101,11.940499053,115.220712009));
#5617=CARTESIAN_POINT('',(25.177553621,12.25784943,114.49163146));
#5618=CARTESIAN_POINT('',(25.53471878,12.443538998,114.189683062));
#5619=CARTESIAN_POINT('',(26.326771091,12.844061714,113.751641531));
#5620=CARTESIAN_POINT('',(26.761411994,13.058771181,113.61568544));
#5621=CARTESIAN_POINT('',(27.205440208,13.27354696,113.571994044));
#5622=CARTESIAN_POINT('',(23.537681546,12.431589149,117.6));
#5623=CARTESIAN_POINT('',(23.531081417,12.443020258,117.090955142));
#5624=CARTESIAN_POINT('',(23.611533799,12.500173117,116.582087749));
#5625=CARTESIAN_POINT('',(23.935155678,12.697734226,115.637121189));
#5626=CARTESIAN_POINT('',(24.178212969,12.838073478,115.201351656));
#5627=CARTESIAN_POINT('',(24.792287857,13.181930639,114.465288176));
#5628=CARTESIAN_POINT('',(25.163091792,13.385329393,114.165251564));
#5629=CARTESIAN_POINT('',(25.97948969,13.826226706,113.743963949));
#5630=CARTESIAN_POINT('',(26.424798954,14.063572875,113.62286124));
#5631=CARTESIAN_POINT('',(26.875514667,14.301001052,113.6));
#5632=CARTESIAN_POINT('',(23.035947712,13.300568145,117.6));
#5633=CARTESIAN_POINT('',(23.035947712,13.300568145,117.076401224));
#5634=CARTESIAN_POINT('',(23.126107721,13.352625016,116.553008463));
#5635=CARTESIAN_POINT('',(23.473158263,13.553006152,115.585524079));
#5636=CARTESIAN_POINT('',(23.729912245,13.701251576,115.14181312));
#5637=CARTESIAN_POINT('',(24.371178029,14.071507637,114.40133263));
#5638=CARTESIAN_POINT('',(24.755437519,14.293372593,114.104854447));
#5639=CARTESIAN_POINT('',(25.593291642,14.77713545,113.704109293));
#5640=CARTESIAN_POINT('',(26.046556616,15.03884301,113.6));
#5641=CARTESIAN_POINT('',(26.5,15.300653581,113.6));
#5642=B_SPLINE_SURFACE_WITH_KNOTS('',3,3,((#5502,#5503,#5504,#5505,#5506,#5507,#5508,#5509,#5510,#5511),(#5512,#5513,#5514,#5515,#5516,#5517,#5518,#5519,#5520,#5521),(#5522,#5523,#5524,#5525,#5526,#5527,#5528,#5529,#5530,#5531),(#5532,#5533,#5534,#5535,#5536,#5537,#5538,#5539,#5540,#5541),(#5542,#5543,#5544,#5545,#5546,#5547,#5548,#5549,#5550,#5551),(#5552,#5553,#5554,#5555,#5556,#5557,#5558,#5559,#5560,#5561),(#5562,#5563,#5564,#5565,#5566,#5567,#5568,#5569,#5570,#5571),(#5572,#5573,#5574,#5575,#5576,#5577,#5578,#5579,#5580,#5581),(#5582,#5583,#5584,#5585,#5586,#5587,#5588,#5589,#5590,#5591),(#5592,#5593,#5594,#5595,#5596,#5597,#5598,#5599,#5600,#5601),(#5602,#5603,#5604,#5605,#5606,#5607,#5608,#5609,#5610,#5611),(#5612,#5613,#5614,#5615,#5616,#5617,#5618,#5619,#5620,#5621),(#5622,#5623,#5624,#5625,#5626,#5627,#5628,#5629,#5630,#5631),(#5632,#5633,#5634,#5635,#5636,#5637,#5638,#5639,#5640,#5641)),.UNSPECIFIED.,.F.,.F.,.U.,(4,2,2,2,2,2,4),(4,2,2,2,4),(0.,0.003416539,0.006833078,0.008541348,0.009395482,0.010249617,0.013666156),(0.,0.25,0.5,0.75,1.),.UNSPECIFIED.);
#5643=ORIENTED_EDGE('',*,*,#5202,.T.);
#5644=ORIENTED_EDGE('',*,*,#599,.F.);
#5645=CARTESIAN_POINT('',(28.996947909,2.304286486,113.128363022));
#5646=CARTESIAN_POINT('',(28.702040184,2.277970845,113.249159353));
#5647=CARTESIAN_POINT('',(28.404041271,2.249880278,113.412912909));
#5648=CARTESIAN_POINT('',(28.119247832,2.22106119,113.626395258));
#5649=CARTESIAN_POINT('',(27.834454392,2.192242102,113.839877607));
#5650=CARTESIAN_POINT('',(27.563172927,2.162701684,114.10362694));
#5651=CARTESIAN_POINT('',(27.326677618,2.134057722,114.417949853));
#5652=CARTESIAN_POINT('',(27.090182309,2.105413759,114.732272765));
#5653=CARTESIAN_POINT('',(26.889056651,2.077694835,115.097699762));
#5654=CARTESIAN_POINT('',(26.747380724,2.053016767,115.504732508));
#5655=CARTESIAN_POINT('',(26.605704797,2.028338699,115.911765254));
#5656=CARTESIAN_POINT('',(26.524204089,2.006747504,116.360715798));
#5657=CARTESIAN_POINT('',(26.525412394,1.990602254,116.829410283));
#5658=B_SPLINE_CURVE_WITH_KNOTS('',3,(#5645,#5646,#5647,#5648,#5649,#5650,#5651,#5652,#5653,#5654,#5655,#5656,#5657),.UNSPECIFIED.,.F.,.F.,(4,3,3,3,4),(0.,0.25,0.5,0.75,1.),.UNSPECIFIED.);
#5659=EDGE_CURVE('',#4634,#572,#5658,.T.);
#5660=ORIENTED_EDGE('',*,*,#5659,.F.);
#5661=ORIENTED_EDGE('',*,*,#4652,.F.);
#5662=EDGE_LOOP('',(#5643,#5644,#5660,#5661));
#5663=FACE_BOUND('',#5662,.T.);
#5664=ADVANCED_FACE('',(#5663),#5642,.F.);
#5665=CARTESIAN_POINT('',(0.,0.,117.6));
#5666=DIRECTION('',(0.,0.,1.));
#5667=DIRECTION('',(1.,0.,-0.));
#5668=AXIS2_PLACEMENT_3D('',#5665,#5666,#5667);
#5669=TOROIDAL_SURFACE('',#5668,30.6,4.);
#5670=ORIENTED_EDGE('',*,*,#5496,.T.);
#5671=ORIENTED_EDGE('',*,*,#3735,.F.);
#5672=CARTESIAN_POINT('',(-26.5,15.300653581,117.6));
#5673=DIRECTION('',(0.500021359,0.866013072,0.));
#5674=DIRECTION('',(-0.866013072,0.500021359,0.));
#5675=AXIS2_PLACEMENT_3D('',#5672,#5673,#5674);
#5676=CIRCLE('',#5675,4.);
#5677=EDGE_CURVE('',#872,#3721,#5676,.T.);
#5678=ORIENTED_EDGE('',*,*,#5677,.F.);
#5679=ORIENTED_EDGE('',*,*,#878,.F.);
#5680=EDGE_LOOP('',(#5670,#5671,#5678,#5679));
#5681=FACE_BOUND('',#5680,.T.);
#5682=ADVANCED_FACE('',(#5681),#5669,.F.);
#5683=CARTESIAN_POINT('',(26.525407871,-1.990662528,116.829413573));
#5684=CARTESIAN_POINT('',(26.52438865,-2.004242389,116.435195648));
#5685=CARTESIAN_POINT('',(26.581974054,-2.022218639,116.041027829));
#5686=CARTESIAN_POINT('',(26.809379473,-2.065410998,115.286843441));
#5687=CARTESIAN_POINT('',(26.979170577,-2.090621617,114.926922755));
#5688=CARTESIAN_POINT('',(27.416261802,-2.146093859,114.272516928));
#5689=CARTESIAN_POINT('',(27.683506353,-2.176348429,113.978114983));
#5690=CARTESIAN_POINT('',(28.292306835,-2.239280862,113.480345581));
#5691=CARTESIAN_POINT('',(28.633785366,-2.271950724,113.277041408));
#5692=CARTESIAN_POINT('',(28.997592507,-2.304413103,113.128099197));
#5693=CARTESIAN_POINT('',(26.528514102,-1.949272254,116.827764133));
#5694=CARTESIAN_POINT('',(26.527535308,-1.962597388,116.433689426));
#5695=CARTESIAN_POINT('',(26.585122506,-1.980224085,116.039664729));
#5696=CARTESIAN_POINT('',(26.812457881,-2.022559067,115.285728129));
#5697=CARTESIAN_POINT('',(26.982177199,-2.047261978,114.925911929));
#5698=CARTESIAN_POINT('',(27.419068684,-2.101606283,114.271643576));
#5699=CARTESIAN_POINT('',(27.686185392,-2.131240779,113.977274476));
#5700=CARTESIAN_POINT('',(28.29470285,-2.192876404,113.479476791));
#5701=CARTESIAN_POINT('',(28.636026355,-2.224869711,113.276111396));
#5702=CARTESIAN_POINT('',(28.999682871,-2.256657679,113.127056849));
#5703=CARTESIAN_POINT('',(26.531523278,-1.907877086,116.82616706));
#5704=CARTESIAN_POINT('',(26.53058948,-1.920868997,116.432233393));
#5705=CARTESIAN_POINT('',(26.588182776,-1.938067858,116.038349653));
#5706=CARTESIAN_POINT('',(26.81545581,-1.979396005,115.284656724));
#5707=CARTESIAN_POINT('',(26.985106743,-2.003520052,114.924943061));
#5708=CARTESIAN_POINT('',(27.421804088,-2.056607295,114.270808675));
#5709=CARTESIAN_POINT('',(27.688795151,-2.085563761,113.976470859));
#5710=CARTESIAN_POINT('',(28.297032575,-2.145804766,113.478642286));
#5711=CARTESIAN_POINT('',(28.638201846,-2.177081669,113.275214626));
#5712=CARTESIAN_POINT('',(29.001707786,-2.208166089,113.126046988));
#5713=CARTESIAN_POINT('',(26.537347591,-1.825076793,116.823080174));
#5714=CARTESIAN_POINT('',(26.536494784,-1.837483442,116.429417252));
#5715=CARTESIAN_POINT('',(26.594095293,-1.85390851,116.035804077));
#5716=CARTESIAN_POINT('',(26.821241774,-1.893380809,115.28257934));
#5717=CARTESIAN_POINT('',(26.990759042,-1.916423051,114.923062966));
#5718=CARTESIAN_POINT('',(27.427081016,-1.967135113,114.269187554));
#5719=CARTESIAN_POINT('',(27.693830583,-1.994798525,113.974911148));
#5720=CARTESIAN_POINT('',(28.301531589,-2.052357484,113.477027131));
#5721=CARTESIAN_POINT('',(28.642406232,-2.082245758,113.273482439));
#5722=CARTESIAN_POINT('',(29.005625153,-2.111955701,113.124100776));
#5723=CARTESIAN_POINT('',(26.540162724,-1.78367171,116.821589949));
#5724=CARTESIAN_POINT('',(26.539348932,-1.795786631,116.428057851));
#5725=CARTESIAN_POINT('',(26.596952828,-1.811826002,116.034575406));
#5726=CARTESIAN_POINT('',(26.824038015,-1.850373155,115.281576925));
#5727=CARTESIAN_POINT('',(26.99349065,-1.872876073,114.922155911));
#5728=CARTESIAN_POINT('',(27.429631187,-1.922403792,114.268405764));
#5729=CARTESIAN_POINT('',(27.696264051,-1.949422344,113.97415913));
#5730=CARTESIAN_POINT('',(28.303705837,-2.005643376,113.476248602));
#5731=CARTESIAN_POINT('',(28.644438104,-2.034838763,113.27264754));
#5732=CARTESIAN_POINT('',(29.007518304,-2.063862614,113.123162673));
#5733=CARTESIAN_POINT('',(26.548317121,-1.659441704,116.817276156));
#5734=CARTESIAN_POINT('',(26.547616186,-1.670684022,116.424123017));
#5735=CARTESIAN_POINT('',(26.605229788,-1.685569704,116.031019279));
#5736=CARTESIAN_POINT('',(26.832137326,-1.721349278,115.278676366));
#5737=CARTESIAN_POINT('',(27.001402745,-1.742238673,114.919531741));
#5738=CARTESIAN_POINT('',(27.437017782,-1.788222504,114.26614499));
#5739=CARTESIAN_POINT('',(27.703312656,-1.813311162,113.971984977));
#5740=CARTESIAN_POINT('',(28.310003644,-1.865527112,113.473998652));
#5741=CARTESIAN_POINT('',(28.650323513,-1.892647843,113.270234924));
#5742=CARTESIAN_POINT('',(29.013001824,-1.919616638,113.120451816));
#5743=CARTESIAN_POINT('',(26.553365391,-1.576601986,116.814611712));
#5744=CARTESIAN_POINT('',(26.552733889,-1.587265985,116.421693042));
#5745=CARTESIAN_POINT('',(26.610353182,-1.601387059,116.028823607));
#5746=CARTESIAN_POINT('',(26.837150352,-1.635332025,115.276886415));
#5747=CARTESIAN_POINT('',(27.006299798,-1.655151661,114.917912917));
#5748=CARTESIAN_POINT('',(27.44158954,-1.698785072,114.26475149));
#5749=CARTESIAN_POINT('',(27.707675269,-1.722593377,113.970645438));
#5750=CARTESIAN_POINT('',(28.313901673,-1.772150865,113.472613233));
#5751=CARTESIAN_POINT('',(28.653966354,-1.797893836,113.268749511));
#5752=CARTESIAN_POINT('',(29.016395901,-1.823496891,113.118782639));
#5753=CARTESIAN_POINT('',(26.56734654,-1.328023874,116.807242026));
#5754=CARTESIAN_POINT('',(26.566906829,-1.336962133,116.414972619));
#5755=CARTESIAN_POINT('',(26.624541568,-1.348801385,116.022752019));
#5756=CARTESIAN_POINT('',(26.851032827,-1.377270059,115.271938753));
#5757=CARTESIAN_POINT('',(27.019861155,-1.39389594,114.913439543));
#5758=CARTESIAN_POINT('',(27.454250346,-1.430509887,114.260903515));
#5759=CARTESIAN_POINT('',(27.719757139,-1.4504934,113.96694792));
#5760=CARTESIAN_POINT('',(28.324697385,-1.492105647,113.468791415));
#5761=CARTESIAN_POINT('',(28.664055538,-1.513729204,113.264652512));
#5762=CARTESIAN_POINT('',(29.025796135,-1.535246186,113.114178754));
#5763=CARTESIAN_POINT('',(26.575115863,-1.162226463,116.80316452));
#5764=CARTESIAN_POINT('',(26.574781601,-1.170026451,116.411255457));
#5765=CARTESIAN_POINT('',(26.632424152,-1.180360436,116.019394957));
#5766=CARTESIAN_POINT('',(26.858744621,-1.205214867,115.269205887));
#5767=CARTESIAN_POINT('',(27.027394479,-1.219732232,114.910970331));
#5768=CARTESIAN_POINT('',(27.461283692,-1.25170887,114.258783003));
#5769=CARTESIAN_POINT('',(27.72646925,-1.26916418,113.964912094));
#5770=CARTESIAN_POINT('',(28.330695787,-1.305519766,113.466689823));
#5771=CARTESIAN_POINT('',(28.669661849,-1.324415538,113.262400235));
#5772=CARTESIAN_POINT('',(29.031019869,-1.343223341,113.111647536));
#5773=CARTESIAN_POINT('',(26.593768485,-0.664598845,116.793398667));
#5774=CARTESIAN_POINT('',(26.593686197,-0.669013269,116.402353777));
#5775=CARTESIAN_POINT('',(26.651346858,-0.674867909,116.011356888));
#5776=CARTESIAN_POINT('',(26.877257103,-0.688961186,115.262665322));
#5777=CARTESIAN_POINT('',(27.045478939,-0.697198099,114.905062604));
#5778=CARTESIAN_POINT('',(27.478169465,-0.715354037,114.253713467));
#5779=CARTESIAN_POINT('',(27.742585009,-0.72527084,113.960047052));
#5780=CARTESIAN_POINT('',(28.34510066,-0.745941231,113.461670827));
#5781=CARTESIAN_POINT('',(28.683126764,-0.756692288,113.257022232));
#5782=CARTESIAN_POINT('',(29.043567383,-0.767403393,113.105603325));
#5783=CARTESIAN_POINT('',(26.599997278,-0.332411456,116.790176554));
#5784=CARTESIAN_POINT('',(26.599997228,-0.334606839,116.399418342));
#5785=CARTESIAN_POINT('',(26.657662987,-0.337522582,116.008707976));
#5786=CARTESIAN_POINT('',(26.88343625,-0.344547546,115.26051394));
#5787=CARTESIAN_POINT('',(27.051516107,-0.348655907,114.903121885));
#5788=CARTESIAN_POINT('',(27.483809634,-0.357716009,114.252053421));
#5789=CARTESIAN_POINT('',(27.74797037,-0.362666641,113.958456733));
#5790=CARTESIAN_POINT('',(28.34991979,-0.372989269,113.460034519));
#5791=CARTESIAN_POINT('',(28.687634766,-0.378360002,113.255270024));
#5792=CARTESIAN_POINT('',(29.047771427,-0.383712442,113.103633832));
#5793=CARTESIAN_POINT('',(26.60000272,0.331975716,116.790173741));
#5794=CARTESIAN_POINT('',(26.600002742,0.334168221,116.399415779));
#5795=CARTESIAN_POINT('',(26.657668505,0.337080143,116.008705662));
#5796=CARTESIAN_POINT('',(26.883441648,0.3440959,115.260512059));
#5797=CARTESIAN_POINT('',(27.051521382,0.348198875,114.903120188));
#5798=CARTESIAN_POINT('',(27.483814563,0.357247102,114.252051968));
#5799=CARTESIAN_POINT('',(27.747975077,0.362191245,113.95845534));
#5800=CARTESIAN_POINT('',(28.349924003,0.372500343,113.460033085));
#5801=CARTESIAN_POINT('',(28.687638708,0.377864036,113.255268488));
#5802=CARTESIAN_POINT('',(29.047775104,0.383209461,113.103632105));
#5803=CARTESIAN_POINT('',(26.593782321,0.664137453,116.793389414));
#5804=CARTESIAN_POINT('',(26.593700416,0.668548765,116.402345303));
#5805=CARTESIAN_POINT('',(26.651361247,0.674399282,116.011349221));
#5806=CARTESIAN_POINT('',(26.877271408,0.688482648,115.262659121));
#5807=CARTESIAN_POINT('',(27.045492991,0.696713773,114.905057061));
#5808=CARTESIAN_POINT('',(27.47818267,0.714856966,114.253708907));
#5809=CARTESIAN_POINT('',(27.74259762,0.724766813,113.960042816));
#5810=CARTESIAN_POINT('',(28.345111888,0.745422721,113.461666774));
#5811=CARTESIAN_POINT('',(28.683137202,0.756166253,113.257018037));
#5812=CARTESIAN_POINT('',(29.043577028,0.766869872,113.105598725));
#5813=CARTESIAN_POINT('',(26.575124486,1.162042468,116.803157958));
#5814=CARTESIAN_POINT('',(26.57479054,1.169841204,116.411249435));
#5815=CARTESIAN_POINT('',(26.632433256,1.180173527,116.019389503));
#5816=CARTESIAN_POINT('',(26.858753757,1.205023959,115.269201482));
#5817=CARTESIAN_POINT('',(27.027403481,1.219538988,114.910966409));
#5818=CARTESIAN_POINT('',(27.461292179,1.251510483,114.258779828));
#5819=CARTESIAN_POINT('',(27.726477357,1.268962987,113.964909185));
#5820=CARTESIAN_POINT('',(28.330702984,1.305312735,113.466687135));
#5821=CARTESIAN_POINT('',(28.669668517,1.324205476,113.262397501));
#5822=CARTESIAN_POINT('',(29.031025997,1.343010268,113.111644578));
#5823=CARTESIAN_POINT('',(26.567352564,1.327909114,116.807237798));
#5824=CARTESIAN_POINT('',(26.566913038,1.336846588,116.414968743));
#5825=CARTESIAN_POINT('',(26.624547864,1.3486848,116.02274851));
#5826=CARTESIAN_POINT('',(26.851039104,1.377150969,115.271935914));
#5827=CARTESIAN_POINT('',(27.019867326,1.393775386,114.913437007));
#5828=CARTESIAN_POINT('',(27.454256148,1.430386112,114.260901436));
#5829=CARTESIAN_POINT('',(27.719762679,1.450367867,113.966945996));
#5830=CARTESIAN_POINT('',(28.324702307,1.49197646,113.46878959));
#5831=CARTESIAN_POINT('',(28.664060106,1.513598121,113.264650632));
#5832=CARTESIAN_POINT('',(29.025800346,1.535113219,113.114176701));
#5833=CARTESIAN_POINT('',(26.553368174,1.576556328,116.814609188));
#5834=CARTESIAN_POINT('',(26.552736812,1.587220022,116.42169072));
#5835=CARTESIAN_POINT('',(26.61035619,1.601340686,116.028821502));
#5836=CARTESIAN_POINT('',(26.837153412,1.63528466,115.276884719));
#5837=CARTESIAN_POINT('',(27.006302827,1.655103714,114.917911414));
#5838=CARTESIAN_POINT('',(27.441592408,1.698735841,114.264750299));
#5839=CARTESIAN_POINT('',(27.707678009,1.722543446,113.970644366));
#5840=CARTESIAN_POINT('',(28.313904094,1.772099474,113.472612287));
#5841=CARTESIAN_POINT('',(28.653968585,1.797841686,113.268748573));
#5842=CARTESIAN_POINT('',(29.016397935,1.823443987,113.118781644));
#5843=CARTESIAN_POINT('',(26.548318934,1.659413274,116.817274866));
#5844=CARTESIAN_POINT('',(26.547618055,1.6706554,116.424121833));
#5845=CARTESIAN_POINT('',(26.605231684,1.685540827,116.031018207));
#5846=CARTESIAN_POINT('',(26.832139217,1.721319784,115.278675499));
#5847=CARTESIAN_POINT('',(27.001404604,1.742208817,114.919530966));
#5848=CARTESIAN_POINT('',(27.43701953,1.78819185,114.266144354));
#5849=CARTESIAN_POINT('',(27.703314323,1.813280071,113.971984389));
#5850=CARTESIAN_POINT('',(28.310005124,1.865495113,113.473998095));
#5851=CARTESIAN_POINT('',(28.650324885,1.892615373,113.27023435));
#5852=CARTESIAN_POINT('',(29.013003088,1.9195837,113.12045119));
#5853=CARTESIAN_POINT('',(26.54016349,1.783660443,116.821589214));
#5854=CARTESIAN_POINT('',(26.539349741,1.795775294,116.428057173));
#5855=CARTESIAN_POINT('',(26.596953662,1.811814569,116.034574792));
#5856=CARTESIAN_POINT('',(26.824038867,1.850361487,115.28157643));
#5857=CARTESIAN_POINT('',(26.993491494,1.872864265,114.922155473));
#5858=CARTESIAN_POINT('',(27.429631987,1.922391675,114.268405419));
#5859=CARTESIAN_POINT('',(27.696264815,1.949410056,113.974158821));
#5860=CARTESIAN_POINT('',(28.30370651,2.005630733,113.476248333));
#5861=CARTESIAN_POINT('',(28.644438723,2.034825934,113.272647276));
#5862=CARTESIAN_POINT('',(29.007518866,2.0638496,113.123162394));
#5863=CARTESIAN_POINT('',(26.537348077,1.825069794,116.823079824));
#5864=CARTESIAN_POINT('',(26.536495285,1.837476402,116.429416931));
#5865=CARTESIAN_POINT('',(26.594095801,1.853901412,116.035803786));
#5866=CARTESIAN_POINT('',(26.82124228,1.893373568,115.282579105));
#5867=CARTESIAN_POINT('',(26.99075954,1.916415726,114.923062756));
#5868=CARTESIAN_POINT('',(27.427081483,1.967127599,114.269187381));
#5869=CARTESIAN_POINT('',(27.693831028,1.994790907,113.974910988));
#5870=CARTESIAN_POINT('',(28.301531984,2.052349649,113.47702698));
#5871=CARTESIAN_POINT('',(28.642406598,2.082237809,113.273482283));
#5872=CARTESIAN_POINT('',(29.00562549,2.111947638,113.124100607));
#5873=CARTESIAN_POINT('',(26.53152338,1.907875734,116.826166915));
#5874=CARTESIAN_POINT('',(26.530589591,1.920867643,116.432233259));
#5875=CARTESIAN_POINT('',(26.588182894,1.938066499,116.038349531));
#5876=CARTESIAN_POINT('',(26.815455935,1.97939463,115.284656626));
#5877=CARTESIAN_POINT('',(26.985106868,2.003518667,114.924942975));
#5878=CARTESIAN_POINT('',(27.421804207,2.056605883,114.270808609));
#5879=CARTESIAN_POINT('',(27.688795266,2.085562333,113.976470802));
#5880=CARTESIAN_POINT('',(28.297032675,2.145803303,113.478642242));
#5881=CARTESIAN_POINT('',(28.638201936,2.177080186,113.275214585));
#5882=CARTESIAN_POINT('',(29.001707866,2.208164586,113.126046948));
#5883=CARTESIAN_POINT('',(26.528514097,1.949272331,116.827763246));
#5884=CARTESIAN_POINT('',(26.527535383,1.962597555,116.433688486));
#5885=CARTESIAN_POINT('',(26.585122679,1.980224343,116.039663749));
#5886=CARTESIAN_POINT('',(26.812458273,2.0225595,115.285727107));
#5887=CARTESIAN_POINT('',(26.982177713,2.047262495,114.925910906));
#5888=CARTESIAN_POINT('',(27.41906945,2.101606951,114.271642599));
#5889=CARTESIAN_POINT('',(27.686186289,2.131241515,113.977273546));
#5890=CARTESIAN_POINT('',(28.294704,2.192877255,113.479476006));
#5891=CARTESIAN_POINT('',(28.636027626,2.224870608,113.27611071));
#5892=CARTESIAN_POINT('',(28.999684251,2.256658608,113.127056284));
#5893=CARTESIAN_POINT('',(26.52540787,1.990662531,116.829412686));
#5894=CARTESIAN_POINT('',(26.524388731,2.004242482,116.435194707));
#5895=CARTESIAN_POINT('',(26.581974233,2.022218822,116.041026848));
#5896=CARTESIAN_POINT('',(26.809379871,2.065411355,115.286842419));
#5897=CARTESIAN_POINT('',(26.979171097,2.090622056,114.926921733));
#5898=CARTESIAN_POINT('',(27.416262574,2.146094447,114.272515951));
#5899=CARTESIAN_POINT('',(27.683507255,2.176349085,113.978114053));
#5900=CARTESIAN_POINT('',(28.29230799,2.23928163,113.480344797));
#5901=CARTESIAN_POINT('',(28.633786643,2.271951537,113.277040722));
#5902=CARTESIAN_POINT('',(28.997593891,2.304413947,113.128098633));
#5903=B_SPLINE_SURFACE_WITH_KNOTS('',3,3,((#5683,#5684,#5685,#5686,#5687,#5688,#5689,#5690,#5691,#5692),(#5693,#5694,#5695,#5696,#5697,#5698,#5699,#5700,#5701,#5702),(#5703,#5704,#5705,#5706,#5707,#5708,#5709,#5710,#5711,#5712),(#5713,#5714,#5715,#5716,#5717,#5718,#5719,#5720,#5721,#5722),(#5723,#5724,#5725,#5726,#5727,#5728,#5729,#5730,#5731,#5732),(#5733,#5734,#5735,#5736,#5737,#5738,#5739,#5740,#5741,#5742),(#5743,#5744,#5745,#5746,#5747,#5748,#5749,#5750,#5751,#5752),(#5753,#5754,#5755,#5756,#5757,#5758,#5759,#5760,#5761,#5762),(#5763,#5764,#5765,#5766,#5767,#5768,#5769,#5770,#5771,#5772),(#5773,#5774,#5775,#5776,#5777,#5778,#5779,#5780,#5781,#5782),(#5783,#5784,#5785,#5786,#5787,#5788,#5789,#5790,#5791,#5792),(#5793,#5794,#5795,#5796,#5797,#5798,#5799,#5800,#5801,#5802),(#5803,#5804,#5805,#5806,#5807,#5808,#5809,#5810,#5811,#5812),(#5813,#5814,#5815,#5816,#5817,#5818,#5819,#5820,#5821,#5822),(#5823,#5824,#5825,#5826,#5827,#5828,#5829,#5830,#5831,#5832),(#5833,#5834,#5835,#5836,#5837,#5838,#5839,#5840,#5841,#5842),(#5843,#5844,#5845,#5846,#5847,#5848,#5849,#5850,#5851,#5852),(#5853,#5854,#5855,#5856,#5857,#5858,#5859,#5860,#5861,#5862),(#5863,#5864,#5865,#5866,#5867,#5868,#5869,#5870,#5871,#5872),(#5873,#5874,#5875,#5876,#5877,#5878,#5879,#5880,#5881,#5882),(#5883,#5884,#5885,#5886,#5887,#5888,#5889,#5890,#5891,#5892),(#5893,#5894,#5895,#5896,#5897,#5898,#5899,#5900,#5901,#5902)),.UNSPECIFIED.,.F.,.F.,.U.,(4,2,2,2,2,2,2,2,2,2,4),(4,2,2,2,4),(-0.00000007,0.000143165,0.000286399,0.000572868,0.001145806,0.002291681,0.003437556,0.004010494,0.004296963,0.004440197,0.004583432),(0.,0.25,0.5,0.75,1.),.UNSPECIFIED.);
#5904=ORIENTED_EDGE('',*,*,#5659,.T.);
#5905=ORIENTED_EDGE('',*,*,#578,.F.);
#5906=CARTESIAN_POINT('',(28.996943982,-2.304343429,113.128364724));
#5907=CARTESIAN_POINT('',(28.633217737,-2.271880969,113.277349358));
#5908=CARTESIAN_POINT('',(28.291822212,-2.239212129,113.480674649));
#5909=CARTESIAN_POINT('',(27.987500703,-2.207747404,113.729562864));
#5910=CARTESIAN_POINT('',(27.683179195,-2.176282678,113.978451078));
#5911=CARTESIAN_POINT('',(27.41600748,-2.146030001,114.27283736));
#5912=CARTESIAN_POINT('',(27.197523729,-2.118295548,114.600010926));
#5913=CARTESIAN_POINT('',(26.979039978,-2.090561094,114.927184493));
#5914=CARTESIAN_POINT('',(26.809298418,-2.065351839,115.287061457));
#5915=CARTESIAN_POINT('',(26.695629652,-2.043756154,115.664102395));
#5916=CARTESIAN_POINT('',(26.581960886,-2.022160469,116.041143333));
#5917=CARTESIAN_POINT('',(26.524393078,-2.004183794,116.435252227));
#5918=CARTESIAN_POINT('',(26.525412402,-1.99060214,116.829411167));
#5919=B_SPLINE_CURVE_WITH_KNOTS('',3,(#5906,#5907,#5908,#5909,#5910,#5911,#5912,#5913,#5914,#5915,#5916,#5917,#5918),.UNSPECIFIED.,.F.,.F.,(4,3,3,3,4),(0.,0.25,0.5,0.75,1.),.UNSPECIFIED.);
#5920=EDGE_CURVE('',#4749,#551,#5919,.T.);
#5921=ORIENTED_EDGE('',*,*,#5920,.F.);
#5922=ORIENTED_EDGE('',*,*,#4767,.F.);
#5923=EDGE_LOOP('',(#5904,#5905,#5921,#5922));
#5924=FACE_BOUND('',#5923,.T.);
#5925=ADVANCED_FACE('',(#5924),#5903,.F.);
#5926=CARTESIAN_POINT('',(-23.035947712,13.300568145,117.6));
#5927=CARTESIAN_POINT('',(-23.035947712,13.300568145,117.076401224));
#5928=CARTESIAN_POINT('',(-23.126107721,13.352625016,116.553008463));
#5929=CARTESIAN_POINT('',(-23.473158263,13.553006152,115.585524079));
#5930=CARTESIAN_POINT('',(-23.729912245,13.701251576,115.14181312));
#5931=CARTESIAN_POINT('',(-24.371178029,14.071507637,114.40133263));
#5932=CARTESIAN_POINT('',(-24.755437519,14.293372593,114.104854447));
#5933=CARTESIAN_POINT('',(-25.593291642,14.77713545,113.704109293));
#5934=CARTESIAN_POINT('',(-26.046556616,15.03884301,113.6));
#5935=CARTESIAN_POINT('',(-26.5,15.300653581,113.6));
#5936=CARTESIAN_POINT('',(-23.036928136,13.298870099,117.6));
#5937=CARTESIAN_POINT('',(-23.036928136,13.298870099,117.076401224));
#5938=CARTESIAN_POINT('',(-23.127091982,13.350920324,116.553008463));
#5939=CARTESIAN_POINT('',(-23.474157294,13.551275878,115.585524079));
#5940=CARTESIAN_POINT('',(-23.730922204,13.699502376,115.14181312));
#5941=CARTESIAN_POINT('',(-24.37221528,14.069711167,114.40133263));
#5942=CARTESIAN_POINT('',(-24.756491125,14.291547799,114.104854447));
#5943=CARTESIAN_POINT('',(-25.594380908,14.775248894,113.704109293));
#5944=CARTESIAN_POINT('',(-26.047665172,15.036923043,113.6));
#5945=CARTESIAN_POINT('',(-26.501127855,15.29870019,113.6));
#5946=CARTESIAN_POINT('',(-23.037908351,13.297171979,117.599999881));
#5947=CARTESIAN_POINT('',(-23.037882566,13.297216637,117.076457981));
#5948=CARTESIAN_POINT('',(-23.128004645,13.34929341,116.553121982));
#5949=CARTESIAN_POINT('',(-23.474963641,13.549663508,115.585725593));
#5950=CARTESIAN_POINT('',(-23.731664103,13.697878031,115.142045668));
#5951=CARTESIAN_POINT('',(-24.372823631,14.068030921,114.401582441));
#5952=CARTESIAN_POINT('',(-24.757030538,14.289823714,114.105090352));
#5953=CARTESIAN_POINT('',(-25.594800804,14.77341906,113.704264926));
#5954=CARTESIAN_POINT('',(-26.048034679,15.035031422,113.600089227));
#5955=CARTESIAN_POINT('',(-26.501467392,15.296746713,113.599999892));
#5956=CARTESIAN_POINT('',(-23.039868362,13.2937756,117.599999215));
#5957=CARTESIAN_POINT('',(-23.039816838,13.293864882,117.076514199));
#5958=CARTESIAN_POINT('',(-23.12990103,13.34596153,116.553234973));
#5959=CARTESIAN_POINT('',(-23.476768545,13.546320555,115.585926607));
#5960=CARTESIAN_POINT('',(-23.733415508,13.694504166,115.142277732));
#5961=CARTESIAN_POINT('',(-24.374468799,14.064553887,114.401831805));
#5962=CARTESIAN_POINT('',(-24.758623117,14.286274524,114.105325835));
#5963=CARTESIAN_POINT('',(-25.596309487,14.769702387,113.704420185));
#5964=CARTESIAN_POINT('',(-26.049512229,15.03121957,113.600178107));
#5965=CARTESIAN_POINT('',(-26.502934221,15.2928396,113.599999458));
#5966=CARTESIAN_POINT('',(-23.040848163,13.292077332,117.599998858));
#5967=CARTESIAN_POINT('',(-23.040783768,13.292188901,117.076542272));
#5968=CARTESIAN_POINT('',(-23.130849019,13.344295469,116.553291416));
#5969=CARTESIAN_POINT('',(-23.477670804,13.544648932,115.58602703));
#5970=CARTESIAN_POINT('',(-23.734291027,13.692817083,115.142393665));
#5971=CARTESIAN_POINT('',(-24.375291216,14.062815221,114.401956368));
#5972=CARTESIAN_POINT('',(-24.759419249,14.284499788,114.105443451));
#5973=CARTESIAN_POINT('',(-25.59706368,14.767843931,113.704497688));
#5974=CARTESIAN_POINT('',(-26.050250859,15.029313539,113.600222427));
#5975=CARTESIAN_POINT('',(-26.503667487,15.290885953,113.599999133));
#5976=CARTESIAN_POINT('',(-23.043786927,13.286982331,117.59999686));
#5977=CARTESIAN_POINT('',(-23.043684007,13.287160761,117.07662561));
#5978=CARTESIAN_POINT('',(-23.133692502,13.339297082,116.553459922));
#5979=CARTESIAN_POINT('',(-23.480377187,13.539633856,115.586327599));
#5980=CARTESIAN_POINT('',(-23.736917208,13.687755621,115.142740829));
#5981=CARTESIAN_POINT('',(-24.377758084,14.057599006,114.402329542));
#5982=CARTESIAN_POINT('',(-24.761807232,14.279175359,114.10579584));
#5983=CARTESIAN_POINT('',(-25.599325755,14.762268341,113.704729829));
#5984=CARTESIAN_POINT('',(-26.052466172,15.023595222,113.600355049));
#5985=CARTESIAN_POINT('',(-26.505866629,15.285024787,113.599997833));
#5986=CARTESIAN_POINT('',(-23.045745282,13.283585351,117.599995432));
#5987=CARTESIAN_POINT('',(-23.045616675,13.283808257,117.076681022));
#5988=CARTESIAN_POINT('',(-23.135587345,13.335964338,116.553572048));
#5989=CARTESIAN_POINT('',(-23.482180675,13.536289888,115.586527641));
#5990=CARTESIAN_POINT('',(-23.73866726,13.68438071,115.142971876));
#5991=CARTESIAN_POINT('',(-24.379401994,14.054120933,114.402577846));
#5992=CARTESIAN_POINT('',(-24.763398586,14.275625174,114.106030263));
#5993=CARTESIAN_POINT('',(-25.600833213,14.758550803,113.704884087));
#5994=CARTESIAN_POINT('',(-26.053942466,15.019782592,113.600442985));
#5995=CARTESIAN_POINT('',(-26.507332129,15.281116983,113.599996534));
#5996=CARTESIAN_POINT('',(-23.051617801,13.273393623,117.59998745));
#5997=CARTESIAN_POINT('',(-23.051412473,13.273749951,117.076843745));
#5998=CARTESIAN_POINT('',(-23.141269937,13.325965297,116.553905142));
#5999=CARTESIAN_POINT('',(-23.487589555,13.526257152,115.587124977));
#6000=CARTESIAN_POINT('',(-23.743915917,13.674255128,115.143662485));
#6001=CARTESIAN_POINT('',(-24.384332198,14.043685849,114.403320707));
#6002=CARTESIAN_POINT('',(-24.76817101,14.264973741,114.106731706));
#6003=CARTESIAN_POINT('',(-25.605353564,14.747397296,113.705345384));
#6004=CARTESIAN_POINT('',(-26.058369049,15.008343801,113.600705444));
#6005=CARTESIAN_POINT('',(-26.511726008,15.269392665,113.599991343));
#6006=CARTESIAN_POINT('',(-23.055529531,13.266597887,117.599981736));
#6007=CARTESIAN_POINT('',(-23.055273045,13.267042773,117.076951633));
#6008=CARTESIAN_POINT('',(-23.145055086,13.319297327,116.554126353));
#6009=CARTESIAN_POINT('',(-23.491192406,13.519566334,115.587521853));
#6010=CARTESIAN_POINT('',(-23.747412084,13.667502331,115.144121308));
#6011=CARTESIAN_POINT('',(-24.387616326,14.036726751,114.403814033));
#6012=CARTESIAN_POINT('',(-24.771350085,14.257870527,114.107197325));
#6013=CARTESIAN_POINT('',(-25.608364762,14.739959716,113.705650908));
#6014=CARTESIAN_POINT('',(-26.061317772,15.000716268,113.600878507));
#6015=CARTESIAN_POINT('',(-26.514652873,15.261575016,113.599986155));
#6016=CARTESIAN_POINT('',(-23.067254539,13.246207529,117.599949879));
#6017=CARTESIAN_POINT('',(-23.066845931,13.246918054,117.077261321));
#6018=CARTESIAN_POINT('',(-23.156402776,13.299290177,116.554776918));
#6019=CARTESIAN_POINT('',(-23.501994614,13.499490532,115.588701358));
#6020=CARTESIAN_POINT('',(-23.757894572,13.647240539,115.145487683));
#6021=CARTESIAN_POINT('',(-24.397462596,14.015845968,114.405285842));
#6022=CARTESIAN_POINT('',(-24.780880758,14.236557363,114.108586901));
#6023=CARTESIAN_POINT('',(-25.617390276,14.717643401,113.706561598));
#6024=CARTESIAN_POINT('',(-26.070154775,14.977830065,113.601392323));
#6025=CARTESIAN_POINT('',(-26.523423026,15.238118438,113.59996544));
#6026=CARTESIAN_POINT('',(-23.075058089,13.232608962,117.599927001));
#6027=CARTESIAN_POINT('',(-23.074548026,13.233495035,117.077465345));
#6028=CARTESIAN_POINT('',(-23.163954932,13.285944338,116.555207174));
#6029=CARTESIAN_POINT('',(-23.509183827,13.486097402,115.589482287));
#6030=CARTESIAN_POINT('',(-23.764871155,13.633723089,115.146392267));
#6031=CARTESIAN_POINT('',(-24.404016079,14.001915993,114.406259411));
#6032=CARTESIAN_POINT('',(-24.787224368,14.222339592,114.109505275));
#6033=CARTESIAN_POINT('',(-25.623397783,14.702758251,113.707160734));
#6034=CARTESIAN_POINT('',(-26.076036748,14.962565918,113.601727268));
#6035=CARTESIAN_POINT('',(-26.529260212,15.222474982,113.599944758));
#6036=CARTESIAN_POINT('',(-23.09842806,13.191800637,117.599800149));
#6037=CARTESIAN_POINT('',(-23.097618993,13.193213185,117.078022089));
#6038=CARTESIAN_POINT('',(-23.186580342,13.245893782,116.556446189));
#6039=CARTESIAN_POINT('',(-23.530726012,13.445904502,115.591780966));
#6040=CARTESIAN_POINT('',(-23.785776792,13.593157013,115.149065969));
#6041=CARTESIAN_POINT('',(-24.423652048,13.960112007,114.409147661));
#6042=CARTESIAN_POINT('',(-24.806229004,14.179672098,114.112231467));
#6043=CARTESIAN_POINT('',(-25.641388107,14.658088434,113.70893478));
#6044=CARTESIAN_POINT('',(-26.093646181,14.916759037,113.602710783));
#6045=CARTESIAN_POINT('',(-26.546730227,15.175530068,113.599862316));
#6046=CARTESIAN_POINT('',(-23.113954409,13.164577211,117.599661756));
#6047=CARTESIAN_POINT('',(-23.112950717,13.166338524,117.078340934));
#6048=CARTESIAN_POINT('',(-23.201619065,13.219171492,116.557221701));
#6049=CARTESIAN_POINT('',(-23.545048512,13.419084864,115.593267107));
#6050=CARTESIAN_POINT('',(-23.79967681,13.566087962,115.150804497));
#6051=CARTESIAN_POINT('',(-24.436706687,13.932217565,114.411034233));
#6052=CARTESIAN_POINT('',(-24.818861934,14.151202492,114.114012641));
#6053=CARTESIAN_POINT('',(-25.653340389,14.628285637,113.71008618));
#6054=CARTESIAN_POINT('',(-26.105340913,14.886199375,113.603337505));
#6055=CARTESIAN_POINT('',(-26.558327226,15.144212882,113.599780201));
#6056=CARTESIAN_POINT('',(-23.160374735,13.082850165,117.599159008));
#6057=CARTESIAN_POINT('',(-23.158793729,13.085645215,117.079207206));
#6058=CARTESIAN_POINT('',(-23.246590084,13.138925418,116.559454372));
#6059=CARTESIAN_POINT('',(-23.587883765,13.338533985,115.59762588));
#6060=CARTESIAN_POINT('',(-23.841250493,13.484785966,115.155918281));
#6061=CARTESIAN_POINT('',(-24.475752194,13.848440028,114.416591632));
#6062=CARTESIAN_POINT('',(-24.856644368,14.065702955,114.119255499));
#6063=CARTESIAN_POINT('',(-25.689078649,14.53879734,113.713447294));
#6064=CARTESIAN_POINT('',(-26.140302214,14.794447766,113.605130514));
#6065=CARTESIAN_POINT('',(-26.592987135,15.050196055,113.599453891));
#6066=CARTESIAN_POINT('',(-23.191108789,13.028291883,117.598659338));
#6067=CARTESIAN_POINT('',(-23.189156579,13.031763307,117.079621344));
#6068=CARTESIAN_POINT('',(-23.27638425,13.085331456,116.560780587));
#6069=CARTESIAN_POINT('',(-23.616274418,13.284723444,115.600373853));
#6070=CARTESIAN_POINT('',(-23.868807756,13.430471512,115.159172837));
#6071=CARTESIAN_POINT('',(-24.501631484,13.792475402,114.420151516));
#6072=CARTESIAN_POINT('',(-24.881681398,14.008593663,114.122612048));
#6073=CARTESIAN_POINT('',(-25.712742729,14.47903943,113.715564385));
#6074=CARTESIAN_POINT('',(-26.163438339,14.733188169,113.606210876));
#6075=CARTESIAN_POINT('',(-26.615907449,14.98743352,113.599129841));
#6076=CARTESIAN_POINT('',(-23.282675314,12.864396418,117.596684936));
#6077=CARTESIAN_POINT('',(-23.279649062,12.86985882,117.080390681));
#6078=CARTESIAN_POINT('',(-23.365207447,12.924260418,116.564288532));
#6079=CARTESIAN_POINT('',(-23.700946606,13.122962891,115.608158269));
#6080=CARTESIAN_POINT('',(-23.951002463,13.267189831,115.168485923));
#6081=CARTESIAN_POINT('',(-24.578815149,13.624243783,114.430408225));
#6082=CARTESIAN_POINT('',(-24.956338383,13.836937951,114.132277513));
#6083=CARTESIAN_POINT('',(-25.783252684,14.299469201,113.721556687));
#6084=CARTESIAN_POINT('',(-26.232336067,14.5491342,113.609119417));
#6085=CARTESIAN_POINT('',(-26.684114884,14.79889212,113.59785137));
#6086=CARTESIAN_POINT('',(-23.342872193,12.754838626,117.594734916));
#6087=CARTESIAN_POINT('',(-23.339182665,12.761577481,117.080272899));
#6088=CARTESIAN_POINT('',(-23.423677205,12.81649419,116.565999643));
#6089=CARTESIAN_POINT('',(-23.756728388,13.014683948,115.612735276));
#6090=CARTESIAN_POINT('',(-24.005162839,13.15788428,115.17409393));
#6091=CARTESIAN_POINT('',(-24.629665338,13.511639047,114.436682158));
#6092=CARTESIAN_POINT('',(-25.005504256,13.722063696,114.138182307));
#6093=CARTESIAN_POINT('',(-25.829616307,14.179360387,113.725073));
#6094=CARTESIAN_POINT('',(-26.277587064,14.426064659,113.610615137));
#6095=CARTESIAN_POINT('',(-26.728848545,14.672859472,113.596590734));
#6096=CARTESIAN_POINT('',(-23.520941594,12.425283453,117.587124592));
#6097=CARTESIAN_POINT('',(-23.515409279,12.43570097,117.078160483));
#6098=CARTESIAN_POINT('',(-23.596850211,12.49204354,116.569375324));
#6099=CARTESIAN_POINT('',(-23.922064234,12.688539037,115.624739113));
#6100=CARTESIAN_POINT('',(-24.16572301,12.828622874,115.189220203));
#6101=CARTESIAN_POINT('',(-24.780389979,13.172482449,114.453907936));
#6102=CARTESIAN_POINT('',(-25.15118208,13.37613733,114.154373151));
#6103=CARTESIAN_POINT('',(-25.966792867,13.817852794,113.734279419));
#6104=CARTESIAN_POINT('',(-26.411324786,14.055758146,113.613868254));
#6105=CARTESIAN_POINT('',(-26.86087696,14.293747131,113.591685706));
#6106=CARTESIAN_POINT('',(-23.636293555,12.204404459,117.57970544));
#6107=CARTESIAN_POINT('',(-23.629728628,12.217073404,117.074408028));
#6108=CARTESIAN_POINT('',(-23.709317603,12.274207206,116.569283325));
#6109=CARTESIAN_POINT('',(-24.029609052,12.469364987,115.630439592));
#6110=CARTESIAN_POINT('',(-24.270202072,12.607322263,115.197041466));
#6111=CARTESIAN_POINT('',(-24.878438764,12.944588224,114.463264451));
#6112=CARTESIAN_POINT('',(-25.245874559,13.143781672,114.163136399));
#6113=CARTESIAN_POINT('',(-26.055692004,13.575272994,113.738627977));
#6114=CARTESIAN_POINT('',(-26.497796861,13.807423453,113.61439277));
#6115=CARTESIAN_POINT('',(-26.94599986,14.03965325,113.586919609));
#6116=CARTESIAN_POINT('',(-23.972410803,11.538239255,117.551483353));
#6117=CARTESIAN_POINT('',(-23.963251165,11.557077855,117.057132367));
#6118=CARTESIAN_POINT('',(-24.037767235,11.616126179,116.56293625));
#6119=CARTESIAN_POINT('',(-24.344112541,11.806672416,115.641486768));
#6120=CARTESIAN_POINT('',(-24.575845896,11.938110639,115.214522112));
#6121=CARTESIAN_POINT('',(-25.165198779,12.255604655,114.48568885));
#6122=CARTESIAN_POINT('',(-25.522633749,12.441561143,114.184048713));
#6123=CARTESIAN_POINT('',(-26.314832797,12.842843898,113.747013012));
#6124=CARTESIAN_POINT('',(-26.749348697,13.05804472,113.611754642));
#6125=CARTESIAN_POINT('',(-27.192985237,13.273312827,113.568892346));
#6126=CARTESIAN_POINT('',(-24.183247264,11.08942778,117.524731516));
#6127=CARTESIAN_POINT('',(-24.173026535,11.111599109,117.037604689));
#6128=CARTESIAN_POINT('',(-24.24480279,11.171311099,116.55062202));
#6129=CARTESIAN_POINT('',(-24.542943807,11.357984724,115.640788194));
#6130=CARTESIAN_POINT('',(-24.769220386,11.484891146,115.218206317));
#6131=CARTESIAN_POINT('',(-25.346527314,11.789216092,114.493119062));
#6132=CARTESIAN_POINT('',(-25.697386867,11.966544695,114.190828365));
#6133=CARTESIAN_POINT('',(-26.47752537,12.348307554,113.746399846));
#6134=CARTESIAN_POINT('',(-26.906573461,12.552629048,113.604393751));
#6135=CARTESIAN_POINT('',(-27.346475432,12.757010905,113.551918912));
#6136=CARTESIAN_POINT('',(-24.77681308,9.728769736,117.428544681));
#6137=CARTESIAN_POINT('',(-24.764817134,9.758784781,116.962489067));
#6138=CARTESIAN_POINT('',(-24.829821552,9.818823716,116.496548731));
#6139=CARTESIAN_POINT('',(-25.106034716,9.991717161,115.620912801));
#6140=CARTESIAN_POINT('',(-25.317175343,10.104529033,115.211433912));
#6141=CARTESIAN_POINT('',(-25.860168564,10.369363985,114.498406489));
#6142=CARTESIAN_POINT('',(-26.191887057,10.521322144,114.195034753));
#6143=CARTESIAN_POINT('',(-26.935909255,10.846139961,113.73111624));
#6144=CARTESIAN_POINT('',(-27.348028978,11.018920174,113.570685075));
#6145=CARTESIAN_POINT('',(-27.775481313,11.19174263,113.49148646));
#6146=CARTESIAN_POINT('',(-25.12074304,8.80274815,117.343313064));
#6147=CARTESIAN_POINT('',(-25.109413123,8.835113774,116.890488746));
#6148=CARTESIAN_POINT('',(-25.171809319,8.893150916,116.437764793));
#6149=CARTESIAN_POINT('',(-25.436953329,9.053975842,115.584039026));
#6150=CARTESIAN_POINT('',(-25.639642416,9.156728194,115.183226485));
#6151=CARTESIAN_POINT('',(-26.162198265,9.395263757,114.479329583));
#6152=CARTESIAN_POINT('',(-26.481949294,9.530994525,114.176401432));
#6153=CARTESIAN_POINT('',(-27.202021728,9.820004528,113.703098208));
#6154=CARTESIAN_POINT('',(-27.6021836,9.973220274,113.532828439));
#6155=CARTESIAN_POINT('',(-28.019703519,10.126469677,113.438663173));
#6156=CARTESIAN_POINT('',(-25.559372997,7.38400152,117.21174777));
#6157=CARTESIAN_POINT('',(-25.549985169,7.416506881,116.776442462));
#6158=CARTESIAN_POINT('',(-25.609895704,7.468987391,116.341220002));
#6159=CARTESIAN_POINT('',(-25.861994221,7.608366303,115.516847952));
#6160=CARTESIAN_POINT('',(-26.054134234,7.695238234,115.12785527));
#6161=CARTESIAN_POINT('',(-26.550331525,7.894195416,114.437291039));
#6162=CARTESIAN_POINT('',(-26.854294388,8.006242913,114.135850971));
#6163=CARTESIAN_POINT('',(-27.541889952,8.243674937,113.652460723));
#6164=CARTESIAN_POINT('',(-27.925391806,8.369014424,113.470602647));
#6165=CARTESIAN_POINT('',(-28.328372463,8.494377689,113.358181647));
#6166=CARTESIAN_POINT('',(-25.692669187,6.906121588,117.16723495));
#6167=CARTESIAN_POINT('',(-25.684093206,6.938111015,116.737385764));
#6168=CARTESIAN_POINT('',(-25.743419216,6.988314186,116.307614393));
#6169=CARTESIAN_POINT('',(-25.991770247,7.119987203,115.492448606));
#6170=CARTESIAN_POINT('',(-26.180750312,7.201433267,115.107201767));
#6171=CARTESIAN_POINT('',(-26.668875911,7.387174958,114.421022537));
#6172=CARTESIAN_POINT('',(-26.967933093,7.491437051,114.120214396));
#6173=CARTESIAN_POINT('',(-27.645267117,7.712031015,113.634119336));
#6174=CARTESIAN_POINT('',(-28.023421354,7.828323067,113.44892048));
#6175=CARTESIAN_POINT('',(-28.421608428,7.944636112,113.331104254));
#6176=CARTESIAN_POINT('',(-25.933057134,5.940060018,117.081131477));
#6177=CARTESIAN_POINT('',(-25.926206922,5.970064764,116.66128048));
#6178=CARTESIAN_POINT('',(-25.984679899,6.014995197,116.241498589));
#6179=CARTESIAN_POINT('',(-26.226530894,6.130301258,115.443285966));
#6180=CARTESIAN_POINT('',(-26.409869107,6.200657963,115.064986626));
#6181=CARTESIAN_POINT('',(-26.883372867,6.35988241,114.387144623));
#6182=CARTESIAN_POINT('',(-27.173460491,6.448724038,114.087713563));
#6183=CARTESIAN_POINT('',(-27.831829717,6.636159588,113.597235363));
#6184=CARTESIAN_POINT('',(-28.200002967,6.734722775,113.40626902));
#6185=CARTESIAN_POINT('',(-28.589092492,6.833302126,113.27895577));
#6186=CARTESIAN_POINT('',(-26.040263571,5.451048154,117.039490918));
#6187=CARTESIAN_POINT('',(-26.034328774,5.47957991,116.624187244));
#6188=CARTESIAN_POINT('',(-26.092533372,5.521508603,116.208948995));
#6189=CARTESIAN_POINT('',(-26.331629357,5.628137394,115.418492234));
#6190=CARTESIAN_POINT('',(-26.512483077,5.692820743,115.043398253));
#6191=CARTESIAN_POINT('',(-26.979429435,5.838721177,114.369513031));
#6192=CARTESIAN_POINT('',(-27.265448518,5.91991535,114.070827969));
#6193=CARTESIAN_POINT('',(-27.915104257,6.091004435,113.578669412));
#6194=CARTESIAN_POINT('',(-28.278638577,6.180872482,113.385273485));
#6195=CARTESIAN_POINT('',(-28.663418896,6.270754643,113.253853579));
#6196=CARTESIAN_POINT('',(-26.319575726,3.979565913,116.925690068));
#6197=CARTESIAN_POINT('',(-26.316246767,4.002571948,116.522371172));
#6198=CARTESIAN_POINT('',(-26.373921539,4.034700553,116.119108432));
#6199=CARTESIAN_POINT('',(-26.606059434,4.114319029,115.349166889));
#6200=CARTESIAN_POINT('',(-26.780490236,4.161798013,114.982595309));
#6201=CARTESIAN_POINT('',(-27.230302864,4.26784048,114.319409604));
#6202=CARTESIAN_POINT('',(-27.505622092,4.326389493,114.02288789));
#6203=CARTESIAN_POINT('',(-28.132192377,4.449299543,113.526820996));
#6204=CARTESIAN_POINT('',(-28.483356228,4.513643825,113.327345035));
#6205=CARTESIAN_POINT('',(-28.856521326,4.577996877,113.185461844));
#6206=CARTESIAN_POINT('',(-26.450438588,2.989652676,116.864778331));
#6207=CARTESIAN_POINT('',(-26.448642809,3.007498531,116.467269824));
#6208=CARTESIAN_POINT('',(-26.506308872,3.032022966,116.069813581));
#6209=CARTESIAN_POINT('',(-26.735497868,3.092286438,115.3099229));
#6210=CARTESIAN_POINT('',(-26.906990664,3.12801764,114.947588383));
#6211=CARTESIAN_POINT('',(-27.34870725,3.207557582,114.289973677));
#6212=CARTESIAN_POINT('',(-27.618872964,3.251355982,113.994779969));
#6213=CARTESIAN_POINT('',(-28.234085716,3.343183634,113.497555743));
#6214=CARTESIAN_POINT('',(-28.579051865,3.391200949,113.295590627));
#6215=CARTESIAN_POINT('',(-28.946225336,3.439224507,113.149146368));
#6216=CARTESIAN_POINT('',(-26.525412462,1.99060135,116.829438585));
#6217=CARTESIAN_POINT('',(-26.524507943,2.002653943,116.435268468));
#6218=CARTESIAN_POINT('',(-26.582178815,2.019100791,116.04114841));
#6219=CARTESIAN_POINT('',(-26.809691749,2.059362893,115.28703868));
#6220=CARTESIAN_POINT('',(-26.979504915,2.083173034,114.927144788));
#6221=CARTESIAN_POINT('',(-27.416582141,2.13609561,114.27275396));
#6222=CARTESIAN_POINT('',(-27.683790688,2.165201324,113.978340138));
#6223=CARTESIAN_POINT('',(-28.292475546,2.226188473,113.480496821));
#6224=CARTESIAN_POINT('',(-28.633874548,2.258062162,113.277130557));
#6225=CARTESIAN_POINT('',(-28.997591087,2.289939899,113.128099509));
#6226=B_SPLINE_SURFACE_WITH_KNOTS('',3,3,((#5926,#5927,#5928,#5929,#5930,#5931,#5932,#5933,#5934,#5935),(#5936,#5937,#5938,#5939,#5940,#5941,#5942,#5943,#5944,#5945),(#5946,#5947,#5948,#5949,#5950,#5951,#5952,#5953,#5954,#5955),(#5956,#5957,#5958,#5959,#5960,#5961,#5962,#5963,#5964,#5965),(#5966,#5967,#5968,#5969,#5970,#5971,#5972,#5973,#5974,#5975),(#5976,#5977,#5978,#5979,#5980,#5981,#5982,#5983,#5984,#5985),(#5986,#5987,#5988,#5989,#5990,#5991,#5992,#5993,#5994,#5995),(#5996,#5997,#5998,#5999,#6000,#6001,#6002,#6003,#6004,#6005),(#6006,#6007,#6008,#6009,#6010,#6011,#6012,#6013,#6014,#6015),(#6016,#6017,#6018,#6019,#6020,#6021,#6022,#6023,#6024,#6025),(#6026,#6027,#6028,#6029,#6030,#6031,#6032,#6033,#6034,#6035),(#6036,#6037,#6038,#6039,#6040,#6041,#6042,#6043,#6044,#6045),(#6046,#6047,#6048,#6049,#6050,#6051,#6052,#6053,#6054,#6055),(#6056,#6057,#6058,#6059,#6060,#6061,#6062,#6063,#6064,#6065),(#6066,#6067,#6068,#6069,#6070,#6071,#6072,#6073,#6074,#6075),(#6076,#6077,#6078,#6079,#6080,#6081,#6082,#6083,#6084,#6085),(#6086,#6087,#6088,#6089,#6090,#6091,#6092,#6093,#6094,#6095),(#6096,#6097,#6098,#6099,#6100,#6101,#6102,#6103,#6104,#6105),(#6106,#6107,#6108,#6109,#6110,#6111,#6112,#6113,#6114,#6115),(#6116,#6117,#6118,#6119,#6120,#6121,#6122,#6123,#6124,#6125),(#6126,#6127,#6128,#6129,#6130,#6131,#6132,#6133,#6134,#6135),(#6136,#6137,#6138,#6139,#6140,#6141,#6142,#6143,#6144,#6145),(#6146,#6147,#6148,#6149,#6150,#6151,#6152,#6153,#6154,#6155),(#6156,#6157,#6158,#6159,#6160,#6161,#6162,#6163,#6164,#6165),(#6166,#6167,#6168,#6169,#6170,#6171,#6172,#6173,#6174,#6175),(#6176,#6177,#6178,#6179,#6180,#6181,#6182,#6183,#6184,#6185),
(#6186,#6187,#6188,#6189,#6190,#6191,#6192,#6193,#6194,#6195),(#6196,#6197,#6198,#6199,#6200,#6201,#6202,#6203,#6204,#6205),(#6206,#6207,#6208,#6209,#6210,#6211,#6212,#6213,#6214,#6215),(#6216,#6217,#6218,#6219,#6220,#6221,#6222,#6223,#6224,#6225)),.UNSPECIFIED.,.F.,.F.,.U.,(4,2,2,2,2,2,2,2,2,2,2,2,2,2,4),(4,2,2,2,4),(0.,0.000006675,0.000013351,0.000026702,0.000053404,0.000106808,0.000213616,0.000427232,0.000854463,0.001708926,0.003417852,0.006835705,0.008544631,0.010253557,0.01367141),(0.,0.25,0.5,0.75,1.),.UNSPECIFIED.);
#6227=ORIENTED_EDGE('',*,*,#5677,.T.);
#6228=ORIENTED_EDGE('',*,*,#4389,.F.);
#6229=CARTESIAN_POINT('',(-26.525412398,1.990602206,116.829410593));
#6230=CARTESIAN_POINT('',(-26.524204152,2.006746172,116.360753083));
#6231=CARTESIAN_POINT('',(-26.60569196,2.028335444,115.911829586));
#6232=CARTESIAN_POINT('',(-26.747353314,2.05301187,115.50481128));
#6233=CARTESIAN_POINT('',(-26.889014669,2.077688297,115.097792975));
#6234=CARTESIAN_POINT('',(-27.090124348,2.105405872,114.732368063));
#6235=CARTESIAN_POINT('',(-27.326610928,2.134049317,114.418038514));
#6236=CARTESIAN_POINT('',(-27.563097508,2.162692761,114.103708966));
#6237=CARTESIAN_POINT('',(-27.834377576,2.19223349,113.83994453));
#6238=CARTESIAN_POINT('',(-28.119181335,2.221053848,113.626445122));
#6239=CARTESIAN_POINT('',(-28.403985094,2.249874205,113.412945714));
#6240=CARTESIAN_POINT('',(-28.702006016,2.277966992,113.249173357));
#6241=CARTESIAN_POINT('',(-28.996947908,2.304285633,113.128363025));
#6242=B_SPLINE_CURVE_WITH_KNOTS('',3,(#6229,#6230,#6231,#6232,#6233,#6234,#6235,#6236,#6237,#6238,#6239,#6240,#6241),.UNSPECIFIED.,.F.,.F.,(4,3,3,3,4),(0.,0.25,0.5,0.75,1.),.UNSPECIFIED.);
#6243=EDGE_CURVE('',#881,#4331,#6242,.T.);
#6244=ORIENTED_EDGE('',*,*,#6243,.F.);
#6245=ORIENTED_EDGE('',*,*,#899,.F.);
#6246=EDGE_LOOP('',(#6227,#6228,#6244,#6245));
#6247=FACE_BOUND('',#6246,.T.);
#6248=ADVANCED_FACE('',(#6247),#6226,.F.);
#6249=CARTESIAN_POINT('',(23.035947712,-13.300568145,117.6));
#6250=CARTESIAN_POINT('',(23.035947712,-13.300568145,117.076401224));
#6251=CARTESIAN_POINT('',(23.126107721,-13.352625016,116.553008463));
#6252=CARTESIAN_POINT('',(23.473158263,-13.553006152,115.585524079));
#6253=CARTESIAN_POINT('',(23.729912245,-13.701251576,115.14181312));
#6254=CARTESIAN_POINT('',(24.371178029,-14.071507637,114.40133263));
#6255=CARTESIAN_POINT('',(24.755437519,-14.293372593,114.104854447));
#6256=CARTESIAN_POINT('',(25.593291642,-14.77713545,113.704109293));
#6257=CARTESIAN_POINT('',(26.046556616,-15.03884301,113.6));
#6258=CARTESIAN_POINT('',(26.5,-15.300653581,113.6));
#6259=CARTESIAN_POINT('',(23.036928136,-13.298870099,117.6));
#6260=CARTESIAN_POINT('',(23.036928136,-13.298870099,117.076401224));
#6261=CARTESIAN_POINT('',(23.127091982,-13.350920324,116.553008463));
#6262=CARTESIAN_POINT('',(23.474157294,-13.551275878,115.585524079));
#6263=CARTESIAN_POINT('',(23.730922204,-13.699502376,115.14181312));
#6264=CARTESIAN_POINT('',(24.37221528,-14.069711167,114.40133263));
#6265=CARTESIAN_POINT('',(24.756491125,-14.291547799,114.104854447));
#6266=CARTESIAN_POINT('',(25.594380908,-14.775248894,113.704109293));
#6267=CARTESIAN_POINT('',(26.047665172,-15.036923043,113.6));
#6268=CARTESIAN_POINT('',(26.501127855,-15.29870019,113.6));
#6269=CARTESIAN_POINT('',(23.037908351,-13.297171979,117.599999881));
#6270=CARTESIAN_POINT('',(23.037882566,-13.297216637,117.076457981));
#6271=CARTESIAN_POINT('',(23.128004645,-13.34929341,116.553121982));
#6272=CARTESIAN_POINT('',(23.474963641,-13.549663508,115.585725593));
#6273=CARTESIAN_POINT('',(23.731664103,-13.697878031,115.142045668));
#6274=CARTESIAN_POINT('',(24.372823631,-14.068030921,114.401582441));
#6275=CARTESIAN_POINT('',(24.757030538,-14.289823714,114.105090352));
#6276=CARTESIAN_POINT('',(25.594800804,-14.77341906,113.704264926));
#6277=CARTESIAN_POINT('',(26.048034679,-15.035031422,113.600089227));
#6278=CARTESIAN_POINT('',(26.501467392,-15.296746713,113.599999892));
#6279=CARTESIAN_POINT('',(23.039868362,-13.2937756,117.599999215));
#6280=CARTESIAN_POINT('',(23.039816838,-13.293864882,117.076514199));
#6281=CARTESIAN_POINT('',(23.12990103,-13.34596153,116.553234973));
#6282=CARTESIAN_POINT('',(23.476768545,-13.546320555,115.585926607));
#6283=CARTESIAN_POINT('',(23.733415508,-13.694504166,115.142277732));
#6284=CARTESIAN_POINT('',(24.374468799,-14.064553887,114.401831805));
#6285=CARTESIAN_POINT('',(24.758623117,-14.286274524,114.105325835));
#6286=CARTESIAN_POINT('',(25.596309487,-14.769702387,113.704420185));
#6287=CARTESIAN_POINT('',(26.049512229,-15.03121957,113.600178107));
#6288=CARTESIAN_POINT('',(26.502934221,-15.2928396,113.599999458));
#6289=CARTESIAN_POINT('',(23.040848163,-13.292077332,117.599998858));
#6290=CARTESIAN_POINT('',(23.040783768,-13.292188901,117.076542272));
#6291=CARTESIAN_POINT('',(23.130849019,-13.344295469,116.553291416));
#6292=CARTESIAN_POINT('',(23.477670804,-13.544648932,115.58602703));
#6293=CARTESIAN_POINT('',(23.734291027,-13.692817083,115.142393665));
#6294=CARTESIAN_POINT('',(24.375291216,-14.062815221,114.401956368));
#6295=CARTESIAN_POINT('',(24.759419249,-14.284499788,114.105443451));
#6296=CARTESIAN_POINT('',(25.597063681,-14.767843931,113.704497688));
#6297=CARTESIAN_POINT('',(26.050250859,-15.029313539,113.600222427));
#6298=CARTESIAN_POINT('',(26.503667487,-15.290885953,113.599999133));
#6299=CARTESIAN_POINT('',(23.043786927,-13.286982331,117.59999686));
#6300=CARTESIAN_POINT('',(23.043684007,-13.287160761,117.07662561));
#6301=CARTESIAN_POINT('',(23.133692502,-13.339297082,116.553459922));
#6302=CARTESIAN_POINT('',(23.480377187,-13.539633856,115.586327599));
#6303=CARTESIAN_POINT('',(23.736917208,-13.687755621,115.142740829));
#6304=CARTESIAN_POINT('',(24.377758084,-14.057599006,114.402329542));
#6305=CARTESIAN_POINT('',(24.761807232,-14.279175359,114.10579584));
#6306=CARTESIAN_POINT('',(25.599325755,-14.762268341,113.704729829));
#6307=CARTESIAN_POINT('',(26.052466172,-15.023595222,113.600355049));
#6308=CARTESIAN_POINT('',(26.505866629,-15.285024787,113.599997833));
#6309=CARTESIAN_POINT('',(23.045745282,-13.283585351,117.599995432));
#6310=CARTESIAN_POINT('',(23.045616675,-13.283808257,117.076681022));
#6311=CARTESIAN_POINT('',(23.135587345,-13.335964338,116.553572048));
#6312=CARTESIAN_POINT('',(23.482180675,-13.536289888,115.586527641));
#6313=CARTESIAN_POINT('',(23.738667261,-13.68438071,115.142971876));
#6314=CARTESIAN_POINT('',(24.379401994,-14.054120933,114.402577846));
#6315=CARTESIAN_POINT('',(24.763398587,-14.275625174,114.106030263));
#6316=CARTESIAN_POINT('',(25.600833213,-14.758550802,113.704884087));
#6317=CARTESIAN_POINT('',(26.053942466,-15.019782591,113.600442985));
#6318=CARTESIAN_POINT('',(26.507332129,-15.281116983,113.599996534));
#6319=CARTESIAN_POINT('',(23.051617801,-13.273393623,117.59998745));
#6320=CARTESIAN_POINT('',(23.051412473,-13.273749951,117.076843745));
#6321=CARTESIAN_POINT('',(23.141269938,-13.325965297,116.553905142));
#6322=CARTESIAN_POINT('',(23.487589555,-13.526257152,115.587124977));
#6323=CARTESIAN_POINT('',(23.743915917,-13.674255128,115.143662485));
#6324=CARTESIAN_POINT('',(24.384332198,-14.043685849,114.403320707));
#6325=CARTESIAN_POINT('',(24.76817101,-14.264973741,114.106731706));
#6326=CARTESIAN_POINT('',(25.605353564,-14.747397295,113.705345384));
#6327=CARTESIAN_POINT('',(26.058369049,-15.008343801,113.600705444));
#6328=CARTESIAN_POINT('',(26.511726008,-15.269392664,113.599991343));
#6329=CARTESIAN_POINT('',(23.055529531,-13.266597887,117.599981736));
#6330=CARTESIAN_POINT('',(23.055273045,-13.267042773,117.076951633));
#6331=CARTESIAN_POINT('',(23.145055086,-13.319297327,116.554126353));
#6332=CARTESIAN_POINT('',(23.491192406,-13.519566334,115.587521853));
#6333=CARTESIAN_POINT('',(23.747412084,-13.667502331,115.144121308));
#6334=CARTESIAN_POINT('',(24.387616326,-14.03672675,114.403814033));
#6335=CARTESIAN_POINT('',(24.771350086,-14.257870526,114.107197325));
#6336=CARTESIAN_POINT('',(25.608364762,-14.739959716,113.705650908));
#6337=CARTESIAN_POINT('',(26.061317772,-15.000716267,113.600878507));
#6338=CARTESIAN_POINT('',(26.514652874,-15.261575016,113.599986155));
#6339=CARTESIAN_POINT('',(23.06725454,-13.246207529,117.599949879));
#6340=CARTESIAN_POINT('',(23.066845932,-13.246918054,117.077261321));
#6341=CARTESIAN_POINT('',(23.156402776,-13.299290176,116.554776918));
#6342=CARTESIAN_POINT('',(23.501994615,-13.499490532,115.588701358));
#6343=CARTESIAN_POINT('',(23.757894572,-13.647240538,115.145487683));
#6344=CARTESIAN_POINT('',(24.397462596,-14.015845968,114.405285842));
#6345=CARTESIAN_POINT('',(24.780880758,-14.236557362,114.108586901));
#6346=CARTESIAN_POINT('',(25.617390276,-14.7176434,113.706561598));
#6347=CARTESIAN_POINT('',(26.070154775,-14.977830065,113.601392323));
#6348=CARTESIAN_POINT('',(26.523423027,-15.238118438,113.59996544));
#6349=CARTESIAN_POINT('',(23.075058089,-13.232608961,117.599927001));
#6350=CARTESIAN_POINT('',(23.074548026,-13.233495034,117.077465345));
#6351=CARTESIAN_POINT('',(23.163954932,-13.285944338,116.555207174));
#6352=CARTESIAN_POINT('',(23.509183828,-13.486097401,115.589482287));
#6353=CARTESIAN_POINT('',(23.764871155,-13.633723088,115.146392267));
#6354=CARTESIAN_POINT('',(24.404016079,-14.001915993,114.406259411));
#6355=CARTESIAN_POINT('',(24.787224368,-14.222339591,114.109505275));
#6356=CARTESIAN_POINT('',(25.623397783,-14.702758251,113.707160734));
#6357=CARTESIAN_POINT('',(26.076036748,-14.962565918,113.601727269));
#6358=CARTESIAN_POINT('',(26.529260212,-15.222474982,113.599944758));
#6359=CARTESIAN_POINT('',(23.09842806,-13.191800637,117.599800149));
#6360=CARTESIAN_POINT('',(23.097618994,-13.193213184,117.078022089));
#6361=CARTESIAN_POINT('',(23.186580343,-13.245893781,116.55644619));
#6362=CARTESIAN_POINT('',(23.530726012,-13.445904501,115.591780966));
#6363=CARTESIAN_POINT('',(23.785776793,-13.593157013,115.149065969));
#6364=CARTESIAN_POINT('',(24.423652048,-13.960112007,114.409147661));
#6365=CARTESIAN_POINT('',(24.806229004,-14.179672097,114.112231467));
#6366=CARTESIAN_POINT('',(25.641388107,-14.658088433,113.708934781));
#6367=CARTESIAN_POINT('',(26.093646181,-14.916759037,113.602710783));
#6368=CARTESIAN_POINT('',(26.546730227,-15.175530067,113.599862316));
#6369=CARTESIAN_POINT('',(23.113954409,-13.16457721,117.599661756));
#6370=CARTESIAN_POINT('',(23.112950717,-13.166338523,117.078340934));
#6371=CARTESIAN_POINT('',(23.201619066,-13.219171491,116.557221701));
#6372=CARTESIAN_POINT('',(23.545048512,-13.419084863,115.593267107));
#6373=CARTESIAN_POINT('',(23.79967681,-13.566087961,115.150804497));
#6374=CARTESIAN_POINT('',(24.436706687,-13.932217564,114.411034233));
#6375=CARTESIAN_POINT('',(24.818861935,-14.151202491,114.114012642));
#6376=CARTESIAN_POINT('',(25.653340389,-14.628285636,113.71008618));
#6377=CARTESIAN_POINT('',(26.105340914,-14.886199374,113.603337505));
#6378=CARTESIAN_POINT('',(26.558327226,-15.144212881,113.599780201));
#6379=CARTESIAN_POINT('',(23.160374735,-13.082850164,117.599159008));
#6380=CARTESIAN_POINT('',(23.15879373,-13.085645214,117.079207206));
#6381=CARTESIAN_POINT('',(23.246590085,-13.138925417,116.559454372));
#6382=CARTESIAN_POINT('',(23.587883766,-13.338533984,115.59762588));
#6383=CARTESIAN_POINT('',(23.841250494,-13.484785965,115.155918281));
#6384=CARTESIAN_POINT('',(24.475752195,-13.848440027,114.416591632));
#6385=CARTESIAN_POINT('',(24.856644369,-14.065702954,114.1192555));
#6386=CARTESIAN_POINT('',(25.68907865,-14.538797338,113.713447294));
#6387=CARTESIAN_POINT('',(26.140302215,-14.794447764,113.605130514));
#6388=CARTESIAN_POINT('',(26.592987135,-15.050196053,113.599453891));
#6389=CARTESIAN_POINT('',(23.19110879,-13.028291881,117.598659338));
#6390=CARTESIAN_POINT('',(23.18915658,-13.031763306,117.079621344));
#6391=CARTESIAN_POINT('',(23.276384251,-13.085331455,116.560780587));
#6392=CARTESIAN_POINT('',(23.616274419,-13.284723442,115.600373853));
#6393=CARTESIAN_POINT('',(23.868807757,-13.430471511,115.159172837));
#6394=CARTESIAN_POINT('',(24.501631485,-13.792475401,114.420151517));
#6395=CARTESIAN_POINT('',(24.881681398,-14.008593662,114.122612048));
#6396=CARTESIAN_POINT('',(25.71274273,-14.479039429,113.715564385));
#6397=CARTESIAN_POINT('',(26.163438339,-14.733188167,113.606210876));
#6398=CARTESIAN_POINT('',(26.61590745,-14.987433518,113.599129841));
#6399=CARTESIAN_POINT('',(23.282675315,-12.864396415,117.596684936));
#6400=CARTESIAN_POINT('',(23.279649063,-12.869858817,117.080390681));
#6401=CARTESIAN_POINT('',(23.365207449,-12.924260415,116.564288532));
#6402=CARTESIAN_POINT('',(23.700946608,-13.122962889,115.60815827));
#6403=CARTESIAN_POINT('',(23.951002464,-13.267189828,115.168485924));
#6404=CARTESIAN_POINT('',(24.578815151,-13.624243781,114.430408225));
#6405=CARTESIAN_POINT('',(24.956338384,-13.836937949,114.132277513));
#6406=CARTESIAN_POINT('',(25.783252686,-14.299469198,113.721556687));
#6407=CARTESIAN_POINT('',(26.232336068,-14.549134197,113.609119417));
#6408=CARTESIAN_POINT('',(26.684114885,-14.798892117,113.59785137));
#6409=CARTESIAN_POINT('',(23.342872195,-12.754838623,117.594734916));
#6410=CARTESIAN_POINT('',(23.339182667,-12.761577478,117.080272899));
#6411=CARTESIAN_POINT('',(23.423677207,-12.816494186,116.565999643));
#6412=CARTESIAN_POINT('',(23.75672839,-13.014683945,115.612735276));
#6413=CARTESIAN_POINT('',(24.00516284,-13.157884277,115.17409393));
#6414=CARTESIAN_POINT('',(24.62966534,-13.511639043,114.436682159));
#6415=CARTESIAN_POINT('',(25.005504258,-13.722063693,114.138182307));
#6416=CARTESIAN_POINT('',(25.829616309,-14.179360383,113.725073));
#6417=CARTESIAN_POINT('',(26.277587066,-14.426064655,113.610615137));
#6418=CARTESIAN_POINT('',(26.728848547,-14.672859468,113.596590734));
#6419=CARTESIAN_POINT('',(23.520941597,-12.425283448,117.587124592));
#6420=CARTESIAN_POINT('',(23.515409282,-12.435700964,117.078160483));
#6421=CARTESIAN_POINT('',(23.596850214,-12.492043535,116.569375324));
#6422=CARTESIAN_POINT('',(23.922064237,-12.688539032,115.624739113));
#6423=CARTESIAN_POINT('',(24.165723012,-12.828622868,115.189220203));
#6424=CARTESIAN_POINT('',(24.780389982,-13.172482443,114.453907936));
#6425=CARTESIAN_POINT('',(25.151182082,-13.376137324,114.154373151));
#6426=CARTESIAN_POINT('',(25.96679287,-13.817852788,113.734279419));
#6427=CARTESIAN_POINT('',(26.411324789,-14.05575814,113.613868254));
#6428=CARTESIAN_POINT('',(26.860876963,-14.293747124,113.591685706));
#6429=CARTESIAN_POINT('',(23.636293558,-12.204404452,117.57970544));
#6430=CARTESIAN_POINT('',(23.629728631,-12.217073397,117.074408028));
#6431=CARTESIAN_POINT('',(23.709317606,-12.274207199,116.569283325));
#6432=CARTESIAN_POINT('',(24.029609055,-12.46936498,115.630439593));
#6433=CARTESIAN_POINT('',(24.270202075,-12.607322257,115.197041466));
#6434=CARTESIAN_POINT('',(24.878438767,-12.944588217,114.463264451));
#6435=CARTESIAN_POINT('',(25.245874562,-13.143781664,114.163136399));
#6436=CARTESIAN_POINT('',(26.055692007,-13.575272987,113.738627977));
#6437=CARTESIAN_POINT('',(26.497796864,-13.807423446,113.61439277));
#6438=CARTESIAN_POINT('',(26.945999862,-14.039653242,113.586919609));
#6439=CARTESIAN_POINT('',(23.972410809,-11.538239244,117.551483353));
#6440=CARTESIAN_POINT('',(23.963251171,-11.557077844,117.057132366));
#6441=CARTESIAN_POINT('',(24.03776724,-11.616126168,116.56293625));
#6442=CARTESIAN_POINT('',(24.344112546,-11.806672405,115.641486768));
#6443=CARTESIAN_POINT('',(24.575845901,-11.938110628,115.214522112));
#6444=CARTESIAN_POINT('',(25.165198784,-12.255604644,114.48568885));
#6445=CARTESIAN_POINT('',(25.522633753,-12.441561131,114.184048713));
#6446=CARTESIAN_POINT('',(26.314832801,-12.842843886,113.747013012));
#6447=CARTESIAN_POINT('',(26.749348701,-13.058044708,113.611754642));
#6448=CARTESIAN_POINT('',(27.192985241,-13.273312815,113.568892346));
#6449=CARTESIAN_POINT('',(24.183247271,-11.089427766,117.524731515));
#6450=CARTESIAN_POINT('',(24.173026542,-11.111599096,117.037604689));
#6451=CARTESIAN_POINT('',(24.244802796,-11.171311086,116.55062202));
#6452=CARTESIAN_POINT('',(24.542943813,-11.35798471,115.640788193));
#6453=CARTESIAN_POINT('',(24.769220391,-11.484891132,115.218206317));
#6454=CARTESIAN_POINT('',(25.346527319,-11.789216077,114.493119062));
#6455=CARTESIAN_POINT('',(25.697386872,-11.96654468,114.190828366));
#6456=CARTESIAN_POINT('',(26.477525375,-12.348307539,113.746399846));
#6457=CARTESIAN_POINT('',(26.906573465,-12.552629033,113.604393751));
#6458=CARTESIAN_POINT('',(27.346475437,-12.75701089,113.551918912));
#6459=CARTESIAN_POINT('',(24.776813089,-9.728769714,117.428544679));
#6460=CARTESIAN_POINT('',(24.764817144,-9.758784759,116.962489065));
#6461=CARTESIAN_POINT('',(24.829821561,-9.818823694,116.49654873));
#6462=CARTESIAN_POINT('',(25.106034725,-9.991717139,115.620912801));
#6463=CARTESIAN_POINT('',(25.317175351,-10.10452901,115.211433912));
#6464=CARTESIAN_POINT('',(25.860168572,-10.369363962,114.498406489));
#6465=CARTESIAN_POINT('',(26.191887064,-10.52132212,114.195034753));
#6466=CARTESIAN_POINT('',(26.935909262,-10.846139936,113.73111624));
#6467=CARTESIAN_POINT('',(27.348028985,-11.018920148,113.570685074));
#6468=CARTESIAN_POINT('',(27.77548132,-11.191742604,113.491486459));
#6469=CARTESIAN_POINT('',(25.12074305,-8.802748122,117.343313062));
#6470=CARTESIAN_POINT('',(25.109413133,-8.835113746,116.890488744));
#6471=CARTESIAN_POINT('',(25.171809329,-8.893150888,116.437764791));
#6472=CARTESIAN_POINT('',(25.436953339,-9.053975813,115.584039025));
#6473=CARTESIAN_POINT('',(25.639642426,-9.156728165,115.183226484));
#6474=CARTESIAN_POINT('',(26.162198274,-9.395263727,114.479329582));
#6475=CARTESIAN_POINT('',(26.481949302,-9.530994495,114.176401431));
#6476=CARTESIAN_POINT('',(27.202021736,-9.820004496,113.703098207));
#6477=CARTESIAN_POINT('',(27.602183608,-9.973220242,113.532828438));
#6478=CARTESIAN_POINT('',(28.019703527,-10.126469644,113.438663171));
#6479=CARTESIAN_POINT('',(25.559373008,-7.384001482,117.211747766));
#6480=CARTESIAN_POINT('',(25.54998518,-7.416506843,116.776442459));
#6481=CARTESIAN_POINT('',(25.609895715,-7.468987353,116.34122));
#6482=CARTESIAN_POINT('',(25.861994232,-7.608366264,115.51684795));
#6483=CARTESIAN_POINT('',(26.054134244,-7.695238194,115.127855268));
#6484=CARTESIAN_POINT('',(26.550331535,-7.894195376,114.437291038));
#6485=CARTESIAN_POINT('',(26.854294398,-8.006242872,114.13585097));
#6486=CARTESIAN_POINT('',(27.541889961,-8.243674895,113.652460721));
#6487=CARTESIAN_POINT('',(27.925391814,-8.369014381,113.470602645));
#6488=CARTESIAN_POINT('',(28.328372471,-8.494377645,113.358181645));
#6489=CARTESIAN_POINT('',(25.692669198,-6.906121547,117.167234947));
#6490=CARTESIAN_POINT('',(25.684093218,-6.938110974,116.737385761));
#6491=CARTESIAN_POINT('',(25.743419227,-6.988314145,116.307614391));
#6492=CARTESIAN_POINT('',(25.991770258,-7.119987161,115.492448604));
#6493=CARTESIAN_POINT('',(26.180750322,-7.201433224,115.107201765));
#6494=CARTESIAN_POINT('',(26.668875921,-7.387174914,114.421022535));
#6495=CARTESIAN_POINT('',(26.967933103,-7.491437007,114.120214395));
#6496=CARTESIAN_POINT('',(27.645267126,-7.71203097,113.634119335));
#6497=CARTESIAN_POINT('',(28.023421362,-7.82832302,113.448920478));
#6498=CARTESIAN_POINT('',(28.421608436,-7.944636065,113.331104251));
#6499=CARTESIAN_POINT('',(25.933057145,-5.94005997,117.081131473));
#6500=CARTESIAN_POINT('',(25.926206933,-5.970064716,116.661280476));
#6501=CARTESIAN_POINT('',(25.98467991,-6.014995149,116.241498586));
#6502=CARTESIAN_POINT('',(26.226530905,-6.130301209,115.443285964));
#6503=CARTESIAN_POINT('',(26.409869117,-6.200657913,115.064986624));
#6504=CARTESIAN_POINT('',(26.883372877,-6.359882359,114.387144621));
#6505=CARTESIAN_POINT('',(27.1734605,-6.448723987,114.087713561));
#6506=CARTESIAN_POINT('',(27.831829725,-6.636159534,113.597235361));
#6507=CARTESIAN_POINT('',(28.200002975,-6.734722721,113.406269018));
#6508=CARTESIAN_POINT('',(28.589092499,-6.833302071,113.278955768));
#6509=CARTESIAN_POINT('',(26.040263581,-5.451048103,117.039490914));
#6510=CARTESIAN_POINT('',(26.034328785,-5.479579859,116.62418724));
#6511=CARTESIAN_POINT('',(26.092533383,-5.521508552,116.208948991));
#6512=CARTESIAN_POINT('',(26.331629367,-5.628137342,115.418492232));
#6513=CARTESIAN_POINT('',(26.512483088,-5.69282069,115.043398251));
#6514=CARTESIAN_POINT('',(26.979429445,-5.838721122,114.369513029));
#6515=CARTESIAN_POINT('',(27.265448527,-5.919915294,114.070827968));
#6516=CARTESIAN_POINT('',(27.915104265,-6.091004378,113.57866941));
#6517=CARTESIAN_POINT('',(28.278638585,-6.180872424,113.385273483));
#6518=CARTESIAN_POINT('',(28.663418903,-6.270754584,113.253853576));
#6519=CARTESIAN_POINT('',(26.319575735,-3.979565852,116.925690064));
#6520=CARTESIAN_POINT('',(26.316246777,-4.002571887,116.522371168));
#6521=CARTESIAN_POINT('',(26.373921549,-4.034700492,116.119108428));
#6522=CARTESIAN_POINT('',(26.606059443,-4.114318967,115.349166887));
#6523=CARTESIAN_POINT('',(26.780490245,-4.16179795,114.982595307));
#6524=CARTESIAN_POINT('',(27.230302873,-4.267840415,114.319409602));
#6525=CARTESIAN_POINT('',(27.5056221,-4.326389428,114.022887889));
#6526=CARTESIAN_POINT('',(28.132192384,-4.449299476,113.526820994));
#6527=CARTESIAN_POINT('',(28.483356235,-4.513643757,113.327345033));
#6528=CARTESIAN_POINT('',(28.856521332,-4.577996808,113.185461841));
#6529=CARTESIAN_POINT('',(26.450438596,-2.989652608,116.864778327));
#6530=CARTESIAN_POINT('',(26.448642817,-3.007498463,116.467269821));
#6531=CARTESIAN_POINT('',(26.50630888,-3.032022897,116.069813578));
#6532=CARTESIAN_POINT('',(26.735497876,-3.092286368,115.309922898));
#6533=CARTESIAN_POINT('',(26.906990671,-3.128017569,114.947588381));
#6534=CARTESIAN_POINT('',(27.348707258,-3.20755751,114.289973676));
#6535=CARTESIAN_POINT('',(27.618872971,-3.251355908,113.994779968));
#6536=CARTESIAN_POINT('',(28.234085722,-3.343183558,113.497555741));
#6537=CARTESIAN_POINT('',(28.579051871,-3.391200872,113.295590625));
#6538=CARTESIAN_POINT('',(28.946225341,-3.439224429,113.149146366));
#6539=CARTESIAN_POINT('',(26.525412467,-1.990601276,116.829438582));
#6540=CARTESIAN_POINT('',(26.524507949,-2.002653869,116.435268466));
#6541=CARTESIAN_POINT('',(26.58217882,-2.019100716,116.041148408));
#6542=CARTESIAN_POINT('',(26.809691754,-2.059362817,115.287038679));
#6543=CARTESIAN_POINT('',(26.97950492,-2.083172957,114.927144786));
#6544=CARTESIAN_POINT('',(27.416582146,-2.136095531,114.272753959));
#6545=CARTESIAN_POINT('',(27.683790693,-2.165201244,113.978340137));
#6546=CARTESIAN_POINT('',(28.29247555,-2.226188391,113.48049682));
#6547=CARTESIAN_POINT('',(28.633874552,-2.258062078,113.277130555));
#6548=CARTESIAN_POINT('',(28.997591091,-2.289939814,113.128099507));
#6549=B_SPLINE_SURFACE_WITH_KNOTS('',3,3,((#6249,#6250,#6251,#6252,#6253,#6254,#6255,#6256,#6257,#6258),(#6259,#6260,#6261,#6262,#6263,#6264,#6265,#6266,#6267,#6268),(#6269,#6270,#6271,#6272,#6273,#6274,#6275,#6276,#6277,#6278),(#6279,#6280,#6281,#6282,#6283,#6284,#6285,#6286,#6287,#6288),(#6289,#6290,#6291,#6292,#6293,#6294,#6295,#6296,#6297,#6298),(#6299,#6300,#6301,#6302,#6303,#6304,#6305,#6306,#6307,#6308),(#6309,#6310,#6311,#6312,#6313,#6314,#6315,#6316,#6317,#6318),(#6319,#6320,#6321,#6322,#6323,#6324,#6325,#6326,#6327,#6328),(#6329,#6330,#6331,#6332,#6333,#6334,#6335,#6336,#6337,#6338),(#6339,#6340,#6341,#6342,#6343,#6344,#6345,#6346,#6347,#6348),(#6349,#6350,#6351,#6352,#6353,#6354,#6355,#6356,#6357,#6358),(#6359,#6360,#6361,#6362,#6363,#6364,#6365,#6366,#6367,#6368),(#6369,#6370,#6371,#6372,#6373,#6374,#6375,#6376,#6377,#6378),(#6379,#6380,#6381,#6382,#6383,#6384,#6385,#6386,#6387,#6388),(#6389,#6390,#6391,#6392,#6393,#6394,#6395,#6396,#6397,#6398),(#6399,#6400,#6401,#6402,#6403,#6404,#6405,#6406,#6407,#6408),(#6409,#6410,#6411,#6412,#6413,#6414,#6415,#6416,#6417,#6418),(#6419,#6420,#6421,#6422,#6423,#6424,#6425,#6426,#6427,#6428),(#6429,#6430,#6431,#6432,#6433,#6434,#6435,#6436,#6437,#6438),(#6439,#6440,#6441,#6442,#6443,#6444,#6445,#6446,#6447,#6448),(#6449,#6450,#6451,#6452,#6453,#6454,#6455,#6456,#6457,#6458),(#6459,#6460,#6461,#6462,#6463,#6464,#6465,#6466,#6467,#6468),(#6469,#6470,#6471,#6472,#6473,#6474,#6475,#6476,#6477,#6478),(#6479,#6480,#6481,#6482,#6483,#6484,#6485,#6486,#6487,#6488),(#6489,#6490,#6491,#6492,#6493,#6494,#6495,#6496,#6497,#6498),(#6499,#6500,#6501,#6502,#6503,#6504,#6505,#6506,#6507,#6508),
(#6509,#6510,#6511,#6512,#6513,#6514,#6515,#6516,#6517,#6518),(#6519,#6520,#6521,#6522,#6523,#6524,#6525,#6526,#6527,#6528),(#6529,#6530,#6531,#6532,#6533,#6534,#6535,#6536,#6537,#6538),(#6539,#6540,#6541,#6542,#6543,#6544,#6545,#6546,#6547,#6548)),.UNSPECIFIED.,.F.,.F.,.U.,(4,2,2,2,2,2,2,2,2,2,2,2,2,2,4),(4,2,2,2,4),(-0.,0.000006675,0.000013351,0.000026702,0.000053404,0.000106808,0.000213616,0.000427232,0.000854463,0.001708926,0.003417853,0.006835705,0.008544631,0.010253558,0.01367141),(0.,0.25,0.5,0.75,1.),.UNSPECIFIED.);
#6550=ORIENTED_EDGE('',*,*,#5920,.T.);
#6551=ORIENTED_EDGE('',*,*,#569,.F.);
#6552=CARTESIAN_POINT('',(26.5,-15.300653581,117.6));
#6553=DIRECTION('',(0.500021359,0.866013072,-0.));
#6554=DIRECTION('',(0.866013072,-0.500021359,0.));
#6555=AXIS2_PLACEMENT_3D('',#6552,#6553,#6554);
#6556=CIRCLE('',#6555,4.);
#6557=EDGE_CURVE('',#4112,#542,#6556,.T.);
#6558=ORIENTED_EDGE('',*,*,#6557,.F.);
#6559=ORIENTED_EDGE('',*,*,#4855,.F.);
#6560=EDGE_LOOP('',(#6550,#6551,#6558,#6559));
#6561=FACE_BOUND('',#6560,.T.);
#6562=ADVANCED_FACE('',(#6561),#6549,.F.);
#6563=CARTESIAN_POINT('',(-26.525407871,1.990662527,116.829413573));
#6564=CARTESIAN_POINT('',(-26.52438865,2.004242388,116.435195648));
#6565=CARTESIAN_POINT('',(-26.581974054,2.022218638,116.041027829));
#6566=CARTESIAN_POINT('',(-26.809379473,2.065410998,115.286843441));
#6567=CARTESIAN_POINT('',(-26.979170577,2.090621616,114.926922755));
#6568=CARTESIAN_POINT('',(-27.416261802,2.146093858,114.272516928));
#6569=CARTESIAN_POINT('',(-27.683506353,2.176348428,113.978114983));
#6570=CARTESIAN_POINT('',(-28.292306835,2.239280861,113.480345581));
#6571=CARTESIAN_POINT('',(-28.633785366,2.271950723,113.277041408));
#6572=CARTESIAN_POINT('',(-28.997592507,2.304413103,113.128099197));
#6573=CARTESIAN_POINT('',(-26.528514102,1.949272253,116.827764133));
#6574=CARTESIAN_POINT('',(-26.527535308,1.962597387,116.433689426));
#6575=CARTESIAN_POINT('',(-26.585122506,1.980224084,116.039664729));
#6576=CARTESIAN_POINT('',(-26.812457881,2.022559066,115.285728129));
#6577=CARTESIAN_POINT('',(-26.982177199,2.047261977,114.925911929));
#6578=CARTESIAN_POINT('',(-27.419068684,2.101606282,114.271643576));
#6579=CARTESIAN_POINT('',(-27.686185392,2.131240778,113.977274476));
#6580=CARTESIAN_POINT('',(-28.29470285,2.192876404,113.479476791));
#6581=CARTESIAN_POINT('',(-28.636026355,2.22486971,113.276111396));
#6582=CARTESIAN_POINT('',(-28.999682871,2.256657678,113.127056849));
#6583=CARTESIAN_POINT('',(-26.531523279,1.907877086,116.82616706));
#6584=CARTESIAN_POINT('',(-26.53058948,1.920868996,116.432233393));
#6585=CARTESIAN_POINT('',(-26.588182776,1.938067857,116.038349653));
#6586=CARTESIAN_POINT('',(-26.81545581,1.979396004,115.284656724));
#6587=CARTESIAN_POINT('',(-26.985106743,2.003520052,114.924943061));
#6588=CARTESIAN_POINT('',(-27.421804088,2.056607294,114.270808675));
#6589=CARTESIAN_POINT('',(-27.688795151,2.085563761,113.976470859));
#6590=CARTESIAN_POINT('',(-28.297032575,2.145804765,113.478642286));
#6591=CARTESIAN_POINT('',(-28.638201846,2.177081668,113.275214626));
#6592=CARTESIAN_POINT('',(-29.001707786,2.208166088,113.126046988));
#6593=CARTESIAN_POINT('',(-26.537347591,1.825076792,116.823080174));
#6594=CARTESIAN_POINT('',(-26.536494784,1.837483441,116.429417252));
#6595=CARTESIAN_POINT('',(-26.594095293,1.85390851,116.035804077));
#6596=CARTESIAN_POINT('',(-26.821241774,1.893380808,115.28257934));
#6597=CARTESIAN_POINT('',(-26.990759042,1.91642305,114.923062966));
#6598=CARTESIAN_POINT('',(-27.427081016,1.967135113,114.269187554));
#6599=CARTESIAN_POINT('',(-27.693830583,1.994798524,113.974911148));
#6600=CARTESIAN_POINT('',(-28.301531589,2.052357484,113.477027131));
#6601=CARTESIAN_POINT('',(-28.642406232,2.082245757,113.273482439));
#6602=CARTESIAN_POINT('',(-29.005625153,2.1119557,113.124100776));
#6603=CARTESIAN_POINT('',(-26.540162724,1.78367171,116.821589949));
#6604=CARTESIAN_POINT('',(-26.539348932,1.795786631,116.428057851));
#6605=CARTESIAN_POINT('',(-26.596952828,1.811826002,116.034575406));
#6606=CARTESIAN_POINT('',(-26.824038015,1.850373155,115.281576925));
#6607=CARTESIAN_POINT('',(-26.99349065,1.872876072,114.922155911));
#6608=CARTESIAN_POINT('',(-27.429631187,1.922403792,114.268405764));
#6609=CARTESIAN_POINT('',(-27.696264051,1.949422343,113.97415913));
#6610=CARTESIAN_POINT('',(-28.303705837,2.005643376,113.476248602));
#6611=CARTESIAN_POINT('',(-28.644438104,2.034838762,113.27264754));
#6612=CARTESIAN_POINT('',(-29.007518304,2.063862613,113.123162673));
#6613=CARTESIAN_POINT('',(-26.548317121,1.659441704,116.817276156));
#6614=CARTESIAN_POINT('',(-26.547616186,1.670684021,116.424123016));
#6615=CARTESIAN_POINT('',(-26.605229788,1.685569703,116.031019279));
#6616=CARTESIAN_POINT('',(-26.832137326,1.721349277,115.278676366));
#6617=CARTESIAN_POINT('',(-27.001402745,1.742238673,114.919531741));
#6618=CARTESIAN_POINT('',(-27.437017783,1.788222504,114.26614499));
#6619=CARTESIAN_POINT('',(-27.703312656,1.813311161,113.971984977));
#6620=CARTESIAN_POINT('',(-28.310003644,1.865527111,113.473998652));
#6621=CARTESIAN_POINT('',(-28.650323513,1.892647842,113.270234924));
#6622=CARTESIAN_POINT('',(-29.013001824,1.919616637,113.120451816));
#6623=CARTESIAN_POINT('',(-26.553365391,1.576601985,116.814611712));
#6624=CARTESIAN_POINT('',(-26.552733889,1.587265984,116.421693042));
#6625=CARTESIAN_POINT('',(-26.610353182,1.601387059,116.028823607));
#6626=CARTESIAN_POINT('',(-26.837150352,1.635332024,115.276886415));
#6627=CARTESIAN_POINT('',(-27.006299798,1.65515166,114.917912917));
#6628=CARTESIAN_POINT('',(-27.44158954,1.698785071,114.26475149));
#6629=CARTESIAN_POINT('',(-27.707675269,1.722593377,113.970645438));
#6630=CARTESIAN_POINT('',(-28.313901673,1.772150865,113.472613233));
#6631=CARTESIAN_POINT('',(-28.653966354,1.797893835,113.268749511));
#6632=CARTESIAN_POINT('',(-29.016395901,1.82349689,113.118782639));
#6633=CARTESIAN_POINT('',(-26.56734654,1.328023874,116.807242026));
#6634=CARTESIAN_POINT('',(-26.566906829,1.336962132,116.414972619));
#6635=CARTESIAN_POINT('',(-26.624541568,1.348801385,116.022752019));
#6636=CARTESIAN_POINT('',(-26.851032827,1.377270059,115.271938753));
#6637=CARTESIAN_POINT('',(-27.019861155,1.393895939,114.913439543));
#6638=CARTESIAN_POINT('',(-27.454250346,1.430509887,114.260903515));
#6639=CARTESIAN_POINT('',(-27.719757139,1.450493399,113.96694792));
#6640=CARTESIAN_POINT('',(-28.324697385,1.492105646,113.468791415));
#6641=CARTESIAN_POINT('',(-28.664055538,1.513729204,113.264652512));
#6642=CARTESIAN_POINT('',(-29.025796135,1.535246185,113.114178754));
#6643=CARTESIAN_POINT('',(-26.575115863,1.162226463,116.80316452));
#6644=CARTESIAN_POINT('',(-26.574781601,1.170026451,116.411255457));
#6645=CARTESIAN_POINT('',(-26.632424152,1.180360436,116.019394957));
#6646=CARTESIAN_POINT('',(-26.858744621,1.205214866,115.269205887));
#6647=CARTESIAN_POINT('',(-27.027394479,1.219732232,114.910970331));
#6648=CARTESIAN_POINT('',(-27.461283692,1.25170887,114.258783003));
#6649=CARTESIAN_POINT('',(-27.72646925,1.26916418,113.964912094));
#6650=CARTESIAN_POINT('',(-28.330695787,1.305519766,113.466689823));
#6651=CARTESIAN_POINT('',(-28.669661849,1.324415537,113.262400235));
#6652=CARTESIAN_POINT('',(-29.031019869,1.343223341,113.111647536));
#6653=CARTESIAN_POINT('',(-26.593768485,0.664598845,116.793398667));
#6654=CARTESIAN_POINT('',(-26.593686197,0.669013269,116.402353777));
#6655=CARTESIAN_POINT('',(-26.651346858,0.674867909,116.011356888));
#6656=CARTESIAN_POINT('',(-26.877257103,0.688961186,115.262665322));
#6657=CARTESIAN_POINT('',(-27.045478939,0.697198099,114.905062604));
#6658=CARTESIAN_POINT('',(-27.478169465,0.715354037,114.253713467));
#6659=CARTESIAN_POINT('',(-27.742585009,0.72527084,113.960047052));
#6660=CARTESIAN_POINT('',(-28.34510066,0.74594123,113.461670827));
#6661=CARTESIAN_POINT('',(-28.683126764,0.756692287,113.257022232));
#6662=CARTESIAN_POINT('',(-29.043567383,0.767403393,113.105603325));
#6663=CARTESIAN_POINT('',(-26.599997278,0.332411456,116.790176554));
#6664=CARTESIAN_POINT('',(-26.599997228,0.334606839,116.399418342));
#6665=CARTESIAN_POINT('',(-26.657662987,0.337522582,116.008707976));
#6666=CARTESIAN_POINT('',(-26.88343625,0.344547546,115.26051394));
#6667=CARTESIAN_POINT('',(-27.051516107,0.348655907,114.903121885));
#6668=CARTESIAN_POINT('',(-27.483809634,0.357716009,114.252053421));
#6669=CARTESIAN_POINT('',(-27.74797037,0.362666641,113.958456733));
#6670=CARTESIAN_POINT('',(-28.34991979,0.372989269,113.460034519));
#6671=CARTESIAN_POINT('',(-28.687634766,0.378360002,113.255270024));
#6672=CARTESIAN_POINT('',(-29.047771427,0.383712443,113.103633832));
#6673=CARTESIAN_POINT('',(-26.60000272,-0.331975716,116.790173741));
#6674=CARTESIAN_POINT('',(-26.600002742,-0.334168221,116.399415779));
#6675=CARTESIAN_POINT('',(-26.657668505,-0.337080143,116.008705662));
#6676=CARTESIAN_POINT('',(-26.883441648,-0.344095899,115.260512059));
#6677=CARTESIAN_POINT('',(-27.051521382,-0.348198875,114.903120188));
#6678=CARTESIAN_POINT('',(-27.483814563,-0.357247102,114.252051968));
#6679=CARTESIAN_POINT('',(-27.747975077,-0.362191245,113.95845534));
#6680=CARTESIAN_POINT('',(-28.349924003,-0.372500343,113.460033085));
#6681=CARTESIAN_POINT('',(-28.687638708,-0.377864036,113.255268488));
#6682=CARTESIAN_POINT('',(-29.047775104,-0.38320946,113.103632105));
#6683=CARTESIAN_POINT('',(-26.593782321,-0.664137452,116.793389414));
#6684=CARTESIAN_POINT('',(-26.593700416,-0.668548764,116.402345303));
#6685=CARTESIAN_POINT('',(-26.651361247,-0.674399281,116.011349221));
#6686=CARTESIAN_POINT('',(-26.877271408,-0.688482648,115.262659121));
#6687=CARTESIAN_POINT('',(-27.045492991,-0.696713772,114.905057061));
#6688=CARTESIAN_POINT('',(-27.47818267,-0.714856965,114.253708907));
#6689=CARTESIAN_POINT('',(-27.74259762,-0.724766812,113.960042816));
#6690=CARTESIAN_POINT('',(-28.345111888,-0.74542272,113.461666774));
#6691=CARTESIAN_POINT('',(-28.683137203,-0.756166252,113.257018037));
#6692=CARTESIAN_POINT('',(-29.043577028,-0.766869871,113.105598725));
#6693=CARTESIAN_POINT('',(-26.575124486,-1.162042468,116.803157958));
#6694=CARTESIAN_POINT('',(-26.57479054,-1.169841203,116.411249435));
#6695=CARTESIAN_POINT('',(-26.632433256,-1.180173526,116.019389503));
#6696=CARTESIAN_POINT('',(-26.858753757,-1.205023958,115.269201482));
#6697=CARTESIAN_POINT('',(-27.027403481,-1.219538987,114.910966409));
#6698=CARTESIAN_POINT('',(-27.461292179,-1.251510483,114.258779828));
#6699=CARTESIAN_POINT('',(-27.726477357,-1.268962986,113.964909185));
#6700=CARTESIAN_POINT('',(-28.330702984,-1.305312734,113.466687134));
#6701=CARTESIAN_POINT('',(-28.669668517,-1.324205475,113.262397501));
#6702=CARTESIAN_POINT('',(-29.031025997,-1.343010267,113.111644578));
#6703=CARTESIAN_POINT('',(-26.567352564,-1.327909113,116.807237798));
#6704=CARTESIAN_POINT('',(-26.566913038,-1.336846588,116.414968743));
#6705=CARTESIAN_POINT('',(-26.624547864,-1.348684799,116.02274851));
#6706=CARTESIAN_POINT('',(-26.851039104,-1.377150968,115.271935914));
#6707=CARTESIAN_POINT('',(-27.019867326,-1.393775385,114.913437007));
#6708=CARTESIAN_POINT('',(-27.454256148,-1.430386112,114.260901436));
#6709=CARTESIAN_POINT('',(-27.719762679,-1.450367867,113.966945996));
#6710=CARTESIAN_POINT('',(-28.324702307,-1.491976459,113.46878959));
#6711=CARTESIAN_POINT('',(-28.664060106,-1.51359812,113.264650632));
#6712=CARTESIAN_POINT('',(-29.025800346,-1.535113218,113.114176701));
#6713=CARTESIAN_POINT('',(-26.553368174,-1.576556327,116.814609188));
#6714=CARTESIAN_POINT('',(-26.552736813,-1.587220021,116.42169072));
#6715=CARTESIAN_POINT('',(-26.61035619,-1.601340685,116.028821502));
#6716=CARTESIAN_POINT('',(-26.837153412,-1.635284659,115.276884719));
#6717=CARTESIAN_POINT('',(-27.006302827,-1.655103713,114.917911414));
#6718=CARTESIAN_POINT('',(-27.441592408,-1.69873584,114.264750299));
#6719=CARTESIAN_POINT('',(-27.707678009,-1.722543445,113.970644366));
#6720=CARTESIAN_POINT('',(-28.313904094,-1.772099472,113.472612287));
#6721=CARTESIAN_POINT('',(-28.653968585,-1.797841684,113.268748573));
#6722=CARTESIAN_POINT('',(-29.016397935,-1.823443986,113.118781644));
#6723=CARTESIAN_POINT('',(-26.548318934,-1.659413273,116.817274866));
#6724=CARTESIAN_POINT('',(-26.547618055,-1.670655399,116.424121833));
#6725=CARTESIAN_POINT('',(-26.605231685,-1.685540826,116.031018207));
#6726=CARTESIAN_POINT('',(-26.832139217,-1.721319783,115.278675499));
#6727=CARTESIAN_POINT('',(-27.001404604,-1.742208816,114.919530966));
#6728=CARTESIAN_POINT('',(-27.43701953,-1.788191849,114.266144354));
#6729=CARTESIAN_POINT('',(-27.703314323,-1.81328007,113.971984389));
#6730=CARTESIAN_POINT('',(-28.310005124,-1.865495112,113.473998095));
#6731=CARTESIAN_POINT('',(-28.650324885,-1.892615372,113.27023435));
#6732=CARTESIAN_POINT('',(-29.013003088,-1.919583699,113.12045119));
#6733=CARTESIAN_POINT('',(-26.54016349,-1.783660442,116.821589213));
#6734=CARTESIAN_POINT('',(-26.539349741,-1.795775293,116.428057173));
#6735=CARTESIAN_POINT('',(-26.596953662,-1.811814568,116.034574792));
#6736=CARTESIAN_POINT('',(-26.824038867,-1.850361486,115.28157643));
#6737=CARTESIAN_POINT('',(-26.993491494,-1.872864264,114.922155473));
#6738=CARTESIAN_POINT('',(-27.429631987,-1.922391674,114.268405419));
#6739=CARTESIAN_POINT('',(-27.696264815,-1.949410055,113.974158821));
#6740=CARTESIAN_POINT('',(-28.30370651,-2.005630732,113.476248333));
#6741=CARTESIAN_POINT('',(-28.644438723,-2.034825933,113.272647276));
#6742=CARTESIAN_POINT('',(-29.007518866,-2.063849599,113.123162394));
#6743=CARTESIAN_POINT('',(-26.537348077,-1.825069793,116.823079824));
#6744=CARTESIAN_POINT('',(-26.536495285,-1.837476401,116.429416931));
#6745=CARTESIAN_POINT('',(-26.594095801,-1.853901411,116.035803786));
#6746=CARTESIAN_POINT('',(-26.82124228,-1.893373567,115.282579105));
#6747=CARTESIAN_POINT('',(-26.99075954,-1.916415725,114.923062756));
#6748=CARTESIAN_POINT('',(-27.427081483,-1.967127598,114.269187381));
#6749=CARTESIAN_POINT('',(-27.693831028,-1.994790906,113.974910988));
#6750=CARTESIAN_POINT('',(-28.301531984,-2.052349647,113.47702698));
#6751=CARTESIAN_POINT('',(-28.642406598,-2.082237807,113.273482283));
#6752=CARTESIAN_POINT('',(-29.00562549,-2.111947637,113.124100607));
#6753=CARTESIAN_POINT('',(-26.53152338,-1.907875733,116.826166915));
#6754=CARTESIAN_POINT('',(-26.530589591,-1.920867642,116.432233259));
#6755=CARTESIAN_POINT('',(-26.588182894,-1.938066498,116.038349531));
#6756=CARTESIAN_POINT('',(-26.815455935,-1.979394629,115.284656626));
#6757=CARTESIAN_POINT('',(-26.985106868,-2.003518666,114.924942975));
#6758=CARTESIAN_POINT('',(-27.421804207,-2.056605881,114.270808609));
#6759=CARTESIAN_POINT('',(-27.688795266,-2.085562332,113.976470802));
#6760=CARTESIAN_POINT('',(-28.297032675,-2.145803301,113.478642242));
#6761=CARTESIAN_POINT('',(-28.638201936,-2.177080185,113.275214585));
#6762=CARTESIAN_POINT('',(-29.001707867,-2.208164585,113.126046948));
#6763=CARTESIAN_POINT('',(-26.528514101,-1.949272272,116.827764133));
#6764=CARTESIAN_POINT('',(-26.527535306,-1.962597412,116.433689426));
#6765=CARTESIAN_POINT('',(-26.585122504,-1.980224116,116.039664729));
#6766=CARTESIAN_POINT('',(-26.812457878,-2.022559112,115.285728128));
#6767=CARTESIAN_POINT('',(-26.982177195,-2.04726203,114.925911928));
#6768=CARTESIAN_POINT('',(-27.41906868,-2.101606347,114.271643575));
#6769=CARTESIAN_POINT('',(-27.686185389,-2.131240848,113.977274475));
#6770=CARTESIAN_POINT('',(-28.294702847,-2.192876483,113.479476791));
#6771=CARTESIAN_POINT('',(-28.636026352,-2.224869793,113.276111396));
#6772=CARTESIAN_POINT('',(-28.999682869,-2.256657764,113.127056849));
#6773=CARTESIAN_POINT('',(-26.525407875,-1.990662471,116.829413571));
#6774=CARTESIAN_POINT('',(-26.524388654,-2.004242339,116.435195646));
#6775=CARTESIAN_POINT('',(-26.581974057,-2.022218595,116.041027827));
#6776=CARTESIAN_POINT('',(-26.809379476,-2.065410967,115.286843439));
#6777=CARTESIAN_POINT('',(-26.97917058,-2.090621592,114.926922753));
#6778=CARTESIAN_POINT('',(-27.416261804,-2.146093843,114.272516926));
#6779=CARTESIAN_POINT('',(-27.683506355,-2.176348418,113.978114981));
#6780=CARTESIAN_POINT('',(-28.292306837,-2.239280858,113.48034558));
#6781=CARTESIAN_POINT('',(-28.633785369,-2.271950723,113.277041406));
#6782=CARTESIAN_POINT('',(-28.99759251,-2.304413104,113.128099196));
#6783=B_SPLINE_SURFACE_WITH_KNOTS('',3,3,((#6563,#6564,#6565,#6566,#6567,#6568,#6569,#6570,#6571,#6572),(#6573,#6574,#6575,#6576,#6577,#6578,#6579,#6580,#6581,#6582),(#6583,#6584,#6585,#6586,#6587,#6588,#6589,#6590,#6591,#6592),(#6593,#6594,#6595,#6596,#6597,#6598,#6599,#6600,#6601,#6602),(#6603,#6604,#6605,#6606,#6607,#6608,#6609,#6610,#6611,#6612),(#6613,#6614,#6615,#6616,#6617,#6618,#6619,#6620,#6621,#6622),(#6623,#6624,#6625,#6626,#6627,#6628,#6629,#6630,#6631,#6632),(#6633,#6634,#6635,#6636,#6637,#6638,#6639,#6640,#6641,#6642),(#6643,#6644,#6645,#6646,#6647,#6648,#6649,#6650,#6651,#6652),(#6653,#6654,#6655,#6656,#6657,#6658,#6659,#6660,#6661,#6662),(#6663,#6664,#6665,#6666,#6667,#6668,#6669,#6670,#6671,#6672),(#6673,#6674,#6675,#6676,#6677,#6678,#6679,#6680,#6681,#6682),(#6683,#6684,#6685,#6686,#6687,#6688,#6689,#6690,#6691,#6692),(#6693,#6694,#6695,#6696,#6697,#6698,#6699,#6700,#6701,#6702),(#6703,#6704,#6705,#6706,#6707,#6708,#6709,#6710,#6711,#6712),(#6713,#6714,#6715,#6716,#6717,#6718,#6719,#6720,#6721,#6722),(#6723,#6724,#6725,#6726,#6727,#6728,#6729,#6730,#6731,#6732),(#6733,#6734,#6735,#6736,#6737,#6738,#6739,#6740,#6741,#6742),(#6743,#6744,#6745,#6746,#6747,#6748,#6749,#6750,#6751,#6752),(#6753,#6754,#6755,#6756,#6757,#6758,#6759,#6760,#6761,#6762),(#6763,#6764,#6765,#6766,#6767,#6768,#6769,#6770,#6771,#6772),(#6773,#6774,#6775,#6776,#6777,#6778,#6779,#6780,#6781,#6782)),.UNSPECIFIED.,.F.,.F.,.U.,(4,2,2,2,2,2,2,2,2,2,4),(4,2,2,2,4),(-0.00000007,0.000143165,0.000286399,0.000572868,0.001145806,0.002291681,0.003437556,0.004010494,0.004296963,0.004440197,0.004583432),(0.,0.25,0.5,0.75,1.),.UNSPECIFIED.);
#6784=ORIENTED_EDGE('',*,*,#6243,.T.);
#6785=ORIENTED_EDGE('',*,*,#4505,.F.);
#6786=CARTESIAN_POINT('',(-26.525412407,-1.990602084,116.829411165));
#6787=CARTESIAN_POINT('',(-26.524531425,-2.002340363,116.463037322));
#6788=CARTESIAN_POINT('',(-26.57424749,-2.01833024,116.089499867));
#6789=CARTESIAN_POINT('',(-26.678200009,-2.03831974,115.724060147));
#6790=CARTESIAN_POINT('',(-26.782152528,-2.05830924,115.358620428));
#6791=CARTESIAN_POINT('',(-26.940619144,-2.082314457,115.001418098));
#6792=CARTESIAN_POINT('',(-27.152179633,-2.109651297,114.669710159));
#6793=CARTESIAN_POINT('',(-27.363740122,-2.136988137,114.338002221));
#6794=CARTESIAN_POINT('',(-27.628687423,-2.167670228,114.032041179));
#6795=CARTESIAN_POINT('',(-27.939608951,-2.200564713,113.769428048));
#6796=CARTESIAN_POINT('',(-28.25053048,-2.233459198,113.506814917));
#6797=CARTESIAN_POINT('',(-28.607590059,-2.268568911,113.28784265));
#6798=CARTESIAN_POINT('',(-28.996943982,-2.304343429,113.128364724));
#6799=B_SPLINE_CURVE_WITH_KNOTS('',3,(#6786,#6787,#6788,#6789,#6790,#6791,#6792,#6793,#6794,#6795,#6796,#6797,#6798),.UNSPECIFIED.,.F.,.F.,(4,3,3,3,4),(0.,0.25,0.5,0.75,1.),.UNSPECIFIED.);
#6800=EDGE_CURVE('',#512,#4462,#6799,.T.);
#6801=ORIENTED_EDGE('',*,*,#6800,.F.);
#6802=ORIENTED_EDGE('',*,*,#518,.F.);
#6803=ORIENTED_EDGE('',*,*,#906,.F.);
#6804=EDGE_LOOP('',(#6784,#6785,#6801,#6802,#6803));
#6805=FACE_BOUND('',#6804,.T.);
#6806=ADVANCED_FACE('',(#6805),#6783,.F.);
#6807=CARTESIAN_POINT('',(0.,0.,117.6));
#6808=DIRECTION('',(0.,0.,1.));
#6809=DIRECTION('',(1.,0.,-0.));
#6810=AXIS2_PLACEMENT_3D('',#6807,#6808,#6809);
#6811=TOROIDAL_SURFACE('',#6810,30.6,4.);
#6812=ORIENTED_EDGE('',*,*,#6557,.T.);
#6813=ORIENTED_EDGE('',*,*,#548,.F.);
#6814=CARTESIAN_POINT('',(-26.5,-15.300653581,117.6));
#6815=DIRECTION('',(0.500021359,-0.866013072,-0.));
#6816=DIRECTION('',(-0.866013072,-0.500021359,0.));
#6817=AXIS2_PLACEMENT_3D('',#6814,#6815,#6816);
#6818=CIRCLE('',#6817,4.);
#6819=EDGE_CURVE('',#4120,#521,#6818,.T.);
#6820=ORIENTED_EDGE('',*,*,#6819,.F.);
#6821=ORIENTED_EDGE('',*,*,#4126,.F.);
#6822=EDGE_LOOP('',(#6812,#6813,#6820,#6821));
#6823=FACE_BOUND('',#6822,.T.);
#6824=ADVANCED_FACE('',(#6823),#6811,.F.);
#6825=CARTESIAN_POINT('',(-26.525412458,-1.990601398,116.829438276));
#6826=CARTESIAN_POINT('',(-26.52450797,-2.002653992,116.435268181));
#6827=CARTESIAN_POINT('',(-26.582178865,-2.019100841,116.04114815));
#6828=CARTESIAN_POINT('',(-26.809691832,-2.059362945,115.287038477));
#6829=CARTESIAN_POINT('',(-26.979505008,-2.083173086,114.927144614));
#6830=CARTESIAN_POINT('',(-27.416582239,-2.136095664,114.272753842));
#6831=CARTESIAN_POINT('',(-27.68379078,-2.165201378,113.978340048));
#6832=CARTESIAN_POINT('',(-28.292475617,-2.226188527,113.480496776));
#6833=CARTESIAN_POINT('',(-28.633874603,-2.258062216,113.277130529));
#6834=CARTESIAN_POINT('',(-28.997591123,-2.289939954,113.128099494));
#6835=CARTESIAN_POINT('',(-26.450329083,-2.991111839,116.864829637));
#6836=CARTESIAN_POINT('',(-26.448532034,-3.008966157,116.467316276));
#6837=CARTESIAN_POINT('',(-26.506198114,-3.033502391,116.069855188));
#6838=CARTESIAN_POINT('',(-26.735389591,-3.093795077,115.30995612));
#6839=CARTESIAN_POINT('',(-26.906884848,-3.129543691,114.947618069));
#6840=CARTESIAN_POINT('',(-27.348608215,-3.209122508,114.289998711));
#6841=CARTESIAN_POINT('',(-27.618778243,-3.252942366,113.994803891));
#6842=CARTESIAN_POINT('',(-28.234000508,-3.344815061,113.497580613));
#6843=CARTESIAN_POINT('',(-28.578971851,-3.392855954,113.295617562));
#6844=CARTESIAN_POINT('',(-28.946150351,-3.440903093,113.149177094));
#6845=CARTESIAN_POINT('',(-26.319655957,-3.976683156,116.92559075));
#6846=CARTESIAN_POINT('',(-26.316330546,-3.999666604,116.522277031));
#6847=CARTESIAN_POINT('',(-26.374007314,-4.031767746,116.11901947));
#6848=CARTESIAN_POINT('',(-26.606145992,-4.111323619,115.349087705));
#6849=CARTESIAN_POINT('',(-26.780575579,-4.158767465,114.982520726));
#6850=CARTESIAN_POINT('',(-27.23038265,-4.264734375,114.31934299));
#6851=CARTESIAN_POINT('',(-27.505697532,-4.323242971,114.022824646));
#6852=CARTESIAN_POINT('',(-28.132256313,-4.446069498,113.526762479));
#6853=CARTESIAN_POINT('',(-28.483413005,-4.510370677,113.327287876));
#6854=CARTESIAN_POINT('',(-28.856569857,-4.574680624,113.185404595));
#6855=CARTESIAN_POINT('',(-25.951647129,-5.92033022,117.07566201));
#6856=CARTESIAN_POINT('',(-25.944882815,-5.950635843,116.656554245));
#6857=CARTESIAN_POINT('',(-26.003253382,-5.995698121,116.237514843));
#6858=CARTESIAN_POINT('',(-26.244554183,-6.110950554,115.440545437));
#6859=CARTESIAN_POINT('',(-26.427445058,-6.181122098,115.062745449));
#6860=CARTESIAN_POINT('',(-26.899828006,-6.339731456,114.385460779));
#6861=CARTESIAN_POINT('',(-27.189243055,-6.428143678,114.086086639));
#6862=CARTESIAN_POINT('',(-27.846227857,-6.614587194,113.595162278));
#6863=CARTESIAN_POINT('',(-28.213690481,-6.712588413,113.403692275));
#6864=CARTESIAN_POINT('',(-28.602160776,-6.810605441,113.275589138));
#6865=CARTESIAN_POINT('',(-25.714304702,-6.878411705,117.164845251));
#6866=CARTESIAN_POINT('',(-25.705624057,-6.910913275,116.735740611));
#6867=CARTESIAN_POINT('',(-25.764672961,-6.961374973,116.30671266));
#6868=CARTESIAN_POINT('',(-26.012184327,-7.09306538,115.492736159));
#6869=CARTESIAN_POINT('',(-26.200602596,-7.17427078,115.107933134));
#6870=CARTESIAN_POINT('',(-26.687483667,-7.359134677,114.422109956));
#6871=CARTESIAN_POINT('',(-26.985859546,-7.462760585,114.121212576));
#6872=CARTESIAN_POINT('',(-27.661946198,-7.681863043,113.634293574));
#6873=CARTESIAN_POINT('',(-28.039536213,-7.797301031,113.44835939));
#6874=CARTESIAN_POINT('',(-28.437345514,-7.91275933,113.329504487));
#6875=CARTESIAN_POINT('',(-25.278000307,-8.296216244,117.296348842));
#6876=CARTESIAN_POINT('',(-25.267356615,-8.328657159,116.84979943));
#6877=CARTESIAN_POINT('',(-25.328853906,-8.38472874,116.403344089));
#6878=CARTESIAN_POINT('',(-25.589311025,-8.537918612,115.56012925));
#6879=CARTESIAN_POINT('',(-25.788215994,-8.635004685,115.163547398));
#6880=CARTESIAN_POINT('',(-26.3013246,-8.859404448,114.46441548));
#6881=CARTESIAN_POINT('',(-26.615420165,-8.986670972,114.162012743));
#6882=CARTESIAN_POINT('',(-27.3238668,-9.257242053,113.685076937));
#6883=CARTESIAN_POINT('',(-27.718068642,-9.400489753,113.51064444));
#6884=CARTESIAN_POINT('',(-28.130392942,-9.543767559,113.409927347));
#6885=CARTESIAN_POINT('',(-25.119146462,-8.765592451,117.339747421));
#6886=CARTESIAN_POINT('',(-25.108006444,-8.797454084,116.886976671));
#6887=CARTESIAN_POINT('',(-25.170563459,-8.854980105,116.434306609));
#6888=CARTESIAN_POINT('',(-25.435947797,-9.014808976,115.580728202));
#6889=CARTESIAN_POINT('',(-25.638716128,-9.117076332,115.1800097));
#6890=CARTESIAN_POINT('',(-26.161313556,-9.35467989,114.476361946));
#6891=CARTESIAN_POINT('',(-26.481026472,-9.489963383,114.173589251));
#6892=CARTESIAN_POINT('',(-27.200868758,-9.778104769,113.700646482));
#6893=CARTESIAN_POINT('',(-27.600838065,-9.930898769,113.530581737));
#6894=CARTESIAN_POINT('',(-28.018076813,-10.083726654,113.436621037));
#6895=CARTESIAN_POINT('',(-24.860349357,-9.464925375,117.40073825));
#6896=CARTESIAN_POINT('',(-24.848917948,-9.494936536,116.938139939));
#6897=CARTESIAN_POINT('',(-24.913601433,-9.553906745,116.47565372));
#6898=CARTESIAN_POINT('',(-25.187515406,-9.722760802,115.605840201));
#6899=CARTESIAN_POINT('',(-25.396679526,-9.832603747,115.198723671));
#6900=CARTESIAN_POINT('',(-25.934578294,-10.090077,114.488430125));
#6901=CARTESIAN_POINT('',(-26.263182612,-10.237644951,114.185425239));
#6902=CARTESIAN_POINT('',(-27.000670083,-10.552920108,113.719693905));
#6903=CARTESIAN_POINT('',(-27.40937454,-10.720550964,113.557080345));
#6904=CARTESIAN_POINT('',(-27.833766503,-10.888222424,113.474379556));
#6905=CARTESIAN_POINT('',(-24.770661722,-9.69724738,117.420380403));
#6906=CARTESIAN_POINT('',(-24.759209209,-9.726478144,116.954423886));
#6907=CARTESIAN_POINT('',(-24.824691428,-9.785806798,116.48858351));
#6908=CARTESIAN_POINT('',(-25.101638971,-9.957513613,115.61324374));
#6909=CARTESIAN_POINT('',(-25.313035275,-10.069848986,115.203962532));
#6910=CARTESIAN_POINT('',(-25.85621241,-10.333956094,114.49147525));
#6911=CARTESIAN_POINT('',(-26.187857864,-10.485662033,114.188446785));
#6912=CARTESIAN_POINT('',(-26.931318259,-10.810111544,113.725322729));
#6913=CARTESIAN_POINT('',(-27.342947897,-10.982774297,113.565342617));
#6914=CARTESIAN_POINT('',(-27.769687264,-11.155480069,113.486582318));
#6915=CARTESIAN_POINT('',(-24.584345836,-10.160326211,117.457665052));
#6916=CARTESIAN_POINT('',(-24.573045835,-10.187645683,116.984850041));
#6917=CARTESIAN_POINT('',(-24.640339549,-10.247425972,116.5121598));
#6918=CARTESIAN_POINT('',(-24.92377904,-10.424502476,115.625583875));
#6919=CARTESIAN_POINT('',(-25.13985003,-10.541751974,115.211932152));
#6920=CARTESIAN_POINT('',(-25.693929794,-10.81915181,114.495144138));
#6921=CARTESIAN_POINT('',(-26.031792364,-10.979228979,114.192197018));
#6922=CARTESIAN_POINT('',(-26.787310919,-11.322313276,113.734728294));
#6923=CARTESIAN_POINT('',(-27.204767538,-11.505229918,113.580327454));
#6924=CARTESIAN_POINT('',(-27.636064954,-11.688194814,113.509826773));
#6925=CARTESIAN_POINT('',(-24.487604785,-10.391334307,117.475339945));
#6926=CARTESIAN_POINT('',(-24.476477131,-10.4175205,116.999019275));
#6927=CARTESIAN_POINT('',(-24.544783732,-10.477393235,116.522827629));
#6928=CARTESIAN_POINT('',(-24.831684431,-10.656988394,115.630531813));
#6929=CARTESIAN_POINT('',(-25.050200627,-10.776662052,115.214669977));
#6930=CARTESIAN_POINT('',(-25.60991167,-11.060728234,114.495769554));
#6931=CARTESIAN_POINT('',(-25.950954526,-11.225043648,114.19292623));
#6932=CARTESIAN_POINT('',(-26.712567008,-11.577599796,113.738507438));
#6933=CARTESIAN_POINT('',(-27.132929803,-11.765744839,113.587055433));
#6934=CARTESIAN_POINT('',(-27.566441398,-11.953940972,113.520878962));
#6935=CARTESIAN_POINT('',(-23.988042995,-11.538442788,117.556710708));
#6936=CARTESIAN_POINT('',(-23.978385111,-11.558057974,117.06264115));
#6937=CARTESIAN_POINT('',(-24.0523722,-11.61768615,116.568724871));
#6938=CARTESIAN_POINT('',(-24.357704573,-11.808936365,115.647617029));
#6939=CARTESIAN_POINT('',(-24.588955101,-11.940499053,115.220712009));
#6940=CARTESIAN_POINT('',(-25.177553621,-12.25784943,114.49163146));
#6941=CARTESIAN_POINT('',(-25.53471878,-12.443538998,114.189683062));
#6942=CARTESIAN_POINT('',(-26.326771091,-12.844061714,113.751641531));
#6943=CARTESIAN_POINT('',(-26.761411994,-13.058771181,113.61568544));
#6944=CARTESIAN_POINT('',(-27.205440208,-13.27354696,113.571994044));
#6945=CARTESIAN_POINT('',(-23.537681546,-12.431589149,117.6));
#6946=CARTESIAN_POINT('',(-23.531081417,-12.443020258,117.090955142));
#6947=CARTESIAN_POINT('',(-23.611533799,-12.500173117,116.582087749));
#6948=CARTESIAN_POINT('',(-23.935155678,-12.697734226,115.637121189));
#6949=CARTESIAN_POINT('',(-24.178212969,-12.838073478,115.201351656));
#6950=CARTESIAN_POINT('',(-24.792287857,-13.181930639,114.465288176));
#6951=CARTESIAN_POINT('',(-25.163091792,-13.385329393,114.165251564));
#6952=CARTESIAN_POINT('',(-25.97948969,-13.826226706,113.743963949));
#6953=CARTESIAN_POINT('',(-26.424798954,-14.063572875,113.62286124));
#6954=CARTESIAN_POINT('',(-26.875514667,-14.301001052,113.6));
#6955=CARTESIAN_POINT('',(-23.035947712,-13.300568145,117.6));
#6956=CARTESIAN_POINT('',(-23.035947712,-13.300568145,117.076401224));
#6957=CARTESIAN_POINT('',(-23.126107721,-13.352625016,116.553008463));
#6958=CARTESIAN_POINT('',(-23.473158263,-13.553006152,115.585524079));
#6959=CARTESIAN_POINT('',(-23.729912245,-13.701251576,115.14181312));
#6960=CARTESIAN_POINT('',(-24.371178029,-14.071507637,114.40133263));
#6961=CARTESIAN_POINT('',(-24.755437519,-14.293372593,114.104854447));
#6962=CARTESIAN_POINT('',(-25.593291642,-14.77713545,113.704109293));
#6963=CARTESIAN_POINT('',(-26.046556616,-15.03884301,113.6));
#6964=CARTESIAN_POINT('',(-26.5,-15.300653581,113.6));
#6965=B_SPLINE_SURFACE_WITH_KNOTS('',3,3,((#6825,#6826,#6827,#6828,#6829,#6830,#6831,#6832,#6833,#6834),(#6835,#6836,#6837,#6838,#6839,#6840,#6841,#6842,#6843,#6844),(#6845,#6846,#6847,#6848,#6849,#6850,#6851,#6852,#6853,#6854),(#6855,#6856,#6857,#6858,#6859,#6860,#6861,#6862,#6863,#6864),(#6865,#6866,#6867,#6868,#6869,#6870,#6871,#6872,#6873,#6874),(#6875,#6876,#6877,#6878,#6879,#6880,#6881,#6882,#6883,#6884),(#6885,#6886,#6887,#6888,#6889,#6890,#6891,#6892,#6893,#6894),(#6895,#6896,#6897,#6898,#6899,#6900,#6901,#6902,#6903,#6904),(#6905,#6906,#6907,#6908,#6909,#6910,#6911,#6912,#6913,#6914),(#6915,#6916,#6917,#6918,#6919,#6920,#6921,#6922,#6923,#6924),(#6925,#6926,#6927,#6928,#6929,#6930,#6931,#6932,#6933,#6934),(#6935,#6936,#6937,#6938,#6939,#6940,#6941,#6942,#6943,#6944),(#6945,#6946,#6947,#6948,#6949,#6950,#6951,#6952,#6953,#6954),(#6955,#6956,#6957,#6958,#6959,#6960,#6961,#6962,#6963,#6964)),.UNSPECIFIED.,.F.,.F.,.U.,(4,2,2,2,2,2,4),(4,2,2,2,4),(0.,0.003416539,0.006833078,0.008541348,0.009395482,0.010249617,0.013666156),(0.,0.25,0.5,0.75,1.),.UNSPECIFIED.);
#6966=ORIENTED_EDGE('',*,*,#6800,.T.);
#6967=ORIENTED_EDGE('',*,*,#4596,.F.);
#6968=ORIENTED_EDGE('',*,*,#6819,.T.);
#6969=ORIENTED_EDGE('',*,*,#539,.F.);
#6970=EDGE_LOOP('',(#6966,#6967,#6968,#6969));
#6971=FACE_BOUND('',#6970,.T.);
#6972=ADVANCED_FACE('',(#6971),#6965,.F.);
#6973=CARTESIAN_POINT('',(0.,0.,118.6));
#6974=DIRECTION('',(0.,0.,1.));
#6975=DIRECTION('',(1.,0.,-0.));
#6976=AXIS2_PLACEMENT_3D('',#6973,#6974,#6975);
#6977=TOROIDAL_SURFACE('',#6976,22.6,4.);
#6978=CARTESIAN_POINT('',(22.6,0.,118.6));
#6979=DIRECTION('',(-0.,1.,-0.));
#6980=DIRECTION('',(1.,0.,0.));
#6981=AXIS2_PLACEMENT_3D('',#6978,#6979,#6980);
#6982=CIRCLE('',#6981,4.);
#6983=EDGE_CURVE('',#2866,#495,#6982,.T.);
#6984=ORIENTED_EDGE('',*,*,#6983,.T.);
#6985=ORIENTED_EDGE('',*,*,#501,.F.);
#6986=ORIENTED_EDGE('',*,*,#508,.F.);
#6987=ORIENTED_EDGE('',*,*,#6983,.F.);
#6988=ORIENTED_EDGE('',*,*,#2872,.F.);
#6989=ORIENTED_EDGE('',*,*,#2879,.F.);
#6990=EDGE_LOOP('',(#6984,#6985,#6986,#6987,#6988,#6989));
#6991=FACE_BOUND('',#6990,.T.);
#6992=ADVANCED_FACE('',(#6991),#6977,.T.);
#6993=CARTESIAN_POINT('',(26.694204119,5.126601977,112.062899125));
#6994=CARTESIAN_POINT('',(26.874559956,5.167381194,111.935026894));
#6995=CARTESIAN_POINT('',(27.062118554,5.208785179,111.817512046));
#6996=CARTESIAN_POINT('',(27.520629949,5.307711182,111.565532546));
#6997=CARTESIAN_POINT('',(27.796844505,5.365550585,111.44077594));
#6998=CARTESIAN_POINT('',(28.081100701,5.423390527,111.338321144));
#6999=CARTESIAN_POINT('',(26.619798188,5.840215747,112.071620823));
#7000=CARTESIAN_POINT('',(26.802903697,5.886945596,111.944438877));
#7001=CARTESIAN_POINT('',(26.993267008,5.934407823,111.827965787));
#7002=CARTESIAN_POINT('',(27.458438888,6.04783135,111.579319033));
#7003=CARTESIAN_POINT('',(27.738515438,6.114164764,111.457172352));
#7004=CARTESIAN_POINT('',(28.026518369,6.180498823,111.35801883));
#7005=CARTESIAN_POINT('',(26.530233784,6.545638801,112.080374222));
#7006=CARTESIAN_POINT('',(26.716580585,6.598427934,111.954108245));
#7007=CARTESIAN_POINT('',(26.910239509,6.652069253,111.838976517));
#7008=CARTESIAN_POINT('',(27.383208086,6.780293586,111.594551292));
#7009=CARTESIAN_POINT('',(27.667782117,6.855309684,111.475669753));
#7010=CARTESIAN_POINT('',(27.960118649,6.930326555,111.38061177));
#7011=CARTESIAN_POINT('',(26.278534901,8.227830802,112.096229642));
#7012=CARTESIAN_POINT('',(26.473615756,8.295677929,111.972949507));
#7013=CARTESIAN_POINT('',(26.676098417,8.364709848,111.862007161));
#7014=CARTESIAN_POINT('',(27.169784227,8.529847366,111.630444571));
#7015=CARTESIAN_POINT('',(27.466183835,8.626555469,111.5213199));
#7016=CARTESIAN_POINT('',(27.76975696,8.723264734,111.43833436));
#7017=CARTESIAN_POINT('',(26.101711262,9.196217368,112.10112774));
#7018=CARTESIAN_POINT('',(26.302665259,9.273242424,111.980245177));
#7019=CARTESIAN_POINT('',(26.511039382,9.351682964,111.872552712));
#7020=CARTESIAN_POINT('',(27.018439712,9.539424777,111.650758839));
#7021=CARTESIAN_POINT('',(27.322573436,9.649446171,111.548916432));
#7022=CARTESIAN_POINT('',(27.633374552,9.759469019,111.474828932));
#7023=CARTESIAN_POINT('',(25.844216538,10.384352342,112.091804932));
#7024=CARTESIAN_POINT('',(26.052859122,10.473565104,111.975083271));
#7025=CARTESIAN_POINT('',(26.268815793,10.564550214,111.872785993));
#7026=CARTESIAN_POINT('',(26.793508768,10.782500147,111.666738123));
#7027=CARTESIAN_POINT('',(27.10710573,10.91036733,111.576340184));
#7028=CARTESIAN_POINT('',(27.426387911,11.038236488,111.515965563));
#7029=CARTESIAN_POINT('',(25.79088934,10.620859398,112.089160235));
#7030=CARTESIAN_POINT('',(26.00108607,10.712545527,111.973328707));
#7031=CARTESIAN_POINT('',(26.218569119,10.806078817,111.872176766));
#7032=CARTESIAN_POINT('',(26.746725407,11.030168213,111.669453781));
#7033=CARTESIAN_POINT('',(27.062203069,11.161664895,111.581460992));
#7034=CARTESIAN_POINT('',(27.383151942,11.293163664,111.523957402));
#7035=CARTESIAN_POINT('',(25.680565517,11.091589757,112.082028224));
#7036=CARTESIAN_POINT('',(25.893884425,11.188301125,111.968100215));
#7037=CARTESIAN_POINT('',(26.114418379,11.287016799,111.86937804));
#7038=CARTESIAN_POINT('',(26.649453865,11.52359947,111.673668877));
#7039=CARTESIAN_POINT('',(26.96863145,11.662487347,111.590724097));
#7040=CARTESIAN_POINT('',(27.292813076,11.801377552,111.539221718));
#7041=CARTESIAN_POINT('',(25.623519199,11.325996519,112.077534871));
#7042=CARTESIAN_POINT('',(25.838407382,11.42526189,111.964621218));
#7043=CARTESIAN_POINT('',(26.06046705,11.526613978,111.867184674));
#7044=CARTESIAN_POINT('',(26.598921013,11.769555796,111.675167851));
#7045=CARTESIAN_POINT('',(26.919919151,11.912208534,111.594868336));
#7046=CARTESIAN_POINT('',(27.245667913,12.054863731,111.546498954));
#7047=CARTESIAN_POINT('',(25.447561226,12.022957734,112.060919834));
#7048=CARTESIAN_POINT('',(25.667128317,12.129981875,111.951230133));
#7049=CARTESIAN_POINT('',(25.893709122,12.239351171,111.857850061));
#7050=CARTESIAN_POINT('',(26.442214882,12.501641981,111.677421816));
#7051=CARTESIAN_POINT('',(26.768500837,12.655758665,111.605384382));
#7052=CARTESIAN_POINT('',(27.098715834,12.809878226,111.566761216));
#7053=CARTESIAN_POINT('',(25.323671423,12.480005117,112.045662095));
#7054=CARTESIAN_POINT('',(25.546324651,12.592338716,111.938366405));
#7055=CARTESIAN_POINT('',(25.775850259,12.707204947,111.847961212));
#7056=CARTESIAN_POINT('',(26.330798019,12.982776841,111.675953565));
#7057=CARTESIAN_POINT('',(26.660384178,13.144773609,111.609868394));
#7058=CARTESIAN_POINT('',(26.99326915,13.306773571,111.578216513));
#7059=CARTESIAN_POINT('',(25.063042114,13.378760641,112.004617351));
#7060=CARTESIAN_POINT('',(25.291621096,13.502023652,111.902610237));
#7061=CARTESIAN_POINT('',(25.526696865,13.628228451,111.818692267));
#7062=CARTESIAN_POINT('',(26.093492017,13.931227361,111.664866982));
#7063=CARTESIAN_POINT('',(26.428895565,14.109522116,111.611515101));
#7064=CARTESIAN_POINT('',(26.76614865,14.287820794,111.59465724));
#7065=CARTESIAN_POINT('',(24.926302561,13.820467331,111.978833283));
#7066=CARTESIAN_POINT('',(25.157721094,13.94935046,111.87972095));
#7067=CARTESIAN_POINT('',(25.395402139,14.081397072,111.799315583));
#7068=CARTESIAN_POINT('',(25.967602426,14.398542364,111.655252743));
#7069=CARTESIAN_POINT('',(26.305522965,14.5852553,111.608682342));
#7070=CARTESIAN_POINT('',(26.644473939,14.771972571,111.599647689));
#7071=CARTESIAN_POINT('',(24.778773602,14.267967226,111.945609803));
#7072=CARTESIAN_POINT('',(25.012892021,14.402820066,111.849730311));
#7073=CARTESIAN_POINT('',(25.252972459,14.541084309,111.77320354));
#7074=CARTESIAN_POINT('',(25.829925041,14.873303205,111.639823486));
#7075=CARTESIAN_POINT('',(26.169854661,15.068999267,111.60060857));
#7076=CARTESIAN_POINT('',(26.509862603,15.264700149,111.599992598));
#7077=CARTESIAN_POINT('',(24.774296873,14.281520333,111.944596717));
#7078=CARTESIAN_POINT('',(25.008496874,14.416554228,111.848815433));
#7079=CARTESIAN_POINT('',(25.248649731,14.555007057,111.772406443));
#7080=CARTESIAN_POINT('',(25.825745501,14.887683163,111.639350698));
#7081=CARTESIAN_POINT('',(26.165735421,15.083651711,111.600359016));
#7082=CARTESIAN_POINT('',(26.505774712,15.279625094,111.599998479));
#7083=CARTESIAN_POINT('',(24.769201941,14.296914985,111.943438157));
#7084=CARTESIAN_POINT('',(25.003494429,14.432154851,111.847768741));
#7085=CARTESIAN_POINT('',(25.243729298,14.57082223,111.771493876));
#7086=CARTESIAN_POINT('',(25.820986956,14.904018513,111.638807356));
#7087=CARTESIAN_POINT('',(26.161044798,15.100297089,111.600069766));
#7088=CARTESIAN_POINT('',(26.501118989,15.296580516,111.599999914));
#7089=CARTESIAN_POINT('',(24.768432867,14.298781618,111.943343834));
#7090=CARTESIAN_POINT('',(25.00272953,14.434044054,111.847683524));
#7091=CARTESIAN_POINT('',(25.242967635,14.572734849,111.771419577));
#7092=CARTESIAN_POINT('',(25.820230205,14.905987776,111.638763111));
#7093=CARTESIAN_POINT('',(26.160288709,15.102300012,111.600046204));
#7094=CARTESIAN_POINT('',(26.500360872,15.298617101,111.600000011));
#7095=CARTESIAN_POINT('',(24.767556112,14.300660132,111.943280242));
#7096=CARTESIAN_POINT('',(25.001852196,14.435943651,111.847626071));
#7097=CARTESIAN_POINT('',(25.242089006,14.574656247,111.771369483));
#7098=CARTESIAN_POINT('',(25.819346531,14.907961813,111.638733274));
#7099=CARTESIAN_POINT('',(26.159400556,15.104305256,111.600030307));
#7100=CARTESIAN_POINT('',(26.499466429,15.300653553,111.600000062));
#7101=B_SPLINE_SURFACE_WITH_KNOTS('',3,3,((#6993,#6994,#6995,#6996,#6997,#6998),(#6999,#7000,#7001,#7002,#7003,#7004),(#7005,#7006,#7007,#7008,#7009,#7010),(#7011,#7012,#7013,#7014,#7015,#7016),(#7017,#7018,#7019,#7020,#7021,#7022),(#7023,#7024,#7025,#7026,#7027,#7028),(#7029,#7030,#7031,#7032,#7033,#7034),(#7035,#7036,#7037,#7038,#7039,#7040),(#7041,#7042,#7043,#7044,#7045,#7046),(#7047,#7048,#7049,#7050,#7051,#7052),(#7053,#7054,#7055,#7056,#7057,#7058),(#7059,#7060,#7061,#7062,#7063,#7064),(#7065,#7066,#7067,#7068,#7069,#7070),(#7071,#7072,#7073,#7074,#7075,#7076),(#7077,#7078,#7079,#7080,#7081,#7082),(#7083,#7084,#7085,#7086,#7087,#7088),(#7089,#7090,#7091,#7092,#7093,#7094),(#7095,#7096,#7097,#7098,#7099,#7100)),.UNSPECIFIED.,.F.,.F.,.U.,(4,2,2,2,2,2,2,2,4),(4,2,4),(0.003142565,0.005451046,0.008713913,0.00952963,0.010345347,0.01197678,0.013608214,0.013659196,0.013666156),(0.783653104,0.875,1.),.UNSPECIFIED.);
#7102=CARTESIAN_POINT('',(26.5,15.300326748,111.6));
#7103=VERTEX_POINT('',#7102);
#7104=CARTESIAN_POINT('',(24.767973856,14.300610863,111.943145751));
#7105=VERTEX_POINT('',#7104);
#7106=CARTESIAN_POINT('',(26.5,15.300653581,117.6));
#7107=DIRECTION('',(-0.500021359,0.866013072,-0.));
#7108=DIRECTION('',(0.866013072,0.500021359,0.));
#7109=AXIS2_PLACEMENT_3D('',#7106,#7107,#7108);
#7110=CIRCLE('',#7109,6.);
#7111=EDGE_CURVE('',#7103,#7105,#7110,.T.);
#7112=ORIENTED_EDGE('',*,*,#7111,.F.);
#7113=CARTESIAN_POINT('',(28.081076724,5.423387318,111.338304077));
#7114=VERTEX_POINT('',#7113);
#7115=CARTESIAN_POINT('',(26.500058692,15.300400888,111.6));
#7116=CARTESIAN_POINT('',(26.711565594,14.530637774,111.59999843));
#7117=CARTESIAN_POINT('',(26.900020954,13.744371244,111.587833216));
#7118=CARTESIAN_POINT('',(27.06838373,12.94145696,111.569190944));
#7119=CARTESIAN_POINT('',(27.236746507,12.138542677,111.550548672));
#7120=CARTESIAN_POINT('',(27.385095662,11.317706318,111.525331376));
#7121=CARTESIAN_POINT('',(27.514144873,10.490829756,111.498271666));
#7122=CARTESIAN_POINT('',(27.772243295,8.837076631,111.444152244));
#7123=CARTESIAN_POINT('',(27.956616744,7.14903528,111.3831636));
#7124=CARTESIAN_POINT('',(28.081076724,5.423387316,111.338304078));
#7125=B_SPLINE_CURVE_WITH_KNOTS('',3,(#7115,#7116,#7117,#7118,#7119,#7120,#7121,#7122,#7123,#7124),.UNSPECIFIED.,.F.,.F.,(4,3,3,4),(0.003142566,0.005773393,0.008404221,0.013665877),.UNSPECIFIED.);
#7126=EDGE_CURVE('',#7103,#7114,#7125,.T.);
#7127=ORIENTED_EDGE('',*,*,#7126,.T.);
#7128=CARTESIAN_POINT('',(24.767973856,14.300610863,111.943145751));
#7129=CARTESIAN_POINT('',(25.164150778,13.614451388,111.943145666));
#7130=CARTESIAN_POINT('',(25.53037382,12.914462817,111.916360383));
#7131=CARTESIAN_POINT('',(25.867171457,12.200386913,111.874879326));
#7132=CARTESIAN_POINT('',(26.203969093,11.486311009,111.83339827));
#7133=CARTESIAN_POINT('',(26.511337377,10.758150687,111.777108318));
#7134=CARTESIAN_POINT('',(26.789029214,10.015383855,111.715226165));
#7135=CARTESIAN_POINT('',(26.927875133,9.644000439,111.684285089));
#7136=CARTESIAN_POINT('',(27.059290265,9.268961017,111.651912141));
#7137=CARTESIAN_POINT('',(27.183172098,8.890171804,111.619090209));
#7138=CARTESIAN_POINT('',(27.30705393,8.511382591,111.586268276));
#7139=CARTESIAN_POINT('',(27.423224931,8.129287789,111.55303892));
#7140=CARTESIAN_POINT('',(27.531079816,7.745943722,111.520468799));
#7141=CARTESIAN_POINT('',(27.746789587,6.979255587,111.455328557));
#7142=CARTESIAN_POINT('',(27.930082823,6.205199728,111.392727399));
#7143=CARTESIAN_POINT('',(28.081076724,5.423387318,111.338304077));
#7144=B_SPLINE_CURVE_WITH_KNOTS('',3,(#7128,#7129,#7130,#7131,#7132,#7133,#7134,#7135,#7136,#7137,#7138,#7139,#7140,#7141,#7142,#7143),.UNSPECIFIED.,.F.,.F.,(4,3,3,3,3,4),(0.010757681,0.013126434,0.015495186,0.016679562,0.017863939,0.020232691),.UNSPECIFIED.);
#7145=EDGE_CURVE('',#7105,#7114,#7144,.T.);
#7146=ORIENTED_EDGE('',*,*,#7145,.F.);
#7147=EDGE_LOOP('',(#7112,#7127,#7146));
#7148=FACE_BOUND('',#7147,.T.);
#7149=ADVANCED_FACE('',(#7148),#7101,.T.);
#7150=CARTESIAN_POINT('',(-24.767858473,14.300626325,111.943193593));
#7151=CARTESIAN_POINT('',(-25.002167908,14.435914032,111.847547775));
#7152=CARTESIAN_POINT('',(-25.242417449,14.574631175,111.771301202));
#7153=CARTESIAN_POINT('',(-25.819702937,14.907948012,111.638692559));
#7154=CARTESIAN_POINT('',(-26.159771384,15.104298364,111.600008559));
#7155=CARTESIAN_POINT('',(-26.499849212,15.300653571,111.600000012));
#7156=CARTESIAN_POINT('',(-24.768139228,14.299999371,111.943218456));
#7157=CARTESIAN_POINT('',(-25.002448305,14.435279853,111.847570239));
#7158=CARTESIAN_POINT('',(-25.242697752,14.573989516,111.77132079));
#7159=CARTESIAN_POINT('',(-25.819983772,14.907288278,111.63870423));
#7160=CARTESIAN_POINT('',(-26.160053121,15.103627905,111.600014783));
#7161=CARTESIAN_POINT('',(-26.500132559,15.299972387,111.600000004));
#7162=CARTESIAN_POINT('',(-24.768387146,14.299376073,111.943252713));
#7163=CARTESIAN_POINT('',(-25.002694414,14.434648875,111.847601191));
#7164=CARTESIAN_POINT('',(-25.242942386,14.573350564,111.771347779));
#7165=CARTESIAN_POINT('',(-25.8202259,14.906630029,111.638720311));
#7166=CARTESIAN_POINT('',(-26.160294583,15.102958182,111.600023357));
#7167=CARTESIAN_POINT('',(-26.500374332,15.299291189,111.59999999));
#7168=CARTESIAN_POINT('',(-24.769714794,14.295365914,111.943554879));
#7169=CARTESIAN_POINT('',(-25.003997979,14.430585049,111.8478742));
#7170=CARTESIAN_POINT('',(-25.244224601,14.569230833,111.771585833));
#7171=CARTESIAN_POINT('',(-25.821465982,14.902374758,111.638862145));
#7172=CARTESIAN_POINT('',(-26.161517001,15.098622129,111.600098977));
#7173=CARTESIAN_POINT('',(-26.501587694,15.294874349,111.599999865));
#7174=CARTESIAN_POINT('',(-24.77083726,14.291973805,111.943810047));
#7175=CARTESIAN_POINT('',(-25.005100069,14.427147564,111.84810472));
#7176=CARTESIAN_POINT('',(-25.245308623,14.565746083,111.771786803));
#7177=CARTESIAN_POINT('',(-25.822514338,14.898775415,111.638981767));
#7178=CARTESIAN_POINT('',(-26.162550392,15.094954487,111.600162621));
#7179=CARTESIAN_POINT('',(-26.502613392,15.291138405,111.59999947));
#7180=CARTESIAN_POINT('',(-24.77644755,14.275011483,111.94508383));
#7181=CARTESIAN_POINT('',(-25.010608384,14.409958403,111.849255359));
#7182=CARTESIAN_POINT('',(-25.25072648,14.548320639,111.77278978));
#7183=CARTESIAN_POINT('',(-25.82775354,14.880777108,111.639578223));
#7184=CARTESIAN_POINT('',(-26.167714544,15.076614758,111.600479294));
#7185=CARTESIAN_POINT('',(-26.507738831,15.272457234,111.599996045));
#7186=CARTESIAN_POINT('',(-24.780929062,14.261434509,111.946096588));
#7187=CARTESIAN_POINT('',(-25.015008219,14.396200207,111.85016977));
#7188=CARTESIAN_POINT('',(-25.255053803,14.53437369,111.773586261));
#7189=CARTESIAN_POINT('',(-25.83193746,14.866372555,111.640050017));
#7190=CARTESIAN_POINT('',(-26.171838044,15.06193749,111.600727618));
#7191=CARTESIAN_POINT('',(-26.511830872,15.25750724,111.59998868));
#7192=CARTESIAN_POINT('',(-24.928604417,13.81321029,111.979300859));
#7193=CARTESIAN_POINT('',(-25.159977501,13.941999437,111.88013903));
#7194=CARTESIAN_POINT('',(-25.397617343,14.073948285,111.79967391));
#7195=CARTESIAN_POINT('',(-25.969733584,14.390856733,111.655445669));
#7196=CARTESIAN_POINT('',(-26.307616284,14.57742865,111.608760822));
#7197=CARTESIAN_POINT('',(-26.646543632,14.764004897,111.599594596));
#7198=CARTESIAN_POINT('',(-25.065042732,13.372071992,112.004962407));
#7199=CARTESIAN_POINT('',(-25.29357813,13.495251917,111.902913861));
#7200=CARTESIAN_POINT('',(-25.528613461,13.621370439,111.818945339));
#7201=CARTESIAN_POINT('',(-26.095323393,13.924160544,111.664978944));
#7202=CARTESIAN_POINT('',(-26.430686061,14.102331137,111.611528633));
#7203=CARTESIAN_POINT('',(-26.767909804,14.280505647,111.594556803));
#7204=CARTESIAN_POINT('',(-25.454156784,12.029614679,112.066150884));
#7205=CARTESIAN_POINT('',(-25.67383942,12.136474783,111.956209128));
#7206=CARTESIAN_POINT('',(-25.900581947,12.245662772,111.862557598));
#7207=CARTESIAN_POINT('',(-26.449586719,12.507499711,111.681449962));
#7208=CARTESIAN_POINT('',(-26.776252762,12.661334912,111.608991194));
#7209=CARTESIAN_POINT('',(-27.106942375,12.815172941,111.569933436));
#7210=CARTESIAN_POINT('',(-25.68668988,11.10929123,112.085957498));
#7211=CARTESIAN_POINT('',(-25.90002837,11.205949829,111.971787052));
#7212=CARTESIAN_POINT('',(-26.120614903,11.304599277,111.872795996));
#7213=CARTESIAN_POINT('',(-26.655863094,11.541006084,111.676393836));
#7214=CARTESIAN_POINT('',(-26.975233359,11.679777386,111.593004263));
#7215=CARTESIAN_POINT('',(-27.299685845,11.818550982,111.541024951));
#7216=CARTESIAN_POINT('',(-26.096993473,9.219872569,112.101098289));
#7217=CARTESIAN_POINT('',(-26.29809591,9.297130929,111.980286353));
#7218=CARTESIAN_POINT('',(-26.506617682,9.375811132,111.872687216));
#7219=CARTESIAN_POINT('',(-27.014358247,9.56412942,111.651169245));
#7220=CARTESIAN_POINT('',(-27.318681047,9.674490871,111.549529631));
#7221=CARTESIAN_POINT('',(-27.629655341,9.784853785,111.475687263));
#7222=CARTESIAN_POINT('',(-26.27476837,8.250793382,112.096400827));
#7223=CARTESIAN_POINT('',(-26.469977016,8.31885134,111.973168443));
#7224=CARTESIAN_POINT('',(-26.672588327,8.388099039,111.862291909));
#7225=CARTESIAN_POINT('',(-27.166574928,8.55375449,111.630929204));
#7226=CARTESIAN_POINT('',(-27.463145218,8.650767268,111.521954823));
#7227=CARTESIAN_POINT('',(-27.766879237,8.747781213,111.439154066));
#7228=CARTESIAN_POINT('',(-26.460922779,7.009400447,112.084756274));
#7229=CARTESIAN_POINT('',(-26.6496754,7.06633963,111.959311777));
#7230=CARTESIAN_POINT('',(-26.845764957,7.124222597,111.84533294));
#7231=CARTESIAN_POINT('',(-27.324440716,7.262620103,111.604447953));
#7232=CARTESIAN_POINT('',(-27.612272699,7.343614383,111.488252157));
#7233=CARTESIAN_POINT('',(-27.907705227,7.424609544,111.396517603));
#7234=CARTESIAN_POINT('',(-26.496345472,6.759616044,112.082134116));
#7235=CARTESIAN_POINT('',(-26.683851738,6.814350523,111.956287577));
#7236=CARTESIAN_POINT('',(-26.878679463,6.869981811,111.841737625));
#7237=CARTESIAN_POINT('',(-27.354385085,7.002981202,111.599086254));
#7238=CARTESIAN_POINT('',(-27.640515713,7.080805125,111.481542711));
#7239=CARTESIAN_POINT('',(-27.934324013,7.158629876,111.388133594));
#7240=CARTESIAN_POINT('',(-26.563507912,6.257031257,112.076522571));
#7241=CARTESIAN_POINT('',(-26.74862425,6.307388228,111.949944192));
#7242=CARTESIAN_POINT('',(-26.941028158,6.358551976,111.834342502));
#7243=CARTESIAN_POINT('',(-27.411016723,6.480845462,111.588416247));
#7244=CARTESIAN_POINT('',(-27.693863099,6.552385188,111.468360662));
#7245=CARTESIAN_POINT('',(-27.984524028,6.623925642,111.371818713));
#7246=CARTESIAN_POINT('',(-26.595261115,6.004083813,112.073531354));
#7247=CARTESIAN_POINT('',(-26.779233369,6.052266778,111.946623061));
#7248=CARTESIAN_POINT('',(-26.970474768,6.101213445,111.830540566));
#7249=CARTESIAN_POINT('',(-27.437715164,6.218196223,111.583105224));
#7250=CARTESIAN_POINT('',(-27.718977916,6.286620399,111.461884878));
#7251=CARTESIAN_POINT('',(-28.008114991,6.355045257,111.363884068));
#7252=CARTESIAN_POINT('',(-26.649394536,5.543105478,112.067969922));
#7253=CARTESIAN_POINT('',(-26.83139785,5.587373075,111.940521573));
#7254=CARTESIAN_POINT('',(-27.020635701,5.632329425,111.823642357));
#7255=CARTESIAN_POINT('',(-27.483131592,5.739757566,111.573689356));
#7256=CARTESIAN_POINT('',(-27.761653896,5.802579289,111.450515642));
#7257=CARTESIAN_POINT('',(-28.048145727,5.865401615,111.35005951));
#7258=CARTESIAN_POINT('',(-26.672452779,5.335092446,112.065421875));
#7259=CARTESIAN_POINT('',(-26.853610293,5.377610337,111.937752187));
#7260=CARTESIAN_POINT('',(-27.041986366,5.420784459,111.820542533));
#7261=CARTESIAN_POINT('',(-27.502438416,5.523946477,111.569538548));
#7262=CARTESIAN_POINT('',(-27.779777727,5.584267761,111.445545382));
#7263=CARTESIAN_POINT('',(-28.065124528,5.644589614,111.34405578));
#7264=CARTESIAN_POINT('',(-26.694194809,5.126598213,112.062879994));
#7265=CARTESIAN_POINT('',(-26.874549375,5.16737749,111.935008413));
#7266=CARTESIAN_POINT('',(-27.06210649,5.208781554,111.817494186));
#7267=CARTESIAN_POINT('',(-27.520613881,5.307707767,111.565516035));
#7268=CARTESIAN_POINT('',(-27.796825732,5.365547311,111.440760109));
#7269=CARTESIAN_POINT('',(-28.081078866,5.423387395,111.338305816));
#7270=B_SPLINE_SURFACE_WITH_KNOTS('',3,3,((#7150,#7151,#7152,#7153,#7154,#7155),(#7156,#7157,#7158,#7159,#7160,#7161),(#7162,#7163,#7164,#7165,#7166,#7167),(#7168,#7169,#7170,#7171,#7172,#7173),(#7174,#7175,#7176,#7177,#7178,#7179),(#7180,#7181,#7182,#7183,#7184,#7185),(#7186,#7187,#7188,#7189,#7190,#7191),(#7192,#7193,#7194,#7195,#7196,#7197),(#7198,#7199,#7200,#7201,#7202,#7203),(#7204,#7205,#7206,#7207,#7208,#7209),(#7210,#7211,#7212,#7213,#7214,#7215),(#7216,#7217,#7218,#7219,#7220,#7221),(#7222,#7223,#7224,#7225,#7226,#7227),(#7228,#7229,#7230,#7231,#7232,#7233),(#7234,#7235,#7236,#7237,#7238,#7239),(#7240,#7241,#7242,#7243,#7244,#7245),(#7246,#7247,#7248,#7249,#7250,#7251),(#7252,#7253,#7254,#7255,#7256,#7257),(#7258,#7259,#7260,#7261,#7262,#7263),(#7264,#7265,#7266,#7267,#7268,#7269)),.UNSPECIFIED.,.F.,.F.,.U.,(4,2,2,2,2,2,2,2,2,4),(4,2,4),(-0.,0.000002328,0.000015094,0.000066156,0.001700168,0.00496819,0.008236212,0.009053217,0.009870223,0.010539162),(0.783653104,0.875,1.),.UNSPECIFIED.);
#7271=ORIENTED_EDGE('',*,*,#2287,.F.);
#7272=ORIENTED_EDGE('',*,*,#2679,.T.);
#7273=CARTESIAN_POINT('',(-26.5,15.300653581,117.6));
#7274=DIRECTION('',(0.500021359,0.866013072,0.));
#7275=DIRECTION('',(-0.866013072,0.500021359,0.));
#7276=AXIS2_PLACEMENT_3D('',#7273,#7274,#7275);
#7277=CIRCLE('',#7276,6.);
#7278=EDGE_CURVE('',#2269,#2618,#7277,.T.);
#7279=ORIENTED_EDGE('',*,*,#7278,.F.);
#7280=EDGE_LOOP('',(#7271,#7272,#7279));
#7281=FACE_BOUND('',#7280,.T.);
#7282=ADVANCED_FACE('',(#7281),#7270,.T.);
#7283=CARTESIAN_POINT('',(0.,0.,117.6));
#7284=DIRECTION('',(0.,0.,1.));
#7285=DIRECTION('',(1.,0.,-0.));
#7286=AXIS2_PLACEMENT_3D('',#7283,#7284,#7285);
#7287=TOROIDAL_SURFACE('',#7286,30.6,6.);
#7288=ORIENTED_EDGE('',*,*,#7278,.T.);
#7289=CARTESIAN_POINT('',(0.,0.,111.6));
#7290=DIRECTION('',(-0.,-0.,-1.));
#7291=DIRECTION('',(1.,0.,-0.));
#7292=AXIS2_PLACEMENT_3D('',#7289,#7290,#7291);
#7293=CIRCLE('',#7292,30.6);
#7294=EDGE_CURVE('',#2618,#3218,#7293,.T.);
#7295=ORIENTED_EDGE('',*,*,#7294,.T.);
#7296=CARTESIAN_POINT('',(-18.983150423,24.,117.6));
#7297=DIRECTION('',(0.784313725,0.620364393,0.));
#7298=DIRECTION('',(-0.620364393,0.784313725,0.));
#7299=AXIS2_PLACEMENT_3D('',#7296,#7297,#7298);
#7300=CIRCLE('',#7299,6.);
#7301=EDGE_CURVE('',#2290,#3218,#7300,.T.);
#7302=ORIENTED_EDGE('',*,*,#7301,.F.);
#7303=ORIENTED_EDGE('',*,*,#2296,.F.);
#7304=EDGE_LOOP('',(#7288,#7295,#7302,#7303));
#7305=FACE_BOUND('',#7304,.T.);
#7306=ADVANCED_FACE('',(#7305),#7287,.T.);
#7307=CARTESIAN_POINT('',(-18.983150423,24.,111.6));
#7308=CARTESIAN_POINT('',(-18.739533896,23.69200072,111.6));
#7309=CARTESIAN_POINT('',(-18.495923393,23.384009056,111.638676527));
#7310=CARTESIAN_POINT('',(-18.082379861,22.861174619,111.771274278));
#7311=CARTESIAN_POINT('',(-17.910274741,22.643585717,111.847516847));
#7312=CARTESIAN_POINT('',(-17.742424607,22.431376304,111.943159294));
#7313=CARTESIAN_POINT('',(-18.982063388,24.000859806,111.6));
#7314=CARTESIAN_POINT('',(-18.738460811,23.692849492,111.6));
#7315=CARTESIAN_POINT('',(-18.494864258,23.384846795,111.638676527));
#7316=CARTESIAN_POINT('',(-18.081344407,22.861993627,111.771274278));
#7317=CARTESIAN_POINT('',(-17.909249143,22.644396929,111.847516847));
#7318=CARTESIAN_POINT('',(-17.74140862,22.432179914,111.943159294));
#7319=CARTESIAN_POINT('',(-18.980976312,24.000818299,111.599999954));
#7320=CARTESIAN_POINT('',(-18.737405954,23.692820057,111.600046217));
#7321=CARTESIAN_POINT('',(-18.493841617,23.384835238,111.638763185));
#7322=CARTESIAN_POINT('',(-18.080375248,22.862020946,111.771419705));
#7323=CARTESIAN_POINT('',(-17.908301859,22.644443107,111.847683625));
#7324=CARTESIAN_POINT('',(-17.740482025,22.432246862,111.94334388));
#7325=CARTESIAN_POINT('',(-18.978802078,24.001636399,111.59999977));
#7326=CARTESIAN_POINT('',(-18.735277885,23.693639215,111.600092291));
#7327=CARTESIAN_POINT('',(-18.49175971,23.385661258,111.638849697));
#7328=CARTESIAN_POINT('',(-18.078370496,22.862867138,111.771564977));
#7329=CARTESIAN_POINT('',(-17.906328835,22.645300373,111.847850242));
#7330=CARTESIAN_POINT('',(-17.738539297,22.433117304,111.9435283));
#7331=CARTESIAN_POINT('',(-18.977714918,24.002045391,111.599999631));
#7332=CARTESIAN_POINT('',(-18.734213804,23.694048742,111.600115281));
#7333=CARTESIAN_POINT('',(-18.490718707,23.386074221,111.638892903));
#7334=CARTESIAN_POINT('',(-18.077368065,22.863290192,111.771637561));
#7335=CARTESIAN_POINT('',(-17.905342266,22.645728966,111.847933498));
#7336=CARTESIAN_POINT('',(-17.737567875,22.433552488,111.943620458));
#7337=CARTESIAN_POINT('',(-18.974453323,24.003272146,111.599999079));
#7338=CARTESIAN_POINT('',(-18.731021445,23.695277125,111.600184109));
#7339=CARTESIAN_POINT('',(-18.48759558,23.387312932,111.639022377));
#7340=CARTESIAN_POINT('',(-18.074360654,22.864559213,111.771855156));
#7341=CARTESIAN_POINT('',(-17.90238244,22.647014615,111.848183103));
#7342=CARTESIAN_POINT('',(-17.734653487,22.434857918,111.943896759));
#7343=CARTESIAN_POINT('',(-18.972278751,24.004089751,111.599998526));
#7344=CARTESIAN_POINT('',(-18.728893019,23.696095836,111.600229805));
#7345=CARTESIAN_POINT('',(-18.485513296,23.388138548,111.639108497));
#7346=CARTESIAN_POINT('',(-18.072355493,22.865405059,111.772000014));
#7347=CARTESIAN_POINT('',(-17.900408995,22.647871557,111.848349297));
#7348=CARTESIAN_POINT('',(-17.732710327,22.435728053,111.944080747));
#7349=CARTESIAN_POINT('',(-18.965754581,24.006541687,111.599996317));
#7350=CARTESIAN_POINT('',(-18.722507279,23.698551187,111.600366327));
#7351=CARTESIAN_POINT('',(-18.479265977,23.390614696,111.639366272));
#7352=CARTESIAN_POINT('',(-18.066339536,22.867942031,111.772433957));
#7353=CARTESIAN_POINT('',(-17.894488181,22.650441861,111.848847226));
#7354=CARTESIAN_POINT('',(-17.726880366,22.438337983,111.944632033));
#7355=CARTESIAN_POINT('',(-18.961404432,24.008175384,111.599994108));
#7356=CARTESIAN_POINT('',(-18.718249368,23.700187246,111.600456582));
#7357=CARTESIAN_POINT('',(-18.475100299,23.392264692,111.639537338));
#7358=CARTESIAN_POINT('',(-18.062328021,22.869632676,111.77272243));
#7359=CARTESIAN_POINT('',(-17.890540063,22.652154764,111.849178341));
#7360=CARTESIAN_POINT('',(-17.722992787,22.44007733,111.944998707));
#7361=CARTESIAN_POINT('',(-18.948352172,24.013072962,111.599985284));
#7362=CARTESIAN_POINT('',(-18.705473797,23.705092289,111.6007251));
#7363=CARTESIAN_POINT('',(-18.4626014,23.397211891,111.640048208));
#7364=CARTESIAN_POINT('',(-18.050291572,22.874702342,111.773585336));
#7365=CARTESIAN_POINT('',(-17.878693791,22.657291397,111.850169079));
#7366=CARTESIAN_POINT('',(-17.711328123,22.445293466,111.946096015));
#7367=CARTESIAN_POINT('',(-18.93964786,24.016334302,111.599976466));
#7368=CARTESIAN_POINT('',(-18.69695375,23.708358948,111.600901079));
#7369=CARTESIAN_POINT('',(-18.454265606,23.400506942,111.640385659));
#7370=CARTESIAN_POINT('',(-18.042263767,22.878079441,111.774157324));
#7371=CARTESIAN_POINT('',(-17.870792646,22.660713282,111.850826231));
#7372=CARTESIAN_POINT('',(-17.703547939,22.448768465,111.946824158));
#7373=CARTESIAN_POINT('',(-18.913527663,24.026104322,111.599941272));
#7374=CARTESIAN_POINT('',(-18.671386247,23.718146439,111.601420075));
#7375=CARTESIAN_POINT('',(-18.429250763,23.410380978,111.64138874));
#7376=CARTESIAN_POINT('',(-18.018172727,22.888201683,111.775863267));
#7377=CARTESIAN_POINT('',(-17.847081525,22.670970656,111.852787287));
#7378=CARTESIAN_POINT('',(-17.680199643,22.459185855,111.948997773));
#7379=CARTESIAN_POINT('',(-18.896102991,24.03260279,111.599906136));
#7380=CARTESIAN_POINT('',(-18.654329266,23.724657924,111.601754003));
#7381=CARTESIAN_POINT('',(-18.412561456,23.416951314,111.642045003));
#7382=CARTESIAN_POINT('',(-18.002098057,22.894939104,111.776987487));
#7383=CARTESIAN_POINT('',(-17.831259643,22.677798729,111.854081339));
#7384=CARTESIAN_POINT('',(-17.664619202,22.466121054,111.950433312));
#7385=CARTESIAN_POINT('',(-18.843799899,24.052042633,111.599766182));
#7386=CARTESIAN_POINT('',(-18.603128824,23.744142812,111.602720398));
#7387=CARTESIAN_POINT('',(-18.362463592,23.436618172,111.643977047));
#7388=CARTESIAN_POINT('',(-17.95384341,22.915115372,111.780320355));
#7389=CARTESIAN_POINT('',(-17.783763087,22.698250018,111.8579222));
#7390=CARTESIAN_POINT('',(-17.617846734,22.486896372,111.954696949));
#7391=CARTESIAN_POINT('',(-18.808890394,24.064933395,111.599626815));
#7392=CARTESIAN_POINT('',(-18.568953005,23.757070752,111.603317298));
#7393=CARTESIAN_POINT('',(-18.329021407,23.449673772,111.645215975));
#7394=CARTESIAN_POINT('',(-17.921627768,22.928519964,111.782489609));
#7395=CARTESIAN_POINT('',(-17.752051939,22.711841427,111.860428445));
#7396=CARTESIAN_POINT('',(-17.586617509,22.500706752,111.957483249));
#7397=CARTESIAN_POINT('',(-18.704033525,24.103415069,111.599073605));
#7398=CARTESIAN_POINT('',(-18.466290421,23.795682493,111.604968203));
#7399=CARTESIAN_POINT('',(-18.228552971,23.488684539,111.648787713));
#7400=CARTESIAN_POINT('',(-17.824828119,22.968600842,111.78884288));
#7401=CARTESIAN_POINT('',(-17.656761461,22.752491094,111.867788592));
#7402=CARTESIAN_POINT('',(-17.492768919,22.542020224,111.965679459));
#7403=CARTESIAN_POINT('',(-18.633961868,24.12880539,111.598524773));
#7404=CARTESIAN_POINT('',(-18.397674265,23.821185972,111.605882861));
#7405=CARTESIAN_POINT('',(-18.161392228,23.514477227,111.650975786));
#7406=CARTESIAN_POINT('',(-17.760101448,22.995140812,111.792871676));
#7407=CARTESIAN_POINT('',(-17.593036219,22.779422626,111.872482492));
#7408=CARTESIAN_POINT('',(-17.430000736,22.569404674,111.970924349));
#7409=CARTESIAN_POINT('',(-18.423246083,24.204198399,111.596363394));
#7410=CARTESIAN_POINT('',(-18.191302771,23.896995368,111.608091921));
#7411=CARTESIAN_POINT('',(-17.959364761,23.591221444,111.656981787));
#7412=CARTESIAN_POINT('',(-17.565340583,23.074224683,111.804356404));
#7413=CARTESIAN_POINT('',(-17.40126548,22.859716779,111.88594323));
#7414=CARTESIAN_POINT('',(-17.241088468,22.651087334,111.986018264));
#7415=CARTESIAN_POINT('',(-18.282101184,24.253423211,111.594236287));
#7416=CARTESIAN_POINT('',(-18.053024434,23.946600328,111.608851688));
#7417=CARTESIAN_POINT('',(-17.823952816,23.641539215,111.660241744));
#7418=CARTESIAN_POINT('',(-17.434725528,23.126232636,111.811210871));
#7419=CARTESIAN_POINT('',(-17.272624951,22.912579043,111.894089285));
#7420=CARTESIAN_POINT('',(-17.114336639,22.704914942,111.995226694));
#7421=CARTESIAN_POINT('',(-17.856665136,24.398098728,111.585985938));
#7422=CARTESIAN_POINT('',(-17.63609851,24.092704296,111.609164847));
#7423=CARTESIAN_POINT('',(-17.415536527,23.790031249,111.667948358));
#7424=CARTESIAN_POINT('',(-17.040556212,23.280155822,111.829508597));
#7425=CARTESIAN_POINT('',(-16.884322036,23.069195378,111.916178373));
#7426=CARTESIAN_POINT('',(-16.73164846,22.864535252,112.02041915));
#7427=CARTESIAN_POINT('',(-17.570373352,24.490551824,111.577997987));
#7428=CARTESIAN_POINT('',(-17.355360547,24.186493738,111.606755842));
#7429=CARTESIAN_POINT('',(-17.140352082,23.885745567,111.670324986));
#7430=CARTESIAN_POINT('',(-16.774677843,23.379971659,111.838688632));
#7431=CARTESIAN_POINT('',(-16.622278243,23.170980233,111.927774488));
#7432=CARTESIAN_POINT('',(-16.473279232,22.968466633,112.033972246));
#7433=CARTESIAN_POINT('',(-16.70348323,24.756774953,111.547916028));
#7434=CARTESIAN_POINT('',(-16.504775328,24.457718189,111.592906582));
#7435=CARTESIAN_POINT('',(-16.306070931,24.163589099,111.670311496));
#7436=CARTESIAN_POINT('',(-15.967742089,23.671317396,111.858194353));
#7437=CARTESIAN_POINT('',(-15.826618053,23.468657312,111.954155649));
#7438=CARTESIAN_POINT('',(-15.688437416,23.272927334,112.065861594));
#7439=CARTESIAN_POINT('',(-16.114882387,24.919431777,111.519752532));
#7440=CARTESIAN_POINT('',(-15.926567171,24.625031493,111.574884585));
#7441=CARTESIAN_POINT('',(-15.738254993,24.33643969,111.660811181));
#7442=CARTESIAN_POINT('',(-15.417389609,23.85476355,111.860507874));
#7443=CARTESIAN_POINT('',(-15.283477164,23.65688878,111.960551638));
#7444=CARTESIAN_POINT('',(-15.152233864,23.466138639,112.075442506));
#7445=CARTESIAN_POINT('',(-14.915986774,25.219135314,111.452939237));
#7446=CARTESIAN_POINT('',(-14.747573435,24.93584012,111.52659358));
#7447=CARTESIAN_POINT('',(-14.579162346,24.659766616,111.627862309));
#7448=CARTESIAN_POINT('',(-14.291802494,24.201207102,111.848437482));
#7449=CARTESIAN_POINT('',(-14.171746407,24.013539196,111.955545692));
#7450=CARTESIAN_POINT('',(-14.053866772,23.833219707,112.075779417));
#7451=CARTESIAN_POINT('',(-14.305693825,25.356184638,111.414267436));
#7452=CARTESIAN_POINT('',(-14.146790693,25.079336872,111.496303905));
#7453=CARTESIAN_POINT('',(-13.98788949,24.810243419,111.604394415));
#7454=CARTESIAN_POINT('',(-13.716573356,24.364203639,111.834036264));
#7455=CARTESIAN_POINT('',(-13.603162695,24.181956826,111.94412723));
#7456=CARTESIAN_POINT('',(-13.491709987,24.007087779,112.066519546));
#7457=CARTESIAN_POINT('',(-13.373415837,25.545010643,111.351682031));
#7458=CARTESIAN_POINT('',(-13.228205815,25.278565493,111.444855547));
#7459=CARTESIAN_POINT('',(-13.082997321,25.02045984,111.56184578));
#7460=CARTESIAN_POINT('',(-12.834826317,24.593771606,111.803009725));
#7461=CARTESIAN_POINT('',(-12.73101677,24.419798003,111.916768177));
#7462=CARTESIAN_POINT('',(-12.628873789,24.253158335,112.041668307));
#7463=CARTESIAN_POINT('',(-13.059846678,25.605155077,111.330049163));
#7464=CARTESIAN_POINT('',(-12.919105931,25.342299789,111.426697445));
#7465=CARTESIAN_POINT('',(-12.778366594,25.08794354,111.546433673));
#7466=CARTESIAN_POINT('',(-12.537757679,24.667802075,111.791094349));
#7467=CARTESIAN_POINT('',(-12.43708752,24.496610209,111.905941731));
#7468=CARTESIAN_POINT('',(-12.337992848,24.332723011,112.031556877));
#7469=CARTESIAN_POINT('',(-12.681126601,25.673985229,111.303523822));
#7470=CARTESIAN_POINT('',(-12.545631136,25.415515161,111.404046322));
#7471=CARTESIAN_POINT('',(-12.410136952,25.165697845,111.526809417));
#7472=CARTESIAN_POINT('',(-12.178411913,24.75342692,111.775256812));
#7473=CARTESIAN_POINT('',(-12.081432652,24.585562516,111.891255057));
#7474=CARTESIAN_POINT('',(-11.985926538,24.424953651,112.017590091));
#7475=CARTESIAN_POINT('',(-12.618724325,25.685203845,111.299140399));
#7476=CARTESIAN_POINT('',(-12.484088224,25.427457925,111.400290881));
#7477=CARTESIAN_POINT('',(-12.349453382,25.17838883,111.523543398));
#7478=CARTESIAN_POINT('',(-12.119184128,24.767413566,111.77260069));
#7479=CARTESIAN_POINT('',(-12.022809779,24.600096394,111.888783277));
#7480=CARTESIAN_POINT('',(-11.927891961,24.440026222,112.015232305));
#7481=CARTESIAN_POINT('',(-12.5562047,25.69632242,111.294737748));
#7482=CARTESIAN_POINT('',(-12.422424751,25.439303237,111.396507101));
#7483=CARTESIAN_POINT('',(-12.288646041,25.190983783,111.520240742));
#7484=CARTESIAN_POINT('',(-12.059827418,24.781304958,111.769895232));
#7485=CARTESIAN_POINT('',(-11.96405593,24.614534826,111.886257312));
#7486=CARTESIAN_POINT('',(-11.869724568,24.455002719,112.01281602));
#7487=B_SPLINE_SURFACE_WITH_KNOTS('',3,3,((#7307,#7308,#7309,#7310,#7311,#7312),(#7313,#7314,#7315,#7316,#7317,#7318),(#7319,#7320,#7321,#7322,#7323,#7324),(#7325,#7326,#7327,#7328,#7329,#7330),(#7331,#7332,#7333,#7334,#7335,#7336),(#7337,#7338,#7339,#7340,#7341,#7342),(#7343,#7344,#7345,#7346,#7347,#7348),(#7349,#7350,#7351,#7352,#7353,#7354),(#7355,#7356,#7357,#7358,#7359,#7360),(#7361,#7362,#7363,#7364,#7365,#7366),(#7367,#7368,#7369,#7370,#7371,#7372),(#7373,#7374,#7375,#7376,#7377,#7378),(#7379,#7380,#7381,#7382,#7383,#7384),(#7385,#7386,#7387,#7388,#7389,#7390),(#7391,#7392,#7393,#7394,#7395,#7396),(#7397,#7398,#7399,#7400,#7401,#7402),(#7403,#7404,#7405,#7406,#7407,#7408),(#7409,#7410,#7411,#7412,#7413,#7414),(#7415,#7416,#7417,#7418,#7419,#7420),(#7421,#7422,#7423,#7424,#7425,#7426),(#7427,#7428,#7429,#7430,#7431,#7432),(#7433,#7434,#7435,#7436,#7437,#7438),(#7439,#7440,#7441,#7442,#7443,#7444),(#7445,#7446,#7447,#7448,#7449,#7450),(#7451,#7452,#7453,#7454,#7455,#7456),(#7457,#7458,#7459,#7460,#7461,#7462),
(#7463,#7464,#7465,#7466,#7467,#7468),(#7469,#7470,#7471,#7472,#7473,#7474),(#7475,#7476,#7477,#7478,#7479,#7480),(#7481,#7482,#7483,#7484,#7485,#7486)),.UNSPECIFIED.,.F.,.F.,.U.,(4,2,2,2,2,2,2,2,2,2,2,2,2,2,4),(4,2,4),(0.,0.000004101,0.000008201,0.000016403,0.000032805,0.000065611,0.000131222,0.000262444,0.000524887,0.001049775,0.002099549,0.004199099,0.006298648,0.007348423,0.007554999),(0.,0.125,0.216346841),.UNSPECIFIED.);
#7488=ORIENTED_EDGE('',*,*,#7301,.T.);
#7489=CARTESIAN_POINT('',(-18.983150423,24.,111.6));
#7490=CARTESIAN_POINT('',(-18.981194635,24.001546959,111.6));
#7491=CARTESIAN_POINT('',(-18.979238711,24.001472189,111.599999851));
#7492=CARTESIAN_POINT('',(-18.977282658,24.002207961,111.599999553));
#7493=CARTESIAN_POINT('',(-18.975326606,24.002943733,111.599999254));
#7494=CARTESIAN_POINT('',(-18.973370411,24.003679317,111.599998807));
#7495=CARTESIAN_POINT('',(-18.971414094,24.004414664,111.599998211));
#7496=CARTESIAN_POINT('',(-18.967501459,24.005885358,111.599997019));
#7497=CARTESIAN_POINT('',(-18.963588257,24.007355301,111.599995231));
#7498=CARTESIAN_POINT('',(-18.959674565,24.008824296,111.59999285));
#7499=CARTESIAN_POINT('',(-18.951847182,24.011762287,111.599988087));
#7500=CARTESIAN_POINT('',(-18.944017528,24.014697275,111.599980949));
#7501=CARTESIAN_POINT('',(-18.936185915,24.017628483,111.59997145));
#7502=CARTESIAN_POINT('',(-18.92052269,24.023490899,111.59995245));
#7503=CARTESIAN_POINT('',(-18.904850392,24.029341279,111.599923994));
#7504=CARTESIAN_POINT('',(-18.889170253,24.035176648,111.599886196));
#7505=CARTESIAN_POINT('',(-18.857809975,24.046847385,111.599810599));
#7506=CARTESIAN_POINT('',(-18.826413498,24.058469809,111.599697549));
#7507=CARTESIAN_POINT('',(-18.79498559,24.070033019,111.599547945));
#7508=CARTESIAN_POINT('',(-18.732129774,24.093159437,111.599248739));
#7509=CARTESIAN_POINT('',(-18.669141931,24.116064068,111.598803304));
#7510=CARTESIAN_POINT('',(-18.606015769,24.138765725,111.598217496));
#7511=CARTESIAN_POINT('',(-18.479763445,24.184169038,111.597045881));
#7512=CARTESIAN_POINT('',(-18.352970673,24.228729852,111.595313518));
#7513=CARTESIAN_POINT('',(-18.225637959,24.272475643,111.59306697));
#7514=CARTESIAN_POINT('',(-17.970972532,24.359967226,111.588573875));
#7515=CARTESIAN_POINT('',(-17.714147808,24.444199567,111.582026967));
#7516=CARTESIAN_POINT('',(-17.455162252,24.525382567,111.573760485));
#7517=CARTESIAN_POINT('',(-16.937191142,24.687748566,111.55722752));
#7518=CARTESIAN_POINT('',(-16.410584618,24.83793195,111.533850537));
#7519=CARTESIAN_POINT('',(-15.875238152,24.977443083,111.505807895));
#7520=CARTESIAN_POINT('',(-14.80454522,25.256465349,111.449722613));
#7521=CARTESIAN_POINT('',(-13.699045867,25.493071329,111.375216934));
#7522=CARTESIAN_POINT('',(-12.556248656,25.696315294,111.294740839));
#7523=B_SPLINE_CURVE_WITH_KNOTS('',3,(#7489,#7490,#7491,#7492,#7493,#7494,#7495,#7496,#7497,#7498,#7499,#7500,#7501,#7502,#7503,#7504,#7505,#7506,#7507,#7508,#7509,#7510,#7511,#7512,#7513,#7514,
#7515,#7516,#7517,#7518,#7519,#7520,#7521,#7522),.UNSPECIFIED.,.F.,.F.,(4,3,3,3,3,3,3,3,3,3,3,4),(0.,0.000007378,0.000014756,0.000029512,0.000059023,0.000118047,0.000236094,0.000472187,0.000944375,0.00188875,0.0037775,0.007554999),.UNSPECIFIED.);
#7524=EDGE_CURVE('',#3218,#2299,#7523,.T.);
#7525=ORIENTED_EDGE('',*,*,#7524,.T.);
#7526=ORIENTED_EDGE('',*,*,#2311,.F.);
#7527=EDGE_LOOP('',(#7488,#7525,#7526));
#7528=FACE_BOUND('',#7527,.T.);
#7529=ADVANCED_FACE('',(#7528),#7487,.T.);
#7530=CARTESIAN_POINT('',(17.742424608,22.431376304,111.943159293));
#7531=CARTESIAN_POINT('',(17.910274741,22.643585717,111.847516847));
#7532=CARTESIAN_POINT('',(18.082379861,22.861174619,111.771274278));
#7533=CARTESIAN_POINT('',(18.495923393,23.384009056,111.638676527));
#7534=CARTESIAN_POINT('',(18.739533896,23.69200072,111.6));
#7535=CARTESIAN_POINT('',(18.983150423,24.,111.6));
#7536=CARTESIAN_POINT('',(17.741296359,22.432268709,111.943159293));
#7537=CARTESIAN_POINT('',(17.909135819,22.644486564,111.847516847));
#7538=CARTESIAN_POINT('',(18.081229994,22.862084123,111.771274278));
#7539=CARTESIAN_POINT('',(18.494747228,23.384939361,111.638676527));
#7540=CARTESIAN_POINT('',(18.738342241,23.692943278,111.6));
#7541=CARTESIAN_POINT('',(18.981943276,24.000954811,111.6));
#7542=CARTESIAN_POINT('',(17.740267292,22.432343058,111.943364284));
#7543=CARTESIAN_POINT('',(17.908083785,22.644537856,111.847702056));
#7544=CARTESIAN_POINT('',(18.080153675,22.86211448,111.771435773));
#7545=CARTESIAN_POINT('',(18.493611536,23.384926564,111.638772753));
#7546=CARTESIAN_POINT('',(18.737170783,23.692910639,111.600051315));
#7547=CARTESIAN_POINT('',(18.98073605,24.000908776,111.599999943));
#7548=CARTESIAN_POINT('',(17.738109877,22.433309661,111.943569056));
#7549=CARTESIAN_POINT('',(17.905892727,22.645489825,111.847887057));
#7550=CARTESIAN_POINT('',(18.077927383,22.86305415,111.771597071));
#7551=CARTESIAN_POINT('',(18.491299566,23.38584383,111.6388688));
#7552=CARTESIAN_POINT('',(18.734807551,23.693820281,111.600102458));
#7553=CARTESIAN_POINT('',(18.978321554,24.00181724,111.599999716));
#7554=CARTESIAN_POINT('',(17.737030856,22.43379294,111.943671422));
#7555=CARTESIAN_POINT('',(17.904796906,22.645965807,111.847979522));
#7556=CARTESIAN_POINT('',(18.076813969,22.863524005,111.771677672));
#7557=CARTESIAN_POINT('',(18.490143372,23.386302534,111.638916758));
#7558=CARTESIAN_POINT('',(18.733625763,23.694275203,111.600127963));
#7559=CARTESIAN_POINT('',(18.97711417,24.002271599,111.599999545));
#7560=CARTESIAN_POINT('',(17.733794368,22.435242557,111.943978173));
#7561=CARTESIAN_POINT('',(17.901509959,22.647393455,111.848256629));
#7562=CARTESIAN_POINT('',(18.073474182,22.864933182,111.771919233));
#7563=CARTESIAN_POINT('',(18.486675087,23.38767804,111.639060466));
#7564=CARTESIAN_POINT('',(18.730080599,23.69563923,111.600204327));
#7565=CARTESIAN_POINT('',(18.973492122,24.00363381,111.599998864));
#7566=CARTESIAN_POINT('',(17.731635457,22.436208876,111.944182597));
#7567=CARTESIAN_POINT('',(17.899317496,22.64834521,111.848441222));
#7568=CARTESIAN_POINT('',(18.071246585,22.865872711,111.772080082));
#7569=CARTESIAN_POINT('',(18.484362062,23.388595328,111.639156011));
#7570=CARTESIAN_POINT('',(18.727716468,23.696548983,111.600254974));
#7571=CARTESIAN_POINT('',(18.971076884,24.004542459,111.599998181));
#7572=CARTESIAN_POINT('',(17.725161014,22.439106964,111.944794474));
#7573=CARTESIAN_POINT('',(17.892742168,22.65119928,111.848993856));
#7574=CARTESIAN_POINT('',(18.064565608,22.868689745,111.772561668));
#7575=CARTESIAN_POINT('',(18.477424174,23.391344768,111.639441981));
#7576=CARTESIAN_POINT('',(18.720624874,23.699275293,111.600406303));
#7577=CARTESIAN_POINT('',(18.963831574,24.007264939,111.599995457));
#7578=CARTESIAN_POINT('',(17.720845084,22.441038131,111.945201052));
#7579=CARTESIAN_POINT('',(17.888358892,22.653100918,111.849361067));
#7580=CARTESIAN_POINT('',(18.060111804,22.870566495,111.772881617));
#7581=CARTESIAN_POINT('',(18.472798857,23.393175956,111.639631693));
#7582=CARTESIAN_POINT('',(18.715896938,23.70109075,111.600506298));
#7583=CARTESIAN_POINT('',(18.959001009,24.009077522,111.599992736));
#7584=CARTESIAN_POINT('',(17.707890333,22.446829726,111.94641832));
#7585=CARTESIAN_POINT('',(17.87520249,22.658804164,111.850460025));
#7586=CARTESIAN_POINT('',(18.046744237,22.8761953,111.773838651));
#7587=CARTESIAN_POINT('',(18.458917809,23.39866856,111.640197866));
#7588=CARTESIAN_POINT('',(18.701708688,23.706536403,111.600803377));
#7589=CARTESIAN_POINT('',(18.944505538,24.014514729,111.599981857));
#7590=CARTESIAN_POINT('',(17.699249923,22.450687735,111.947225511));
#7591=CARTESIAN_POINT('',(17.866427726,22.662603065,111.851188462));
#7592=CARTESIAN_POINT('',(18.037828787,22.879944327,111.774472585));
#7593=CARTESIAN_POINT('',(18.449660261,23.402326113,111.640571473));
#7594=CARTESIAN_POINT('',(18.69224648,23.710162195,111.600997715));
#7595=CARTESIAN_POINT('',(18.934838657,24.018134368,111.59997099));
#7596=CARTESIAN_POINT('',(17.673316965,22.462252607,111.949634168));
#7597=CARTESIAN_POINT('',(17.840091946,22.673989993,111.853361216));
#7598=CARTESIAN_POINT('',(18.011071214,22.891180897,111.776362172));
#7599=CARTESIAN_POINT('',(18.421877074,23.413286249,111.64168083));
#7600=CARTESIAN_POINT('',(18.663849732,23.721025676,111.601569648));
#7601=CARTESIAN_POINT('',(18.90582831,24.028977824,111.599927617));
#7602=CARTESIAN_POINT('',(17.656012687,22.469950313,111.951222719));
#7603=CARTESIAN_POINT('',(17.822519441,22.681568245,111.854792977));
#7604=CARTESIAN_POINT('',(17.993217872,22.898657929,111.777605612));
#7605=CARTESIAN_POINT('',(18.403340889,23.42057631,111.642405116));
#7606=CARTESIAN_POINT('',(18.644905069,23.728249467,111.601936163));
#7607=CARTESIAN_POINT('',(18.886475143,24.036186183,111.59988434));
#7608=CARTESIAN_POINT('',(17.604052928,22.493006877,111.955937086));
#7609=CARTESIAN_POINT('',(17.769755964,22.704263995,111.859038427));
#7610=CARTESIAN_POINT('',(17.939612961,22.921047106,111.781287485));
#7611=CARTESIAN_POINT('',(18.34769016,23.442396608,111.644532584));
#7612=CARTESIAN_POINT('',(18.588030595,23.749865516,111.602991902));
#7613=CARTESIAN_POINT('',(18.828376848,24.057749737,111.599711983));
#7614=CARTESIAN_POINT('',(17.569350517,22.508329181,111.959011618));
#7615=CARTESIAN_POINT('',(17.734519029,22.719342492,111.861802282));
#7616=CARTESIAN_POINT('',(17.903816505,22.935917336,111.783677475));
#7617=CARTESIAN_POINT('',(18.310533438,23.456876968,111.645890379));
#7618=CARTESIAN_POINT('',(18.550060299,23.76420245,111.603637318));
#7619=CARTESIAN_POINT('',(18.789592926,24.072043411,111.599540382));
#7620=CARTESIAN_POINT('',(17.465055523,22.554150394,111.968033041));
#7621=CARTESIAN_POINT('',(17.62862434,22.764422726,111.869897599));
#7622=CARTESIAN_POINT('',(17.796247582,22.980361376,111.790656907));
#7623=CARTESIAN_POINT('',(18.198894604,23.500120186,111.649785906));
#7624=CARTESIAN_POINT('',(18.435987534,23.806994021,111.605402368));
#7625=CARTESIAN_POINT('',(18.673086079,24.114680821,111.598859918));
#7626=CARTESIAN_POINT('',(17.395275146,22.584503616,111.973777782));
#7627=CARTESIAN_POINT('',(17.557782676,22.794269219,111.875032832));
#7628=CARTESIAN_POINT('',(17.724295536,23.009768551,111.795055831));
#7629=CARTESIAN_POINT('',(18.12424381,23.528685208,111.652145805));
#7630=CARTESIAN_POINT('',(18.359723183,23.835229451,111.606350829));
#7631=CARTESIAN_POINT('',(18.595208071,24.142780973,111.598185428));
#7632=CARTESIAN_POINT('',(17.18518254,22.674984372,111.990226463));
#7633=CARTESIAN_POINT('',(17.344521869,22.883193452,111.889677556));
#7634=CARTESIAN_POINT('',(17.507721036,23.09733133,111.807515638));
#7635=CARTESIAN_POINT('',(17.899616967,23.613601902,111.658542731));
#7636=CARTESIAN_POINT('',(18.130283039,23.919075133,111.608542642));
#7637=CARTESIAN_POINT('',(18.360954338,24.226126615,111.595533656));
#7638=CARTESIAN_POINT('',(17.044118727,22.734533123,112.00014511));
#7639=CARTESIAN_POINT('',(17.201366822,22.94165608,111.898426341));
#7640=CARTESIAN_POINT('',(17.362380154,23.15482833,111.814839849));
#7641=CARTESIAN_POINT('',(17.748966437,23.669175368,111.661897356));
#7642=CARTESIAN_POINT('',(17.976460173,23.973824946,111.60913284));
#7643=CARTESIAN_POINT('',(18.203958949,24.280417465,111.592928545));
#7644=CARTESIAN_POINT('',(16.617919258,22.910890072,112.026935152));
#7645=CARTESIAN_POINT('',(16.76895697,23.114624477,111.921811172));
#7646=CARTESIAN_POINT('',(16.923483281,23.324742491,111.834055299));
#7647=CARTESIAN_POINT('',(17.294317743,23.832882408,111.669445865));
#7648=CARTESIAN_POINT('',(17.512404824,24.134758324,111.608523571));
#7649=CARTESIAN_POINT('',(17.73049641,24.439624102,111.582857313));
#7650=CARTESIAN_POINT('',(16.329775319,23.025410704,112.04084335));
#7651=CARTESIAN_POINT('',(16.476757369,23.226712578,111.933588769));
#7652=CARTESIAN_POINT('',(16.627053155,23.4345847,111.843192867));
#7653=CARTESIAN_POINT('',(16.987623019,23.938004629,111.67112906));
#7654=CARTESIAN_POINT('',(17.19958641,24.237627869,111.604949695));
#7655=CARTESIAN_POINT('',(17.411553982,24.54087598,111.573141603));
#7656=CARTESIAN_POINT('',(15.453310783,23.359958959,112.071998446));
#7657=CARTESIAN_POINT('',(15.588377877,23.553562209,111.958805008));
#7658=CARTESIAN_POINT('',(15.726262095,23.754199114,111.860957119));
#7659=CARTESIAN_POINT('',(16.056741053,24.242047582,111.667655816));
#7660=CARTESIAN_POINT('',(16.250770732,24.533912855,111.58636894));
#7661=CARTESIAN_POINT('',(16.444803695,24.831127609,111.536783922));
#7662=CARTESIAN_POINT('',(14.852964073,23.570995579,112.078693438));
#7663=CARTESIAN_POINT('',(14.980425481,23.758933803,111.962149897));
#7664=CARTESIAN_POINT('',(15.110410348,23.954085961,111.859964189));
#7665=CARTESIAN_POINT('',(15.42177002,24.429676076,111.65402155));
#7666=CARTESIAN_POINT('',(15.604429533,24.715038481,111.563558755));
#7667=CARTESIAN_POINT('',(15.787091842,25.006658714,111.502999229));
#7668=CARTESIAN_POINT('',(13.620173541,23.969200003,112.070027466));
#7669=CARTESIAN_POINT('',(13.733037617,24.145341928,111.948048964));
#7670=CARTESIAN_POINT('',(13.847904854,24.32886778,111.838553339));
#7671=CARTESIAN_POINT('',(14.122733695,24.777896654,111.610765308));
#7672=CARTESIAN_POINT('',(14.283714095,25.048685182,111.504096831));
#7673=CARTESIAN_POINT('',(14.444696486,25.327133871,111.423832275));
#7674=CARTESIAN_POINT('',(12.987740639,24.156366036,112.054641147));
#7675=CARTESIAN_POINT('',(13.093612158,24.326377176,111.930576706));
#7676=CARTESIAN_POINT('',(13.201260116,24.503762089,111.818107699));
#7677=CARTESIAN_POINT('',(13.458674916,24.938489934,111.58111224));
#7678=CARTESIAN_POINT('',(13.609344828,25.201208838,111.467411788));
#7679=CARTESIAN_POINT('',(13.760016412,25.472082267,111.378414465));
#7680=CARTESIAN_POINT('',(12.183583709,24.373237518,112.025465052));
#7681=CARTESIAN_POINT('',(12.281102787,24.535686552,111.899531668));
#7682=CARTESIAN_POINT('',(12.38015233,24.705418989,111.784176711));
#7683=CARTESIAN_POINT('',(12.616860352,25.122109211,111.537847831));
#7684=CARTESIAN_POINT('',(12.75529646,25.374475752,111.416779219));
#7685=CARTESIAN_POINT('',(12.893733919,25.635409478,111.318426448));
#7686=CARTESIAN_POINT('',(12.02714402,24.414471504,112.019354769));
#7687=CARTESIAN_POINT('',(12.123062535,24.575459832,111.893092965));
#7688=CARTESIAN_POINT('',(12.220465575,24.743710475,111.777216736));
#7689=CARTESIAN_POINT('',(12.453210109,25.156897981,111.529178685));
#7690=CARTESIAN_POINT('',(12.589305811,25.407246265,111.406747274));
#7691=CARTESIAN_POINT('',(12.725402805,25.66623228,111.306652958));
#7692=CARTESIAN_POINT('',(11.869765849,24.454993397,112.012817884));
#7693=CARTESIAN_POINT('',(11.964097608,24.614525893,111.886259263));
#7694=CARTESIAN_POINT('',(12.059869502,24.781296427,111.76989732));
#7695=CARTESIAN_POINT('',(12.288689102,25.190976213,111.520243278));
#7696=CARTESIAN_POINT('',(12.422468388,25.43929623,111.396509995));
#7697=CARTESIAN_POINT('',(12.556248911,25.696315965,111.2947411));
#7698=B_SPLINE_SURFACE_WITH_KNOTS('',3,3,((#7530,#7531,#7532,#7533,#7534,#7535),(#7536,#7537,#7538,#7539,#7540,#7541),(#7542,#7543,#7544,#7545,#7546,#7547),(#7548,#7549,#7550,#7551,#7552,#7553),(#7554,#7555,#7556,#7557,#7558,#7559),(#7560,#7561,#7562,#7563,#7564,#7565),(#7566,#7567,#7568,#7569,#7570,#7571),(#7572,#7573,#7574,#7575,#7576,#7577),(#7578,#7579,#7580,#7581,#7582,#7583),(#7584,#7585,#7586,#7587,#7588,#7589),(#7590,#7591,#7592,#7593,#7594,#7595),(#7596,#7597,#7598,#7599,#7600,#7601),(#7602,#7603,#7604,#7605,#7606,#7607),(#7608,#7609,#7610,#7611,#7612,#7613),(#7614,#7615,#7616,#7617,#7618,#7619),(#7620,#7621,#7622,#7623,#7624,#7625),(#7626,#7627,#7628,#7629,#7630,#7631),(#7632,#7633,#7634,#7635,#7636,#7637),(#7638,#7639,#7640,#7641,#7642,#7643),(#7644,#7645,#7646,#7647,#7648,#7649),(#7650,#7651,#7652,#7653,#7654,#7655),(#7656,#7657,#7658,#7659,#7660,#7661),(#7662,#7663,#7664,#7665,#7666,#7667),(#7668,#7669,#7670,#7671,#7672,#7673),(#7674,#7675,#7676,#7677,#7678,#7679),(#7680,#7681,#7682,#7683,#7684,#7685),
(#7686,#7687,#7688,#7689,#7690,#7691),(#7692,#7693,#7694,#7695,#7696,#7697)),.UNSPECIFIED.,.F.,.F.,.U.,(4,2,2,2,2,2,2,2,2,2,2,2,2,4),(4,2,4),(0.041719643,0.041724208,0.041728774,0.041737904,0.041756165,0.041792687,0.041865731,0.042011819,0.042303995,0.042888347,0.044057051,0.046394459,0.048731867,0.049292235),(0.783653159,0.875,1.),.UNSPECIFIED.);
#7699=CARTESIAN_POINT('',(17.742421638,22.431372549,111.943145751));
#7700=VERTEX_POINT('',#7699);
#7701=CARTESIAN_POINT('',(12.556248656,25.696315294,111.294740839));
#7702=CARTESIAN_POINT('',(13.010790989,25.474207708,111.382686138));
#7703=CARTESIAN_POINT('',(13.460933987,25.239331175,111.466629807));
#7704=CARTESIAN_POINT('',(13.906992358,24.991109691,111.543611673));
#7705=CARTESIAN_POINT('',(14.130021543,24.866998948,111.582102605));
#7706=CARTESIAN_POINT('',(14.3520293,24.739548052,111.618846021));
#7707=CARTESIAN_POINT('',(14.573054091,24.608658932,111.653419815));
#7708=CARTESIAN_POINT('',(14.794078883,24.477769812,111.687993609));
#7709=CARTESIAN_POINT('',(15.014290269,24.343320155,111.720411022));
#7710=CARTESIAN_POINT('',(15.231972486,24.206342437,111.7499907));
#7711=CARTESIAN_POINT('',(16.102701354,23.658431567,111.868309411));
#7712=CARTESIAN_POINT('',(16.939102187,23.0667698,111.943145684));
#7713=CARTESIAN_POINT('',(17.742421638,22.431372549,111.943145751));
#7714=B_SPLINE_CURVE_WITH_KNOTS('',3,(#7701,#7702,#7703,#7704,#7705,#7706,#7707,#7708,#7709,#7710,#7711,#7712,#7713),.UNSPECIFIED.,.F.,.F.,(4,3,3,3,4),(0.0068088,0.008345403,0.009113704,0.009882005,0.012955211),.UNSPECIFIED.);
#7715=EDGE_CURVE('',#2412,#7700,#7714,.T.);
#7716=ORIENTED_EDGE('',*,*,#7715,.F.);
#7717=ORIENTED_EDGE('',*,*,#2493,.T.);
#7718=CARTESIAN_POINT('',(18.983150423,24.,117.6));
#7719=DIRECTION('',(-0.784313725,0.620364393,-0.));
#7720=DIRECTION('',(0.620364393,0.784313725,0.));
#7721=AXIS2_PLACEMENT_3D('',#7718,#7719,#7720);
#7722=CIRCLE('',#7721,6.);
#7723=EDGE_CURVE('',#2444,#7700,#7722,.T.);
#7724=ORIENTED_EDGE('',*,*,#7723,.T.);
#7725=EDGE_LOOP('',(#7716,#7717,#7724));
#7726=FACE_BOUND('',#7725,.T.);
#7727=ADVANCED_FACE('',(#7726),#7698,.T.);
#7728=CARTESIAN_POINT('',(0.,0.,117.6));
#7729=DIRECTION('',(0.,0.,1.));
#7730=DIRECTION('',(1.,0.,-0.));
#7731=AXIS2_PLACEMENT_3D('',#7728,#7729,#7730);
#7732=TOROIDAL_SURFACE('',#7731,30.6,6.);
#7733=ORIENTED_EDGE('',*,*,#7723,.F.);
#7734=CARTESIAN_POINT('',(0.,0.,111.6));
#7735=DIRECTION('',(-0.,-0.,-1.));
#7736=DIRECTION('',(1.,0.,-0.));
#7737=AXIS2_PLACEMENT_3D('',#7734,#7735,#7736);
#7738=CIRCLE('',#7737,30.6);
#7739=EDGE_CURVE('',#2444,#7103,#7738,.T.);
#7740=ORIENTED_EDGE('',*,*,#7739,.T.);
#7741=ORIENTED_EDGE('',*,*,#7111,.T.);
#7742=CARTESIAN_POINT('',(0.,0.,111.943145751));
#7743=DIRECTION('',(-0.,-0.,-1.));
#7744=DIRECTION('',(1.,0.,-0.));
#7745=AXIS2_PLACEMENT_3D('',#7742,#7743,#7744);
#7746=CIRCLE('',#7745,28.6);
#7747=EDGE_CURVE('',#7700,#7105,#7746,.T.);
#7748=ORIENTED_EDGE('',*,*,#7747,.F.);
#7749=EDGE_LOOP('',(#7733,#7740,#7741,#7748));
#7750=FACE_BOUND('',#7749,.T.);
#7751=ADVANCED_FACE('',(#7750),#7732,.T.);
#7752=CARTESIAN_POINT('',(-18.98,28.,107.6));
#7753=CARTESIAN_POINT('',(-16.476653589,28.,107.6));
#7754=CARTESIAN_POINT('',(-13.973307178,28.,107.6));
#7755=CARTESIAN_POINT('',(-11.469960767,28.,107.6));
#7756=CARTESIAN_POINT('',(-18.98,28.,107.888141477));
#7757=CARTESIAN_POINT('',(-16.476653589,28.,107.888141477));
#7758=CARTESIAN_POINT('',(-13.973307178,28.,107.888141477));
#7759=CARTESIAN_POINT('',(-11.469960767,28.,107.888141477));
#7760=CARTESIAN_POINT('',(-18.98,27.976968428,108.172296192));
#7761=CARTESIAN_POINT('',(-16.476653589,27.976968428,108.172296192));
#7762=CARTESIAN_POINT('',(-13.973307178,27.976968428,108.172296192));
#7763=CARTESIAN_POINT('',(-11.469960767,27.976968428,108.172296192));
#7764=CARTESIAN_POINT('',(-18.98,27.930227304,108.446001961));
#7765=CARTESIAN_POINT('',(-16.476653589,27.930227304,108.446001961));
#7766=CARTESIAN_POINT('',(-13.973307178,27.930227304,108.446001961));
#7767=CARTESIAN_POINT('',(-11.469960767,27.930227304,108.446001961));
#7768=CARTESIAN_POINT('',(-18.98,27.883486179,108.719707729));
#7769=CARTESIAN_POINT('',(-16.476653589,27.883486179,108.719707729));
#7770=CARTESIAN_POINT('',(-13.973307178,27.883486179,108.719707729));
#7771=CARTESIAN_POINT('',(-11.469960767,27.883486179,108.719707729));
#7772=CARTESIAN_POINT('',(-18.98,27.81308087,108.982862979));
#7773=CARTESIAN_POINT('',(-16.476653589,27.81308087,108.982862979));
#7774=CARTESIAN_POINT('',(-13.973307178,27.81308087,108.982862979));
#7775=CARTESIAN_POINT('',(-11.469960767,27.81308087,108.982862979));
#7776=CARTESIAN_POINT('',(-18.98,27.720164477,109.230385219));
#7777=CARTESIAN_POINT('',(-16.476653589,27.720164477,109.230385219));
#7778=CARTESIAN_POINT('',(-13.973307178,27.720164477,109.230385219));
#7779=CARTESIAN_POINT('',(-11.469960767,27.720164477,109.230385219));
#7780=CARTESIAN_POINT('',(-18.98,27.534331693,109.725429699));
#7781=CARTESIAN_POINT('',(-16.476653589,27.534331693,109.725429699));
#7782=CARTESIAN_POINT('',(-13.973307178,27.534331693,109.725429699));
#7783=CARTESIAN_POINT('',(-11.469960767,27.534331693,109.725429699));
#7784=CARTESIAN_POINT('',(-18.98,27.259383155,110.156172619));
#7785=CARTESIAN_POINT('',(-16.476653589,27.259383155,110.156172619));
#7786=CARTESIAN_POINT('',(-13.973307178,27.259383155,110.156172619));
#7787=CARTESIAN_POINT('',(-11.469960767,27.259383155,110.156172619));
#7788=CARTESIAN_POINT('',(-18.98,26.907777887,110.507777887));
#7789=CARTESIAN_POINT('',(-16.476653589,26.907777887,110.507777887));
#7790=CARTESIAN_POINT('',(-13.973307178,26.907777887,110.507777887));
#7791=CARTESIAN_POINT('',(-11.469960767,26.907777887,110.507777887));
#7792=CARTESIAN_POINT('',(-18.98,26.556172619,110.859383155));
#7793=CARTESIAN_POINT('',(-16.476653589,26.556172619,110.859383155));
#7794=CARTESIAN_POINT('',(-13.973307178,26.556172619,110.859383155));
#7795=CARTESIAN_POINT('',(-11.469960767,26.556172619,110.859383155));
#7796=CARTESIAN_POINT('',(-18.98,26.125429699,111.134331693));
#7797=CARTESIAN_POINT('',(-16.476653589,26.125429699,111.134331693));
#7798=CARTESIAN_POINT('',(-13.973307178,26.125429699,111.134331693));
#7799=CARTESIAN_POINT('',(-11.469960767,26.125429699,111.134331693));
#7800=CARTESIAN_POINT('',(-18.98,25.630385219,111.320164477));
#7801=CARTESIAN_POINT('',(-16.476653589,25.630385219,111.320164477));
#7802=CARTESIAN_POINT('',(-13.973307178,25.630385219,111.320164477));
#7803=CARTESIAN_POINT('',(-11.469960767,25.630385219,111.320164477));
#7804=CARTESIAN_POINT('',(-18.98,25.382862979,111.41308087));
#7805=CARTESIAN_POINT('',(-16.476653589,25.382862979,111.41308087));
#7806=CARTESIAN_POINT('',(-13.973307178,25.382862979,111.41308087));
#7807=CARTESIAN_POINT('',(-11.469960767,25.382862979,111.41308087));
#7808=CARTESIAN_POINT('',(-18.98,25.119707729,111.483486179));
#7809=CARTESIAN_POINT('',(-16.476653589,25.119707729,111.483486179));
#7810=CARTESIAN_POINT('',(-13.973307178,25.119707729,111.483486179));
#7811=CARTESIAN_POINT('',(-11.469960767,25.119707729,111.483486179));
#7812=CARTESIAN_POINT('',(-18.98,24.846001961,111.530227304));
#7813=CARTESIAN_POINT('',(-16.476653589,24.846001961,111.530227304));
#7814=CARTESIAN_POINT('',(-13.973307178,24.846001961,111.530227304));
#7815=CARTESIAN_POINT('',(-11.469960767,24.846001961,111.530227304));
#7816=CARTESIAN_POINT('',(-18.98,24.572760296,111.576889172));
#7817=CARTESIAN_POINT('',(-16.476653589,24.572760296,111.576889172));
#7818=CARTESIAN_POINT('',(-13.973307178,24.572760296,111.576889172));
#7819=CARTESIAN_POINT('',(-11.469960767,24.572760296,111.576889172));
#7820=CARTESIAN_POINT('',(-18.98,24.289105088,111.599921826));
#7821=CARTESIAN_POINT('',(-16.476653589,24.289105088,111.599921826));
#7822=CARTESIAN_POINT('',(-13.973307178,24.289105088,111.599921826));
#7823=CARTESIAN_POINT('',(-11.469960767,24.289105088,111.599921826));
#7824=CARTESIAN_POINT('',(-18.98,24.001465708,111.599999801));
#7825=CARTESIAN_POINT('',(-16.476653589,24.001465708,111.599999801));
#7826=CARTESIAN_POINT('',(-13.973307178,24.001465708,111.599999801));
#7827=CARTESIAN_POINT('',(-11.469960767,24.001465708,111.599999801));
#7828=B_SPLINE_SURFACE_WITH_KNOTS('',3,3,((#7752,#7753,#7754,#7755),(#7756,#7757,#7758,#7759),(#7760,#7761,#7762,#7763),(#7764,#7765,#7766,#7767),(#7768,#7769,#7770,#7771),(#7772,#7773,#7774,#7775),(#7776,#7777,#7778,#7779),(#7780,#7781,#7782,#7783),(#7784,#7785,#7786,#7787),(#7788,#7789,#7790,#7791),(#7792,#7793,#7794,#7795),(#7796,#7797,#7798,#7799),(#7800,#7801,#7802,#7803),(#7804,#7805,#7806,#7807),(#7808,#7809,#7810,#7811),(#7812,#7813,#7814,#7815),(#7816,#7817,#7818,#7819),(#7820,#7821,#7822,#7823),(#7824,#7825,#7826,#7827)),.UNSPECIFIED.,.F.,.F.,.U.,(4,3,3,3,3,3,4),(4,4),(0.,0.125,0.25,0.5,0.75,0.875,0.999788046),(-0.01898,-0.011469961),.UNSPECIFIED.);
#7829=ORIENTED_EDGE('',*,*,#2318,.F.);
#7830=ORIENTED_EDGE('',*,*,#7524,.F.);
#7831=ORIENTED_EDGE('',*,*,#3254,.T.);
#7832=ORIENTED_EDGE('',*,*,#1797,.T.);
#7833=ORIENTED_EDGE('',*,*,#2227,.T.);
#7834=EDGE_LOOP('',(#7829,#7830,#7831,#7832,#7833));
#7835=FACE_BOUND('',#7834,.T.);
#7836=ADVANCED_FACE('',(#7835),#7828,.F.);
#7837=CARTESIAN_POINT('',(11.50686371,26.18830502,111.058072337));
#7838=CARTESIAN_POINT('',(11.506824939,26.188311361,111.058067863));
#7839=CARTESIAN_POINT('',(11.506786168,26.188317702,111.058063389));
#7840=CARTESIAN_POINT('',(11.506747397,26.188324043,111.058058915));
#7841=CARTESIAN_POINT('',(11.292752195,26.222029564,111.034111406));
#7842=CARTESIAN_POINT('',(11.076372873,26.254892473,111.012450028));
#7843=CARTESIAN_POINT('',(10.8577048,26.286890187,110.992880347));
#7844=CARTESIAN_POINT('',(10.639033789,26.318887876,110.973310686));
#7845=CARTESIAN_POINT('',(10.418146775,26.350021228,110.955833125));
#7846=CARTESIAN_POINT('',(10.195145906,26.380265204,110.94025184));
#7847=CARTESIAN_POINT('',(9.972146367,26.41050919,110.924670522));
#7848=CARTESIAN_POINT('',(9.747096506,26.439864264,110.910983926));
#7849=CARTESIAN_POINT('',(9.520102568,26.468302776,110.898991946));
#7850=CARTESIAN_POINT('',(9.293109893,26.496741298,110.886999914));
#7851=CARTESIAN_POINT('',(9.064223644,26.524263593,110.876700431));
#7852=CARTESIAN_POINT('',(8.833555753,26.550840149,110.867889219));
#7853=CARTESIAN_POINT('',(8.602889137,26.577416713,110.859077939));
#7854=CARTESIAN_POINT('',(8.370479182,26.603047761,110.851752832));
#7855=CARTESIAN_POINT('',(8.136445151,26.627702653,110.845706203));
#7856=CARTESIAN_POINT('',(7.902412452,26.652357554,110.83965949));
#7857=CARTESIAN_POINT('',(7.666782138,26.676036426,110.834889484));
#7858=CARTESIAN_POINT('',(7.429682348,26.698708238,110.831186507));
#7859=CARTESIAN_POINT('',(7.192584005,26.721380059,110.82748343));
#7860=CARTESIAN_POINT('',(6.954028265,26.743045062,110.824846199));
#7861=CARTESIAN_POINT('',(6.714165904,26.763671555,110.823065375));
#7862=CARTESIAN_POINT('',(6.500026433,26.782086169,110.82147543));
#7863=CARTESIAN_POINT('',(6.284845141,26.799673351,110.82056764));
#7864=CARTESIAN_POINT('',(6.068716886,26.816412879,110.820195222));
#7865=CARTESIAN_POINT('',(11.504145242,26.454816147,110.904420359));
#7866=CARTESIAN_POINT('',(11.504106353,26.454821634,110.904415675));
#7867=CARTESIAN_POINT('',(11.504067464,26.454827121,110.904410991));
#7868=CARTESIAN_POINT('',(11.504028575,26.454832608,110.904406307));
#7869=CARTESIAN_POINT('',(11.288990875,26.48398248,110.87934992));
#7870=CARTESIAN_POINT('',(11.071626133,26.512377771,110.856717383));
#7871=CARTESIAN_POINT('',(10.852039194,26.540003347,110.836299464));
#7872=CARTESIAN_POINT('',(10.632449214,26.567628897,110.81588157));
#7873=CARTESIAN_POINT('',(10.410709725,26.594485535,110.797678646));
#7874=CARTESIAN_POINT('',(10.186929781,26.62055564,110.781480342));
#7875=CARTESIAN_POINT('',(9.963151141,26.646625756,110.765282003));
#7876=CARTESIAN_POINT('',(9.737395695,26.67190983,110.751086621));
#7877=CARTESIAN_POINT('',(9.509774004,26.696387782,110.73867968));
#7878=CARTESIAN_POINT('',(9.282153561,26.720865743,110.726272686));
#7879=CARTESIAN_POINT('',(9.052717643,26.744537936,110.715651978));
#7880=CARTESIAN_POINT('',(8.821580221,26.767382474,110.706599057));
#7881=CARTESIAN_POINT('',(8.590444068,26.79022702,110.697546066));
#7882=CARTESIAN_POINT('',(8.357645076,26.81224415,110.690058691));
#7883=CARTESIAN_POINT('',(8.123302522,26.833410805,110.683915268));
#7884=CARTESIAN_POINT('',(7.888961301,26.854577469,110.677771761));
#7885=CARTESIAN_POINT('',(7.65310339,26.874893797,110.672970374));
#7886=CARTESIAN_POINT('',(7.41585513,26.89433619,110.669287806));
#7887=CARTESIAN_POINT('',(7.178608315,26.913778592,110.665605135));
#7888=CARTESIAN_POINT('',(6.939983682,26.932347283,110.663040048));
#7889=CARTESIAN_POINT('',(6.700128517,26.950017883,110.66136992));
#7890=CARTESIAN_POINT('',(6.485995511,26.965793581,110.659878797));
#7891=CARTESIAN_POINT('',(6.270881615,26.980853729,110.659100526));
#7892=CARTESIAN_POINT('',(6.054878315,26.995182814,110.658879358));
#7893=CARTESIAN_POINT('',(11.499181911,26.695751967,110.720094214));
#7894=CARTESIAN_POINT('',(11.499142815,26.69575662,110.720089506));
#7895=CARTESIAN_POINT('',(11.499103719,26.695761272,110.720084799));
#7896=CARTESIAN_POINT('',(11.499064623,26.695765924,110.720080091));
#7897=CARTESIAN_POINT('',(11.282846729,26.720468893,110.694919348));
#7898=CARTESIAN_POINT('',(11.064388902,26.744525159,110.672281448));
#7899=CARTESIAN_POINT('',(10.843804432,26.76792335,110.651942434));
#7900=CARTESIAN_POINT('',(10.623216966,26.791321514,110.631603452));
#7901=CARTESIAN_POINT('',(10.400570994,26.814062281,110.613563612));
#7902=CARTESIAN_POINT('',(10.175981078,26.836131918,110.597598365));
#7903=CARTESIAN_POINT('',(9.951392361,26.858201565,110.581633083));
#7904=CARTESIAN_POINT('',(9.724919612,26.879600534,110.567740678));
#7905=CARTESIAN_POINT('',(9.496676265,26.900312912,110.555692834));
#7906=CARTESIAN_POINT('',(9.268434082,26.921025299,110.543644939));
#7907=CARTESIAN_POINT('',(9.038469264,26.941051422,110.53343946));
#7908=CARTESIAN_POINT('',(8.806896401,26.960373745,110.524844534));
#7909=CARTESIAN_POINT('',(8.575324735,26.979696077,110.51624954));
#7910=CARTESIAN_POINT('',(8.342181646,26.998314829,110.509262964));
#7911=CARTESIAN_POINT('',(8.107585056,27.016211392,110.50365024));
#7912=CARTESIAN_POINT('',(7.872989739,27.034107963,110.498037434));
#7913=CARTESIAN_POINT('',(7.63696639,27.051282472,110.493796688));
#7914=CARTESIAN_POINT('',(7.399638243,27.067715772,110.490692302));
#7915=CARTESIAN_POINT('',(7.16231148,27.084149079,110.487587817));
#7916=CARTESIAN_POINT('',(6.923691624,27.099841371,110.485618493));
#7917=CARTESIAN_POINT('',(6.683921222,27.114772764,110.484549846));
#7918=CARTESIAN_POINT('',(6.469863868,27.128102992,110.483595704));
#7919=CARTESIAN_POINT('',(6.254889057,27.140826975,110.483358991));
#7920=CARTESIAN_POINT('',(6.03908401,27.152932063,110.483676028));
#7921=CARTESIAN_POINT('',(11.494069509,26.907867934,110.507893339));
#7922=CARTESIAN_POINT('',(11.494030108,26.907871834,110.50788877));
#7923=CARTESIAN_POINT('',(11.493990707,26.907875734,110.507884202));
#7924=CARTESIAN_POINT('',(11.493951306,26.907879634,110.507879634));
#7925=CARTESIAN_POINT('',(11.276355067,26.928584956,110.483482771));
#7926=CARTESIAN_POINT('',(11.056637908,26.948746851,110.461668916));
#7927=CARTESIAN_POINT('',(10.834918428,26.968356153,110.442200563));
#7928=CARTESIAN_POINT('',(10.613196133,26.987965432,110.422732246));
#7929=CARTESIAN_POINT('',(10.389532026,27.007022626,110.405609681));
#7930=CARTESIAN_POINT('',(10.164043357,27.02551646,110.390595467));
#7931=CARTESIAN_POINT('',(9.938555729,27.044010301,110.37558122));
#7932=CARTESIAN_POINT('',(9.711297051,27.061941141,110.362673697));
#7933=CARTESIAN_POINT('',(9.482381244,27.079295858,110.351632295));
#7934=CARTESIAN_POINT('',(9.253466468,27.096650581,110.340590845));
#7935=CARTESIAN_POINT('',(9.022937595,27.113429439,110.331413522));
#7936=CARTESIAN_POINT('',(8.790907803,27.129617931,110.323856701));
#7937=CARTESIAN_POINT('',(8.558879092,27.14580643,110.316299817));
#7938=CARTESIAN_POINT('',(8.325382389,27.161404737,110.310361462));
#7939=CARTESIAN_POINT('',(8.090532504,27.176397435,110.305795818));
#7940=CARTESIAN_POINT('',(7.855683785,27.19139014,110.301230097));
#7941=CARTESIAN_POINT('',(7.619504736,27.205777334,110.298035436));
#7942=CARTESIAN_POINT('',(7.38211392,27.219543136,110.295965391));
#7943=CARTESIAN_POINT('',(7.144724381,27.233308945,110.293895254));
#7944=CARTESIAN_POINT('',(6.906133141,27.246453518,110.292948643));
#7945=CARTESIAN_POINT('',(6.666476584,27.258960341,110.292880822));
#7946=CARTESIAN_POINT('',(6.452520795,27.270125998,110.292820187));
#7947=CARTESIAN_POINT('',(6.237714835,27.280783527,110.293459592));
#7948=CARTESIAN_POINT('',(6.022140671,27.290922421,110.29462856));
#7949=CARTESIAN_POINT('',(11.48559643,27.259420003,110.156200546));
#7950=CARTESIAN_POINT('',(11.485556524,27.259422656,110.156196209));
#7951=CARTESIAN_POINT('',(11.485516617,27.259425309,110.156191871));
#7952=CARTESIAN_POINT('',(11.485476711,27.259427961,110.156187534));
#7953=CARTESIAN_POINT('',(11.26559606,27.273507753,110.133056694));
#7954=CARTESIAN_POINT('',(11.043791736,27.287215281,110.112608577));
#7955=CARTESIAN_POINT('',(10.82019114,27.300545038,110.09458322));
#7956=CARTESIAN_POINT('',(10.596588027,27.31387478,110.076557906));
#7957=CARTESIAN_POINT('',(10.371236506,27.326826975,110.060955595));
#7958=CARTESIAN_POINT('',(10.144258281,27.339394423,110.047517582));
#7959=CARTESIAN_POINT('',(9.917280838,27.351961874,110.034079542));
#7960=CARTESIAN_POINT('',(9.688719591,27.364144784,110.02280432));
#7961=CARTESIAN_POINT('',(9.458689277,27.375934652,110.013430952));
#7962=CARTESIAN_POINT('',(9.228659776,27.387724525,110.004057544));
#7963=CARTESIAN_POINT('',(8.997196062,27.399121503,109.996584241));
#7964=CARTESIAN_POINT('',(8.764408975,27.410116116,109.990747932));
#7965=CARTESIAN_POINT('',(8.531622777,27.421110733,109.984911568));
#7966=CARTESIAN_POINT('',(8.297540008,27.431703082,109.98071049));
#7967=CARTESIAN_POINT('',(8.062270324,27.441883036,109.977880233));
#7968=CARTESIAN_POINT('',(7.827001627,27.452062995,109.975049907));
#7969=CARTESIAN_POINT('',(7.590564526,27.461830613,109.973588983));
#7970=CARTESIAN_POINT('',(7.353069845,27.471175416,109.973233211));
#7971=CARTESIAN_POINT('',(7.115576262,27.480520223,109.972877357));
#7972=CARTESIAN_POINT('',(6.87703245,27.489442314,109.973625748));
#7973=CARTESIAN_POINT('',(6.637564575,27.497930758,109.975216655));
#7974=CARTESIAN_POINT('',(6.423777117,27.505508946,109.97663688));
#7975=CARTESIAN_POINT('',(6.209251003,27.51274162,109.978728326));
#7976=CARTESIAN_POINT('',(5.994059495,27.519621829,109.98130925));
#7977=CARTESIAN_POINT('',(11.477635599,27.534336761,109.725444905));
#7978=CARTESIAN_POINT('',(11.477594918,27.534338382,109.725441253));
#7979=CARTESIAN_POINT('',(11.477554238,27.534340004,109.725437601));
#7980=CARTESIAN_POINT('',(11.477513557,27.534341626,109.725433949));
#7981=CARTESIAN_POINT('',(11.254727876,27.542960739,109.705974452));
#7982=CARTESIAN_POINT('',(11.030312502,27.551367145,109.689195072));
#7983=CARTESIAN_POINT('',(10.804391728,27.559554981,109.674815231));
#7984=CARTESIAN_POINT('',(10.578469078,27.567742813,109.660435426));
#7985=CARTESIAN_POINT('',(10.351069282,27.575712089,109.648455681));
#7986=CARTESIAN_POINT('',(10.122308292,27.583455979,109.63859858));
#7987=CARTESIAN_POINT('',(9.893547708,27.59119987,109.628741464));
#7988=CARTESIAN_POINT('',(9.663452031,27.598718424,109.621006076));
#7989=CARTESIAN_POINT('',(9.432128375,27.606004159,109.61511436));
#7990=CARTESIAN_POINT('',(9.200805205,27.613289895,109.609222619));
#7991=CARTESIAN_POINT('',(8.968275705,27.620342847,109.605173437));
#7992=CARTESIAN_POINT('',(8.73464134,27.627155073,109.602687922));
#7993=CARTESIAN_POINT('',(8.501007559,27.633967301,109.600202371));
#7994=CARTESIAN_POINT('',(8.266285627,27.640538823,109.59927938));
#7995=CARTESIAN_POINT('',(8.03057407,27.646861428,109.599639803));
#7996=CARTESIAN_POINT('',(7.794863207,27.653184034,109.600000177));
#7997=CARTESIAN_POINT('',(7.558173942,27.659257731,109.601643044));
#7998=CARTESIAN_POINT('',(7.320604176,27.665074228,109.604290435));
#7999=CARTESIAN_POINT('',(7.083035214,27.670890726,109.606937765));
#8000=CARTESIAN_POINT('',(6.844588415,27.67645007,109.610589088));
#8001=CARTESIAN_POINT('',(6.605375115,27.68174382,109.61496973));
#8002=CARTESIAN_POINT('',(6.391814687,27.686469894,109.61888055));
#8003=CARTESIAN_POINT('',(6.177639348,27.690984351,109.623372554));
#8004=CARTESIAN_POINT('',(5.962910556,27.6952818,109.628255641));
#8005=CARTESIAN_POINT('',(11.47391397,27.720165042,109.230394821));
#8006=CARTESIAN_POINT('',(11.473872353,27.720165997,109.23039205));
#8007=CARTESIAN_POINT('',(11.473830736,27.720166953,109.230389278));
#8008=CARTESIAN_POINT('',(11.473789119,27.720167908,109.230386507));
#8009=CARTESIAN_POINT('',(11.247461992,27.725247189,109.215622957));
#8010=CARTESIAN_POINT('',(11.019872261,27.730207419,109.203515989));
#8011=CARTESIAN_POINT('',(10.791123296,27.735044133,109.193761049));
#8012=CARTESIAN_POINT('',(10.562373041,27.739880846,109.184006136));
#8013=CARTESIAN_POINT('',(10.332478764,27.744594028,109.1766039));
#8014=CARTESIAN_POINT('',(10.101536131,27.749178672,109.171255598));
#8015=CARTESIAN_POINT('',(9.870593673,27.753763317,109.165907289));
#8016=CARTESIAN_POINT('',(9.638617385,27.758219438,109.162612454));
#8017=CARTESIAN_POINT('',(9.405694998,27.76254169,109.161074104));
#8018=CARTESIAN_POINT('',(9.172772872,27.766863942,109.159535739));
#8019=CARTESIAN_POINT('',(8.93891696,27.771052335,109.159753244));
#8020=CARTESIAN_POINT('',(8.704209732,27.775101296,109.161430638));
#8021=CARTESIAN_POINT('',(8.469502859,27.779150258,109.163108009));
#8022=CARTESIAN_POINT('',(8.233954174,27.783059792,109.166244627));
#8023=CARTESIAN_POINT('',(7.997643131,27.786824212,109.170545723));
#8024=CARTESIAN_POINT('',(7.761332541,27.790588632,109.174846787));
#8025=CARTESIAN_POINT('',(7.524265691,27.794207938,109.18031178));
#8026=CARTESIAN_POINT('',(7.286520916,27.79767644,109.186648336));
#8027=CARTESIAN_POINT('',(7.048776687,27.801144944,109.192984851));
#8028=CARTESIAN_POINT('',(6.810354166,27.80446267,109.200192668));
#8029=CARTESIAN_POINT('',(6.571344239,27.807623893,109.207983635));
#8030=CARTESIAN_POINT('',(6.357965142,27.810446122,109.214939092));
#8031=CARTESIAN_POINT('',(6.144113107,27.813143654,109.222359344));
#8032=CARTESIAN_POINT('',(5.929834306,27.815712818,109.230045698));
#8033=CARTESIAN_POINT('',(11.472053156,27.813079183,108.982869779));
#8034=CARTESIAN_POINT('',(11.47201107,27.813079805,108.982867448));
#8035=CARTESIAN_POINT('',(11.471968985,27.813080427,108.982865117));
#8036=CARTESIAN_POINT('',(11.4719269,27.813081049,108.982862786));
#8037=CARTESIAN_POINT('',(11.24382905,27.816390414,108.970447209));
#8038=CARTESIAN_POINT('',(11.01465214,27.819627555,108.960676447));
#8039=CARTESIAN_POINT('',(10.784489081,27.822788709,108.953233959));
#8040=CARTESIAN_POINT('',(10.554325022,27.825949863,108.94579149));
#8041=CARTESIAN_POINT('',(10.323183505,27.829034998,108.94067801));
#8042=CARTESIAN_POINT('',(10.09115005,27.832040019,108.937584106));
#8043=CARTESIAN_POINT('',(9.859116655,27.83504504,108.934490201));
#8044=CARTESIAN_POINT('',(9.626200062,27.837969945,108.933415643));
#8045=CARTESIAN_POINT('',(9.392478309,27.840810455,108.934053975));
#8046=CARTESIAN_POINT('',(9.158756705,27.843650966,108.934692299));
#8047=CARTESIAN_POINT('',(8.924237588,27.84640708,108.937043147));
#8048=CARTESIAN_POINT('',(8.688993928,27.849074408,108.940801995));
#8049=CARTESIAN_POINT('',(8.453750509,27.851741737,108.944560828));
#8050=CARTESIAN_POINT('',(8.217788448,27.854320277,108.94972725));
#8051=CARTESIAN_POINT('',(7.981177661,27.856805604,108.955998683));
#8052=CARTESIAN_POINT('',(7.744567208,27.859290931,108.962270091));
#8053=CARTESIAN_POINT('',(7.507311565,27.861683041,108.969646148));
#8054=CARTESIAN_POINT('',(7.269479285,27.863977547,108.977827287));
#8055=CARTESIAN_POINT('',(7.031647423,27.866272053,108.986008394));
#8056=CARTESIAN_POINT('',(6.793237042,27.868468971,108.994994458));
#8057=CARTESIAN_POINT('',(6.554328801,27.87056393,109.004490588));
#8058=CARTESIAN_POINT('',(6.341040369,27.872434236,109.012968363));
#8059=CARTESIAN_POINT('',(6.127349986,27.874223305,109.021852739));
#8060=CARTESIAN_POINT('',(5.91329618,27.875928327,109.030940726));
#8061=CARTESIAN_POINT('',(11.471058734,27.883485217,108.719713301));
#8062=CARTESIAN_POINT('',(11.471016142,27.883485595,108.719711455));
#8063=CARTESIAN_POINT('',(11.47097355,27.883485974,108.719709609));
#8064=CARTESIAN_POINT('',(11.470930958,27.883486352,108.719707762));
#8065=CARTESIAN_POINT('',(11.240916429,27.885500503,108.709874107));
#8066=CARTESIAN_POINT('',(11.010022993,27.887473666,108.702669737));
#8067=CARTESIAN_POINT('',(10.778329138,27.889403099,108.697765171));
#8068=CARTESIAN_POINT('',(10.546634559,27.891332532,108.692860619));
#8069=CARTESIAN_POINT('',(10.314143292,27.893218214,108.690256607));
#8070=CARTESIAN_POINT('',(10.080927438,27.895057208,108.689632289));
#8071=CARTESIAN_POINT('',(9.847711561,27.896896201,108.689007971));
#8072=CARTESIAN_POINT('',(9.613775307,27.898688503,108.690363313));
#8073=CARTESIAN_POINT('',(9.379184339,27.900431077,108.693381806));
#8074=CARTESIAN_POINT('',(9.144593435,27.902173652,108.696400295));
#8075=CARTESIAN_POINT('',(8.909351738,27.903866497,108.701081782));
#8076=CARTESIAN_POINT('',(8.673520505,27.90550652,108.707112749));
#8077=CARTESIAN_POINT('',(8.437689419,27.907146544,108.713143708));
#8078=CARTESIAN_POINT('',(8.201271799,27.908733744,108.720523932));
#8079=CARTESIAN_POINT('',(7.964326182,27.91026502,108.728942686));
#8080=CARTESIAN_POINT('',(7.727380791,27.911796296,108.737361423));
#8081=CARTESIAN_POINT('',(7.489908909,27.913271646,108.74681848));
#8082=CARTESIAN_POINT('',(7.25196775,27.914688011,108.757006819));
#8083=CARTESIAN_POINT('',(7.014026889,27.916104375,108.767195135));
#8084=CARTESIAN_POINT('',(6.775613763,27.917461764,108.778114715));
#8085=CARTESIAN_POINT('',(6.53679748,27.918757145,108.789463702));
#8086=CARTESIAN_POINT('',(6.323591032,27.919913616,108.799595652));
#8087=CARTESIAN_POINT('',(6.110057991,27.921020682,108.810069955));
#8088=CARTESIAN_POINT('',(5.896228416,27.922076388,108.820679203));
#8089=CARTESIAN_POINT('',(11.470573999,27.930226692,108.446006074));
#8090=CARTESIAN_POINT('',(11.470530881,27.930226915,108.446004706));
#8091=CARTESIAN_POINT('',(11.470487763,27.930227138,108.446003338));
#8092=CARTESIAN_POINT('',(11.470444645,27.930227361,108.446001971));
#8093=CARTESIAN_POINT('',(11.238421772,27.931414448,108.438717177));
#8094=CARTESIAN_POINT('',(11.005727225,27.932578529,108.434055043));
#8095=CARTESIAN_POINT('',(10.772422623,27.933717818,108.431671881));
#8096=CARTESIAN_POINT('',(10.53911752,27.934857108,108.429288728));
#8097=CARTESIAN_POINT('',(10.305203435,27.935971593,108.429185239));
#8098=CARTESIAN_POINT('',(10.070736966,27.937059374,108.431027923));
#8099=CARTESIAN_POINT('',(9.836270443,27.938147154,108.432870609));
#8100=CARTESIAN_POINT('',(9.601253188,27.939208228,108.436659558));
#8101=CARTESIAN_POINT('',(9.365736751,27.94024064,108.442067101));
#8102=CARTESIAN_POINT('',(9.13022033,27.941273052,108.447474644));
#8103=CARTESIAN_POINT('',(8.894206468,27.9422768,108.454500757));
#8104=CARTESIAN_POINT('',(8.657743241,27.9432499,108.462821897));
#8105=CARTESIAN_POINT('',(8.421280097,27.944223001,108.471143032));
#8106=CARTESIAN_POINT('',(8.184368894,27.945165451,108.480759099));
#8107=CARTESIAN_POINT('',(7.947055531,27.946075267,108.491350226));
#8108=CARTESIAN_POINT('',(7.709742316,27.946985083,108.501941342));
#8109=CARTESIAN_POINT('',(7.472027338,27.947862262,108.513507396));
#8110=CARTESIAN_POINT('',(7.233955396,27.948704848,108.525732954));
#8111=CARTESIAN_POINT('',(6.995883658,27.949547434,108.537958496));
#8112=CARTESIAN_POINT('',(6.757451547,27.950355433,108.55084358));
#8113=CARTESIAN_POINT('',(6.518715685,27.951126913,108.564078508));
#8114=CARTESIAN_POINT('',(6.305580937,27.951815663,108.575894167));
#8115=CARTESIAN_POINT('',(6.092199104,27.952475315,108.587988772));
#8116=CARTESIAN_POINT('',(5.878591175,27.95310462,108.600149919));
#8117=CARTESIAN_POINT('',(11.470089263,27.976968168,108.172298847));
#8118=CARTESIAN_POINT('',(11.47004562,27.976968235,108.172297957));
#8119=CARTESIAN_POINT('',(11.470001976,27.976968303,108.172297068));
#8120=CARTESIAN_POINT('',(11.469958333,27.97696837,108.172296179));
#8121=CARTESIAN_POINT('',(11.235927115,27.977328392,108.167560246));
#8122=CARTESIAN_POINT('',(11.001431457,27.977683391,108.165440349));
#8123=CARTESIAN_POINT('',(10.766516108,27.978032537,108.16557859));
#8124=CARTESIAN_POINT('',(10.53160048,27.978381684,108.165716837));
#8125=CARTESIAN_POINT('',(10.296263578,27.978724972,108.16811387));
#8126=CARTESIAN_POINT('',(10.060546494,27.97906154,108.172423557));
#8127=CARTESIAN_POINT('',(9.824829325,27.979398107,108.176733246));
#8128=CARTESIAN_POINT('',(9.58873107,27.979727953,108.182955804));
#8129=CARTESIAN_POINT('',(9.352289162,27.980050202,108.190752397));
#8130=CARTESIAN_POINT('',(9.115847225,27.980372451,108.198548992));
#8131=CARTESIAN_POINT('',(8.879061199,27.980687103,108.207919732));
#8132=CARTESIAN_POINT('',(8.641965976,27.980993281,108.218531045));
#8133=CARTESIAN_POINT('',(8.404870775,27.981299458,108.229142357));
#8134=CARTESIAN_POINT('',(8.167465989,27.981597159,108.240994266));
#8135=CARTESIAN_POINT('',(7.92978488,27.981885514,108.253757766));
#8136=CARTESIAN_POINT('',(7.69210384,27.982173869,108.266521261));
#8137=CARTESIAN_POINT('',(7.454145768,27.982452877,108.280196313));
#8138=CARTESIAN_POINT('',(7.215943042,27.982721685,108.294459089));
#8139=CARTESIAN_POINT('',(6.977740426,27.982990493,108.308721857));
#8140=CARTESIAN_POINT('',(6.739289331,27.983249103,108.323572445));
#8141=CARTESIAN_POINT('',(6.50063389,27.983496681,108.338693313));
#8142=CARTESIAN_POINT('',(6.287570842,27.983717709,108.352192682));
#8143=CARTESIAN_POINT('',(6.074340216,27.983929948,108.365907589));
#8144=CARTESIAN_POINT('',(5.860953934,27.984132851,108.379620635));
#8145=CARTESIAN_POINT('',(11.470093331,28.,107.888142731));
#8146=CARTESIAN_POINT('',(11.470049143,28.,107.888142313));
#8147=CARTESIAN_POINT('',(11.470004955,28.,107.888141895));
#8148=CARTESIAN_POINT('',(11.469960767,28.,107.888141477));
#8149=CARTESIAN_POINT('',(11.233831187,28.,107.885915539));
#8150=CARTESIAN_POINT('',(10.997451251,28.,107.886308268));
#8151=CARTESIAN_POINT('',(10.760846461,28.,107.888946278));
#8152=CARTESIAN_POINT('',(10.524241566,28.,107.891584291));
#8153=CARTESIAN_POINT('',(10.287409863,28.,107.896468122));
#8154=CARTESIAN_POINT('',(10.050374913,28.,107.903237773));
#8155=CARTESIAN_POINT('',(9.813339895,28.,107.910007427));
#8156=CARTESIAN_POINT('',(9.576100129,28.,107.918663169));
#8157=CARTESIAN_POINT('',(9.338677235,28.,107.928853869));
#8158=CARTESIAN_POINT('',(9.101254304,28.,107.939044571));
#8159=CARTESIAN_POINT('',(8.863647171,28.,107.950770397));
#8160=CARTESIAN_POINT('',(8.625876103,28.,107.963686679));
#8161=CARTESIAN_POINT('',(8.388105028,28.,107.976602961));
#8162=CARTESIAN_POINT('',(8.150169135,28.,107.990709771));
#8163=CARTESIAN_POINT('',(7.912087817,28.,108.005667962));
#8164=CARTESIAN_POINT('',(7.674006517,28.,108.020626151));
#8165=CARTESIAN_POINT('',(7.435778898,28.,108.036435709));
#8166=CARTESIAN_POINT('',(7.197423851,28.,108.052763455));
#8167=CARTESIAN_POINT('',(6.959068843,28.,108.069091199));
#8168=CARTESIAN_POINT('',(6.720582854,28.,108.085937229));
#8169=CARTESIAN_POINT('',(6.481996599,28.,108.102975264));
#8170=CARTESIAN_POINT('',(6.268995239,28.,108.118186219));
#8171=CARTESIAN_POINT('',(6.055909936,28.,108.1335503));
#8172=CARTESIAN_POINT('',(5.842742952,28.,108.14884451));
#8173=CARTESIAN_POINT('',(11.470094969,28.,107.6));
#8174=CARTESIAN_POINT('',(11.470050235,28.,107.6));
#8175=CARTESIAN_POINT('',(11.470005501,28.,107.6));
#8176=CARTESIAN_POINT('',(11.469960767,28.,107.6));
#8177=CARTESIAN_POINT('',(11.231703514,28.,107.600000001));
#8178=CARTESIAN_POINT('',(10.99340743,28.,107.602637179));
#8179=CARTESIAN_POINT('',(10.755078227,28.,107.607522114));
#8180=CARTESIAN_POINT('',(10.516749023,28.,107.612407048));
#8181=CARTESIAN_POINT('',(10.278386703,28.,107.619540108));
#8182=CARTESIAN_POINT('',(10.039996784,28.,107.62854674));
#8183=CARTESIAN_POINT('',(9.801606865,28.,107.637553372));
#8184=CARTESIAN_POINT('',(9.563189343,28.,107.648433819));
#8185=CARTESIAN_POINT('',(9.324749583,28.,107.660823872));
#8186=CARTESIAN_POINT('',(9.086309824,28.,107.673213925));
#8187=CARTESIAN_POINT('',(8.847847824,28.,107.687113714));
#8188=CARTESIAN_POINT('',(8.609368839,28.,107.702166615));
#8189=CARTESIAN_POINT('',(8.370889854,28.,107.717219515));
#8190=CARTESIAN_POINT('',(8.132393882,28.,107.733425557));
#8191=CARTESIAN_POINT('',(7.893886082,28.,107.750434518));
#8192=CARTESIAN_POINT('',(7.655378282,28.,107.767443479));
#8193=CARTESIAN_POINT('',(7.416858656,28.,107.785255294));
#8194=CARTESIAN_POINT('',(7.178332263,28.,107.803526447));
#8195=CARTESIAN_POINT('',(6.939805871,28.,107.821797599));
#8196=CARTESIAN_POINT('',(6.701270246,28.,107.840528126));
#8197=CARTESIAN_POINT('',(6.462742354,28.,107.859381991));
#8198=CARTESIAN_POINT('',(6.249793042,28.,107.876214058));
#8199=CARTESIAN_POINT('',(6.036847006,28.,107.893144457));
#8200=CARTESIAN_POINT('',(5.823896605,28.,107.909943855));
#8201=B_SPLINE_SURFACE_WITH_KNOTS('',3,3,((#7837,#7838,#7839,#7840,#7841,#7842,#7843,#7844,#7845,#7846,#7847,#7848,#7849,#7850,#7851,#7852,#7853,#7854,#7855,#7856,#7857,#7858,#7859,#7860,#7861,#7862,
#7863,#7864),(#7865,#7866,#7867,#7868,#7869,#7870,#7871,#7872,#7873,#7874,#7875,#7876,#7877,#7878,#7879,#7880,#7881,#7882,#7883,#7884,#7885,#7886,#7887,#7888,#7889,#7890,
#7891,#7892),(#7893,#7894,#7895,#7896,#7897,#7898,#7899,#7900,#7901,#7902,#7903,#7904,#7905,#7906,#7907,#7908,#7909,#7910,#7911,#7912,#7913,#7914,#7915,#7916,#7917,#7918,
#7919,#7920),(#7921,#7922,#7923,#7924,#7925,#7926,#7927,#7928,#7929,#7930,#7931,#7932,#7933,#7934,#7935,#7936,#7937,#7938,#7939,#7940,#7941,#7942,#7943,#7944,#7945,#7946,
#7947,#7948),(#7949,#7950,#7951,#7952,#7953,#7954,#7955,#7956,#7957,#7958,#7959,#7960,#7961,#7962,#7963,#7964,#7965,#7966,#7967,#7968,#7969,#7970,#7971,#7972,#7973,#7974,
#7975,#7976),(#7977,#7978,#7979,#7980,#7981,#7982,#7983,#7984,#7985,#7986,#7987,#7988,#7989,#7990,#7991,#7992,#7993,#7994,#7995,#7996,#7997,#7998,#7999,#8000,#8001,#8002,
#8003,#8004),(#8005,#8006,#8007,#8008,#8009,#8010,#8011,#8012,#8013,#8014,#8015,#8016,#8017,#8018,#8019,#8020,#8021,#8022,#8023,#8024,#8025,#8026,#8027,#8028,#8029,#8030,
#8031,#8032),(#8033,#8034,#8035,#8036,#8037,#8038,#8039,#8040,#8041,#8042,#8043,#8044,#8045,#8046,#8047,#8048,#8049,#8050,#8051,#8052,#8053,#8054,#8055,#8056,#8057,#8058,
#8059,#8060),(#8061,#8062,#8063,#8064,#8065,#8066,#8067,#8068,#8069,#8070,#8071,#8072,#8073,#8074,#8075,#8076,#8077,#8078,#8079,#8080,#8081,#8082,#8083,#8084,#8085,#8086,
#8087,#8088),(#8089,#8090,#8091,#8092,#8093,#8094,#8095,#8096,#8097,#8098,#8099,#8100,#8101,#8102,#8103,#8104,#8105,#8106,#8107,#8108,#8109,#8110,#8111,#8112,#8113,#8114,
#8115,#8116),(#8117,#8118,#8119,#8120,#8121,#8122,#8123,#8124,#8125,#8126,#8127,#8128,#8129,#8130,#8131,#8132,#8133,#8134,#8135,#8136,#8137,#8138,#8139,#8140,#8141,#8142,
#8143,#8144),(#8145,#8146,#8147,#8148,#8149,#8150,#8151,#8152,#8153,#8154,#8155,#8156,#8157,#8158,#8159,#8160,#8161,#8162,#8163,#8164,#8165,#8166,#8167,#8168,#8169,#8170,
#8171,#8172),(#8173,#8174,#8175,#8176,#8177,#8178,#8179,#8180,#8181,#8182,#8183,#8184,#8185,#8186,#8187,#8188,#8189,#8190,#8191,#8192,#8193,#8194,#8195,#8196,#8197,#8198,
#8199,#8200)),.UNSPECIFIED.,.F.,.F.,.U.,(4,3,3,3,4),(4,3,3,3,3,3,3,3,3,4),(0.349157504,0.5,0.75,0.875,1.),(-0.050176799,-0.050176663,-0.049456044,-0.048735425,-0.048014806,-0.047294187,-0.046573568,-0.045852949,-0.04513233,-0.044488987),.UNSPECIFIED.);
#8202=CARTESIAN_POINT('',(5.827520914,28.,107.909657925));
#8203=CARTESIAN_POINT('',(5.827520914,28.,107.984624468));
#8204=CARTESIAN_POINT('',(5.834921307,27.99846283,108.058341227));
#8205=CARTESIAN_POINT('',(5.849670981,27.995380858,108.130816217));
#8206=CARTESIAN_POINT('',(5.864420655,27.992298887,108.203291207));
#8207=CARTESIAN_POINT('',(5.886903271,27.98759034,108.27525028));
#8208=CARTESIAN_POINT('',(5.915311007,27.981584939,108.343413197));
#8209=CARTESIAN_POINT('',(5.972126477,27.969574137,108.47973903));
#8210=CARTESIAN_POINT('',(6.052562274,27.952383309,108.603506378));
#8211=CARTESIAN_POINT('',(6.146458973,27.931721073,108.716843717));
#8212=CARTESIAN_POINT('',(6.240355672,27.911058837,108.830181056));
#8213=CARTESIAN_POINT('',(6.345266552,27.887463557,108.930729129));
#8214=CARTESIAN_POINT('',(6.456518485,27.861682811,109.023789372));
#8215=CARTESIAN_POINT('',(6.567770418,27.835902065,109.116849615));
#8216=CARTESIAN_POINT('',(6.686121235,27.807754698,109.202617526));
#8217=CARTESIAN_POINT('',(6.806802784,27.778182731,109.282088328));
#8218=CARTESIAN_POINT('',(7.048165881,27.719038798,109.441029932));
#8219=CARTESIAN_POINT('',(7.299166854,27.65415132,109.576371498));
#8220=CARTESIAN_POINT('',(7.554203768,27.584307231,109.700314744));
#8221=CARTESIAN_POINT('',(7.809240683,27.514463143,109.82425799));
#8222=CARTESIAN_POINT('',(8.068604859,27.4396124,109.936162967));
#8223=CARTESIAN_POINT('',(8.330090711,27.359999794,110.040795088));
#8224=CARTESIAN_POINT('',(8.853062416,27.200774584,110.25005933));
#8225=CARTESIAN_POINT('',(9.384350557,27.022408279,110.430589645));
#8226=CARTESIAN_POINT('',(9.912136107,26.827403113,110.596398166));
#8227=CARTESIAN_POINT('',(10.439921656,26.632397947,110.762206686));
#8228=CARTESIAN_POINT('',(10.966416731,26.420109065,110.913215807));
#8229=CARTESIAN_POINT('',(11.488056856,26.191306758,111.056047422));
#8230=B_SPLINE_CURVE_WITH_KNOTS('',3,(#8202,#8203,#8204,#8205,#8206,#8207,#8208,#8209,#8210,#8211,#8212,#8213,#8214,#8215,#8216,#8217,#8218,#8219,#8220,#8221,#8222,#8223,#8224,#8225,#8226,#8227,
#8228,#8229),.UNSPECIFIED.,.F.,.F.,(4,3,3,3,3,3,3,3,3,4),(-0.006419211,-0.00619901,-0.005978808,-0.005538405,-0.005098002,-0.004657599,-0.003776793,-0.002895987,-0.001134375,0.000627237),.UNSPECIFIED.);
#8231=EDGE_CURVE('',#1712,#2410,#8230,.T.);
#8232=ORIENTED_EDGE('',*,*,#8231,.F.);
#8233=ORIENTED_EDGE('',*,*,#1751,.T.);
#8234=ORIENTED_EDGE('',*,*,#2440,.T.);
#8235=EDGE_LOOP('',(#8232,#8233,#8234));
#8236=FACE_BOUND('',#8235,.T.);
#8237=ADVANCED_FACE('',(#8236),#8201,.F.);
#8238=CARTESIAN_POINT('',(-28.506552958,2.311468526,111.155698739));
#8239=CARTESIAN_POINT('',(-28.53284443,1.544502857,111.139414784));
#8240=CARTESIAN_POINT('',(-28.546057023,0.771979859,111.131774405));
#8241=CARTESIAN_POINT('',(-28.546056939,-0.000007445,111.131774455));
#8242=CARTESIAN_POINT('',(-28.546056854,-0.771994693,111.131774505));
#8243=CARTESIAN_POINT('',(-28.532844338,-1.544504723,111.13941482));
#8244=CARTESIAN_POINT('',(-28.506552958,-2.311468568,111.155698739));
#8245=CARTESIAN_POINT('',(-28.846048705,2.311165153,110.984764709));
#8246=CARTESIAN_POINT('',(-28.868330666,1.544159847,110.967103483));
#8247=CARTESIAN_POINT('',(-28.879511749,0.771774198,110.958820741));
#8248=CARTESIAN_POINT('',(-28.879511677,-0.000007443,110.958820795));
#8249=CARTESIAN_POINT('',(-28.879511606,-0.771789023,110.95882085));
#8250=CARTESIAN_POINT('',(-28.868330586,-1.544161708,110.96710352));
#8251=CARTESIAN_POINT('',(-28.846048705,-2.311165204,110.984764709));
#8252=CARTESIAN_POINT('',(-29.148442508,2.310116234,110.767124587));
#8253=CARTESIAN_POINT('',(-29.16674923,1.543274496,110.749169155));
#8254=CARTESIAN_POINT('',(-29.175931522,0.771312415,110.740780225));
#8255=CARTESIAN_POINT('',(-29.175931463,-0.000007439,110.740780281));
#8256=CARTESIAN_POINT('',(-29.175931404,-0.771327232,110.740780336));
#8257=CARTESIAN_POINT('',(-29.166749165,-1.543276348,110.749169188));
#8258=CARTESIAN_POINT('',(-29.148442508,-2.310116292,110.767124587));
#8259=CARTESIAN_POINT('',(-29.407781678,2.308974498,110.507781678));
#8260=CARTESIAN_POINT('',(-29.422592352,1.542275185,110.490460476));
#8261=CARTESIAN_POINT('',(-29.430020586,0.770814334,110.482420449));
#8262=CARTESIAN_POINT('',(-29.430020538,-0.000007434,110.482420502));
#8263=CARTESIAN_POINT('',(-29.43002049,-0.770829148,110.482420555));
#8264=CARTESIAN_POINT('',(-29.422592302,-1.542277028,110.490460502));
#8265=CARTESIAN_POINT('',(-29.407781678,-2.308974556,110.507781678));
#8266=CARTESIAN_POINT('',(-29.759384969,2.307426571,110.156173318));
#8267=CARTESIAN_POINT('',(-29.76945582,1.540920352,110.139711985));
#8268=CARTESIAN_POINT('',(-29.77450596,0.770139052,110.132144987));
#8269=CARTESIAN_POINT('',(-29.774505927,-0.000007427,110.132145037));
#8270=CARTESIAN_POINT('',(-29.774505895,-0.770153862,110.132145087));
#8271=CARTESIAN_POINT('',(-29.769455788,-1.540922185,110.139712001));
#8272=CARTESIAN_POINT('',(-29.759384969,-2.307426629,110.156173318));
#8273=CARTESIAN_POINT('',(-30.034332107,2.305880731,109.725429877));
#8274=CARTESIAN_POINT('',(-30.040496479,1.539464072,109.711553933));
#8275=CARTESIAN_POINT('',(-30.043593904,0.769450929,109.705307353));
#8276=CARTESIAN_POINT('',(-30.043593884,-0.00000742,109.705307394));
#8277=CARTESIAN_POINT('',(-30.043593864,-0.769465741,109.705307436));
#8278=CARTESIAN_POINT('',(-30.040496462,-1.539465899,109.711553935));
#8279=CARTESIAN_POINT('',(-30.034332107,-2.305880776,109.725429877));
#8280=CARTESIAN_POINT('',(-30.220164623,2.305131908,109.230385274));
#8281=CARTESIAN_POINT('',(-30.223797201,1.538454623,109.219848636));
#8282=CARTESIAN_POINT('',(-30.225625012,0.769006611,109.215300948));
#8283=CARTESIAN_POINT('',(-30.225625,-0.000007416,109.215300978));
#8284=CARTESIAN_POINT('',(-30.225624989,-0.769021426,109.215301009));
#8285=CARTESIAN_POINT('',(-30.223797192,-1.538456451,109.21984863));
#8286=CARTESIAN_POINT('',(-30.220164623,-2.305131938,109.230385274));
#8287=CARTESIAN_POINT('',(-30.313080881,2.304757497,108.982862972));
#8288=CARTESIAN_POINT('',(-30.315447563,1.537949898,108.973995987));
#8289=CARTESIAN_POINT('',(-30.316640566,0.768784452,108.970297745));
#8290=CARTESIAN_POINT('',(-30.316640559,-0.000007413,108.97029777));
#8291=CARTESIAN_POINT('',(-30.316640551,-0.768799269,108.970297796));
#8292=CARTESIAN_POINT('',(-30.315447557,-1.537951726,108.973995978));
#8293=CARTESIAN_POINT('',(-30.313080881,-2.30475752,108.982862973));
#8294=CARTESIAN_POINT('',(-30.383486187,2.304549129,108.719707731));
#8295=CARTESIAN_POINT('',(-30.384926577,1.537536191,108.712682019));
#8296=CARTESIAN_POINT('',(-30.385653835,0.768612461,108.709919812));
#8297=CARTESIAN_POINT('',(-30.385653831,-0.000007412,108.709919832));
#8298=CARTESIAN_POINT('',(-30.385653826,-0.768627279,108.709919851));
#8299=CARTESIAN_POINT('',(-30.384926574,-1.537538021,108.712682007));
#8300=CARTESIAN_POINT('',(-30.383486187,-2.304549144,108.719707731));
#8301=CARTESIAN_POINT('',(-30.430227306,2.304446674,108.446001961));
#8302=CARTESIAN_POINT('',(-30.431076223,1.537181569,108.440796268));
#8303=CARTESIAN_POINT('',(-30.431505303,0.768471667,108.438962455));
#8304=CARTESIAN_POINT('',(-30.4315053,-0.00000741,108.438962468));
#8305=CARTESIAN_POINT('',(-30.431505297,-0.768486485,108.438962482));
#8306=CARTESIAN_POINT('',(-30.431076221,-1.537183401,108.440796257));
#8307=CARTESIAN_POINT('',(-30.430227306,-2.304446684,108.446001961));
#8308=CARTESIAN_POINT('',(-30.476968425,2.304344219,108.172296192));
#8309=CARTESIAN_POINT('',(-30.477225869,1.536826947,108.168910517));
#8310=CARTESIAN_POINT('',(-30.47735677,0.768330874,108.168005097));
#8311=CARTESIAN_POINT('',(-30.477356769,-0.000007408,108.168005105));
#8312=CARTESIAN_POINT('',(-30.477356768,-0.768345691,108.168005112));
#8313=CARTESIAN_POINT('',(-30.477225868,-1.536828781,108.168910507));
#8314=CARTESIAN_POINT('',(-30.476968425,-2.304344223,108.172296192));
#8315=CARTESIAN_POINT('',(-30.5,2.304343723,107.888141477));
#8316=CARTESIAN_POINT('',(-30.5,1.536528981,107.886550317));
#8317=CARTESIAN_POINT('',(-30.5,0.768220029,107.886563598));
#8318=CARTESIAN_POINT('',(-30.5,-0.000007407,107.8865636));
#8319=CARTESIAN_POINT('',(-30.5,-0.768234844,107.886563602));
#8320=CARTESIAN_POINT('',(-30.5,-1.536530817,107.88655031));
#8321=CARTESIAN_POINT('',(-30.5,-2.304343724,107.888141477));
#8322=CARTESIAN_POINT('',(-30.5,2.304343723,107.6));
#8323=CARTESIAN_POINT('',(-30.5,1.536228231,107.6));
#8324=CARTESIAN_POINT('',(-30.5,0.768107169,107.600833395));
#8325=CARTESIAN_POINT('',(-30.5,-0.000007406,107.600833391));
#8326=CARTESIAN_POINT('',(-30.5,-0.76812198,107.600833388));
#8327=CARTESIAN_POINT('',(-30.5,-1.536230068,107.6));
#8328=CARTESIAN_POINT('',(-30.5,-2.304343724,107.6));
#8329=B_SPLINE_SURFACE_WITH_KNOTS('',3,3,((#8238,#8239,#8240,#8241,#8242,#8243,#8244),(#8245,#8246,#8247,#8248,#8249,#8250,#8251),(#8252,#8253,#8254,#8255,#8256,#8257,#8258),(#8259,#8260,#8261,#8262,#8263,#8264,#8265),(#8266,#8267,#8268,#8269,#8270,#8271,#8272),(#8273,#8274,#8275,#8276,#8277,#8278,#8279),(#8280,#8281,#8282,#8283,#8284,#8285,#8286),(#8287,#8288,#8289,#8290,#8291,#8292,#8293),(#8294,#8295,#8296,#8297,#8298,#8299,#8300),(#8301,#8302,#8303,#8304,#8305,#8306,#8307),(#8308,#8309,#8310,#8311,#8312,#8313,#8314),(#8315,#8316,#8317,#8318,#8319,#8320,#8321),(#8322,#8323,#8324,#8325,#8326,#8327,#8328)),.UNSPECIFIED.,.F.,.F.,.U.,(4,3,3,3,4),(4,3,4),(0.31560243,0.5,0.75,0.875,1.),(-0.038334295,-0.036019358,-0.03370442),.UNSPECIFIED.);
#8330=ORIENTED_EDGE('',*,*,#2257,.F.);
#8331=CARTESIAN_POINT('',(-28.50687303,-2.307026752,111.155583866));
#8332=VERTEX_POINT('',#8331);
#8333=CARTESIAN_POINT('',(-28.506439282,-2.311475598,111.15581464));
#8334=CARTESIAN_POINT('',(-28.568698494,-1.543659387,111.121420145));
#8335=CARTESIAN_POINT('',(-28.599935246,-0.77324782,111.103320801));
#8336=CARTESIAN_POINT('',(-28.599999899,-0.00239875,111.103284145));
#8337=CARTESIAN_POINT('',(-28.600064553,0.768450319,111.103247489));
#8338=CARTESIAN_POINT('',(-28.56893958,1.539192309,111.12128373));
#8339=CARTESIAN_POINT('',(-28.506800089,2.307021602,111.155615303));
#8340=B_SPLINE_CURVE_WITH_KNOTS('',3,(#8333,#8334,#8335,#8336,#8337,#8338,#8339),.UNSPECIFIED.,.F.,.F.,(4,3,4),(0.,0.002311743,0.004623487),.UNSPECIFIED.);
#8341=EDGE_CURVE('',#8332,#2240,#8340,.T.);
#8342=ORIENTED_EDGE('',*,*,#8341,.F.);
#8343=CARTESIAN_POINT('',(-28.506614654,-2.309668094,111.155660528));
#8344=CARTESIAN_POINT('',(-29.136621938,-2.30910495,110.83844093));
#8345=CARTESIAN_POINT('',(-29.636834983,-2.30612815,110.361007418));
#8346=CARTESIAN_POINT('',(-29.978842099,-2.30444635,109.751082007));
#8347=CARTESIAN_POINT('',(-30.149845658,-2.30360545,109.446119302));
#8348=CARTESIAN_POINT('',(-30.281266396,-2.303064773,109.107292443));
#8349=CARTESIAN_POINT('',(-30.36891962,-2.302805713,108.744249237));
#8350=CARTESIAN_POINT('',(-30.456572844,-2.302546653,108.381206031));
#8351=CARTESIAN_POINT('',(-30.5,-2.302541527,107.994401544));
#8352=CARTESIAN_POINT('',(-30.5,-2.302540561,107.600000002));
#8353=B_SPLINE_CURVE_WITH_KNOTS('',3,(#8343,#8344,#8345,#8346,#8347,#8348,#8349,#8350,#8351,#8352),.UNSPECIFIED.,.F.,.F.,(4,3,3,4),(0.31560243,0.657801215,0.828900607,1.),.UNSPECIFIED.);
#8354=EDGE_CURVE('',#8332,#3421,#8353,.T.);
#8355=ORIENTED_EDGE('',*,*,#8354,.T.);
#8356=ORIENTED_EDGE('',*,*,#3426,.T.);
#8357=ORIENTED_EDGE('',*,*,#2607,.F.);
#8358=EDGE_LOOP('',(#8330,#8342,#8355,#8356,#8357));
#8359=FACE_BOUND('',#8358,.T.);
#8360=ADVANCED_FACE('',(#8359),#8329,.F.);
#8361=CARTESIAN_POINT('',(-30.5,-56.,107.6));
#8362=CARTESIAN_POINT('',(-30.5,-38.101447908,107.6));
#8363=CARTESIAN_POINT('',(-30.5,-20.202895816,107.6));
#8364=CARTESIAN_POINT('',(-30.5,-2.304343724,107.6));
#8365=CARTESIAN_POINT('',(-30.5,-56.,107.888141477));
#8366=CARTESIAN_POINT('',(-30.5,-38.101447908,107.888141477));
#8367=CARTESIAN_POINT('',(-30.5,-20.202895816,107.888141477));
#8368=CARTESIAN_POINT('',(-30.5,-2.304343724,107.888141477));
#8369=CARTESIAN_POINT('',(-30.476968428,-56.,108.172296192));
#8370=CARTESIAN_POINT('',(-30.476968428,-38.101447908,108.172296192));
#8371=CARTESIAN_POINT('',(-30.476968428,-20.202895816,108.172296192));
#8372=CARTESIAN_POINT('',(-30.476968428,-2.304343724,108.172296192));
#8373=CARTESIAN_POINT('',(-30.430227304,-56.,108.446001961));
#8374=CARTESIAN_POINT('',(-30.430227304,-38.101447908,108.446001961));
#8375=CARTESIAN_POINT('',(-30.430227304,-20.202895816,108.446001961));
#8376=CARTESIAN_POINT('',(-30.430227304,-2.304343724,108.446001961));
#8377=CARTESIAN_POINT('',(-30.383486179,-56.,108.719707729));
#8378=CARTESIAN_POINT('',(-30.383486179,-38.101447908,108.719707729));
#8379=CARTESIAN_POINT('',(-30.383486179,-20.202895816,108.719707729));
#8380=CARTESIAN_POINT('',(-30.383486179,-2.304343724,108.719707729));
#8381=CARTESIAN_POINT('',(-30.31308087,-56.,108.982862979));
#8382=CARTESIAN_POINT('',(-30.31308087,-38.101447908,108.982862979));
#8383=CARTESIAN_POINT('',(-30.31308087,-20.202895816,108.982862979));
#8384=CARTESIAN_POINT('',(-30.31308087,-2.304343724,108.982862979));
#8385=CARTESIAN_POINT('',(-30.220164477,-56.,109.230385219));
#8386=CARTESIAN_POINT('',(-30.220164477,-38.101447908,109.230385219));
#8387=CARTESIAN_POINT('',(-30.220164477,-20.202895816,109.230385219));
#8388=CARTESIAN_POINT('',(-30.220164477,-2.304343724,109.230385219));
#8389=CARTESIAN_POINT('',(-30.034331693,-56.,109.725429699));
#8390=CARTESIAN_POINT('',(-30.034331693,-38.101447908,109.725429699));
#8391=CARTESIAN_POINT('',(-30.034331693,-20.202895816,109.725429699));
#8392=CARTESIAN_POINT('',(-30.034331693,-2.304343724,109.725429699));
#8393=CARTESIAN_POINT('',(-29.759383155,-56.,110.156172619));
#8394=CARTESIAN_POINT('',(-29.759383155,-38.101447908,110.156172619));
#8395=CARTESIAN_POINT('',(-29.759383155,-20.202895816,110.156172619));
#8396=CARTESIAN_POINT('',(-29.759383155,-2.304343724,110.156172619));
#8397=CARTESIAN_POINT('',(-29.407777887,-56.,110.507777887));
#8398=CARTESIAN_POINT('',(-29.407777887,-38.101447908,110.507777887));
#8399=CARTESIAN_POINT('',(-29.407777887,-20.202895816,110.507777887));
#8400=CARTESIAN_POINT('',(-29.407777887,-2.304343724,110.507777887));
#8401=CARTESIAN_POINT('',(-29.056172619,-56.,110.859383155));
#8402=CARTESIAN_POINT('',(-29.056172619,-38.101447908,110.859383155));
#8403=CARTESIAN_POINT('',(-29.056172619,-20.202895816,110.859383155));
#8404=CARTESIAN_POINT('',(-29.056172619,-2.304343724,110.859383155));
#8405=CARTESIAN_POINT('',(-28.625429699,-56.,111.134331693));
#8406=CARTESIAN_POINT('',(-28.625429699,-38.101447908,111.134331693));
#8407=CARTESIAN_POINT('',(-28.625429699,-20.202895816,111.134331693));
#8408=CARTESIAN_POINT('',(-28.625429699,-2.304343724,111.134331693));
#8409=CARTESIAN_POINT('',(-28.130385219,-56.,111.320164477));
#8410=CARTESIAN_POINT('',(-28.130385219,-38.101447908,111.320164477));
#8411=CARTESIAN_POINT('',(-28.130385219,-20.202895816,111.320164477));
#8412=CARTESIAN_POINT('',(-28.130385219,-2.304343724,111.320164477));
#8413=CARTESIAN_POINT('',(-27.882862979,-56.,111.41308087));
#8414=CARTESIAN_POINT('',(-27.882862979,-38.101447908,111.41308087));
#8415=CARTESIAN_POINT('',(-27.882862979,-20.202895816,111.41308087));
#8416=CARTESIAN_POINT('',(-27.882862979,-2.304343724,111.41308087));
#8417=CARTESIAN_POINT('',(-27.619707729,-56.,111.483486179));
#8418=CARTESIAN_POINT('',(-27.619707729,-38.101447908,111.483486179));
#8419=CARTESIAN_POINT('',(-27.619707729,-20.202895816,111.483486179));
#8420=CARTESIAN_POINT('',(-27.619707729,-2.304343724,111.483486179));
#8421=CARTESIAN_POINT('',(-27.346001961,-56.,111.530227304));
#8422=CARTESIAN_POINT('',(-27.346001961,-38.101447908,111.530227304));
#8423=CARTESIAN_POINT('',(-27.346001961,-20.202895816,111.530227304));
#8424=CARTESIAN_POINT('',(-27.346001961,-2.304343724,111.530227304));
#8425=CARTESIAN_POINT('',(-27.072296192,-56.,111.576968428));
#8426=CARTESIAN_POINT('',(-27.072296192,-38.101447908,111.576968428));
#8427=CARTESIAN_POINT('',(-27.072296192,-20.202895816,111.576968428));
#8428=CARTESIAN_POINT('',(-27.072296192,-2.304343724,111.576968428));
#8429=CARTESIAN_POINT('',(-26.788141477,-56.,111.6));
#8430=CARTESIAN_POINT('',(-26.788141477,-38.101447908,111.6));
#8431=CARTESIAN_POINT('',(-26.788141477,-20.202895816,111.6));
#8432=CARTESIAN_POINT('',(-26.788141477,-2.304343724,111.6));
#8433=CARTESIAN_POINT('',(-26.5,-56.,111.6));
#8434=CARTESIAN_POINT('',(-26.5,-38.101447908,111.6));
#8435=CARTESIAN_POINT('',(-26.5,-20.202895816,111.6));
#8436=CARTESIAN_POINT('',(-26.5,-2.304343724,111.6));
#8437=B_SPLINE_SURFACE_WITH_KNOTS('',3,3,((#8361,#8362,#8363,#8364),(#8365,#8366,#8367,#8368),(#8369,#8370,#8371,#8372),(#8373,#8374,#8375,#8376),(#8377,#8378,#8379,#8380),(#8381,#8382,#8383,#8384),(#8385,#8386,#8387,#8388),(#8389,#8390,#8391,#8392),(#8393,#8394,#8395,#8396),(#8397,#8398,#8399,#8400),(#8401,#8402,#8403,#8404),(#8405,#8406,#8407,#8408),(#8409,#8410,#8411,#8412),(#8413,#8414,#8415,#8416),(#8417,#8418,#8419,#8420),(#8421,#8422,#8423,#8424),(#8425,#8426,#8427,#8428),(#8429,#8430,#8431,#8432),(#8433,#8434,#8435,#8436)),.UNSPECIFIED.,.F.,.F.,.U.,(4,3,3,3,3,3,4),(4,4),(0.,0.125,0.25,0.5,0.75,0.875,1.),(-0.038,0.015695656),.UNSPECIFIED.);
#8438=CARTESIAN_POINT('',(-26.5,-10.756858277,111.6));
#8439=CARTESIAN_POINT('',(-27.046470865,-9.410602929,111.59999994));
#8440=CARTESIAN_POINT('',(-27.48786825,-8.030818943,111.518196848));
#8441=CARTESIAN_POINT('',(-27.824410207,-6.615300191,111.421323413));
#8442=CARTESIAN_POINT('',(-27.992681186,-5.907540816,111.372886696));
#8443=CARTESIAN_POINT('',(-28.134865714,-5.188405331,111.320549115));
#8444=CARTESIAN_POINT('',(-28.248652079,-4.469189603,111.273579193));
#8445=CARTESIAN_POINT('',(-28.362438445,-3.749973874,111.226609271));
#8446=CARTESIAN_POINT('',(-28.448347663,-3.029291011,111.185040581));
#8447=CARTESIAN_POINT('',(-28.506800018,-2.30702248,111.155618854));
#8448=B_SPLINE_CURVE_WITH_KNOTS('',3,(#8438,#8439,#8440,#8441,#8442,#8443,#8444,#8445,#8446,#8447),.UNSPECIFIED.,.F.,.F.,(4,3,3,4),(0.00254028,0.006890766,0.009066009,0.011241252),.UNSPECIFIED.);
#8449=EDGE_CURVE('',#3352,#8332,#8448,.T.);
#8450=ORIENTED_EDGE('',*,*,#8449,.F.);
#8451=ORIENTED_EDGE('',*,*,#3357,.T.);
#8452=CARTESIAN_POINT('',(-26.5,-56.,111.6));
#8453=CARTESIAN_POINT('',(-27.076282954,-56.,111.6));
#8454=CARTESIAN_POINT('',(-27.63534074,-56.,111.505997262));
#8455=CARTESIAN_POINT('',(-28.130385219,-56.,111.320164477));
#8456=CARTESIAN_POINT('',(-28.625429699,-56.,111.134331693));
#8457=CARTESIAN_POINT('',(-29.056172619,-56.,110.859383155));
#8458=CARTESIAN_POINT('',(-29.407777887,-56.,110.507777887));
#8459=CARTESIAN_POINT('',(-29.759383155,-56.,110.156172619));
#8460=CARTESIAN_POINT('',(-30.034331693,-56.,109.725429699));
#8461=CARTESIAN_POINT('',(-30.220164477,-56.,109.230385219));
#8462=CARTESIAN_POINT('',(-30.405997262,-56.,108.73534074));
#8463=CARTESIAN_POINT('',(-30.5,-56.,108.176282954));
#8464=CARTESIAN_POINT('',(-30.5,-56.,107.6));
#8465=B_SPLINE_CURVE_WITH_KNOTS('',3,(#8452,#8453,#8454,#8455,#8456,#8457,#8458,#8459,#8460,#8461,#8462,#8463,#8464),.UNSPECIFIED.,.F.,.F.,(4,3,3,3,4),(0.,0.25,0.5,0.75,1.),.UNSPECIFIED.);
#8466=EDGE_CURVE('',#3330,#3429,#8465,.T.);
#8467=ORIENTED_EDGE('',*,*,#8466,.T.);
#8468=ORIENTED_EDGE('',*,*,#3434,.T.);
#8469=ORIENTED_EDGE('',*,*,#8354,.F.);
#8470=EDGE_LOOP('',(#8450,#8451,#8467,#8468,#8469));
#8471=FACE_BOUND('',#8470,.T.);
#8472=ADVANCED_FACE('',(#8471),#8437,.F.);
#8473=CARTESIAN_POINT('',(30.5,15.3,107.6));
#8474=CARTESIAN_POINT('',(30.5,10.968114575,107.6));
#8475=CARTESIAN_POINT('',(30.5,6.63622915,107.6));
#8476=CARTESIAN_POINT('',(30.5,2.304343724,107.6));
#8477=CARTESIAN_POINT('',(30.5,15.3,107.888141477));
#8478=CARTESIAN_POINT('',(30.5,10.968114575,107.888141477));
#8479=CARTESIAN_POINT('',(30.5,6.63622915,107.888141477));
#8480=CARTESIAN_POINT('',(30.5,2.304343724,107.888141477));
#8481=CARTESIAN_POINT('',(30.476968428,15.3,108.172296192));
#8482=CARTESIAN_POINT('',(30.476968428,10.968114575,108.172296192));
#8483=CARTESIAN_POINT('',(30.476968428,6.63622915,108.172296192));
#8484=CARTESIAN_POINT('',(30.476968428,2.304343724,108.172296192));
#8485=CARTESIAN_POINT('',(30.430227304,15.3,108.446001961));
#8486=CARTESIAN_POINT('',(30.430227304,10.968114575,108.446001961));
#8487=CARTESIAN_POINT('',(30.430227304,6.63622915,108.446001961));
#8488=CARTESIAN_POINT('',(30.430227304,2.304343724,108.446001961));
#8489=CARTESIAN_POINT('',(30.383486179,15.3,108.719707729));
#8490=CARTESIAN_POINT('',(30.383486179,10.968114575,108.719707729));
#8491=CARTESIAN_POINT('',(30.383486179,6.63622915,108.719707729));
#8492=CARTESIAN_POINT('',(30.383486179,2.304343724,108.719707729));
#8493=CARTESIAN_POINT('',(30.31308087,15.3,108.982862979));
#8494=CARTESIAN_POINT('',(30.31308087,10.968114575,108.982862979));
#8495=CARTESIAN_POINT('',(30.31308087,6.63622915,108.982862979));
#8496=CARTESIAN_POINT('',(30.31308087,2.304343724,108.982862979));
#8497=CARTESIAN_POINT('',(30.220164477,15.3,109.230385219));
#8498=CARTESIAN_POINT('',(30.220164477,10.968114575,109.230385219));
#8499=CARTESIAN_POINT('',(30.220164477,6.63622915,109.230385219));
#8500=CARTESIAN_POINT('',(30.220164477,2.304343724,109.230385219));
#8501=CARTESIAN_POINT('',(30.034331693,15.3,109.725429699));
#8502=CARTESIAN_POINT('',(30.034331693,10.968114575,109.725429699));
#8503=CARTESIAN_POINT('',(30.034331693,6.63622915,109.725429699));
#8504=CARTESIAN_POINT('',(30.034331693,2.304343724,109.725429699));
#8505=CARTESIAN_POINT('',(29.759383155,15.3,110.156172619));
#8506=CARTESIAN_POINT('',(29.759383155,10.968114575,110.156172619));
#8507=CARTESIAN_POINT('',(29.759383155,6.63622915,110.156172619));
#8508=CARTESIAN_POINT('',(29.759383155,2.304343724,110.156172619));
#8509=CARTESIAN_POINT('',(29.407777887,15.3,110.507777887));
#8510=CARTESIAN_POINT('',(29.407777887,10.968114575,110.507777887));
#8511=CARTESIAN_POINT('',(29.407777887,6.63622915,110.507777887));
#8512=CARTESIAN_POINT('',(29.407777887,2.304343724,110.507777887));
#8513=CARTESIAN_POINT('',(29.056172619,15.3,110.859383155));
#8514=CARTESIAN_POINT('',(29.056172619,10.968114575,110.859383155));
#8515=CARTESIAN_POINT('',(29.056172619,6.63622915,110.859383155));
#8516=CARTESIAN_POINT('',(29.056172619,2.304343724,110.859383155));
#8517=CARTESIAN_POINT('',(28.625429699,15.3,111.134331693));
#8518=CARTESIAN_POINT('',(28.625429699,10.968114575,111.134331693));
#8519=CARTESIAN_POINT('',(28.625429699,6.63622915,111.134331693));
#8520=CARTESIAN_POINT('',(28.625429699,2.304343724,111.134331693));
#8521=CARTESIAN_POINT('',(28.130385219,15.3,111.320164477));
#8522=CARTESIAN_POINT('',(28.130385219,10.968114575,111.320164477));
#8523=CARTESIAN_POINT('',(28.130385219,6.63622915,111.320164477));
#8524=CARTESIAN_POINT('',(28.130385219,2.304343724,111.320164477));
#8525=CARTESIAN_POINT('',(27.882862979,15.3,111.41308087));
#8526=CARTESIAN_POINT('',(27.882862979,10.968114575,111.41308087));
#8527=CARTESIAN_POINT('',(27.882862979,6.63622915,111.41308087));
#8528=CARTESIAN_POINT('',(27.882862979,2.304343724,111.41308087));
#8529=CARTESIAN_POINT('',(27.619707729,15.3,111.483486179));
#8530=CARTESIAN_POINT('',(27.619707729,10.968114575,111.483486179));
#8531=CARTESIAN_POINT('',(27.619707729,6.63622915,111.483486179));
#8532=CARTESIAN_POINT('',(27.619707729,2.304343724,111.483486179));
#8533=CARTESIAN_POINT('',(27.346001961,15.3,111.530227304));
#8534=CARTESIAN_POINT('',(27.346001961,10.968114575,111.530227304));
#8535=CARTESIAN_POINT('',(27.346001961,6.63622915,111.530227304));
#8536=CARTESIAN_POINT('',(27.346001961,2.304343724,111.530227304));
#8537=CARTESIAN_POINT('',(27.072403113,15.3,111.576950169));
#8538=CARTESIAN_POINT('',(27.072403113,10.968114575,111.576950169));
#8539=CARTESIAN_POINT('',(27.072403113,6.63622915,111.576950169));
#8540=CARTESIAN_POINT('',(27.072403113,2.304343724,111.576950169));
#8541=CARTESIAN_POINT('',(26.78836348,15.3,111.599982002));
#8542=CARTESIAN_POINT('',(26.78836348,10.968114575,111.599982002));
#8543=CARTESIAN_POINT('',(26.78836348,6.63622915,111.599982002));
#8544=CARTESIAN_POINT('',(26.78836348,2.304343724,111.599982002));
#8545=CARTESIAN_POINT('',(26.500337678,15.3,111.599999989));
#8546=CARTESIAN_POINT('',(26.500337678,10.968114575,111.599999989));
#8547=CARTESIAN_POINT('',(26.500337678,6.63622915,111.599999989));
#8548=CARTESIAN_POINT('',(26.500337678,2.304343724,111.599999989));
#8549=B_SPLINE_SURFACE_WITH_KNOTS('',3,3,((#8473,#8474,#8475,#8476),(#8477,#8478,#8479,#8480),(#8481,#8482,#8483,#8484),(#8485,#8486,#8487,#8488),(#8489,#8490,#8491,#8492),(#8493,#8494,#8495,#8496),(#8497,#8498,#8499,#8500),(#8501,#8502,#8503,#8504),(#8505,#8506,#8507,#8508),(#8509,#8510,#8511,#8512),(#8513,#8514,#8515,#8516),(#8517,#8518,#8519,#8520),(#8521,#8522,#8523,#8524),(#8525,#8526,#8527,#8528),(#8529,#8530,#8531,#8532),(#8533,#8534,#8535,#8536),(#8537,#8538,#8539,#8540),(#8541,#8542,#8543,#8544),(#8545,#8546,#8547,#8548)),.UNSPECIFIED.,.F.,.F.,.U.,(4,3,3,3,3,3,4),(4,4),(0.,0.125,0.25,0.5,0.75,0.875,0.99995117),(-0.0333,-0.020304344),.UNSPECIFIED.);
#8550=CARTESIAN_POINT('',(28.50687303,2.307026752,111.155583866));
#8551=VERTEX_POINT('',#8550);
#8552=CARTESIAN_POINT('',(28.081076724,5.423387318,111.338304077));
#8553=CARTESIAN_POINT('',(28.281110615,4.387656935,111.2662052));
#8554=CARTESIAN_POINT('',(28.422474672,3.348991501,111.198063633));
#8555=CARTESIAN_POINT('',(28.506800018,2.30702248,111.155618854));
#8556=B_SPLINE_CURVE_WITH_KNOTS('',3,(#8552,#8553,#8554,#8555),.UNSPECIFIED.,.F.,.F.,(4,4),(0.008103173,0.011241252),.UNSPECIFIED.);
#8557=EDGE_CURVE('',#7114,#8551,#8556,.T.);
#8558=ORIENTED_EDGE('',*,*,#8557,.F.);
#8559=ORIENTED_EDGE('',*,*,#7126,.F.);
#8560=CARTESIAN_POINT('',(30.5,15.3,107.6));
#8561=CARTESIAN_POINT('',(30.5,15.3,108.130582791));
#8562=CARTESIAN_POINT('',(30.421708992,15.3,108.665646517));
#8563=CARTESIAN_POINT('',(30.243910991,15.3,109.165419032));
#8564=CARTESIAN_POINT('',(30.155011991,15.3,109.41530529));
#8565=CARTESIAN_POINT('',(30.039565358,15.3,109.659400153));
#8566=CARTESIAN_POINT('',(29.900529786,15.3,109.884178877));
#8567=CARTESIAN_POINT('',(29.761494215,15.3,110.108957601));
#8568=CARTESIAN_POINT('',(29.598385635,15.3,110.316994952));
#8569=CARTESIAN_POINT('',(29.40888034,15.3,110.506674926));
#8570=CARTESIAN_POINT('',(29.02986975,15.3,110.886034875));
#8571=CARTESIAN_POINT('',(28.567393839,15.3,111.165307299));
#8572=CARTESIAN_POINT('',(28.065565654,15.3,111.343858826));
#8573=CARTESIAN_POINT('',(27.814651561,15.3,111.43313459));
#8574=CARTESIAN_POINT('',(27.557854336,15.3,111.496691154));
#8575=CARTESIAN_POINT('',(27.296076456,15.3,111.538473867));
#8576=CARTESIAN_POINT('',(27.034298576,15.3,111.580256581));
#8577=CARTESIAN_POINT('',(26.766545556,15.3,111.6));
#8578=CARTESIAN_POINT('',(26.5,15.3,111.6));
#8579=B_SPLINE_CURVE_WITH_KNOTS('',3,(#8560,#8561,#8562,#8563,#8564,#8565,#8566,#8567,#8568,#8569,#8570,#8571,#8572,#8573,#8574,#8575,#8576,#8577,#8578),.UNSPECIFIED.,.F.,.F.,(4,3,3,3,3,3,4),(0.002061915,0.003661151,0.004460769,0.005260388,0.006859624,0.007659242,0.00845886),.UNSPECIFIED.);
#8580=EDGE_CURVE('',#3375,#7103,#8579,.T.);
#8581=ORIENTED_EDGE('',*,*,#8580,.F.);
#8582=ORIENTED_EDGE('',*,*,#3402,.T.);
#8583=CARTESIAN_POINT('',(30.5,2.306144073,107.6));
#8584=CARTESIAN_POINT('',(30.5,2.306144073,107.608424724));
#8585=CARTESIAN_POINT('',(30.499989465,2.306144073,107.612323178));
#8586=CARTESIAN_POINT('',(30.499968389,2.306144073,107.618481968));
#8587=CARTESIAN_POINT('',(30.499947313,2.306144073,107.624640759));
#8588=CARTESIAN_POINT('',(30.499915695,2.306144073,107.630797663));
#8589=CARTESIAN_POINT('',(30.499873529,2.306144073,107.636952616));
#8590=CARTESIAN_POINT('',(30.499789198,2.306144073,107.649262524));
#8591=CARTESIAN_POINT('',(30.499662674,2.306144073,107.661564631));
#8592=CARTESIAN_POINT('',(30.499493905,2.306144073,107.673858432));
#8593=CARTESIAN_POINT('',(30.499156368,2.306144073,107.698446035));
#8594=CARTESIAN_POINT('',(30.498649849,2.306144073,107.723000416));
#8595=CARTESIAN_POINT('',(30.497973924,2.306144073,107.747517527));
#8596=CARTESIAN_POINT('',(30.496622075,2.306144073,107.796551749));
#8597=CARTESIAN_POINT('',(30.494592603,2.306144073,107.845436896));
#8598=CARTESIAN_POINT('',(30.491882113,2.306144073,107.8941406));
#8599=CARTESIAN_POINT('',(30.486461132,2.306144073,107.991548008));
#8600=CARTESIAN_POINT('',(30.478316079,2.306144073,108.088229646));
#8601=CARTESIAN_POINT('',(30.467419786,2.306144073,108.183926577));
#8602=CARTESIAN_POINT('',(30.445627199,2.306144073,108.375320438));
#8603=CARTESIAN_POINT('',(30.412746671,2.306144073,108.562726085));
#8604=CARTESIAN_POINT('',(30.368920159,2.306144073,108.744247942));
#8605=CARTESIAN_POINT('',(30.281267135,2.306144073,109.107291656));
#8606=CARTESIAN_POINT('',(30.149846373,2.306144073,109.446119915));
#8607=CARTESIAN_POINT('',(29.978842048,2.306144073,109.751083474));
#8608=CARTESIAN_POINT('',(29.636833398,2.306144073,110.361010592));
#8609=CARTESIAN_POINT('',(29.136615359,2.306144073,110.838439257));
#8610=CARTESIAN_POINT('',(28.506610668,2.306144073,111.15565553));
#8611=B_SPLINE_CURVE_WITH_KNOTS('',3,(#8583,#8584,#8585,#8586,#8587,#8588,#8589,#8590,#8591,#8592,#8593,#8594,#8595,#8596,#8597,#8598,#8599,#8600,#8601,#8602,#8603,#8604,#8605,#8606,#8607,#8608,
#8609,#8610),.UNSPECIFIED.,.F.,.F.,(4,3,3,3,3,3,3,3,3,4),(0.,0.002673383,0.005346767,0.010693533,0.021387066,0.042774132,0.085548264,0.171096529,0.342193057,0.684386115),.UNSPECIFIED.);
#8612=EDGE_CURVE('',#3391,#8551,#8611,.T.);
#8613=ORIENTED_EDGE('',*,*,#8612,.T.);
#8614=EDGE_LOOP('',(#8558,#8559,#8581,#8582,#8613));
#8615=FACE_BOUND('',#8614,.T.);
#8616=ADVANCED_FACE('',(#8615),#8549,.F.);
#8617=CARTESIAN_POINT('',(-26.5,-56.,111.6));
#8618=CARTESIAN_POINT('',(-26.5,-56.523693175,111.6));
#8619=CARTESIAN_POINT('',(-26.395890705,-57.046991542,111.6));
#8620=CARTESIAN_POINT('',(-26.19551813,-57.530733729,111.6));
#8621=CARTESIAN_POINT('',(-25.995145556,-58.014475916,111.6));
#8622=CARTESIAN_POINT('',(-25.698667366,-58.458186884,111.6));
#8623=CARTESIAN_POINT('',(-25.328427125,-58.828427125,111.6));
#8624=CARTESIAN_POINT('',(-24.958186884,-59.198667366,111.6));
#8625=CARTESIAN_POINT('',(-24.514475916,-59.495145556,111.6));
#8626=CARTESIAN_POINT('',(-24.030733729,-59.69551813,111.6));
#8627=CARTESIAN_POINT('',(-23.546991542,-59.895890705,111.6));
#8628=CARTESIAN_POINT('',(-23.023693175,-60.,111.6));
#8629=CARTESIAN_POINT('',(-22.5,-60.,111.6));
#8630=CARTESIAN_POINT('',(-26.788141477,-56.,111.6));
#8631=CARTESIAN_POINT('',(-26.788141477,-56.561247426,111.6));
#8632=CARTESIAN_POINT('',(-26.676467444,-57.122569337,111.6));
#8633=CARTESIAN_POINT('',(-26.461726143,-57.641000699,111.6));
#8634=CARTESIAN_POINT('',(-26.246986704,-58.159427565,111.6));
#8635=CARTESIAN_POINT('',(-25.928960662,-58.635387172,111.6));
#8636=CARTESIAN_POINT('',(-25.532173917,-59.032173917,111.6));
#8637=CARTESIAN_POINT('',(-25.135387172,-59.428960662,111.6));
#8638=CARTESIAN_POINT('',(-24.659427565,-59.746986704,111.6));
#8639=CARTESIAN_POINT('',(-24.141000699,-59.961726143,111.6));
#8640=CARTESIAN_POINT('',(-23.622569337,-60.176467444,111.6));
#8641=CARTESIAN_POINT('',(-23.061247426,-60.288141477,111.6));
#8642=CARTESIAN_POINT('',(-22.5,-60.288141477,111.6));
#8643=CARTESIAN_POINT('',(-27.072296192,-56.,111.576968428));
#8644=CARTESIAN_POINT('',(-27.072296192,-56.598268424,111.576968428));
#8645=CARTESIAN_POINT('',(-26.953156861,-57.197114049,111.576968428));
#8646=CARTESIAN_POINT('',(-26.724250869,-57.749742001,111.576968428));
#8647=CARTESIAN_POINT('',(-26.495348724,-58.302360663,111.576968428));
#8648=CARTESIAN_POINT('',(-26.156057656,-58.81014563,111.576968428));
#8649=CARTESIAN_POINT('',(-25.733101643,-59.233101643,111.576968428));
#8650=CARTESIAN_POINT('',(-25.31014563,-59.656057656,111.576968428));
#8651=CARTESIAN_POINT('',(-24.802360663,-59.995348724,111.576968428));
#8652=CARTESIAN_POINT('',(-24.249742001,-60.224250869,111.576968428));
#8653=CARTESIAN_POINT('',(-23.697114049,-60.453156861,111.576968428));
#8654=CARTESIAN_POINT('',(-23.098268424,-60.572296192,111.576968428));
#8655=CARTESIAN_POINT('',(-22.5,-60.572296192,111.576968428));
#8656=CARTESIAN_POINT('',(-27.346001961,-56.,111.530227304));
#8657=CARTESIAN_POINT('',(-27.346001961,-56.633912877,111.530227304));
#8658=CARTESIAN_POINT('',(-27.219666021,-57.268931663,111.530227304));
#8659=CARTESIAN_POINT('',(-26.977122026,-57.854484664,111.530227304));
#8660=CARTESIAN_POINT('',(-26.734583958,-58.440023357,111.530227304));
#8661=CARTESIAN_POINT('',(-26.374792762,-58.978488934,111.530227304));
#8662=CARTESIAN_POINT('',(-25.926640848,-59.426640848,111.530227304));
#8663=CARTESIAN_POINT('',(-25.478488934,-59.874792762,111.530227304));
#8664=CARTESIAN_POINT('',(-24.940023357,-60.234583958,111.530227304));
#8665=CARTESIAN_POINT('',(-24.354484664,-60.477122026,111.530227304));
#8666=CARTESIAN_POINT('',(-23.768931663,-60.719666021,111.530227304));
#8667=CARTESIAN_POINT('',(-23.133912877,-60.846001961,111.530227304));
#8668=CARTESIAN_POINT('',(-22.5,-60.846001961,111.530227304));
#8669=CARTESIAN_POINT('',(-27.619707729,-56.,111.483486179));
#8670=CARTESIAN_POINT('',(-27.619707729,-56.669557331,111.483486179));
#8671=CARTESIAN_POINT('',(-27.48617518,-57.340749276,111.483486179));
#8672=CARTESIAN_POINT('',(-27.229993184,-57.959227327,111.483486179));
#8673=CARTESIAN_POINT('',(-26.973819192,-58.577686051,111.483486179));
#8674=CARTESIAN_POINT('',(-26.593527868,-59.146832238,111.483486179));
#8675=CARTESIAN_POINT('',(-26.120180053,-59.620180053,111.483486179));
#8676=CARTESIAN_POINT('',(-25.646832238,-60.093527868,111.483486179));
#8677=CARTESIAN_POINT('',(-25.077686051,-60.473819192,111.483486179));
#8678=CARTESIAN_POINT('',(-24.459227327,-60.729993184,111.483486179));
#8679=CARTESIAN_POINT('',(-23.840749276,-60.98617518,111.483486179));
#8680=CARTESIAN_POINT('',(-23.169557331,-61.119707729,111.483486179));
#8681=CARTESIAN_POINT('',(-22.5,-61.119707729,111.483486179));
#8682=CARTESIAN_POINT('',(-27.882862979,-56.,111.41308087));
#8683=CARTESIAN_POINT('',(-27.882862979,-56.703811887,111.41308087));
#8684=CARTESIAN_POINT('',(-27.742405133,-57.409813256,111.41308087));
#8685=CARTESIAN_POINT('',(-27.473116933,-58.059932481,111.41308087));
#8686=CARTESIAN_POINT('',(-27.203838911,-58.710027134,111.41308087));
#8687=CARTESIAN_POINT('',(-26.803819821,-59.308698009,111.41308087));
#8688=CARTESIAN_POINT('',(-26.306258915,-59.806258915,111.41308087));
#8689=CARTESIAN_POINT('',(-25.808698009,-60.303819821,111.41308087));
#8690=CARTESIAN_POINT('',(-25.210027134,-60.703838911,111.41308087));
#8691=CARTESIAN_POINT('',(-24.559932481,-60.973116933,111.41308087));
#8692=CARTESIAN_POINT('',(-23.909813256,-61.242405133,111.41308087));
#8693=CARTESIAN_POINT('',(-23.203811887,-61.382862979,111.41308087));
#8694=CARTESIAN_POINT('',(-22.5,-61.382862979,111.41308087));
#8695=CARTESIAN_POINT('',(-28.130385219,-56.,111.320164477));
#8696=CARTESIAN_POINT('',(-28.130385219,-56.736017725,111.320164477));
#8697=CARTESIAN_POINT('',(-27.983408198,-57.474787171,111.320164477));
#8698=CARTESIAN_POINT('',(-27.701797664,-58.154655141,111.320164477));
#8699=CARTESIAN_POINT('',(-27.420199503,-58.834493241,111.320164477));
#8700=CARTESIAN_POINT('',(-27.001609124,-59.460958015,111.320164477));
#8701=CARTESIAN_POINT('',(-26.481283569,-59.981283569,111.320164477));
#8702=CARTESIAN_POINT('',(-25.960958015,-60.501609124,111.320164477));
#8703=CARTESIAN_POINT('',(-25.334493241,-60.920199503,111.320164477));
#8704=CARTESIAN_POINT('',(-24.654655141,-61.201797664,111.320164477));
#8705=CARTESIAN_POINT('',(-23.974787171,-61.483408198,111.320164477));
#8706=CARTESIAN_POINT('',(-23.236017725,-61.630385219,111.320164477));
#8707=CARTESIAN_POINT('',(-22.5,-61.630385219,111.320164477));
#8708=CARTESIAN_POINT('',(-28.377907459,-56.,111.227248085));
#8709=CARTESIAN_POINT('',(-28.377907459,-56.768223563,111.227248085));
#8710=CARTESIAN_POINT('',(-28.224411263,-57.539761087,111.227248085));
#8711=CARTESIAN_POINT('',(-27.930478395,-58.249377802,111.227248085));
#8712=CARTESIAN_POINT('',(-27.636560096,-58.958959347,111.227248085));
#8713=CARTESIAN_POINT('',(-27.199398427,-59.613218021,111.227248085));
#8714=CARTESIAN_POINT('',(-26.656308224,-60.156308224,111.227248085));
#8715=CARTESIAN_POINT('',(-26.113218021,-60.699398427,111.227248085));
#8716=CARTESIAN_POINT('',(-25.458959347,-61.136560096,111.227248085));
#8717=CARTESIAN_POINT('',(-24.749377802,-61.430478395,111.227248085));
#8718=CARTESIAN_POINT('',(-24.039761087,-61.724411263,111.227248085));
#8719=CARTESIAN_POINT('',(-23.268223563,-61.877907459,111.227248085));
#8720=CARTESIAN_POINT('',(-22.5,-61.877907459,111.227248085));
#8721=CARTESIAN_POINT('',(-28.609781908,-56.,111.111923082));
#8722=CARTESIAN_POINT('',(-28.609781908,-56.798378868,111.111923082));
#8723=CARTESIAN_POINT('',(-28.450173089,-57.600640958,111.111923082));
#8724=CARTESIAN_POINT('',(-28.144702453,-58.338112312,111.111923082));
#8725=CARTESIAN_POINT('',(-27.839248599,-59.075543149,111.111923082));
#8726=CARTESIAN_POINT('',(-27.384673346,-59.755863091,111.111923082));
#8727=CARTESIAN_POINT('',(-26.820268219,-60.320268219,111.111923082));
#8728=CARTESIAN_POINT('',(-26.255863091,-60.884673346,111.111923082));
#8729=CARTESIAN_POINT('',(-25.575543149,-61.339248599,111.111923082));
#8730=CARTESIAN_POINT('',(-24.838112312,-61.644702453,111.111923082));
#8731=CARTESIAN_POINT('',(-24.100640958,-61.950173089,111.111923082));
#8732=CARTESIAN_POINT('',(-23.298378868,-62.109781908,111.111923082));
#8733=CARTESIAN_POINT('',(-22.5,-62.109781908,111.111923082));
#8734=CARTESIAN_POINT('',(-28.823271932,-56.,110.975996068));
#8735=CARTESIAN_POINT('',(-28.823271932,-56.826135417,110.975996068));
#8736=CARTESIAN_POINT('',(-28.658032127,-57.656701167,110.975996068));
#8737=CARTESIAN_POINT('',(-28.341941516,-58.419811407,110.975996068));
#8738=CARTESIAN_POINT('',(-28.025869814,-59.182875998,110.975996068));
#8739=CARTESIAN_POINT('',(-27.555252816,-59.887204109,110.975996068));
#8740=CARTESIAN_POINT('',(-26.971228462,-60.471228462,110.975996068));
#8741=CARTESIAN_POINT('',(-26.387204109,-61.055252816,110.975996068));
#8742=CARTESIAN_POINT('',(-25.682875998,-61.525869814,110.975996068));
#8743=CARTESIAN_POINT('',(-24.919811407,-61.841941516,110.975996068));
#8744=CARTESIAN_POINT('',(-24.156701167,-62.158032127,110.975996068));
#8745=CARTESIAN_POINT('',(-23.326135417,-62.323271932,110.975996068));
#8746=CARTESIAN_POINT('',(-22.5,-62.323271932,110.975996068));
#8747=CARTESIAN_POINT('',(-29.036761955,-56.,110.840069054));
#8748=CARTESIAN_POINT('',(-29.036761955,-56.853891966,110.840069054));
#8749=CARTESIAN_POINT('',(-28.865891164,-57.712761377,110.840069054));
#8750=CARTESIAN_POINT('',(-28.539180579,-58.501510502,110.840069054));
#8751=CARTESIAN_POINT('',(-28.212491028,-59.290208847,110.840069054));
#8752=CARTESIAN_POINT('',(-27.725832285,-60.018545126,110.840069054));
#8753=CARTESIAN_POINT('',(-27.122188706,-60.622188706,110.840069054));
#8754=CARTESIAN_POINT('',(-26.518545126,-61.225832285,110.840069054));
#8755=CARTESIAN_POINT('',(-25.790208847,-61.712491028,110.840069054));
#8756=CARTESIAN_POINT('',(-25.001510502,-62.039180579,110.840069054));
#8757=CARTESIAN_POINT('',(-24.212761377,-62.365891164,110.840069054));
#8758=CARTESIAN_POINT('',(-23.353891966,-62.536761955,110.840069054));
#8759=CARTESIAN_POINT('',(-22.5,-62.536761955,110.840069054));
#8760=CARTESIAN_POINT('',(-29.231975253,-56.,110.683580521));
#8761=CARTESIAN_POINT('',(-29.231975253,-56.879264176,110.683580521));
#8762=CARTESIAN_POINT('',(-29.055952429,-57.764029823,110.683580521));
#8763=CARTESIAN_POINT('',(-28.71953415,-58.576215396,110.683580521));
#8764=CARTESIAN_POINT('',(-28.383138936,-59.388345283,110.683580521));
#8765=CARTESIAN_POINT('',(-27.881802658,-60.138648047,110.683580521));
#8766=CARTESIAN_POINT('',(-27.260225352,-60.760225352,110.683580521));
#8767=CARTESIAN_POINT('',(-26.638648047,-61.381802658,110.683580521));
#8768=CARTESIAN_POINT('',(-25.888345283,-61.883138936,110.683580521));
#8769=CARTESIAN_POINT('',(-25.076215396,-62.21953415,110.683580521));
#8770=CARTESIAN_POINT('',(-24.264029823,-62.555952429,110.683580521));
#8771=CARTESIAN_POINT('',(-23.379264176,-62.731975253,110.683580521));
#8772=CARTESIAN_POINT('',(-22.5,-62.731975253,110.683580521));
#8773=CARTESIAN_POINT('',(-29.407777887,-56.,110.507777887));
#8774=CARTESIAN_POINT('',(-29.407777887,-56.902113729,110.507777887));
#8775=CARTESIAN_POINT('',(-29.227115382,-57.810200322,110.507777887));
#8776=CARTESIAN_POINT('',(-28.881954605,-58.643492152,110.507777887));
#8777=CARTESIAN_POINT('',(-28.536818722,-59.476723882,110.507777887));
#8778=CARTESIAN_POINT('',(-28.022264544,-60.24680863,110.507777887));
#8779=CARTESIAN_POINT('',(-27.384536587,-60.884536587,110.507777887));
#8780=CARTESIAN_POINT('',(-26.74680863,-61.522264544,110.507777887));
#8781=CARTESIAN_POINT('',(-25.976723882,-62.036818722,110.507777887));
#8782=CARTESIAN_POINT('',(-25.143492152,-62.381954605,110.507777887));
#8783=CARTESIAN_POINT('',(-24.310200322,-62.727115382,110.507777887));
#8784=CARTESIAN_POINT('',(-23.402113729,-62.907777887,110.507777887));
#8785=CARTESIAN_POINT('',(-22.5,-62.907777887,110.507777887));
#8786=CARTESIAN_POINT('',(-29.759383155,-56.,110.156172619));
#8787=CARTESIAN_POINT('',(-29.759383155,-56.947812833,110.156172619));
#8788=CARTESIAN_POINT('',(-29.569441289,-57.902541319,110.156172619));
#8789=CARTESIAN_POINT('',(-29.206795516,-58.778045663,110.156172619));
#8790=CARTESIAN_POINT('',(-28.844178294,-59.653481078,110.156172619));
#8791=CARTESIAN_POINT('',(-28.303188315,-60.463129797,110.156172619));
#8792=CARTESIAN_POINT('',(-27.633159056,-61.133159056,110.156172619));
#8793=CARTESIAN_POINT('',(-26.963129797,-61.803188316,110.156172619));
#8794=CARTESIAN_POINT('',(-26.153481078,-62.344178294,110.156172619));
#8795=CARTESIAN_POINT('',(-25.278045663,-62.706795516,110.156172619));
#8796=CARTESIAN_POINT('',(-24.402541319,-63.069441289,110.156172619));
#8797=CARTESIAN_POINT('',(-23.447812833,-63.259383155,110.156172619));
#8798=CARTESIAN_POINT('',(-22.5,-63.259383155,110.156172619));
#8799=CARTESIAN_POINT('',(-30.034331693,-56.,109.725429699));
#8800=CARTESIAN_POINT('',(-30.034331693,-56.983557611,109.725429699));
#8801=CARTESIAN_POINT('',(-29.837136976,-57.974741913,109.725429699));
#8802=CARTESIAN_POINT('',(-29.460814842,-58.883263913,109.725429699));
#8803=CARTESIAN_POINT('',(-29.08452402,-59.791710318,109.725429699));
#8804=CARTESIAN_POINT('',(-28.522871808,-60.632282255,109.725429699));
#8805=CARTESIAN_POINT('',(-27.827577032,-61.327577032,109.725429699));
#8806=CARTESIAN_POINT('',(-27.132282255,-62.022871808,109.725429699));
#8807=CARTESIAN_POINT('',(-26.291710318,-62.58452402,109.725429699));
#8808=CARTESIAN_POINT('',(-25.383263913,-62.960814842,109.725429699));
#8809=CARTESIAN_POINT('',(-24.474741913,-63.337136976,109.725429699));
#8810=CARTESIAN_POINT('',(-23.483557611,-63.534331693,109.725429699));
#8811=CARTESIAN_POINT('',(-22.5,-63.534331693,109.725429699));
#8812=CARTESIAN_POINT('',(-30.220164477,-56.,109.230385219));
#8813=CARTESIAN_POINT('',(-30.220164477,-57.007736855,109.230385219));
#8814=CARTESIAN_POINT('',(-30.018075346,-58.023522514,109.230385219));
#8815=CARTESIAN_POINT('',(-29.632501948,-58.954379041,109.230385219));
#8816=CARTESIAN_POINT('',(-29.246961511,-59.885155994,109.230385219));
#8817=CARTESIAN_POINT('',(-28.671366493,-60.746594815,109.230385219));
#8818=CARTESIAN_POINT('',(-27.958980654,-61.458980654,109.230385219));
#8819=CARTESIAN_POINT('',(-27.246594815,-62.171366493,109.230385219));
#8820=CARTESIAN_POINT('',(-26.385155994,-62.746961511,109.230385219));
#8821=CARTESIAN_POINT('',(-25.454379041,-63.132501948,109.230385219));
#8822=CARTESIAN_POINT('',(-24.523522514,-63.518075346,109.230385219));
#8823=CARTESIAN_POINT('',(-23.507736855,-63.720164477,109.230385219));
#8824=CARTESIAN_POINT('',(-22.5,-63.720164477,109.230385219));
#8825=CARTESIAN_POINT('',(-30.31308087,-56.,108.982862979));
#8826=CARTESIAN_POINT('',(-30.31308087,-57.019826477,108.982862979));
#8827=CARTESIAN_POINT('',(-30.108544531,-58.047912815,108.982862979));
#8828=CARTESIAN_POINT('',(-29.718345502,-58.989936605,108.982862979));
#8829=CARTESIAN_POINT('',(-29.328180256,-59.931878833,108.982862979));
#8830=CARTESIAN_POINT('',(-28.745613835,-60.803751095,108.982862979));
#8831=CARTESIAN_POINT('',(-28.024682465,-61.524682465,108.982862979));
#8832=CARTESIAN_POINT('',(-27.303751095,-62.245613835,108.982862979));
#8833=CARTESIAN_POINT('',(-26.431878833,-62.828180256,108.982862979));
#8834=CARTESIAN_POINT('',(-25.489936605,-63.218345502,108.982862979));
#8835=CARTESIAN_POINT('',(-24.547912815,-63.608544531,108.982862979));
#8836=CARTESIAN_POINT('',(-23.519826477,-63.81308087,108.982862979));
#8837=CARTESIAN_POINT('',(-22.5,-63.81308087,108.982862979));
#8838=CARTESIAN_POINT('',(-30.383486179,-56.,108.719707729));
#8839=CARTESIAN_POINT('',(-30.383486179,-57.028992575,108.719707729));
#8840=CARTESIAN_POINT('',(-30.177097615,-58.066388969,108.719707729));
#8841=CARTESIAN_POINT('',(-29.783391526,-59.01687955,108.719707729));
#8842=CARTESIAN_POINT('',(-29.389719785,-59.967287207,108.719707729));
#8843=CARTESIAN_POINT('',(-28.801877065,-60.847056008,108.719707729));
#8844=CARTESIAN_POINT('',(-28.074466537,-61.574466537,108.719707729));
#8845=CARTESIAN_POINT('',(-27.347056008,-62.301877065,108.719707729));
#8846=CARTESIAN_POINT('',(-26.467287207,-62.889719785,108.719707729));
#8847=CARTESIAN_POINT('',(-25.51687955,-63.283391526,108.719707729));
#8848=CARTESIAN_POINT('',(-24.566388969,-63.677097615,108.719707729));
#8849=CARTESIAN_POINT('',(-23.528992575,-63.883486179,108.719707729));
#8850=CARTESIAN_POINT('',(-22.5,-63.883486179,108.719707729));
#8851=CARTESIAN_POINT('',(-30.430227304,-56.,108.446001961));
#8852=CARTESIAN_POINT('',(-30.430227304,-57.035079629,108.446001961));
#8853=CARTESIAN_POINT('',(-30.222609765,-58.078653365,108.446001961));
#8854=CARTESIAN_POINT('',(-29.826574694,-59.034766604,108.446001961));
#8855=CARTESIAN_POINT('',(-29.430574327,-59.990796061,108.446001961));
#8856=CARTESIAN_POINT('',(-28.839230771,-60.875804235,108.446001961));
#8857=CARTESIAN_POINT('',(-28.107517503,-61.607517503,108.446001961));
#8858=CARTESIAN_POINT('',(-27.375804235,-62.339230771,108.446001961));
#8859=CARTESIAN_POINT('',(-26.490796061,-62.930574327,108.446001961));
#8860=CARTESIAN_POINT('',(-25.534766604,-63.326574694,108.446001961));
#8861=CARTESIAN_POINT('',(-24.578653365,-63.722609765,108.446001961));
#8862=CARTESIAN_POINT('',(-23.535079629,-63.930227304,108.446001961));
#8863=CARTESIAN_POINT('',(-22.5,-63.930227304,108.446001961));
#8864=CARTESIAN_POINT('',(-30.476968428,-56.,108.172296192));
#8865=CARTESIAN_POINT('',(-30.476968428,-57.041166684,108.172296192));
#8866=CARTESIAN_POINT('',(-30.268121914,-58.090917762,108.172296192));
#8867=CARTESIAN_POINT('',(-29.869757862,-59.052653658,108.172296192));
#8868=CARTESIAN_POINT('',(-29.471428869,-60.014304916,108.172296192));
#8869=CARTESIAN_POINT('',(-28.876584477,-60.904552461,108.172296192));
#8870=CARTESIAN_POINT('',(-28.140568469,-61.640568469,108.172296192));
#8871=CARTESIAN_POINT('',(-27.404552461,-62.376584477,108.172296192));
#8872=CARTESIAN_POINT('',(-26.514304916,-62.971428869,108.172296192));
#8873=CARTESIAN_POINT('',(-25.552653658,-63.369757862,108.172296192));
#8874=CARTESIAN_POINT('',(-24.590917762,-63.768121914,108.172296192));
#8875=CARTESIAN_POINT('',(-23.541166684,-63.976968428,108.172296192));
#8876=CARTESIAN_POINT('',(-22.5,-63.976968428,108.172296192));
#8877=CARTESIAN_POINT('',(-30.5,-56.,107.888141477));
#8878=CARTESIAN_POINT('',(-30.5,-57.044168583,107.888141477));
#8879=CARTESIAN_POINT('',(-30.290548876,-58.096958683,107.888141477));
#8880=CARTESIAN_POINT('',(-29.89103626,-59.061467459,107.888141477));
#8881=CARTESIAN_POINT('',(-29.49155885,-60.02589124,107.888141477));
#8882=CARTESIAN_POINT('',(-28.894992255,-60.918716244,107.888141477));
#8883=CARTESIAN_POINT('',(-28.156854249,-61.656854249,107.888141477));
#8884=CARTESIAN_POINT('',(-27.418716244,-62.394992255,107.888141477));
#8885=CARTESIAN_POINT('',(-26.52589124,-62.99155885,107.888141477));
#8886=CARTESIAN_POINT('',(-25.561467459,-63.39103626,107.888141477));
#8887=CARTESIAN_POINT('',(-24.596958683,-63.790548876,107.888141477));
#8888=CARTESIAN_POINT('',(-23.544168583,-64.,107.888141477));
#8889=CARTESIAN_POINT('',(-22.5,-64.,107.888141477));
#8890=CARTESIAN_POINT('',(-30.5,-56.,107.6));
#8891=CARTESIAN_POINT('',(-30.5,-57.044168583,107.6));
#8892=CARTESIAN_POINT('',(-30.290548876,-58.096958683,107.6));
#8893=CARTESIAN_POINT('',(-29.89103626,-59.061467459,107.6));
#8894=CARTESIAN_POINT('',(-29.49155885,-60.02589124,107.6));
#8895=CARTESIAN_POINT('',(-28.894992255,-60.918716244,107.6));
#8896=CARTESIAN_POINT('',(-28.156854249,-61.656854249,107.6));
#8897=CARTESIAN_POINT('',(-27.418716244,-62.394992255,107.6));
#8898=CARTESIAN_POINT('',(-26.52589124,-62.99155885,107.6));
#8899=CARTESIAN_POINT('',(-25.561467459,-63.39103626,107.6));
#8900=CARTESIAN_POINT('',(-24.596958683,-63.790548876,107.6));
#8901=CARTESIAN_POINT('',(-23.544168583,-64.,107.6));
#8902=CARTESIAN_POINT('',(-22.5,-64.,107.6));
#8903=B_SPLINE_SURFACE_WITH_KNOTS('',3,3,((#8617,#8618,#8619,#8620,#8621,#8622,#8623,#8624,#8625,#8626,#8627,#8628,#8629),(#8630,#8631,#8632,#8633,#8634,#8635,#8636,#8637,#8638,#8639,#8640,#8641,#8642),(#8643,#8644,#8645,#8646,#8647,#8648,#8649,#8650,#8651,#8652,#8653,#8654,#8655),(#8656,#8657,#8658,#8659,#8660,#8661,#8662,#8663,#8664,#8665,#8666,#8667,#8668),(#8669,#8670,#8671,#8672,#8673,#8674,#8675,#8676,#8677,#8678,#8679,#8680,#8681),(#8682,#8683,#8684,#8685,#8686,#8687,#8688,#8689,#8690,#8691,#8692,#8693,#8694),(#8695,#8696,#8697,#8698,#8699,#8700,#8701,#8702,#8703,#8704,#8705,#8706,#8707),(#8708,#8709,#8710,#8711,#8712,#8713,#8714,#8715,#8716,#8717,#8718,#8719,#8720),(#8721,#8722,#8723,#8724,#8725,#8726,#8727,#8728,#8729,#8730,#8731,#8732,#8733),(#8734,#8735,#8736,#8737,#8738,#8739,#8740,#8741,#8742,#8743,#8744,#8745,#8746),(#8747,#8748,#8749,#8750,#8751,#8752,#8753,#8754,#8755,#8756,#8757,#8758,#8759),(#8760,#8761,#8762,#8763,#8764,#8765,#8766,#8767,#8768,#8769,#8770,#8771,#8772),(#8773,#8774,#8775,#8776,#8777,#8778,#8779,#8780,#8781,#8782,#8783,#8784,#8785),(#8786,#8787,#8788,#8789,#8790,#8791,#8792,#8793,#8794,#8795,#8796,#8797,#8798),(#8799,#8800,#8801,#8802,#8803,#8804,#8805,#8806,#8807,#8808,#8809,#8810,#8811),(#8812,#8813,#8814,#8815,#8816,#8817,#8818,#8819,#8820,#8821,#8822,#8823,#8824),(#8825,#8826,#8827,#8828,#8829,#8830,#8831,#8832,#8833,#8834,#8835,#8836,#8837),(#8838,#8839,#8840,#8841,#8842,#8843,#8844,#8845,#8846,#8847,#8848,#8849,#8850),(#8851,#8852,#8853,#8854,#8855,#8856,#8857,#8858,#8859,#8860,#8861,#8862,#8863),(#8864,#8865,#8866,#8867,#8868,#8869,#8870,#8871,#8872,#8873,#8874,#8875,#8876),(#8877,#8878,#8879,#8880,#8881,#8882,#8883,#8884,#8885,#8886,#8887,#8888,#8889),(#8890,#8891,#8892,#8893,#8894,#8895,#8896,#8897,#8898,#8899,#8900,#8901,#8902)),.UNSPECIFIED.,.F.,.F.,.U.,(4,3,3,3,3,3,3,4),(4,3,3,3,4),(0.,0.125,0.25,0.375,0.5,0.75,0.875,1.),(3.141592654,3.534291735,3.926990817,4.319689899,4.71238898),.UNSPECIFIED.);
#8904=ORIENTED_EDGE('',*,*,#8466,.F.);
#8905=ORIENTED_EDGE('',*,*,#3349,.T.);
#8906=CARTESIAN_POINT('',(-22.5,-60.,111.6));
#8907=CARTESIAN_POINT('',(-22.5,-60.576282954,111.6));
#8908=CARTESIAN_POINT('',(-22.5,-61.13534074,111.505997262));
#8909=CARTESIAN_POINT('',(-22.5,-61.630385219,111.320164477));
#8910=CARTESIAN_POINT('',(-22.5,-62.125429699,111.134331693));
#8911=CARTESIAN_POINT('',(-22.5,-62.556172619,110.859383155));
#8912=CARTESIAN_POINT('',(-22.5,-62.907777887,110.507777887));
#8913=CARTESIAN_POINT('',(-22.5,-63.259383155,110.156172619));
#8914=CARTESIAN_POINT('',(-22.5,-63.534331693,109.725429699));
#8915=CARTESIAN_POINT('',(-22.5,-63.720164477,109.230385219));
#8916=CARTESIAN_POINT('',(-22.5,-63.905997262,108.73534074));
#8917=CARTESIAN_POINT('',(-22.5,-64.,108.176282954));
#8918=CARTESIAN_POINT('',(-22.5,-64.,107.6));
#8919=B_SPLINE_CURVE_WITH_KNOTS('',3,(#8906,#8907,#8908,#8909,#8910,#8911,#8912,#8913,#8914,#8915,#8916,#8917,#8918),.UNSPECIFIED.,.F.,.F.,(4,3,3,3,4),(0.,0.25,0.5,0.75,1.),.UNSPECIFIED.);
#8920=EDGE_CURVE('',#3322,#3451,#8919,.T.);
#8921=ORIENTED_EDGE('',*,*,#8920,.T.);
#8922=ORIENTED_EDGE('',*,*,#3465,.T.);
#8923=EDGE_LOOP('',(#8904,#8905,#8921,#8922));
#8924=FACE_BOUND('',#8923,.T.);
#8925=ADVANCED_FACE('',(#8924),#8903,.F.);
#8926=CARTESIAN_POINT('',(28.506545827,-2.311711394,111.155703294));
#8927=CARTESIAN_POINT('',(28.506548613,-2.311630438,111.15570157));
#8928=CARTESIAN_POINT('',(28.5065514,-2.311549482,111.155699845));
#8929=CARTESIAN_POINT('',(28.506554186,-2.311468526,111.15569812));
#8930=CARTESIAN_POINT('',(28.532845644,-1.544502856,111.139414161));
#8931=CARTESIAN_POINT('',(28.54605823,-0.771979859,111.131773779));
#8932=CARTESIAN_POINT('',(28.546058145,0.000007444,111.131773829));
#8933=CARTESIAN_POINT('',(28.54605806,0.771994691,111.13177388));
#8934=CARTESIAN_POINT('',(28.532845551,1.544504721,111.139414197));
#8935=CARTESIAN_POINT('',(28.506554187,2.311468567,111.155698121));
#8936=CARTESIAN_POINT('',(28.846042349,-2.311408043,110.984769796));
#8937=CARTESIAN_POINT('',(28.846044711,-2.311327079,110.984767926));
#8938=CARTESIAN_POINT('',(28.846047073,-2.311246115,110.984766055));
#8939=CARTESIAN_POINT('',(28.846049435,-2.311165152,110.984764184));
#8940=CARTESIAN_POINT('',(28.868331386,-1.544159846,110.967102958));
#8941=CARTESIAN_POINT('',(28.879512464,-0.771774198,110.958820215));
#8942=CARTESIAN_POINT('',(28.879512392,0.000007443,110.95882027));
#8943=CARTESIAN_POINT('',(28.879512321,0.771789021,110.958820324));
#8944=CARTESIAN_POINT('',(28.868331306,1.544161706,110.967102995));
#8945=CARTESIAN_POINT('',(28.846049435,2.311165202,110.984764185));
#8946=CARTESIAN_POINT('',(29.148436999,-2.310359175,110.76712998));
#8947=CARTESIAN_POINT('',(29.14843894,-2.310278195,110.767128078));
#8948=CARTESIAN_POINT('',(29.14844088,-2.310197214,110.767126176));
#8949=CARTESIAN_POINT('',(29.14844282,-2.310116233,110.767124274));
#8950=CARTESIAN_POINT('',(29.166749538,-1.543274496,110.749168843));
#8951=CARTESIAN_POINT('',(29.175931828,-0.771312415,110.740779914));
#8952=CARTESIAN_POINT('',(29.175931769,0.000007438,110.740779969));
#8953=CARTESIAN_POINT('',(29.17593171,0.771327231,110.740780024));
#8954=CARTESIAN_POINT('',(29.166749474,1.543276347,110.749168876));
#8955=CARTESIAN_POINT('',(29.148442821,2.310116291,110.767124274));
#8956=CARTESIAN_POINT('',(29.407776968,-2.309217522,110.507787183));
#8957=CARTESIAN_POINT('',(29.407778538,-2.309136514,110.507785348));
#8958=CARTESIAN_POINT('',(29.407780108,-2.309055507,110.507783513));
#8959=CARTESIAN_POINT('',(29.407781678,-2.308974499,110.507781678));
#8960=CARTESIAN_POINT('',(29.422592352,-1.542275186,110.490460476));
#8961=CARTESIAN_POINT('',(29.430020586,-0.770814334,110.482420449));
#8962=CARTESIAN_POINT('',(29.430020538,0.000007433,110.482420502));
#8963=CARTESIAN_POINT('',(29.43002049,0.770829148,110.482420555));
#8964=CARTESIAN_POINT('',(29.422592302,1.542277028,110.490460502));
#8965=CARTESIAN_POINT('',(29.407781678,2.308974556,110.507781678));
#8966=CARTESIAN_POINT('',(29.759381766,-2.307669705,110.156178551));
#8967=CARTESIAN_POINT('',(29.759382834,-2.307588661,110.156176807));
#8968=CARTESIAN_POINT('',(29.759383901,-2.307507616,110.156175063));
#8969=CARTESIAN_POINT('',(29.759384969,-2.307426572,110.156173318));
#8970=CARTESIAN_POINT('',(29.76945582,-1.540920353,110.139711985));
#8971=CARTESIAN_POINT('',(29.77450596,-0.770139053,110.132144987));
#8972=CARTESIAN_POINT('',(29.774505927,0.000007427,110.132145037));
#8973=CARTESIAN_POINT('',(29.774505895,0.770153862,110.132145087));
#8974=CARTESIAN_POINT('',(29.769455788,1.540922185,110.139712001));
#8975=CARTESIAN_POINT('',(29.759384969,2.307426629,110.156173318));
#8976=CARTESIAN_POINT('',(30.034330147,-2.306124032,109.725434288));
#8977=CARTESIAN_POINT('',(30.0343308,-2.306042932,109.725432817));
#8978=CARTESIAN_POINT('',(30.034331454,-2.305961832,109.725431347));
#8979=CARTESIAN_POINT('',(30.034332107,-2.305880731,109.725429877));
#8980=CARTESIAN_POINT('',(30.040496479,-1.539464073,109.711553933));
#8981=CARTESIAN_POINT('',(30.043593904,-0.769450929,109.705307353));
#8982=CARTESIAN_POINT('',(30.043593884,0.00000742,109.705307394));
#8983=CARTESIAN_POINT('',(30.043593864,0.769465741,109.705307436));
#8984=CARTESIAN_POINT('',(30.040496462,1.539465899,109.711553935));
#8985=CARTESIAN_POINT('',(30.034332107,2.305880776,109.725429877));
#8986=CARTESIAN_POINT('',(30.220163468,-2.305375414,109.230388623));
#8987=CARTESIAN_POINT('',(30.220163853,-2.305294245,109.230387507));
#8988=CARTESIAN_POINT('',(30.220164238,-2.305213077,109.23038639));
#8989=CARTESIAN_POINT('',(30.220164623,-2.305131909,109.230385274));
#8990=CARTESIAN_POINT('',(30.223797201,-1.538454623,109.219848636));
#8991=CARTESIAN_POINT('',(30.225625012,-0.769006612,109.215300948));
#8992=CARTESIAN_POINT('',(30.225625,0.000007415,109.215300978));
#8993=CARTESIAN_POINT('',(30.225624989,0.769021426,109.215301009));
#8994=CARTESIAN_POINT('',(30.223797192,1.53845645,109.21984863));
#8995=CARTESIAN_POINT('',(30.220164623,2.305131938,109.230385274));
#8996=CARTESIAN_POINT('',(30.313080128,-2.305001104,108.982865791));
#8997=CARTESIAN_POINT('',(30.313080379,-2.304919902,108.982864852));
#8998=CARTESIAN_POINT('',(30.31308063,-2.3048387,108.982863912));
#8999=CARTESIAN_POINT('',(30.313080881,-2.304757498,108.982862972));
#9000=CARTESIAN_POINT('',(30.315447563,-1.537949899,108.973995987));
#9001=CARTESIAN_POINT('',(30.316640566,-0.768784453,108.970297745));
#9002=CARTESIAN_POINT('',(30.316640559,0.000007413,108.97029777));
#9003=CARTESIAN_POINT('',(30.316640551,0.768799268,108.970297796));
#9004=CARTESIAN_POINT('',(30.315447557,1.537951726,108.973995978));
#9005=CARTESIAN_POINT('',(30.313080881,2.30475752,108.982862973));
#9006=CARTESIAN_POINT('',(30.383485729,-2.304792847,108.719709964));
#9007=CARTESIAN_POINT('',(30.383485882,-2.304711608,108.71970922));
#9008=CARTESIAN_POINT('',(30.383486034,-2.304630369,108.719708475));
#9009=CARTESIAN_POINT('',(30.383486187,-2.30454913,108.719707731));
#9010=CARTESIAN_POINT('',(30.384926577,-1.537536191,108.712682019));
#9011=CARTESIAN_POINT('',(30.385653835,-0.768612462,108.709919812));
#9012=CARTESIAN_POINT('',(30.385653831,0.000007411,108.709919832));
#9013=CARTESIAN_POINT('',(30.385653826,0.768627279,108.709919851));
#9014=CARTESIAN_POINT('',(30.384926574,1.537538021,108.712682007));
#9015=CARTESIAN_POINT('',(30.383486187,2.304549144,108.719707731));
#9016=CARTESIAN_POINT('',(30.430227036,-2.304690507,108.446003616));
#9017=CARTESIAN_POINT('',(30.430227126,-2.30460923,108.446003065));
#9018=CARTESIAN_POINT('',(30.430227216,-2.304527952,108.446002513));
#9019=CARTESIAN_POINT('',(30.430227306,-2.304446675,108.446001961));
#9020=CARTESIAN_POINT('',(30.431076223,-1.53718157,108.440796268));
#9021=CARTESIAN_POINT('',(30.431505303,-0.768471668,108.438962455));
#9022=CARTESIAN_POINT('',(30.4315053,0.00000741,108.438962468));
#9023=CARTESIAN_POINT('',(30.431505297,0.768486484,108.438962482));
#9024=CARTESIAN_POINT('',(30.431076221,1.537183401,108.440796257));
#9025=CARTESIAN_POINT('',(30.430227306,2.304446684,108.446001961));
#9026=CARTESIAN_POINT('',(30.476968344,-2.304588167,108.172297268));
#9027=CARTESIAN_POINT('',(30.476968371,-2.304506851,108.172296909));
#9028=CARTESIAN_POINT('',(30.476968398,-2.304425536,108.172296551));
#9029=CARTESIAN_POINT('',(30.476968425,-2.30434422,108.172296192));
#9030=CARTESIAN_POINT('',(30.477225869,-1.536826948,108.168910517));
#9031=CARTESIAN_POINT('',(30.47735677,-0.768330874,108.168005097));
#9032=CARTESIAN_POINT('',(30.477356769,0.000007408,108.168005105));
#9033=CARTESIAN_POINT('',(30.477356768,0.76834569,108.168005112));
#9034=CARTESIAN_POINT('',(30.477225868,1.536828781,108.168910507));
#9035=CARTESIAN_POINT('',(30.476968425,2.304344223,108.172296192));
#9036=CARTESIAN_POINT('',(30.5,-2.304587791,107.888141983));
#9037=CARTESIAN_POINT('',(30.5,-2.304506435,107.888141814));
#9038=CARTESIAN_POINT('',(30.5,-2.30442508,107.888141646));
#9039=CARTESIAN_POINT('',(30.5,-2.304343724,107.888141477));
#9040=CARTESIAN_POINT('',(30.5,-1.536528981,107.886550317));
#9041=CARTESIAN_POINT('',(30.5,-0.76822003,107.886563598));
#9042=CARTESIAN_POINT('',(30.5,0.000007407,107.8865636));
#9043=CARTESIAN_POINT('',(30.5,0.768234844,107.886563602));
#9044=CARTESIAN_POINT('',(30.5,1.536530817,107.88655031));
#9045=CARTESIAN_POINT('',(30.5,2.304343724,107.888141477));
#9046=CARTESIAN_POINT('',(30.5,-2.304587911,107.6));
#9047=CARTESIAN_POINT('',(30.5,-2.304506515,107.6));
#9048=CARTESIAN_POINT('',(30.5,-2.30442512,107.6));
#9049=CARTESIAN_POINT('',(30.5,-2.304343724,107.6));
#9050=CARTESIAN_POINT('',(30.5,-1.536228231,107.6));
#9051=CARTESIAN_POINT('',(30.5,-0.768107169,107.600833395));
#9052=CARTESIAN_POINT('',(30.5,0.000007405,107.600833391));
#9053=CARTESIAN_POINT('',(30.5,0.76812198,107.600833388));
#9054=CARTESIAN_POINT('',(30.5,1.536230068,107.6));
#9055=CARTESIAN_POINT('',(30.5,2.304343724,107.6));
#9056=B_SPLINE_SURFACE_WITH_KNOTS('',3,3,((#8926,#8927,#8928,#8929,#8930,#8931,#8932,#8933,#8934,#8935),(#8936,#8937,#8938,#8939,#8940,#8941,#8942,#8943,#8944,#8945),(#8946,#8947,#8948,#8949,#8950,#8951,#8952,#8953,#8954,#8955),(#8956,#8957,#8958,#8959,#8960,#8961,#8962,#8963,#8964,#8965),(#8966,#8967,#8968,#8969,#8970,#8971,#8972,#8973,#8974,#8975),(#8976,#8977,#8978,#8979,#8980,#8981,#8982,#8983,#8984,#8985),(#8986,#8987,#8988,#8989,#8990,#8991,#8992,#8993,#8994,#8995),(#8996,#8997,#8998,#8999,#9000,#9001,#9002,#9003,#9004,#9005),(#9006,#9007,#9008,#9009,#9010,#9011,#9012,#9013,#9014,#9015),(#9016,#9017,#9018,#9019,#9020,#9021,#9022,#9023,#9024,#9025),(#9026,#9027,#9028,#9029,#9030,#9031,#9032,#9033,#9034,#9035),(#9036,#9037,#9038,#9039,#9040,#9041,#9042,#9043,#9044,#9045),(#9046,#9047,#9048,#9049,#9050,#9051,#9052,#9053,#9054,#9055)),.UNSPECIFIED.,.F.,.F.,.U.,(4,3,3,3,4),(4,3,3,4),(0.315602652,0.5,0.75,0.875,1.),(-0.038334541,-0.038334295,-0.036019358,-0.03370442),.UNSPECIFIED.);
#9057=ORIENTED_EDGE('',*,*,#2821,.T.);
#9058=CARTESIAN_POINT('',(28.50672859,-2.307904911,111.155654807));
#9059=CARTESIAN_POINT('',(28.56884327,-1.540678025,111.121338101));
#9060=CARTESIAN_POINT('',(28.599983663,-0.770857354,111.103293349));
#9061=CARTESIAN_POINT('',(28.599999994,-0.000606352,111.103284091));
#9062=CARTESIAN_POINT('',(28.600016324,0.76964465,111.103274834));
#9063=CARTESIAN_POINT('',(28.568891419,1.539787411,111.121310322));
#9064=CARTESIAN_POINT('',(28.506800088,2.307021617,111.155615304));
#9065=B_SPLINE_CURVE_WITH_KNOTS('',3,(#9058,#9059,#9060,#9061,#9062,#9063,#9064),.UNSPECIFIED.,.F.,.F.,(4,3,4),(0.000003864,0.002313816,0.004623767),.UNSPECIFIED.);
#9066=EDGE_CURVE('',#2762,#8551,#9065,.T.);
#9067=ORIENTED_EDGE('',*,*,#9066,.T.);
#9068=ORIENTED_EDGE('',*,*,#8612,.F.);
#9069=ORIENTED_EDGE('',*,*,#3396,.T.);
#9070=EDGE_LOOP('',(#9057,#9067,#9068,#9069));
#9071=FACE_BOUND('',#9070,.T.);
#9072=ADVANCED_FACE('',(#9071),#9056,.F.);
#9073=CARTESIAN_POINT('',(22.5,-64.,107.6));
#9074=CARTESIAN_POINT('',(7.5,-64.,107.6));
#9075=CARTESIAN_POINT('',(-7.5,-64.,107.6));
#9076=CARTESIAN_POINT('',(-22.5,-64.,107.6));
#9077=CARTESIAN_POINT('',(22.5,-64.,107.888141477));
#9078=CARTESIAN_POINT('',(7.5,-64.,107.888141477));
#9079=CARTESIAN_POINT('',(-7.5,-64.,107.888141477));
#9080=CARTESIAN_POINT('',(-22.5,-64.,107.888141477));
#9081=CARTESIAN_POINT('',(22.5,-63.976968428,108.172296192));
#9082=CARTESIAN_POINT('',(7.5,-63.976968428,108.172296192));
#9083=CARTESIAN_POINT('',(-7.5,-63.976968428,108.172296192));
#9084=CARTESIAN_POINT('',(-22.5,-63.976968428,108.172296192));
#9085=CARTESIAN_POINT('',(22.5,-63.930227304,108.446001961));
#9086=CARTESIAN_POINT('',(7.5,-63.930227304,108.446001961));
#9087=CARTESIAN_POINT('',(-7.5,-63.930227304,108.446001961));
#9088=CARTESIAN_POINT('',(-22.5,-63.930227304,108.446001961));
#9089=CARTESIAN_POINT('',(22.5,-63.883486179,108.719707729));
#9090=CARTESIAN_POINT('',(7.5,-63.883486179,108.719707729));
#9091=CARTESIAN_POINT('',(-7.5,-63.883486179,108.719707729));
#9092=CARTESIAN_POINT('',(-22.5,-63.883486179,108.719707729));
#9093=CARTESIAN_POINT('',(22.5,-63.81308087,108.982862979));
#9094=CARTESIAN_POINT('',(7.5,-63.81308087,108.982862979));
#9095=CARTESIAN_POINT('',(-7.5,-63.81308087,108.982862979));
#9096=CARTESIAN_POINT('',(-22.5,-63.81308087,108.982862979));
#9097=CARTESIAN_POINT('',(22.5,-63.720164477,109.230385219));
#9098=CARTESIAN_POINT('',(7.5,-63.720164477,109.230385219));
#9099=CARTESIAN_POINT('',(-7.5,-63.720164477,109.230385219));
#9100=CARTESIAN_POINT('',(-22.5,-63.720164477,109.230385219));
#9101=CARTESIAN_POINT('',(22.5,-63.534331693,109.725429699));
#9102=CARTESIAN_POINT('',(7.5,-63.534331693,109.725429699));
#9103=CARTESIAN_POINT('',(-7.5,-63.534331693,109.725429699));
#9104=CARTESIAN_POINT('',(-22.5,-63.534331693,109.725429699));
#9105=CARTESIAN_POINT('',(22.5,-63.259383155,110.156172619));
#9106=CARTESIAN_POINT('',(7.5,-63.259383155,110.156172619));
#9107=CARTESIAN_POINT('',(-7.5,-63.259383155,110.156172619));
#9108=CARTESIAN_POINT('',(-22.5,-63.259383155,110.156172619));
#9109=CARTESIAN_POINT('',(22.5,-62.907777887,110.507777887));
#9110=CARTESIAN_POINT('',(7.5,-62.907777887,110.507777887));
#9111=CARTESIAN_POINT('',(-7.5,-62.907777887,110.507777887));
#9112=CARTESIAN_POINT('',(-22.5,-62.907777887,110.507777887));
#9113=CARTESIAN_POINT('',(22.5,-62.556172619,110.859383155));
#9114=CARTESIAN_POINT('',(7.5,-62.556172619,110.859383155));
#9115=CARTESIAN_POINT('',(-7.5,-62.556172619,110.859383155));
#9116=CARTESIAN_POINT('',(-22.5,-62.556172619,110.859383155));
#9117=CARTESIAN_POINT('',(22.5,-62.125429699,111.134331693));
#9118=CARTESIAN_POINT('',(7.5,-62.125429699,111.134331693));
#9119=CARTESIAN_POINT('',(-7.5,-62.125429699,111.134331693));
#9120=CARTESIAN_POINT('',(-22.5,-62.125429699,111.134331693));
#9121=CARTESIAN_POINT('',(22.5,-61.630385219,111.320164477));
#9122=CARTESIAN_POINT('',(7.5,-61.630385219,111.320164477));
#9123=CARTESIAN_POINT('',(-7.5,-61.630385219,111.320164477));
#9124=CARTESIAN_POINT('',(-22.5,-61.630385219,111.320164477));
#9125=CARTESIAN_POINT('',(22.5,-61.382862979,111.41308087));
#9126=CARTESIAN_POINT('',(7.5,-61.382862979,111.41308087));
#9127=CARTESIAN_POINT('',(-7.5,-61.382862979,111.41308087));
#9128=CARTESIAN_POINT('',(-22.5,-61.382862979,111.41308087));
#9129=CARTESIAN_POINT('',(22.5,-61.119707729,111.483486179));
#9130=CARTESIAN_POINT('',(7.5,-61.119707729,111.483486179));
#9131=CARTESIAN_POINT('',(-7.5,-61.119707729,111.483486179));
#9132=CARTESIAN_POINT('',(-22.5,-61.119707729,111.483486179));
#9133=CARTESIAN_POINT('',(22.5,-60.846001961,111.530227304));
#9134=CARTESIAN_POINT('',(7.5,-60.846001961,111.530227304));
#9135=CARTESIAN_POINT('',(-7.5,-60.846001961,111.530227304));
#9136=CARTESIAN_POINT('',(-22.5,-60.846001961,111.530227304));
#9137=CARTESIAN_POINT('',(22.5,-60.572296192,111.576968428));
#9138=CARTESIAN_POINT('',(7.5,-60.572296192,111.576968428));
#9139=CARTESIAN_POINT('',(-7.5,-60.572296192,111.576968428));
#9140=CARTESIAN_POINT('',(-22.5,-60.572296192,111.576968428));
#9141=CARTESIAN_POINT('',(22.5,-60.288141477,111.6));
#9142=CARTESIAN_POINT('',(7.5,-60.288141477,111.6));
#9143=CARTESIAN_POINT('',(-7.5,-60.288141477,111.6));
#9144=CARTESIAN_POINT('',(-22.5,-60.288141477,111.6));
#9145=CARTESIAN_POINT('',(22.5,-60.,111.6));
#9146=CARTESIAN_POINT('',(7.5,-60.,111.6));
#9147=CARTESIAN_POINT('',(-7.5,-60.,111.6));
#9148=CARTESIAN_POINT('',(-22.5,-60.,111.6));
#9149=B_SPLINE_SURFACE_WITH_KNOTS('',3,3,((#9073,#9074,#9075,#9076),(#9077,#9078,#9079,#9080),(#9081,#9082,#9083,#9084),(#9085,#9086,#9087,#9088),(#9089,#9090,#9091,#9092),(#9093,#9094,#9095,#9096),(#9097,#9098,#9099,#9100),(#9101,#9102,#9103,#9104),(#9105,#9106,#9107,#9108),(#9109,#9110,#9111,#9112),(#9113,#9114,#9115,#9116),(#9117,#9118,#9119,#9120),(#9121,#9122,#9123,#9124),(#9125,#9126,#9127,#9128),(#9129,#9130,#9131,#9132),(#9133,#9134,#9135,#9136),(#9137,#9138,#9139,#9140),(#9141,#9142,#9143,#9144),(#9145,#9146,#9147,#9148)),.UNSPECIFIED.,.F.,.F.,.U.,(4,3,3,3,3,3,4),(4,4),(0.,0.125,0.25,0.5,0.75,0.875,1.),(-0.0225,0.0225),.UNSPECIFIED.);
#9150=ORIENTED_EDGE('',*,*,#8920,.F.);
#9151=ORIENTED_EDGE('',*,*,#3327,.T.);
#9152=CARTESIAN_POINT('',(22.5,-60.,111.6));
#9153=CARTESIAN_POINT('',(22.5,-60.576282954,111.6));
#9154=CARTESIAN_POINT('',(22.5,-61.13534074,111.505997262));
#9155=CARTESIAN_POINT('',(22.5,-61.630385219,111.320164477));
#9156=CARTESIAN_POINT('',(22.5,-62.125429699,111.134331693));
#9157=CARTESIAN_POINT('',(22.5,-62.556172619,110.859383155));
#9158=CARTESIAN_POINT('',(22.5,-62.907777887,110.507777887));
#9159=CARTESIAN_POINT('',(22.5,-63.259383155,110.156172619));
#9160=CARTESIAN_POINT('',(22.5,-63.534331693,109.725429699));
#9161=CARTESIAN_POINT('',(22.5,-63.720164477,109.230385219));
#9162=CARTESIAN_POINT('',(22.5,-63.905997262,108.73534074));
#9163=CARTESIAN_POINT('',(22.5,-64.,108.176282954));
#9164=CARTESIAN_POINT('',(22.5,-64.,107.6));
#9165=B_SPLINE_CURVE_WITH_KNOTS('',3,(#9152,#9153,#9154,#9155,#9156,#9157,#9158,#9159,#9160,#9161,#9162,#9163,#9164),.UNSPECIFIED.,.F.,.F.,(4,3,3,3,4),(0.,0.25,0.5,0.75,1.),.UNSPECIFIED.);
#9166=EDGE_CURVE('',#3313,#3478,#9165,.T.);
#9167=ORIENTED_EDGE('',*,*,#9166,.T.);
#9168=ORIENTED_EDGE('',*,*,#3483,.T.);
#9169=EDGE_LOOP('',(#9150,#9151,#9167,#9168));
#9170=FACE_BOUND('',#9169,.T.);
#9171=ADVANCED_FACE('',(#9170),#9149,.F.);
#9172=CARTESIAN_POINT('',(22.5,-60.,111.6));
#9173=CARTESIAN_POINT('',(23.023693175,-60.,111.6));
#9174=CARTESIAN_POINT('',(23.546991542,-59.895890705,111.6));
#9175=CARTESIAN_POINT('',(24.030733729,-59.69551813,111.6));
#9176=CARTESIAN_POINT('',(24.514475916,-59.495145556,111.6));
#9177=CARTESIAN_POINT('',(24.958186884,-59.198667366,111.6));
#9178=CARTESIAN_POINT('',(25.328427125,-58.828427125,111.6));
#9179=CARTESIAN_POINT('',(25.698667366,-58.458186884,111.6));
#9180=CARTESIAN_POINT('',(25.995145556,-58.014475916,111.6));
#9181=CARTESIAN_POINT('',(26.19551813,-57.530733729,111.6));
#9182=CARTESIAN_POINT('',(26.395890705,-57.046991542,111.6));
#9183=CARTESIAN_POINT('',(26.5,-56.523693175,111.6));
#9184=CARTESIAN_POINT('',(26.5,-56.,111.6));
#9185=CARTESIAN_POINT('',(22.5,-60.288141477,111.6));
#9186=CARTESIAN_POINT('',(23.061247426,-60.288141477,111.6));
#9187=CARTESIAN_POINT('',(23.622569337,-60.176467444,111.6));
#9188=CARTESIAN_POINT('',(24.141000699,-59.961726143,111.6));
#9189=CARTESIAN_POINT('',(24.659427565,-59.746986704,111.6));
#9190=CARTESIAN_POINT('',(25.135387172,-59.428960662,111.6));
#9191=CARTESIAN_POINT('',(25.532173917,-59.032173917,111.6));
#9192=CARTESIAN_POINT('',(25.928960662,-58.635387172,111.6));
#9193=CARTESIAN_POINT('',(26.246986704,-58.159427565,111.6));
#9194=CARTESIAN_POINT('',(26.461726143,-57.641000699,111.6));
#9195=CARTESIAN_POINT('',(26.676467444,-57.122569337,111.6));
#9196=CARTESIAN_POINT('',(26.788141477,-56.561247426,111.6));
#9197=CARTESIAN_POINT('',(26.788141477,-56.,111.6));
#9198=CARTESIAN_POINT('',(22.5,-60.572296192,111.576968428));
#9199=CARTESIAN_POINT('',(23.098268424,-60.572296192,111.576968428));
#9200=CARTESIAN_POINT('',(23.697114049,-60.453156861,111.576968428));
#9201=CARTESIAN_POINT('',(24.249742001,-60.224250869,111.576968428));
#9202=CARTESIAN_POINT('',(24.802360663,-59.995348724,111.576968428));
#9203=CARTESIAN_POINT('',(25.31014563,-59.656057656,111.576968428));
#9204=CARTESIAN_POINT('',(25.733101643,-59.233101643,111.576968428));
#9205=CARTESIAN_POINT('',(26.156057656,-58.81014563,111.576968428));
#9206=CARTESIAN_POINT('',(26.495348724,-58.302360663,111.576968428));
#9207=CARTESIAN_POINT('',(26.724250869,-57.749742001,111.576968428));
#9208=CARTESIAN_POINT('',(26.953156861,-57.197114049,111.576968428));
#9209=CARTESIAN_POINT('',(27.072296192,-56.598268424,111.576968428));
#9210=CARTESIAN_POINT('',(27.072296192,-56.,111.576968428));
#9211=CARTESIAN_POINT('',(22.5,-60.846001961,111.530227304));
#9212=CARTESIAN_POINT('',(23.133912877,-60.846001961,111.530227304));
#9213=CARTESIAN_POINT('',(23.768931663,-60.719666021,111.530227304));
#9214=CARTESIAN_POINT('',(24.354484664,-60.477122026,111.530227304));
#9215=CARTESIAN_POINT('',(24.940023357,-60.234583958,111.530227304));
#9216=CARTESIAN_POINT('',(25.478488934,-59.874792762,111.530227304));
#9217=CARTESIAN_POINT('',(25.926640848,-59.426640848,111.530227304));
#9218=CARTESIAN_POINT('',(26.374792762,-58.978488934,111.530227304));
#9219=CARTESIAN_POINT('',(26.734583958,-58.440023357,111.530227304));
#9220=CARTESIAN_POINT('',(26.977122026,-57.854484664,111.530227304));
#9221=CARTESIAN_POINT('',(27.219666021,-57.268931663,111.530227304));
#9222=CARTESIAN_POINT('',(27.346001961,-56.633912877,111.530227304));
#9223=CARTESIAN_POINT('',(27.346001961,-56.,111.530227304));
#9224=CARTESIAN_POINT('',(22.5,-61.119707729,111.483486179));
#9225=CARTESIAN_POINT('',(23.169557331,-61.119707729,111.483486179));
#9226=CARTESIAN_POINT('',(23.840749276,-60.98617518,111.483486179));
#9227=CARTESIAN_POINT('',(24.459227327,-60.729993184,111.483486179));
#9228=CARTESIAN_POINT('',(25.077686051,-60.473819192,111.483486179));
#9229=CARTESIAN_POINT('',(25.646832238,-60.093527868,111.483486179));
#9230=CARTESIAN_POINT('',(26.120180053,-59.620180053,111.483486179));
#9231=CARTESIAN_POINT('',(26.593527868,-59.146832238,111.483486179));
#9232=CARTESIAN_POINT('',(26.973819192,-58.577686051,111.483486179));
#9233=CARTESIAN_POINT('',(27.229993184,-57.959227327,111.483486179));
#9234=CARTESIAN_POINT('',(27.48617518,-57.340749276,111.483486179));
#9235=CARTESIAN_POINT('',(27.619707729,-56.669557331,111.483486179));
#9236=CARTESIAN_POINT('',(27.619707729,-56.,111.483486179));
#9237=CARTESIAN_POINT('',(22.5,-61.382862979,111.41308087));
#9238=CARTESIAN_POINT('',(23.203811887,-61.382862979,111.41308087));
#9239=CARTESIAN_POINT('',(23.909813256,-61.242405133,111.41308087));
#9240=CARTESIAN_POINT('',(24.559932481,-60.973116933,111.41308087));
#9241=CARTESIAN_POINT('',(25.210027134,-60.703838911,111.41308087));
#9242=CARTESIAN_POINT('',(25.808698009,-60.303819821,111.41308087));
#9243=CARTESIAN_POINT('',(26.306258915,-59.806258915,111.41308087));
#9244=CARTESIAN_POINT('',(26.803819821,-59.308698009,111.41308087));
#9245=CARTESIAN_POINT('',(27.203838911,-58.710027134,111.41308087));
#9246=CARTESIAN_POINT('',(27.473116933,-58.059932481,111.41308087));
#9247=CARTESIAN_POINT('',(27.742405133,-57.409813256,111.41308087));
#9248=CARTESIAN_POINT('',(27.882862979,-56.703811887,111.41308087));
#9249=CARTESIAN_POINT('',(27.882862979,-56.,111.41308087));
#9250=CARTESIAN_POINT('',(22.5,-61.630385219,111.320164477));
#9251=CARTESIAN_POINT('',(23.236017725,-61.630385219,111.320164477));
#9252=CARTESIAN_POINT('',(23.974787171,-61.483408198,111.320164477));
#9253=CARTESIAN_POINT('',(24.654655141,-61.201797664,111.320164477));
#9254=CARTESIAN_POINT('',(25.334493241,-60.920199503,111.320164477));
#9255=CARTESIAN_POINT('',(25.960958015,-60.501609124,111.320164477));
#9256=CARTESIAN_POINT('',(26.481283569,-59.981283569,111.320164477));
#9257=CARTESIAN_POINT('',(27.001609124,-59.460958015,111.320164477));
#9258=CARTESIAN_POINT('',(27.420199503,-58.834493241,111.320164477));
#9259=CARTESIAN_POINT('',(27.701797664,-58.154655141,111.320164477));
#9260=CARTESIAN_POINT('',(27.983408198,-57.474787171,111.320164477));
#9261=CARTESIAN_POINT('',(28.130385219,-56.736017725,111.320164477));
#9262=CARTESIAN_POINT('',(28.130385219,-56.,111.320164477));
#9263=CARTESIAN_POINT('',(22.5,-61.877907459,111.227248085));
#9264=CARTESIAN_POINT('',(23.268223563,-61.877907459,111.227248085));
#9265=CARTESIAN_POINT('',(24.039761087,-61.724411263,111.227248085));
#9266=CARTESIAN_POINT('',(24.749377802,-61.430478395,111.227248085));
#9267=CARTESIAN_POINT('',(25.458959347,-61.136560096,111.227248085));
#9268=CARTESIAN_POINT('',(26.113218021,-60.699398427,111.227248085));
#9269=CARTESIAN_POINT('',(26.656308224,-60.156308224,111.227248085));
#9270=CARTESIAN_POINT('',(27.199398427,-59.613218021,111.227248085));
#9271=CARTESIAN_POINT('',(27.636560096,-58.958959347,111.227248085));
#9272=CARTESIAN_POINT('',(27.930478395,-58.249377802,111.227248085));
#9273=CARTESIAN_POINT('',(28.224411263,-57.539761087,111.227248085));
#9274=CARTESIAN_POINT('',(28.377907459,-56.768223563,111.227248085));
#9275=CARTESIAN_POINT('',(28.377907459,-56.,111.227248085));
#9276=CARTESIAN_POINT('',(22.5,-62.109781908,111.111923082));
#9277=CARTESIAN_POINT('',(23.298378868,-62.109781908,111.111923082));
#9278=CARTESIAN_POINT('',(24.100640958,-61.950173089,111.111923082));
#9279=CARTESIAN_POINT('',(24.838112312,-61.644702453,111.111923082));
#9280=CARTESIAN_POINT('',(25.575543149,-61.339248599,111.111923082));
#9281=CARTESIAN_POINT('',(26.255863091,-60.884673346,111.111923082));
#9282=CARTESIAN_POINT('',(26.820268219,-60.320268219,111.111923082));
#9283=CARTESIAN_POINT('',(27.384673346,-59.755863091,111.111923082));
#9284=CARTESIAN_POINT('',(27.839248599,-59.075543149,111.111923082));
#9285=CARTESIAN_POINT('',(28.144702453,-58.338112312,111.111923082));
#9286=CARTESIAN_POINT('',(28.450173089,-57.600640958,111.111923082));
#9287=CARTESIAN_POINT('',(28.609781908,-56.798378868,111.111923082));
#9288=CARTESIAN_POINT('',(28.609781908,-56.,111.111923082));
#9289=CARTESIAN_POINT('',(22.5,-62.323271932,110.975996068));
#9290=CARTESIAN_POINT('',(23.326135417,-62.323271932,110.975996068));
#9291=CARTESIAN_POINT('',(24.156701167,-62.158032127,110.975996068));
#9292=CARTESIAN_POINT('',(24.919811407,-61.841941516,110.975996068));
#9293=CARTESIAN_POINT('',(25.682875998,-61.525869814,110.975996068));
#9294=CARTESIAN_POINT('',(26.387204109,-61.055252816,110.975996068));
#9295=CARTESIAN_POINT('',(26.971228462,-60.471228462,110.975996068));
#9296=CARTESIAN_POINT('',(27.555252816,-59.887204109,110.975996068));
#9297=CARTESIAN_POINT('',(28.025869814,-59.182875998,110.975996068));
#9298=CARTESIAN_POINT('',(28.341941516,-58.419811407,110.975996068));
#9299=CARTESIAN_POINT('',(28.658032127,-57.656701167,110.975996068));
#9300=CARTESIAN_POINT('',(28.823271932,-56.826135417,110.975996068));
#9301=CARTESIAN_POINT('',(28.823271932,-56.,110.975996068));
#9302=CARTESIAN_POINT('',(22.5,-62.536761955,110.840069054));
#9303=CARTESIAN_POINT('',(23.353891966,-62.536761955,110.840069054));
#9304=CARTESIAN_POINT('',(24.212761377,-62.365891164,110.840069054));
#9305=CARTESIAN_POINT('',(25.001510502,-62.039180579,110.840069054));
#9306=CARTESIAN_POINT('',(25.790208847,-61.712491028,110.840069054));
#9307=CARTESIAN_POINT('',(26.518545126,-61.225832285,110.840069054));
#9308=CARTESIAN_POINT('',(27.122188706,-60.622188706,110.840069054));
#9309=CARTESIAN_POINT('',(27.725832285,-60.018545126,110.840069054));
#9310=CARTESIAN_POINT('',(28.212491028,-59.290208847,110.840069054));
#9311=CARTESIAN_POINT('',(28.539180579,-58.501510502,110.840069054));
#9312=CARTESIAN_POINT('',(28.865891164,-57.712761377,110.840069054));
#9313=CARTESIAN_POINT('',(29.036761955,-56.853891966,110.840069054));
#9314=CARTESIAN_POINT('',(29.036761955,-56.,110.840069054));
#9315=CARTESIAN_POINT('',(22.5,-62.731975253,110.683580521));
#9316=CARTESIAN_POINT('',(23.379264176,-62.731975253,110.683580521));
#9317=CARTESIAN_POINT('',(24.264029823,-62.555952429,110.683580521));
#9318=CARTESIAN_POINT('',(25.076215396,-62.21953415,110.683580521));
#9319=CARTESIAN_POINT('',(25.888345283,-61.883138936,110.683580521));
#9320=CARTESIAN_POINT('',(26.638648047,-61.381802658,110.683580521));
#9321=CARTESIAN_POINT('',(27.260225352,-60.760225352,110.683580521));
#9322=CARTESIAN_POINT('',(27.881802658,-60.138648047,110.683580521));
#9323=CARTESIAN_POINT('',(28.383138936,-59.388345283,110.683580521));
#9324=CARTESIAN_POINT('',(28.71953415,-58.576215396,110.683580521));
#9325=CARTESIAN_POINT('',(29.055952429,-57.764029823,110.683580521));
#9326=CARTESIAN_POINT('',(29.231975253,-56.879264176,110.683580521));
#9327=CARTESIAN_POINT('',(29.231975253,-56.,110.683580521));
#9328=CARTESIAN_POINT('',(22.5,-62.907777887,110.507777887));
#9329=CARTESIAN_POINT('',(23.402113729,-62.907777887,110.507777887));
#9330=CARTESIAN_POINT('',(24.310200322,-62.727115382,110.507777887));
#9331=CARTESIAN_POINT('',(25.143492152,-62.381954605,110.507777887));
#9332=CARTESIAN_POINT('',(25.976723882,-62.036818722,110.507777887));
#9333=CARTESIAN_POINT('',(26.74680863,-61.522264544,110.507777887));
#9334=CARTESIAN_POINT('',(27.384536587,-60.884536587,110.507777887));
#9335=CARTESIAN_POINT('',(28.022264544,-60.24680863,110.507777887));
#9336=CARTESIAN_POINT('',(28.536818722,-59.476723882,110.507777887));
#9337=CARTESIAN_POINT('',(28.881954605,-58.643492152,110.507777887));
#9338=CARTESIAN_POINT('',(29.227115382,-57.810200322,110.507777887));
#9339=CARTESIAN_POINT('',(29.407777887,-56.902113729,110.507777887));
#9340=CARTESIAN_POINT('',(29.407777887,-56.,110.507777887));
#9341=CARTESIAN_POINT('',(22.5,-63.259383155,110.156172619));
#9342=CARTESIAN_POINT('',(23.447812833,-63.259383155,110.156172619));
#9343=CARTESIAN_POINT('',(24.402541319,-63.069441289,110.156172619));
#9344=CARTESIAN_POINT('',(25.278045663,-62.706795516,110.156172619));
#9345=CARTESIAN_POINT('',(26.153481078,-62.344178294,110.156172619));
#9346=CARTESIAN_POINT('',(26.963129797,-61.803188315,110.156172619));
#9347=CARTESIAN_POINT('',(27.633159056,-61.133159056,110.156172619));
#9348=CARTESIAN_POINT('',(28.303188315,-60.463129797,110.156172619));
#9349=CARTESIAN_POINT('',(28.844178294,-59.653481078,110.156172619));
#9350=CARTESIAN_POINT('',(29.206795516,-58.778045663,110.156172619));
#9351=CARTESIAN_POINT('',(29.569441289,-57.902541319,110.156172619));
#9352=CARTESIAN_POINT('',(29.759383155,-56.947812833,110.156172619));
#9353=CARTESIAN_POINT('',(29.759383155,-56.,110.156172619));
#9354=CARTESIAN_POINT('',(22.5,-63.534331693,109.725429699));
#9355=CARTESIAN_POINT('',(23.483557611,-63.534331693,109.725429699));
#9356=CARTESIAN_POINT('',(24.474741913,-63.337136976,109.725429699));
#9357=CARTESIAN_POINT('',(25.383263913,-62.960814842,109.725429699));
#9358=CARTESIAN_POINT('',(26.291710318,-62.58452402,109.725429699));
#9359=CARTESIAN_POINT('',(27.132282255,-62.022871808,109.725429699));
#9360=CARTESIAN_POINT('',(27.827577032,-61.327577032,109.725429699));
#9361=CARTESIAN_POINT('',(28.522871808,-60.632282255,109.725429699));
#9362=CARTESIAN_POINT('',(29.08452402,-59.791710318,109.725429699));
#9363=CARTESIAN_POINT('',(29.460814842,-58.883263913,109.725429699));
#9364=CARTESIAN_POINT('',(29.837136976,-57.974741913,109.725429699));
#9365=CARTESIAN_POINT('',(30.034331693,-56.983557611,109.725429699));
#9366=CARTESIAN_POINT('',(30.034331693,-56.,109.725429699));
#9367=CARTESIAN_POINT('',(22.5,-63.720164477,109.230385219));
#9368=CARTESIAN_POINT('',(23.507736855,-63.720164477,109.230385219));
#9369=CARTESIAN_POINT('',(24.523522514,-63.518075346,109.230385219));
#9370=CARTESIAN_POINT('',(25.454379041,-63.132501948,109.230385219));
#9371=CARTESIAN_POINT('',(26.385155994,-62.746961511,109.230385219));
#9372=CARTESIAN_POINT('',(27.246594815,-62.171366493,109.230385219));
#9373=CARTESIAN_POINT('',(27.958980654,-61.458980654,109.230385219));
#9374=CARTESIAN_POINT('',(28.671366493,-60.746594815,109.230385219));
#9375=CARTESIAN_POINT('',(29.246961511,-59.885155994,109.230385219));
#9376=CARTESIAN_POINT('',(29.632501948,-58.954379041,109.230385219));
#9377=CARTESIAN_POINT('',(30.018075346,-58.023522514,109.230385219));
#9378=CARTESIAN_POINT('',(30.220164477,-57.007736855,109.230385219));
#9379=CARTESIAN_POINT('',(30.220164477,-56.,109.230385219));
#9380=CARTESIAN_POINT('',(22.5,-63.81308087,108.982862979));
#9381=CARTESIAN_POINT('',(23.519826477,-63.81308087,108.982862979));
#9382=CARTESIAN_POINT('',(24.547912815,-63.608544531,108.982862979));
#9383=CARTESIAN_POINT('',(25.489936605,-63.218345502,108.982862979));
#9384=CARTESIAN_POINT('',(26.431878833,-62.828180256,108.982862979));
#9385=CARTESIAN_POINT('',(27.303751095,-62.245613835,108.982862979));
#9386=CARTESIAN_POINT('',(28.024682465,-61.524682465,108.982862979));
#9387=CARTESIAN_POINT('',(28.745613835,-60.803751095,108.982862979));
#9388=CARTESIAN_POINT('',(29.328180256,-59.931878833,108.982862979));
#9389=CARTESIAN_POINT('',(29.718345502,-58.989936605,108.982862979));
#9390=CARTESIAN_POINT('',(30.108544531,-58.047912815,108.982862979));
#9391=CARTESIAN_POINT('',(30.31308087,-57.019826477,108.982862979));
#9392=CARTESIAN_POINT('',(30.31308087,-56.,108.982862979));
#9393=CARTESIAN_POINT('',(22.5,-63.883486179,108.719707729));
#9394=CARTESIAN_POINT('',(23.528992575,-63.883486179,108.719707729));
#9395=CARTESIAN_POINT('',(24.566388969,-63.677097615,108.719707729));
#9396=CARTESIAN_POINT('',(25.51687955,-63.283391526,108.719707729));
#9397=CARTESIAN_POINT('',(26.467287207,-62.889719785,108.719707729));
#9398=CARTESIAN_POINT('',(27.347056008,-62.301877065,108.719707729));
#9399=CARTESIAN_POINT('',(28.074466537,-61.574466537,108.719707729));
#9400=CARTESIAN_POINT('',(28.801877065,-60.847056008,108.719707729));
#9401=CARTESIAN_POINT('',(29.389719785,-59.967287207,108.719707729));
#9402=CARTESIAN_POINT('',(29.783391526,-59.01687955,108.719707729));
#9403=CARTESIAN_POINT('',(30.177097615,-58.066388969,108.719707729));
#9404=CARTESIAN_POINT('',(30.383486179,-57.028992575,108.719707729));
#9405=CARTESIAN_POINT('',(30.383486179,-56.,108.719707729));
#9406=CARTESIAN_POINT('',(22.5,-63.930227304,108.446001961));
#9407=CARTESIAN_POINT('',(23.535079629,-63.930227304,108.446001961));
#9408=CARTESIAN_POINT('',(24.578653365,-63.722609765,108.446001961));
#9409=CARTESIAN_POINT('',(25.534766604,-63.326574694,108.446001961));
#9410=CARTESIAN_POINT('',(26.490796061,-62.930574327,108.446001961));
#9411=CARTESIAN_POINT('',(27.375804235,-62.339230771,108.446001961));
#9412=CARTESIAN_POINT('',(28.107517503,-61.607517503,108.446001961));
#9413=CARTESIAN_POINT('',(28.839230771,-60.875804235,108.446001961));
#9414=CARTESIAN_POINT('',(29.430574327,-59.990796061,108.446001961));
#9415=CARTESIAN_POINT('',(29.826574694,-59.034766604,108.446001961));
#9416=CARTESIAN_POINT('',(30.222609765,-58.078653365,108.446001961));
#9417=CARTESIAN_POINT('',(30.430227304,-57.035079629,108.446001961));
#9418=CARTESIAN_POINT('',(30.430227304,-56.,108.446001961));
#9419=CARTESIAN_POINT('',(22.5,-63.976968428,108.172296192));
#9420=CARTESIAN_POINT('',(23.541166684,-63.976968428,108.172296192));
#9421=CARTESIAN_POINT('',(24.590917762,-63.768121914,108.172296192));
#9422=CARTESIAN_POINT('',(25.552653658,-63.369757862,108.172296192));
#9423=CARTESIAN_POINT('',(26.514304916,-62.971428869,108.172296192));
#9424=CARTESIAN_POINT('',(27.404552461,-62.376584477,108.172296192));
#9425=CARTESIAN_POINT('',(28.140568469,-61.640568469,108.172296192));
#9426=CARTESIAN_POINT('',(28.876584477,-60.904552461,108.172296192));
#9427=CARTESIAN_POINT('',(29.471428869,-60.014304916,108.172296192));
#9428=CARTESIAN_POINT('',(29.869757862,-59.052653658,108.172296192));
#9429=CARTESIAN_POINT('',(30.268121914,-58.090917762,108.172296192));
#9430=CARTESIAN_POINT('',(30.476968428,-57.041166684,108.172296192));
#9431=CARTESIAN_POINT('',(30.476968428,-56.,108.172296192));
#9432=CARTESIAN_POINT('',(22.5,-64.,107.888141477));
#9433=CARTESIAN_POINT('',(23.544168583,-64.,107.888141477));
#9434=CARTESIAN_POINT('',(24.596958683,-63.790548876,107.888141477));
#9435=CARTESIAN_POINT('',(25.561467459,-63.39103626,107.888141477));
#9436=CARTESIAN_POINT('',(26.52589124,-62.99155885,107.888141477));
#9437=CARTESIAN_POINT('',(27.418716244,-62.394992255,107.888141477));
#9438=CARTESIAN_POINT('',(28.156854249,-61.656854249,107.888141477));
#9439=CARTESIAN_POINT('',(28.894992255,-60.918716244,107.888141477));
#9440=CARTESIAN_POINT('',(29.49155885,-60.02589124,107.888141477));
#9441=CARTESIAN_POINT('',(29.89103626,-59.061467459,107.888141477));
#9442=CARTESIAN_POINT('',(30.290548876,-58.096958683,107.888141477));
#9443=CARTESIAN_POINT('',(30.5,-57.044168583,107.888141477));
#9444=CARTESIAN_POINT('',(30.5,-56.,107.888141477));
#9445=CARTESIAN_POINT('',(22.5,-64.,107.6));
#9446=CARTESIAN_POINT('',(23.544168583,-64.,107.6));
#9447=CARTESIAN_POINT('',(24.596958683,-63.790548876,107.6));
#9448=CARTESIAN_POINT('',(25.561467459,-63.39103626,107.6));
#9449=CARTESIAN_POINT('',(26.52589124,-62.99155885,107.6));
#9450=CARTESIAN_POINT('',(27.418716244,-62.394992255,107.6));
#9451=CARTESIAN_POINT('',(28.156854249,-61.656854249,107.6));
#9452=CARTESIAN_POINT('',(28.894992255,-60.918716244,107.6));
#9453=CARTESIAN_POINT('',(29.49155885,-60.02589124,107.6));
#9454=CARTESIAN_POINT('',(29.89103626,-59.061467459,107.6));
#9455=CARTESIAN_POINT('',(30.290548876,-58.096958683,107.6));
#9456=CARTESIAN_POINT('',(30.5,-57.044168583,107.6));
#9457=CARTESIAN_POINT('',(30.5,-56.,107.6));
#9458=B_SPLINE_SURFACE_WITH_KNOTS('',3,3,((#9172,#9173,#9174,#9175,#9176,#9177,#9178,#9179,#9180,#9181,#9182,#9183,#9184),(#9185,#9186,#9187,#9188,#9189,#9190,#9191,#9192,#9193,#9194,#9195,#9196,#9197),(#9198,#9199,#9200,#9201,#9202,#9203,#9204,#9205,#9206,#9207,#9208,#9209,#9210),(#9211,#9212,#9213,#9214,#9215,#9216,#9217,#9218,#9219,#9220,#9221,#9222,#9223),(#9224,#9225,#9226,#9227,#9228,#9229,#9230,#9231,#9232,#9233,#9234,#9235,#9236),(#9237,#9238,#9239,#9240,#9241,#9242,#9243,#9244,#9245,#9246,#9247,#9248,#9249),(#9250,#9251,#9252,#9253,#9254,#9255,#9256,#9257,#9258,#9259,#9260,#9261,#9262),(#9263,#9264,#9265,#9266,#9267,#9268,#9269,#9270,#9271,#9272,#9273,#9274,#9275),(#9276,#9277,#9278,#9279,#9280,#9281,#9282,#9283,#9284,#9285,#9286,#9287,#9288),(#9289,#9290,#9291,#9292,#9293,#9294,#9295,#9296,#9297,#9298,#9299,#9300,#9301),(#9302,#9303,#9304,#9305,#9306,#9307,#9308,#9309,#9310,#9311,#9312,#9313,#9314),(#9315,#9316,#9317,#9318,#9319,#9320,#9321,#9322,#9323,#9324,#9325,#9326,#9327),(#9328,#9329,#9330,#9331,#9332,#9333,#9334,#9335,#9336,#9337,#9338,#9339,#9340),(#9341,#9342,#9343,#9344,#9345,#9346,#9347,#9348,#9349,#9350,#9351,#9352,#9353),(#9354,#9355,#9356,#9357,#9358,#9359,#9360,#9361,#9362,#9363,#9364,#9365,#9366),(#9367,#9368,#9369,#9370,#9371,#9372,#9373,#9374,#9375,#9376,#9377,#9378,#9379),(#9380,#9381,#9382,#9383,#9384,#9385,#9386,#9387,#9388,#9389,#9390,#9391,#9392),(#9393,#9394,#9395,#9396,#9397,#9398,#9399,#9400,#9401,#9402,#9403,#9404,#9405),(#9406,#9407,#9408,#9409,#9410,#9411,#9412,#9413,#9414,#9415,#9416,#9417,#9418),(#9419,#9420,#9421,#9422,#9423,#9424,#9425,#9426,#9427,#9428,#9429,#9430,#9431),(#9432,#9433,#9434,#9435,#9436,#9437,#9438,#9439,#9440,#9441,#9442,#9443,#9444),(#9445,#9446,#9447,#9448,#9449,#9450,#9451,#9452,#9453,#9454,#9455,#9456,#9457)),.UNSPECIFIED.,.F.,.F.,.U.,(4,3,3,3,3,3,3,4),(4,3,3,3,4),(0.,0.125,0.25,0.375,0.5,0.75,0.875,1.),(4.71238898,5.105088062,5.497787144,5.890486225,6.283185307),.UNSPECIFIED.);
#9459=ORIENTED_EDGE('',*,*,#9166,.F.);
#9460=CARTESIAN_POINT('',(22.50027596,-59.999362539,111.6));
#9461=CARTESIAN_POINT('',(22.631154793,-59.999353509,111.6));
#9462=CARTESIAN_POINT('',(22.76203298,-59.992914823,111.6));
#9463=CARTESIAN_POINT('',(22.89228071,-59.980077467,111.6));
#9464=CARTESIAN_POINT('',(23.022528441,-59.967240111,111.6));
#9465=CARTESIAN_POINT('',(23.152145312,-59.948004123,111.6));
#9466=CARTESIAN_POINT('',(23.280507583,-59.922462073,111.6));
#9467=CARTESIAN_POINT('',(23.408869854,-59.896920022,111.6));
#9468=CARTESIAN_POINT('',(23.535977128,-59.865071986,111.6));
#9469=CARTESIAN_POINT('',(23.661217741,-59.827071224,111.6));
#9470=CARTESIAN_POINT('',(23.786458354,-59.789070463,111.6));
#9471=CARTESIAN_POINT('',(23.909831918,-59.744917092,111.6));
#9472=CARTESIAN_POINT('',(24.030744737,-59.694823588,111.6));
#9473=CARTESIAN_POINT('',(24.151657556,-59.644730084,111.6));
#9474=CARTESIAN_POINT('',(24.270109256,-59.5886966,111.6));
#9475=CARTESIAN_POINT('',(24.385529825,-59.526992781,111.6));
#9476=CARTESIAN_POINT('',(24.500950394,-59.465288962,111.6));
#9477=CARTESIAN_POINT('',(24.613339475,-59.397914998,111.6));
#9478=CARTESIAN_POINT('',(24.72215623,-59.325195105,111.6));
#9479=CARTESIAN_POINT('',(24.830972985,-59.252475212,111.6));
#9480=CARTESIAN_POINT('',(24.936217079,-59.174409616,111.6));
#9481=CARTESIAN_POINT('',(25.037382056,-59.091373983,111.6));
#9482=CARTESIAN_POINT('',(25.138547033,-59.008338349,111.6));
#9483=CARTESIAN_POINT('',(25.23563258,-58.920332935,111.6));
#9484=CARTESIAN_POINT('',(25.328171505,-58.827781239,111.6));
#9485=CARTESIAN_POINT('',(25.42071043,-58.735229543,111.6));
#9486=CARTESIAN_POINT('',(25.508702445,-58.638131851,111.6));
#9487=CARTESIAN_POINT('',(25.591724117,-58.536955416,111.6));
#9488=CARTESIAN_POINT('',(25.674745789,-58.435778981,111.6));
#9489=CARTESIAN_POINT('',(25.75279686,-58.330524116,111.6));
#9490=CARTESIAN_POINT('',(25.825501735,-58.221697326,111.6));
#9491=CARTESIAN_POINT('',(25.89820661,-58.112870536,111.6));
#9492=CARTESIAN_POINT('',(25.965565063,-58.000472159,111.6));
#9493=CARTESIAN_POINT('',(26.027252954,-57.885043076,111.6));
#9494=CARTESIAN_POINT('',(26.088940844,-57.769613993,111.6));
#9495=CARTESIAN_POINT('',(26.144957981,-57.651154561,111.6));
#9496=CARTESIAN_POINT('',(26.195034798,-57.53023483,111.6));
#9497=CARTESIAN_POINT('',(26.245111616,-57.409315099,111.6));
#9498=CARTESIAN_POINT('',(26.28924796,-57.285935443,111.6));
#9499=CARTESIAN_POINT('',(26.327231438,-57.160689587,111.6));
#9500=CARTESIAN_POINT('',(26.365214916,-57.035443731,111.6));
#9501=CARTESIAN_POINT('',(26.39704541,-56.908332063,111.6));
#9502=CARTESIAN_POINT('',(26.422569747,-56.779966268,111.6));
#9503=CARTESIAN_POINT('',(26.448094083,-56.651600474,111.6));
#9504=CARTESIAN_POINT('',(26.467312183,-56.521980949,111.6));
#9505=CARTESIAN_POINT('',(26.480131564,-56.391731448,111.6));
#9506=CARTESIAN_POINT('',(26.492950946,-56.261481948,111.6));
#9507=CARTESIAN_POINT('',(26.49937157,-56.130602873,111.6));
#9508=CARTESIAN_POINT('',(26.499362539,-55.99972404,111.6));
#9509=B_SPLINE_CURVE_WITH_KNOTS('',3,(#9460,#9461,#9462,#9463,#9464,#9465,#9466,#9467,#9468,#9469,#9470,#9471,#9472,#9473,#9474,#9475,#9476,#9477,#9478,#9479,#9480,#9481,#9482,#9483,#9484,#9485,
#9486,#9487,#9488,#9489,#9490,#9491,#9492,#9493,#9494,#9495,#9496,#9497,#9498,#9499,#9500,#9501,#9502,#9503,#9504,#9505,#9506,#9507,#9508),.UNSPECIFIED.,.F.,.F.,(4,3,3,3,3,3,3,3,3,3,3,3,3,3,3,3,4),(0.499989018,0.515614018,0.531239018,0.546864018,0.562489018,0.578114018,0.593739018,0.609364018,0.624989018,0.640614018,0.656239018,0.671864018,0.687489018,0.703114018,0.718739018,0.734364018,0.749989018),.UNSPECIFIED.);
#9510=EDGE_CURVE('',#3313,#2832,#9509,.T.);
#9511=ORIENTED_EDGE('',*,*,#9510,.T.);
#9512=ORIENTED_EDGE('',*,*,#2847,.F.);
#9513=ORIENTED_EDGE('',*,*,#3507,.T.);
#9514=EDGE_LOOP('',(#9459,#9511,#9512,#9513));
#9515=FACE_BOUND('',#9514,.T.);
#9516=ADVANCED_FACE('',(#9515),#9458,.F.);
#9517=CARTESIAN_POINT('',(0.,0.,112.4));
#9518=DIRECTION('',(0.,0.,1.));
#9519=DIRECTION('',(1.,0.,0.));
#9520=AXIS2_PLACEMENT_3D('',#9517,#9518,#9519);
#9521=PLANE('',#9520);
#9522=CARTESIAN_POINT('',(7.622436194,-45.299998924,112.4));
#9523=VERTEX_POINT('',#9522);
#9524=CARTESIAN_POINT('',(7.622436194,-45.299998924,112.4));
#9525=CARTESIAN_POINT('',(7.622436087,-44.552051221,112.4));
#9526=CARTESIAN_POINT('',(7.475487342,-43.813023337,112.4));
#9527=CARTESIAN_POINT('',(7.328696941,-43.074791784,112.4));
#9528=CARTESIAN_POINT('',(7.042209273,-42.383011472,112.4));
#9529=CARTESIAN_POINT('',(6.756139706,-41.692240745,112.4));
#9530=CARTESIAN_POINT('',(6.337399485,-41.065460064,112.4));
#9531=CARTESIAN_POINT('',(5.919269523,-40.439592834,112.4));
#9532=CARTESIAN_POINT('',(5.389876478,-39.910123834,112.4));
#9533=CARTESIAN_POINT('',(4.861241531,-39.381413043,112.4));
#9534=CARTESIAN_POINT('',(4.234552395,-38.962604964,112.4));
#9535=CARTESIAN_POINT('',(3.608733335,-38.544378345,112.4));
#9536=CARTESIAN_POINT('',(2.916975109,-38.257785168,112.4));
#9537=CARTESIAN_POINT('',(2.226213579,-37.971604919,112.4));
#9538=CARTESIAN_POINT('',(1.486936925,-37.824502812,112.4));
#9539=CARTESIAN_POINT('',(0.748750477,-37.677617635,112.4));
#9540=CARTESIAN_POINT('',(0.000001489,-37.677563806,112.4));
#9541=CARTESIAN_POINT('',(-0.74766144,-37.677510056,112.4));
#9542=CARTESIAN_POINT('',(-1.486943549,-37.824505913,112.4));
#9543=CARTESIAN_POINT('',(-2.225185298,-37.97129491,112.4));
#9544=CARTESIAN_POINT('',(-2.916977015,-38.257785958,112.4));
#9545=CARTESIAN_POINT('',(-3.607767357,-38.543862306,112.4));
#9546=CARTESIAN_POINT('',(-4.234541369,-38.962598071,112.4));
#9547=CARTESIAN_POINT('',(-4.860394783,-39.380718801,112.4));
#9548=CARTESIAN_POINT('',(-5.389872596,-39.910119953,112.4));
#9549=CARTESIAN_POINT('',(-5.918583382,-40.438754189,112.4));
#9550=CARTESIAN_POINT('',(-6.337398698,-41.065455771,112.4));
#9551=CARTESIAN_POINT('',(-6.755623716,-41.691274051,112.4));
#9552=CARTESIAN_POINT('',(-7.04221128,-42.383016315,112.4));
#9553=CARTESIAN_POINT('',(-7.328384489,-43.073758444,112.4));
#9554=CARTESIAN_POINT('',(-7.47549082,-43.813048349,112.4));
#9555=CARTESIAN_POINT('',(-7.622381896,-44.551256484,112.4));
#9556=CARTESIAN_POINT('',(-7.622436194,-45.299993837,112.4));
#9557=CARTESIAN_POINT('',(-7.622490413,-46.047652667,112.4));
#9558=CARTESIAN_POINT('',(-7.475496401,-46.786931657,112.4));
#9559=CARTESIAN_POINT('',(-7.328708036,-47.525176387,112.4));
#9560=CARTESIAN_POINT('',(-7.042216689,-48.216970627,112.4));
#9561=CARTESIAN_POINT('',(-6.756135342,-48.907774834,112.4));
#9562=CARTESIAN_POINT('',(-6.337416953,-49.534526558,112.4));
#9563=CARTESIAN_POINT('',(-5.919303674,-50.160372536,112.4));
#9564=CARTESIAN_POINT('',(-5.389878911,-50.689873733,112.4));
#9565=CARTESIAN_POINT('',(-4.86122093,-51.218608036,112.4));
#9566=CARTESIAN_POINT('',(-4.234531031,-51.637413254,112.4));
#9567=CARTESIAN_POINT('',(-3.608738982,-52.055618455,112.4));
#9568=CARTESIAN_POINT('',(-2.916982547,-52.342211751,112.4));
#9569=CARTESIAN_POINT('',(-2.226236651,-52.628386382,112.4));
#9570=CARTESIAN_POINT('',(-1.486947541,-52.775492116,112.4));
#9571=CARTESIAN_POINT('',(-0.748744744,-52.922381693,112.4));
#9572=CARTESIAN_POINT('',(-0.000008215,-52.922436194,112.4));
#9573=CARTESIAN_POINT('',(0.747640908,-52.922490615,112.4));
#9574=CARTESIAN_POINT('',(1.486942014,-52.775491057,112.4));
#9575=CARTESIAN_POINT('',(2.225196326,-52.628699639,112.4));
#9576=CARTESIAN_POINT('',(2.916969456,-52.342217174,112.4));
#9577=CARTESIAN_POINT('',(3.60774232,-52.056148946,112.4));
#9578=CARTESIAN_POINT('',(4.234528219,-51.637406876,112.4));
#9579=CARTESIAN_POINT('',(4.860400928,-51.219274889,112.4));
#9580=CARTESIAN_POINT('',(5.389871786,-50.689880858,112.4));
#9581=CARTESIAN_POINT('',(5.918577771,-50.161251588,112.4));
#9582=CARTESIAN_POINT('',(6.337395008,-49.534548043,112.4));
#9583=CARTESIAN_POINT('',(6.755620328,-48.908730222,112.4));
#9584=CARTESIAN_POINT('',(7.04220553,-48.216997566,112.4));
#9585=CARTESIAN_POINT('',(7.328380271,-47.526255643,112.4));
#9586=CARTESIAN_POINT('',(7.475486841,-46.786978326,112.4));
#9587=CARTESIAN_POINT('',(7.622436301,-46.048490564,112.4));
#9588=CARTESIAN_POINT('',(7.622436194,-45.299998924,112.4));
#9589=B_SPLINE_CURVE_WITH_KNOTS('',2,(#9524,#9525,#9526,#9527,#9528,#9529,#9530,#9531,#9532,#9533,#9534,#9535,#9536,#9537,#9538,#9539,#9540,#9541,#9542,#9543,#9544,#9545,#9546,#9547,#9548,#9549,
#9550,#9551,#9552,#9553,#9554,#9555,#9556,#9557,#9558,#9559,#9560,#9561,#9562,#9563,#9564,#9565,#9566,#9567,#9568,#9569,#9570,#9571,#9572,#9573,#9574,
#9575,#9576,#9577,#9578,#9579,#9580,#9581,#9582,#9583,#9584,#9585,#9586,#9587,#9588),.UNSPECIFIED.,.T.,.F.,(3,2,2,2,2,2,2,2,2,2,2,2,2,2,2,2,2,2,2,2,2,2,2,2,2,2,
2,2,2,2,2,2,3),(0.,0.03125,0.0625,0.09375,0.125,0.15625,0.1875,0.21875,0.25,0.28125,0.3125,0.34375,0.375,0.40625,0.4375,0.46875,0.5,0.53125,0.5625,0.59375,0.625,0.65625,0.6875,0.71875,0.75,0.78125,
0.8125,0.84375,0.875,0.90625,0.9375,0.96875,1.),.UNSPECIFIED.);
#9590=EDGE_CURVE('',#9523,#9523,#9589,.T.);
#9591=ORIENTED_EDGE('',*,*,#9590,.T.);
#9592=EDGE_LOOP('',(#9591));
#9593=FACE_BOUND('',#9592,.T.);
#9594=ADVANCED_FACE('',(#9593),#9521,.T.);
#9595=CARTESIAN_POINT('',(7.803568269,-45.3,112.458460126));
#9596=CARTESIAN_POINT('',(7.803568269,-44.278515304,112.458460126));
#9597=CARTESIAN_POINT('',(7.600462274,-43.257432514,112.458460126));
#9598=CARTESIAN_POINT('',(6.818651735,-41.369974906,112.458460126));
#9599=CARTESIAN_POINT('',(6.240254796,-40.504342715,112.458460126));
#9600=CARTESIAN_POINT('',(4.795657285,-39.059745204,112.458460126));
#9601=CARTESIAN_POINT('',(3.930025094,-38.481348265,112.458460126));
#9602=CARTESIAN_POINT('',(2.042567486,-37.699537726,112.458460126));
#9603=CARTESIAN_POINT('',(1.021484696,-37.496431731,112.458460126));
#9604=CARTESIAN_POINT('',(-1.021484696,-37.496431731,112.458460126));
#9605=CARTESIAN_POINT('',(-2.042567486,-37.699537726,112.458460126));
#9606=CARTESIAN_POINT('',(-3.930025094,-38.481348265,112.458460126));
#9607=CARTESIAN_POINT('',(-4.795657285,-39.059745204,112.458460126));
#9608=CARTESIAN_POINT('',(-6.240254796,-40.504342715,112.458460126));
#9609=CARTESIAN_POINT('',(-6.818651735,-41.369974906,112.458460126));
#9610=CARTESIAN_POINT('',(-7.600462274,-43.257432514,112.458460126));
#9611=CARTESIAN_POINT('',(-7.803568269,-44.278515304,112.458460126));
#9612=CARTESIAN_POINT('',(-7.803568269,-46.321484696,112.458460126));
#9613=CARTESIAN_POINT('',(-7.600462274,-47.342567486,112.458460126));
#9614=CARTESIAN_POINT('',(-6.818651735,-49.230025094,112.458460126));
#9615=CARTESIAN_POINT('',(-6.240254796,-50.095657285,112.458460126));
#9616=CARTESIAN_POINT('',(-4.795657285,-51.540254796,112.458460126));
#9617=CARTESIAN_POINT('',(-3.930025094,-52.118651735,112.458460126));
#9618=CARTESIAN_POINT('',(-2.042567486,-52.900462274,112.458460126));
#9619=CARTESIAN_POINT('',(-1.021484696,-53.103568269,112.458460126));
#9620=CARTESIAN_POINT('',(1.021484696,-53.103568269,112.458460126));
#9621=CARTESIAN_POINT('',(2.042567486,-52.900462274,112.458460126));
#9622=CARTESIAN_POINT('',(3.930025094,-52.118651735,112.458460126));
#9623=CARTESIAN_POINT('',(4.795657285,-51.540254796,112.458460126));
#9624=CARTESIAN_POINT('',(6.240254796,-50.095657285,112.458460126));
#9625=CARTESIAN_POINT('',(6.818651735,-49.230025094,112.458460126));
#9626=CARTESIAN_POINT('',(7.600462274,-47.342567486,112.458460126));
#9627=CARTESIAN_POINT('',(7.803568269,-46.321484696,112.458460126));
#9628=CARTESIAN_POINT('',(7.803568269,-45.3,112.458460126));
#9629=CARTESIAN_POINT('',(7.901784134,-45.3,112.529230063));
#9630=CARTESIAN_POINT('',(7.901784134,-44.265658877,112.529230063));
#9631=CARTESIAN_POINT('',(7.696121843,-43.231724719,112.529230063));
#9632=CARTESIAN_POINT('',(6.904471421,-41.320511532,112.529230063));
#9633=CARTESIAN_POINT('',(6.318794767,-40.443984477,112.529230063));
#9634=CARTESIAN_POINT('',(4.856015523,-38.981205233,112.529230063));
#9635=CARTESIAN_POINT('',(3.979488468,-38.395528579,112.529230063));
#9636=CARTESIAN_POINT('',(2.068275281,-37.603878157,112.529230063));
#9637=CARTESIAN_POINT('',(1.034341123,-37.398215866,112.529230063));
#9638=CARTESIAN_POINT('',(-1.034341123,-37.398215866,112.529230063));
#9639=CARTESIAN_POINT('',(-2.068275281,-37.603878157,112.529230063));
#9640=CARTESIAN_POINT('',(-3.979488468,-38.395528579,112.529230063));
#9641=CARTESIAN_POINT('',(-4.856015523,-38.981205233,112.529230063));
#9642=CARTESIAN_POINT('',(-6.318794767,-40.443984477,112.529230063));
#9643=CARTESIAN_POINT('',(-6.904471421,-41.320511532,112.529230063));
#9644=CARTESIAN_POINT('',(-7.696121843,-43.231724719,112.529230063));
#9645=CARTESIAN_POINT('',(-7.901784134,-44.265658877,112.529230063));
#9646=CARTESIAN_POINT('',(-7.901784134,-46.334341123,112.529230063));
#9647=CARTESIAN_POINT('',(-7.696121843,-47.368275281,112.529230063));
#9648=CARTESIAN_POINT('',(-6.904471421,-49.279488468,112.529230063));
#9649=CARTESIAN_POINT('',(-6.318794767,-50.156015523,112.529230063));
#9650=CARTESIAN_POINT('',(-4.856015523,-51.618794767,112.529230063));
#9651=CARTESIAN_POINT('',(-3.979488468,-52.204471421,112.529230063));
#9652=CARTESIAN_POINT('',(-2.068275281,-52.996121843,112.529230063));
#9653=CARTESIAN_POINT('',(-1.034341123,-53.201784134,112.529230063));
#9654=CARTESIAN_POINT('',(1.034341123,-53.201784134,112.529230063));
#9655=CARTESIAN_POINT('',(2.068275281,-52.996121843,112.529230063));
#9656=CARTESIAN_POINT('',(3.979488468,-52.204471421,112.529230063));
#9657=CARTESIAN_POINT('',(4.856015523,-51.618794767,112.529230063));
#9658=CARTESIAN_POINT('',(6.318794767,-50.156015523,112.529230063));
#9659=CARTESIAN_POINT('',(6.904471421,-49.279488468,112.529230063));
#9660=CARTESIAN_POINT('',(7.696121843,-47.368275281,112.529230063));
#9661=CARTESIAN_POINT('',(7.901784134,-46.334341123,112.529230063));
#9662=CARTESIAN_POINT('',(7.901784134,-45.3,112.529230063));
#9663=CARTESIAN_POINT('',(8.,-45.3,112.6));
#9664=CARTESIAN_POINT('',(8.,-44.25280245,112.6));
#9665=CARTESIAN_POINT('',(7.791781413,-43.206016924,112.6));
#9666=CARTESIAN_POINT('',(6.990291107,-41.271048158,112.6));
#9667=CARTESIAN_POINT('',(6.397334738,-40.383626239,112.6));
#9668=CARTESIAN_POINT('',(4.916373761,-38.902665262,112.6));
#9669=CARTESIAN_POINT('',(4.028951842,-38.309708893,112.6));
#9670=CARTESIAN_POINT('',(2.093983076,-37.508218587,112.6));
#9671=CARTESIAN_POINT('',(1.04719755,-37.3,112.6));
#9672=CARTESIAN_POINT('',(-1.04719755,-37.3,112.6));
#9673=CARTESIAN_POINT('',(-2.093983076,-37.508218587,112.6));
#9674=CARTESIAN_POINT('',(-4.028951842,-38.309708893,112.6));
#9675=CARTESIAN_POINT('',(-4.916373761,-38.902665262,112.6));
#9676=CARTESIAN_POINT('',(-6.397334738,-40.383626239,112.6));
#9677=CARTESIAN_POINT('',(-6.990291107,-41.271048158,112.6));
#9678=CARTESIAN_POINT('',(-7.791781413,-43.206016924,112.6));
#9679=CARTESIAN_POINT('',(-8.,-44.25280245,112.6));
#9680=CARTESIAN_POINT('',(-8.,-46.34719755,112.6));
#9681=CARTESIAN_POINT('',(-7.791781413,-47.393983076,112.6));
#9682=CARTESIAN_POINT('',(-6.990291107,-49.328951842,112.6));
#9683=CARTESIAN_POINT('',(-6.397334738,-50.216373761,112.6));
#9684=CARTESIAN_POINT('',(-4.916373761,-51.697334738,112.6));
#9685=CARTESIAN_POINT('',(-4.028951842,-52.290291107,112.6));
#9686=CARTESIAN_POINT('',(-2.093983076,-53.091781413,112.6));
#9687=CARTESIAN_POINT('',(-1.04719755,-53.3,112.6));
#9688=CARTESIAN_POINT('',(1.04719755,-53.3,112.6));
#9689=CARTESIAN_POINT('',(2.093983076,-53.091781413,112.6));
#9690=CARTESIAN_POINT('',(4.028951842,-52.290291107,112.6));
#9691=CARTESIAN_POINT('',(4.916373761,-51.697334738,112.6));
#9692=CARTESIAN_POINT('',(6.397334738,-50.216373761,112.6));
#9693=CARTESIAN_POINT('',(6.990291107,-49.328951842,112.6));
#9694=CARTESIAN_POINT('',(7.791781413,-47.393983076,112.6));
#9695=CARTESIAN_POINT('',(8.,-46.34719755,112.6));
#9696=CARTESIAN_POINT('',(8.,-45.3,112.6));
#9697=CARTESIAN_POINT('',(9.387819032,-45.3,113.6));
#9698=CARTESIAN_POINT('',(9.387819032,-44.071137364,113.6));
#9699=CARTESIAN_POINT('',(9.14347923,-42.842758228,113.6));
#9700=CARTESIAN_POINT('',(8.202948487,-40.572116153,113.6));
#9701=CARTESIAN_POINT('',(7.507127601,-39.530746605,113.6));
#9702=CARTESIAN_POINT('',(5.769253395,-37.792872399,113.6));
#9703=CARTESIAN_POINT('',(4.727883847,-37.097051513,113.6));
#9704=CARTESIAN_POINT('',(2.457241772,-36.15652077,113.6));
#9705=CARTESIAN_POINT('',(1.228862636,-35.912180968,113.6));
#9706=CARTESIAN_POINT('',(-1.228862636,-35.912180968,113.6));
#9707=CARTESIAN_POINT('',(-2.457241772,-36.15652077,113.6));
#9708=CARTESIAN_POINT('',(-4.727883847,-37.097051513,113.6));
#9709=CARTESIAN_POINT('',(-5.769253395,-37.792872399,113.6));
#9710=CARTESIAN_POINT('',(-7.507127601,-39.530746605,113.6));
#9711=CARTESIAN_POINT('',(-8.202948487,-40.572116153,113.6));
#9712=CARTESIAN_POINT('',(-9.14347923,-42.842758228,113.6));
#9713=CARTESIAN_POINT('',(-9.387819032,-44.071137364,113.6));
#9714=CARTESIAN_POINT('',(-9.387819032,-46.528862636,113.6));
#9715=CARTESIAN_POINT('',(-9.14347923,-47.757241772,113.6));
#9716=CARTESIAN_POINT('',(-8.202948487,-50.027883847,113.6));
#9717=CARTESIAN_POINT('',(-7.507127601,-51.069253395,113.6));
#9718=CARTESIAN_POINT('',(-5.769253395,-52.807127601,113.6));
#9719=CARTESIAN_POINT('',(-4.727883847,-53.502948487,113.6));
#9720=CARTESIAN_POINT('',(-2.457241772,-54.44347923,113.6));
#9721=CARTESIAN_POINT('',(-1.228862636,-54.687819032,113.6));
#9722=CARTESIAN_POINT('',(1.228862636,-54.687819032,113.6));
#9723=CARTESIAN_POINT('',(2.457241772,-54.44347923,113.6));
#9724=CARTESIAN_POINT('',(4.727883847,-53.502948487,113.6));
#9725=CARTESIAN_POINT('',(5.769253395,-52.807127601,113.6));
#9726=CARTESIAN_POINT('',(7.507127601,-51.069253395,113.6));
#9727=CARTESIAN_POINT('',(8.202948487,-50.027883847,113.6));
#9728=CARTESIAN_POINT('',(9.14347923,-47.757241772,113.6));
#9729=CARTESIAN_POINT('',(9.387819032,-46.528862636,113.6));
#9730=CARTESIAN_POINT('',(9.387819032,-45.3,113.6));
#9731=CARTESIAN_POINT('',(11.098386677,-45.3,113.6));
#9732=CARTESIAN_POINT('',(11.098386677,-43.847224583,113.6));
#9733=CARTESIAN_POINT('',(10.809525378,-42.395020766,113.6));
#9734=CARTESIAN_POINT('',(9.697619212,-39.71064182,113.6));
#9735=CARTESIAN_POINT('',(8.875011828,-38.479522869,113.6));
#9736=CARTESIAN_POINT('',(6.820477131,-36.424988172,113.6));
#9737=CARTESIAN_POINT('',(5.58935818,-35.602380788,113.6));
#9738=CARTESIAN_POINT('',(2.904979234,-34.490474622,113.6));
#9739=CARTESIAN_POINT('',(1.452775417,-34.201613323,113.6));
#9740=CARTESIAN_POINT('',(-1.452775417,-34.201613323,113.6));
#9741=CARTESIAN_POINT('',(-2.904979234,-34.490474622,113.6));
#9742=CARTESIAN_POINT('',(-5.58935818,-35.602380788,113.6));
#9743=CARTESIAN_POINT('',(-6.820477131,-36.424988172,113.6));
#9744=CARTESIAN_POINT('',(-8.875011828,-38.479522869,113.6));
#9745=CARTESIAN_POINT('',(-9.697619212,-39.71064182,113.6));
#9746=CARTESIAN_POINT('',(-10.809525378,-42.395020766,113.6));
#9747=CARTESIAN_POINT('',(-11.098386677,-43.847224583,113.6));
#9748=CARTESIAN_POINT('',(-11.098386677,-46.752775417,113.6));
#9749=CARTESIAN_POINT('',(-10.809525378,-48.204979234,113.6));
#9750=CARTESIAN_POINT('',(-9.697619212,-50.88935818,113.6));
#9751=CARTESIAN_POINT('',(-8.875011828,-52.120477131,113.6));
#9752=CARTESIAN_POINT('',(-6.820477131,-54.175011828,113.6));
#9753=CARTESIAN_POINT('',(-5.58935818,-54.997619212,113.6));
#9754=CARTESIAN_POINT('',(-2.904979234,-56.109525378,113.6));
#9755=CARTESIAN_POINT('',(-1.452775417,-56.398386677,113.6));
#9756=CARTESIAN_POINT('',(1.452775417,-56.398386677,113.6));
#9757=CARTESIAN_POINT('',(2.904979234,-56.109525378,113.6));
#9758=CARTESIAN_POINT('',(5.58935818,-54.997619212,113.6));
#9759=CARTESIAN_POINT('',(6.820477131,-54.175011828,113.6));
#9760=CARTESIAN_POINT('',(8.875011828,-52.120477131,113.6));
#9761=CARTESIAN_POINT('',(9.697619212,-50.88935818,113.6));
#9762=CARTESIAN_POINT('',(10.809525378,-48.204979234,113.6));
#9763=CARTESIAN_POINT('',(11.098386677,-46.752775417,113.6));
#9764=CARTESIAN_POINT('',(11.098386677,-45.3,113.6));
#9765=(BOUNDED_SURFACE()
B_SPLINE_SURFACE(2,3,((#9595,#9596,#9597,#9598,#9599,#9600,#9601,#9602,#9603,#9604,#9605,#9606,#9607,#9608,#9609,#9610,#9611,#9612,#9613,#9614,#9615,#9616,#9617,#9618,#9619,#9620,
#9621,#9622,#9623,#9624,#9625,#9626,#9627,#9628),(#9629,#9630,#9631,#9632,#9633,#9634,#9635,#9636,#9637,#9638,#9639,#9640,#9641,#9642,#9643,#9644,#9645,#9646,#9647,#9648,#9649,#9650,#9651,#9652,#9653,#9654,
#9655,#9656,#9657,#9658,#9659,#9660,#9661,#9662),(#9663,#9664,#9665,#9666,#9667,#9668,#9669,#9670,#9671,#9672,#9673,#9674,#9675,#9676,#9677,#9678,#9679,#9680,#9681,#9682,#9683,#9684,#9685,#9686,#9687,#9688,
#9689,#9690,#9691,#9692,#9693,#9694,#9695,#9696),(#9697,#9698,#9699,#9700,#9701,#9702,#9703,#9704,#9705,#9706,#9707,#9708,#9709,#9710,#9711,#9712,#9713,#9714,#9715,#9716,#9717,#9718,#9719,#9720,#9721,#9722,
#9723,#9724,#9725,#9726,#9727,#9728,#9729,#9730),(#9731,#9732,#9733,#9734,#9735,#9736,#9737,#9738,#9739,#9740,#9741,#9742,#9743,#9744,#9745,#9746,#9747,#9748,#9749,#9750,#9751,#9752,#9753,#9754,#9755,#9756,
#9757,#9758,#9759,#9760,#9761,#9762,#9763,#9764)),.UNSPECIFIED.,.F.,.T.,.U.)
B_SPLINE_SURFACE_WITH_KNOTS((3,2,3),(4,2,2,2,2,2,2,2,2,2,2,2,2,2,2,2,4),(-0.166687542,0.,1.),(0.,0.392699082,0.785398163,1.178097245,1.570796327,1.963495408,2.35619449,2.748893572,3.141592654,3.534291735,3.926990817,4.319689899,4.71238898,5.105088062,5.497787144,5.890486225,6.283185307),.UNSPECIFIED.)
GEOMETRIC_REPRESENTATION_ITEM()
RATIONAL_B_SPLINE_SURFACE(((1.,1.,1.,1.,1.,1.,1.,1.,1.,1.,1.,1.,1.,1.,1.,1.,1.,1.,1.,1.,1.,1.,1.,1.,1.,1.,
1.,1.,1.,1.,1.,1.,1.,1.),(1.,1.,1.,1.,1.,1.,1.,1.,1.,1.,1.,1.,1.,1.,1.,1.,1.,1.,1.,1.,1.,1.,1.,1.,1.,1.,
1.,1.,1.,1.,1.,1.,1.,1.),(1.,1.,1.,1.,1.,1.,1.,1.,1.,1.,1.,1.,1.,1.,1.,1.,1.,1.,1.,1.,1.,1.,1.,1.,1.,1.,
1.,1.,1.,1.,1.,1.,1.,1.),(0.424566445,0.424566445,0.424566445,0.424566445,0.424566445,0.424566445,0.424566445,0.424566445,0.424566445,0.424566445,0.424566445,0.424566445,0.424566445,0.424566445,0.424566445,0.424566445,0.424566445,0.424566445,0.424566445,0.424566445,0.424566445,0.424566445,0.424566445,0.424566445,0.424566445,0.424566445,
0.424566445,0.424566445,0.424566445,0.424566445,0.424566445,0.424566445,0.424566445,0.424566445),(1.,1.,1.,1.,1.,1.,1.,1.,1.,1.,1.,1.,1.,1.,1.,1.,1.,1.,1.,1.,1.,1.,1.,1.,1.,1.,
1.,1.,1.,1.,1.,1.,1.,1.)))
REPRESENTATION_ITEM('')
SURFACE()
);
#9766=CARTESIAN_POINT('',(7.803568269,-45.299999449,112.458460126));
#9767=VERTEX_POINT('',#9766);
#9768=CARTESIAN_POINT('',(11.098386677,-45.3,113.6));
#9769=CARTESIAN_POINT('',(9.387819032,-45.3,113.6));
#9770=CARTESIAN_POINT('',(8.,-45.3,112.6));
#9771=CARTESIAN_POINT('',(7.901784134,-45.3,112.529230063));
#9772=CARTESIAN_POINT('',(7.803568269,-45.3,112.458460126));
#9773=(BOUNDED_CURVE()
B_SPLINE_CURVE(2,(#9768,#9769,#9770,#9771,#9772),.UNSPECIFIED.,.F.,.F.)
B_SPLINE_CURVE_WITH_KNOTS((3,2,3),(-1.177671965,-0.177671965,-0.010984423),.UNSPECIFIED.)
CURVE()
GEOMETRIC_REPRESENTATION_ITEM()
RATIONAL_B_SPLINE_CURVE((1.,0.424566445,1.,1.,1.))
REPRESENTATION_ITEM(''));
#9774=EDGE_CURVE('',#4069,#9767,#9773,.T.);
#9775=ORIENTED_EDGE('',*,*,#9774,.T.);
#9776=CARTESIAN_POINT('',(7.803568269,-45.3,112.458460126));
#9777=CARTESIAN_POINT('',(7.803568269,-46.321484696,112.458460126));
#9778=CARTESIAN_POINT('',(7.600462274,-47.342567486,112.458460126));
#9779=CARTESIAN_POINT('',(7.209557004,-48.28629629,112.458460126));
#9780=CARTESIAN_POINT('',(6.818651735,-49.230025094,112.458460126));
#9781=CARTESIAN_POINT('',(6.240254796,-50.095657285,112.458460126));
#9782=CARTESIAN_POINT('',(5.51795604,-50.81795604,112.458460126));
#9783=CARTESIAN_POINT('',(4.795657285,-51.540254796,112.458460126));
#9784=CARTESIAN_POINT('',(3.930025094,-52.118651735,112.458460126));
#9785=CARTESIAN_POINT('',(2.98629629,-52.509557004,112.458460126));
#9786=CARTESIAN_POINT('',(2.042567486,-52.900462274,112.458460126));
#9787=CARTESIAN_POINT('',(1.021484696,-53.103568269,112.458460126));
#9788=CARTESIAN_POINT('',(0.,-53.103568269,112.458460126));
#9789=CARTESIAN_POINT('',(-1.021484696,-53.103568269,112.458460126));
#9790=CARTESIAN_POINT('',(-2.042567486,-52.900462274,112.458460126));
#9791=CARTESIAN_POINT('',(-2.98629629,-52.509557004,112.458460126));
#9792=CARTESIAN_POINT('',(-3.930025094,-52.118651735,112.458460126));
#9793=CARTESIAN_POINT('',(-4.795657285,-51.540254796,112.458460126));
#9794=CARTESIAN_POINT('',(-5.51795604,-50.81795604,112.458460126));
#9795=CARTESIAN_POINT('',(-6.240254796,-50.095657285,112.458460126));
#9796=CARTESIAN_POINT('',(-6.818651735,-49.230025094,112.458460126));
#9797=CARTESIAN_POINT('',(-7.209557004,-48.28629629,112.458460126));
#9798=CARTESIAN_POINT('',(-7.600462274,-47.342567486,112.458460126));
#9799=CARTESIAN_POINT('',(-7.803568269,-46.321484696,112.458460126));
#9800=CARTESIAN_POINT('',(-7.803568269,-45.3,112.458460126));
#9801=CARTESIAN_POINT('',(-7.803568269,-44.278515304,112.458460126));
#9802=CARTESIAN_POINT('',(-7.600462274,-43.257432514,112.458460126));
#9803=CARTESIAN_POINT('',(-7.209557004,-42.31370371,112.458460126));
#9804=CARTESIAN_POINT('',(-6.818651735,-41.369974906,112.458460126));
#9805=CARTESIAN_POINT('',(-6.240254796,-40.504342715,112.458460126));
#9806=CARTESIAN_POINT('',(-5.51795604,-39.78204396,112.458460126));
#9807=CARTESIAN_POINT('',(-4.795657285,-39.059745204,112.458460126));
#9808=CARTESIAN_POINT('',(-3.930025094,-38.481348265,112.458460126));
#9809=CARTESIAN_POINT('',(-2.98629629,-38.090442996,112.458460126));
#9810=CARTESIAN_POINT('',(-2.042567486,-37.699537726,112.458460126));
#9811=CARTESIAN_POINT('',(-1.021484696,-37.496431731,112.458460126));
#9812=CARTESIAN_POINT('',(0.,-37.496431731,112.458460126));
#9813=CARTESIAN_POINT('',(1.021484696,-37.496431731,112.458460126));
#9814=CARTESIAN_POINT('',(2.042567486,-37.699537726,112.458460126));
#9815=CARTESIAN_POINT('',(2.98629629,-38.090442996,112.458460126));
#9816=CARTESIAN_POINT('',(3.930025094,-38.481348265,112.458460126));
#9817=CARTESIAN_POINT('',(4.795657285,-39.059745204,112.458460126));
#9818=CARTESIAN_POINT('',(5.51795604,-39.78204396,112.458460126));
#9819=CARTESIAN_POINT('',(6.240254796,-40.504342715,112.458460126));
#9820=CARTESIAN_POINT('',(6.818651735,-41.369974906,112.458460126));
#9821=CARTESIAN_POINT('',(7.209557004,-42.31370371,112.458460126));
#9822=CARTESIAN_POINT('',(7.600462274,-43.257432514,112.458460126));
#9823=CARTESIAN_POINT('',(7.803568269,-44.278515304,112.458460126));
#9824=CARTESIAN_POINT('',(7.803568269,-45.3,112.458460126));
#9825=B_SPLINE_CURVE_WITH_KNOTS('',3,(#9776,#9777,#9778,#9779,#9780,#9781,#9782,#9783,#9784,#9785,#9786,#9787,#9788,#9789,#9790,#9791,#9792,#9793,#9794,#9795,#9796,#9797,#9798,#9799,#9800,#9801,
#9802,#9803,#9804,#9805,#9806,#9807,#9808,#9809,#9810,#9811,#9812,#9813,#9814,#9815,#9816,#9817,#9818,#9819,#9820,#9821,#9822,#9823,#9824),.UNSPECIFIED.,.T.,.F.,(4,3,3,3,3,3,3,3,3,3,3,3,3,3,3,3,4),(0.,0.0625,0.125,0.1875,0.25,0.3125,0.375,0.4375,0.5,0.5625,0.625,0.6875,0.75,0.8125,0.875,0.9375,1.),.UNSPECIFIED.);
#9826=EDGE_CURVE('',#9767,#9767,#9825,.T.);
#9827=ORIENTED_EDGE('',*,*,#9826,.T.);
#9828=ORIENTED_EDGE('',*,*,#9774,.F.);
#9829=ORIENTED_EDGE('',*,*,#4105,.F.);
#9830=EDGE_LOOP('',(#9775,#9827,#9828,#9829));
#9831=FACE_BOUND('',#9830,.T.);
#9832=ADVANCED_FACE('',(#9831),#9765,.T.);
#9833=CARTESIAN_POINT('',(0.,0.,109.4));
#9834=DIRECTION('',(0.,0.,-1.));
#9835=DIRECTION('',(1.,0.,0.));
#9836=AXIS2_PLACEMENT_3D('',#9833,#9834,#9835);
#9837=PLANE('',#9836);
#9838=CARTESIAN_POINT('',(8.42788578,-45.3,109.4));
#9839=VERTEX_POINT('',#9838);
#9840=CARTESIAN_POINT('',(0.,-45.3,109.4));
#9841=DIRECTION('',(-0.,-0.,-1.));
#9842=DIRECTION('',(1.,0.,-0.));
#9843=AXIS2_PLACEMENT_3D('',#9840,#9841,#9842);
#9844=CIRCLE('',#9843,8.42788578);
#9845=EDGE_CURVE('',#9839,#9839,#9844,.T.);
#9846=ORIENTED_EDGE('',*,*,#9845,.T.);
#9847=EDGE_LOOP('',(#9846));
#9848=FACE_BOUND('',#9847,.T.);
#9849=ADVANCED_FACE('',(#9848),#9837,.T.);
#9850=CARTESIAN_POINT('',(0.,-45.3,107.6));
#9851=DIRECTION('',(0.,0.,1.));
#9852=DIRECTION('',(1.,0.,-0.));
#9853=AXIS2_PLACEMENT_3D('',#9850,#9851,#9852);
#9854=TOROIDAL_SURFACE('',#9853,12.,4.);
#9855=CARTESIAN_POINT('',(12.,-45.3,107.6));
#9856=DIRECTION('',(-0.,1.,-0.));
#9857=DIRECTION('',(1.,0.,0.));
#9858=AXIS2_PLACEMENT_3D('',#9855,#9856,#9857);
#9859=CIRCLE('',#9858,4.);
#9860=EDGE_CURVE('',#9839,#3301,#9859,.T.);
#9861=ORIENTED_EDGE('',*,*,#9860,.F.);
#9862=ORIENTED_EDGE('',*,*,#9845,.F.);
#9863=ORIENTED_EDGE('',*,*,#9860,.T.);
#9864=ORIENTED_EDGE('',*,*,#3307,.F.);
#9865=EDGE_LOOP('',(#9861,#9862,#9863,#9864));
#9866=FACE_BOUND('',#9865,.T.);
#9867=ADVANCED_FACE('',(#9866),#9854,.F.);
#9868=CARTESIAN_POINT('',(-22.5,-56.,106.9));
#9869=DIRECTION('',(0.,0.,1.));
#9870=DIRECTION('',(1.,0.,-0.));
#9871=AXIS2_PLACEMENT_3D('',#9868,#9869,#9870);
#9872=TOROIDAL_SURFACE('',#9871,9.5,0.5);
#9873=CARTESIAN_POINT('',(-32.,-56.,106.9));
#9874=DIRECTION('',(0.,1.,0.));
#9875=DIRECTION('',(0.,-0.,1.));
#9876=AXIS2_PLACEMENT_3D('',#9873,#9874,#9875);
#9877=CIRCLE('',#9876,0.5);
#9878=EDGE_CURVE('',#3632,#3935,#9877,.T.);
#9879=ORIENTED_EDGE('',*,*,#9878,.F.);
#9880=ORIENTED_EDGE('',*,*,#3638,.F.);
#9881=CARTESIAN_POINT('',(-22.5,-65.5,106.9));
#9882=DIRECTION('',(1.,0.,0.));
#9883=DIRECTION('',(0.,0.,-1.));
#9884=AXIS2_PLACEMENT_3D('',#9881,#9882,#9883);
#9885=CIRCLE('',#9884,0.5);
#9886=EDGE_CURVE('',#3982,#3624,#9885,.T.);
#9887=ORIENTED_EDGE('',*,*,#9886,.F.);
#9888=ORIENTED_EDGE('',*,*,#3988,.F.);
#9889=EDGE_LOOP('',(#9879,#9880,#9887,#9888));
#9890=FACE_BOUND('',#9889,.T.);
#9891=ADVANCED_FACE('',(#9890),#9872,.T.);
#9892=CARTESIAN_POINT('',(-0.000000006,-65.5,106.9));
#9893=DIRECTION('',(1.,0.,0.));
#9894=DIRECTION('',(0.,0.,-1.));
#9895=AXIS2_PLACEMENT_3D('',#9892,#9893,#9894);
#9896=CYLINDRICAL_SURFACE('',#9895,0.5);
#9897=ORIENTED_EDGE('',*,*,#9886,.T.);
#9898=ORIENTED_EDGE('',*,*,#3629,.F.);
#9899=CARTESIAN_POINT('',(22.5,-65.5,106.9));
#9900=DIRECTION('',(1.,0.,0.));
#9901=DIRECTION('',(0.,0.,-1.));
#9902=AXIS2_PLACEMENT_3D('',#9899,#9900,#9901);
#9903=CIRCLE('',#9902,0.5);
#9904=EDGE_CURVE('',#4015,#3615,#9903,.T.);
#9905=ORIENTED_EDGE('',*,*,#9904,.F.);
#9906=ORIENTED_EDGE('',*,*,#4020,.F.);
#9907=EDGE_LOOP('',(#9897,#9898,#9905,#9906));
#9908=FACE_BOUND('',#9907,.T.);
#9909=ADVANCED_FACE('',(#9908),#9896,.T.);
#9910=CARTESIAN_POINT('',(-32.,-0.,106.9));
#9911=DIRECTION('',(0.,-1.,0.));
#9912=DIRECTION('',(1.,0.,0.));
#9913=AXIS2_PLACEMENT_3D('',#9910,#9911,#9912);
#9914=CYLINDRICAL_SURFACE('',#9913,0.5);
#9915=ORIENTED_EDGE('',*,*,#9878,.T.);
#9916=ORIENTED_EDGE('',*,*,#3940,.F.);
#9917=CARTESIAN_POINT('',(-32.,20.,106.9));
#9918=DIRECTION('',(0.,1.,0.));
#9919=DIRECTION('',(0.,-0.,1.));
#9920=AXIS2_PLACEMENT_3D('',#9917,#9918,#9919);
#9921=CIRCLE('',#9920,0.5);
#9922=EDGE_CURVE('',#3641,#3902,#9921,.T.);
#9923=ORIENTED_EDGE('',*,*,#9922,.F.);
#9924=ORIENTED_EDGE('',*,*,#3646,.F.);
#9925=EDGE_LOOP('',(#9915,#9916,#9923,#9924));
#9926=FACE_BOUND('',#9925,.T.);
#9927=ADVANCED_FACE('',(#9926),#9914,.T.);
#9928=CARTESIAN_POINT('',(22.5,-56.,106.9));
#9929=DIRECTION('',(0.,0.,1.));
#9930=DIRECTION('',(1.,0.,-0.));
#9931=AXIS2_PLACEMENT_3D('',#9928,#9929,#9930);
#9932=TOROIDAL_SURFACE('',#9931,9.5,0.5);
#9933=ORIENTED_EDGE('',*,*,#9904,.T.);
#9934=ORIENTED_EDGE('',*,*,#3621,.F.);
#9935=CARTESIAN_POINT('',(32.,-56.,106.9));
#9936=DIRECTION('',(0.,1.,0.));
#9937=DIRECTION('',(0.,-0.,1.));
#9938=AXIS2_PLACEMENT_3D('',#9935,#9936,#9937);
#9939=CIRCLE('',#9938,0.5);
#9940=EDGE_CURVE('',#3776,#3607,#9939,.T.);
#9941=ORIENTED_EDGE('',*,*,#9940,.F.);
#9942=ORIENTED_EDGE('',*,*,#4050,.F.);
#9943=EDGE_LOOP('',(#9933,#9934,#9941,#9942));
#9944=FACE_BOUND('',#9943,.T.);
#9945=ADVANCED_FACE('',(#9944),#9932,.T.);
#9946=CARTESIAN_POINT('',(-22.5,20.,106.9));
#9947=DIRECTION('',(0.,0.,1.));
#9948=DIRECTION('',(1.,0.,-0.));
#9949=AXIS2_PLACEMENT_3D('',#9946,#9947,#9948);
#9950=TOROIDAL_SURFACE('',#9949,9.5,0.5);
#9951=ORIENTED_EDGE('',*,*,#9922,.T.);
#9952=ORIENTED_EDGE('',*,*,#3908,.F.);
#9953=CARTESIAN_POINT('',(-22.5,29.5,106.9));
#9954=DIRECTION('',(1.,0.,0.));
#9955=DIRECTION('',(0.,0.,-1.));
#9956=AXIS2_PLACEMENT_3D('',#9953,#9954,#9955);
#9957=CIRCLE('',#9956,0.5);
#9958=EDGE_CURVE('',#3588,#3864,#9957,.T.);
#9959=ORIENTED_EDGE('',*,*,#9958,.F.);
#9960=ORIENTED_EDGE('',*,*,#3653,.F.);
#9961=EDGE_LOOP('',(#9951,#9952,#9959,#9960));
#9962=FACE_BOUND('',#9961,.T.);
#9963=ADVANCED_FACE('',(#9962),#9950,.T.);
#9964=CARTESIAN_POINT('',(32.,0.,106.9));
#9965=DIRECTION('',(0.,1.,0.));
#9966=DIRECTION('',(0.,-0.,1.));
#9967=AXIS2_PLACEMENT_3D('',#9964,#9965,#9966);
#9968=CYLINDRICAL_SURFACE('',#9967,0.5);
#9969=ORIENTED_EDGE('',*,*,#9940,.T.);
#9970=ORIENTED_EDGE('',*,*,#3612,.F.);
#9971=CARTESIAN_POINT('',(32.,20.,106.9));
#9972=DIRECTION('',(0.,1.,0.));
#9973=DIRECTION('',(0.,-0.,1.));
#9974=AXIS2_PLACEMENT_3D('',#9971,#9972,#9973);
#9975=CIRCLE('',#9974,0.5);
#9976=EDGE_CURVE('',#3784,#3598,#9975,.T.);
#9977=ORIENTED_EDGE('',*,*,#9976,.F.);
#9978=ORIENTED_EDGE('',*,*,#3789,.F.);
#9979=EDGE_LOOP('',(#9969,#9970,#9977,#9978));
#9980=FACE_BOUND('',#9979,.T.);
#9981=ADVANCED_FACE('',(#9980),#9968,.T.);
#9982=CARTESIAN_POINT('',(-0.000000006,29.5,106.9));
#9983=DIRECTION('',(-1.,0.,0.));
#9984=DIRECTION('',(0.,0.,1.));
#9985=AXIS2_PLACEMENT_3D('',#9982,#9983,#9984);
#9986=CYLINDRICAL_SURFACE('',#9985,0.5);
#9987=ORIENTED_EDGE('',*,*,#9958,.T.);
#9988=ORIENTED_EDGE('',*,*,#3869,.F.);
#9989=CARTESIAN_POINT('',(22.5,29.5,106.9));
#9990=DIRECTION('',(1.,0.,0.));
#9991=DIRECTION('',(0.,0.,-1.));
#9992=AXIS2_PLACEMENT_3D('',#9989,#9990,#9991);
#9993=CIRCLE('',#9992,0.5);
#9994=EDGE_CURVE('',#3590,#3831,#9993,.T.);
#9995=ORIENTED_EDGE('',*,*,#9994,.F.);
#9996=ORIENTED_EDGE('',*,*,#3595,.F.);
#9997=EDGE_LOOP('',(#9987,#9988,#9995,#9996));
#9998=FACE_BOUND('',#9997,.T.);
#9999=ADVANCED_FACE('',(#9998),#9986,.T.);
#10000=CARTESIAN_POINT('',(22.5,20.,106.9));
#10001=DIRECTION('',(0.,0.,1.));
#10002=DIRECTION('',(1.,0.,-0.));
#10003=AXIS2_PLACEMENT_3D('',#10000,#10001,#10002);
#10004=TOROIDAL_SURFACE('',#10003,9.5,0.5);
#10005=ORIENTED_EDGE('',*,*,#9976,.T.);
#10006=ORIENTED_EDGE('',*,*,#3604,.F.);
#10007=ORIENTED_EDGE('',*,*,#9994,.T.);
#10008=ORIENTED_EDGE('',*,*,#3837,.F.);
#10009=EDGE_LOOP('',(#10005,#10006,#10007,#10008));
#10010=FACE_BOUND('',#10009,.T.);
#10011=ADVANCED_FACE('',(#10010),#10004,.T.);
#10012=CARTESIAN_POINT('',(-22.5,-56.,107.4));
#10013=DIRECTION('',(0.,0.,-1.));
#10014=DIRECTION('',(-1.,0.,0.));
#10015=AXIS2_PLACEMENT_3D('',#10012,#10013,#10014);
#10016=CYLINDRICAL_SURFACE('',#10015,8.85);
#10017=ORIENTED_EDGE('',*,*,#3534,.T.);
#10018=CARTESIAN_POINT('',(-31.35,-56.,107.4));
#10019=DIRECTION('',(0.,0.,-1.));
#10020=VECTOR('',#10019,1.);
#10021=LINE('',#10018,#10020);
#10022=EDGE_CURVE('',#2892,#3518,#10021,.T.);
#10023=ORIENTED_EDGE('',*,*,#10022,.F.);
#10024=ORIENTED_EDGE('',*,*,#2898,.F.);
#10025=CARTESIAN_POINT('',(-22.5,-64.85,107.4));
#10026=DIRECTION('',(0.,0.,-1.));
#10027=VECTOR('',#10026,1.);
#10028=LINE('',#10025,#10027);
#10029=EDGE_CURVE('',#2890,#3528,#10028,.T.);
#10030=ORIENTED_EDGE('',*,*,#10029,.T.);
#10031=EDGE_LOOP('',(#10017,#10023,#10024,#10030));
#10032=FACE_BOUND('',#10031,.T.);
#10033=ADVANCED_FACE('',(#10032),#10016,.F.);
#10034=CARTESIAN_POINT('',(-31.35,-18.,107.4));
#10035=DIRECTION('',(-1.,-0.,0.));
#10036=DIRECTION('',(0.,-1.,0.));
#10037=AXIS2_PLACEMENT_3D('',#10034,#10035,#10036);
#10038=PLANE('',#10037);
#10039=ORIENTED_EDGE('',*,*,#3525,.T.);
#10040=CARTESIAN_POINT('',(-31.35,20.,107.4));
#10041=DIRECTION('',(0.,0.,-1.));
#10042=VECTOR('',#10041,1.);
#10043=LINE('',#10040,#10042);
#10044=EDGE_CURVE('',#2901,#3520,#10043,.T.);
#10045=ORIENTED_EDGE('',*,*,#10044,.F.);
#10046=ORIENTED_EDGE('',*,*,#2906,.F.);
#10047=ORIENTED_EDGE('',*,*,#10022,.T.);
#10048=EDGE_LOOP('',(#10039,#10045,#10046,#10047));
#10049=FACE_BOUND('',#10048,.T.);
#10050=ADVANCED_FACE('',(#10049),#10038,.F.);
#10051=CARTESIAN_POINT('',(-22.5,20.,107.4));
#10052=DIRECTION('',(0.,0.,-1.));
#10053=DIRECTION('',(-1.,0.,0.));
#10054=AXIS2_PLACEMENT_3D('',#10051,#10052,#10053);
#10055=CYLINDRICAL_SURFACE('',#10054,8.85);
#10056=ORIENTED_EDGE('',*,*,#3583,.T.);
#10057=CARTESIAN_POINT('',(-22.5,28.85,107.4));
#10058=DIRECTION('',(0.,0.,-1.));
#10059=VECTOR('',#10058,1.);
#10060=LINE('',#10057,#10059);
#10061=EDGE_CURVE('',#2909,#3571,#10060,.T.);
#10062=ORIENTED_EDGE('',*,*,#10061,.F.);
#10063=ORIENTED_EDGE('',*,*,#2915,.F.);
#10064=ORIENTED_EDGE('',*,*,#10044,.T.);
#10065=EDGE_LOOP('',(#10056,#10062,#10063,#10064));
#10066=FACE_BOUND('',#10065,.T.);
#10067=ADVANCED_FACE('',(#10066),#10055,.F.);
#10068=CARTESIAN_POINT('',(-0.,28.85,107.4));
#10069=DIRECTION('',(0.,1.,0.));
#10070=DIRECTION('',(0.,0.,1.));
#10071=AXIS2_PLACEMENT_3D('',#10068,#10069,#10070);
#10072=PLANE('',#10071);
#10073=ORIENTED_EDGE('',*,*,#3576,.T.);
#10074=CARTESIAN_POINT('',(22.5,28.85,107.4));
#10075=DIRECTION('',(0.,0.,-1.));
#10076=VECTOR('',#10075,1.);
#10077=LINE('',#10074,#10076);
#10078=EDGE_CURVE('',#2918,#3562,#10077,.T.);
#10079=ORIENTED_EDGE('',*,*,#10078,.F.);
#10080=ORIENTED_EDGE('',*,*,#2923,.F.);
#10081=ORIENTED_EDGE('',*,*,#10061,.T.);
#10082=EDGE_LOOP('',(#10073,#10079,#10080,#10081));
#10083=FACE_BOUND('',#10082,.T.);
#10084=ADVANCED_FACE('',(#10083),#10072,.F.);
#10085=CARTESIAN_POINT('',(22.5,20.,107.4));
#10086=DIRECTION('',(0.,0.,-1.));
#10087=DIRECTION('',(-1.,0.,0.));
#10088=AXIS2_PLACEMENT_3D('',#10085,#10086,#10087);
#10089=CYLINDRICAL_SURFACE('',#10088,8.85);
#10090=ORIENTED_EDGE('',*,*,#3568,.T.);
#10091=CARTESIAN_POINT('',(31.35,20.,107.4));
#10092=DIRECTION('',(0.,0.,-1.));
#10093=VECTOR('',#10092,1.);
#10094=LINE('',#10091,#10093);
#10095=EDGE_CURVE('',#2926,#3554,#10094,.T.);
#10096=ORIENTED_EDGE('',*,*,#10095,.F.);
#10097=ORIENTED_EDGE('',*,*,#2932,.F.);
#10098=ORIENTED_EDGE('',*,*,#10078,.T.);
#10099=EDGE_LOOP('',(#10090,#10096,#10097,#10098));
#10100=FACE_BOUND('',#10099,.T.);
#10101=ADVANCED_FACE('',(#10100),#10089,.F.);
#10102=CARTESIAN_POINT('',(31.35,-18.,107.4));
#10103=DIRECTION('',(1.,0.,0.));
#10104=DIRECTION('',(0.,0.,-1.));
#10105=AXIS2_PLACEMENT_3D('',#10102,#10103,#10104);
#10106=PLANE('',#10105);
#10107=ORIENTED_EDGE('',*,*,#3559,.T.);
#10108=CARTESIAN_POINT('',(31.35,-56.,107.4));
#10109=DIRECTION('',(0.,0.,-1.));
#10110=VECTOR('',#10109,1.);
#10111=LINE('',#10108,#10110);
#10112=EDGE_CURVE('',#2935,#3545,#10111,.T.);
#10113=ORIENTED_EDGE('',*,*,#10112,.F.);
#10114=ORIENTED_EDGE('',*,*,#2940,.F.);
#10115=ORIENTED_EDGE('',*,*,#10095,.T.);
#10116=EDGE_LOOP('',(#10107,#10113,#10114,#10115));
#10117=FACE_BOUND('',#10116,.T.);
#10118=ADVANCED_FACE('',(#10117),#10106,.F.);
#10119=CARTESIAN_POINT('',(22.5,-56.,107.4));
#10120=DIRECTION('',(0.,0.,-1.));
#10121=DIRECTION('',(-1.,0.,0.));
#10122=AXIS2_PLACEMENT_3D('',#10119,#10120,#10121);
#10123=CYLINDRICAL_SURFACE('',#10122,8.85);
#10124=ORIENTED_EDGE('',*,*,#3551,.T.);
#10125=CARTESIAN_POINT('',(22.5,-64.85,107.4));
#10126=DIRECTION('',(0.,0.,-1.));
#10127=VECTOR('',#10126,1.);
#10128=LINE('',#10125,#10127);
#10129=EDGE_CURVE('',#2943,#3537,#10128,.T.);
#10130=ORIENTED_EDGE('',*,*,#10129,.F.);
#10131=ORIENTED_EDGE('',*,*,#2949,.F.);
#10132=ORIENTED_EDGE('',*,*,#10112,.T.);
#10133=EDGE_LOOP('',(#10124,#10130,#10131,#10132));
#10134=FACE_BOUND('',#10133,.T.);
#10135=ADVANCED_FACE('',(#10134),#10123,.F.);
#10136=CARTESIAN_POINT('',(0.,-64.85,107.4));
#10137=DIRECTION('',(0.,-1.,0.));
#10138=DIRECTION('',(0.,0.,-1.));
#10139=AXIS2_PLACEMENT_3D('',#10136,#10137,#10138);
#10140=PLANE('',#10139);
#10141=ORIENTED_EDGE('',*,*,#3542,.T.);
#10142=ORIENTED_EDGE('',*,*,#10029,.F.);
#10143=ORIENTED_EDGE('',*,*,#2955,.F.);
#10144=ORIENTED_EDGE('',*,*,#10129,.T.);
#10145=EDGE_LOOP('',(#10141,#10142,#10143,#10144));
#10146=FACE_BOUND('',#10145,.T.);
#10147=ADVANCED_FACE('',(#10146),#10140,.F.);
#10148=CARTESIAN_POINT('',(7.622436194,-45.299998924,112.4));
#10149=CARTESIAN_POINT('',(7.622436051,-44.30237029,112.4));
#10150=CARTESIAN_POINT('',(7.423981706,-43.304688476,112.4));
#10151=CARTESIAN_POINT('',(6.660436841,-41.461334468,112.4));
#10152=CARTESIAN_POINT('',(6.095266535,-40.615513933,112.4));
#10153=CARTESIAN_POINT('',(4.68448642,-39.204733736,112.4));
#10154=CARTESIAN_POINT('',(3.838702771,-38.6395765,112.4));
#10155=CARTESIAN_POINT('',(1.995247448,-37.875993837,112.4));
#10156=CARTESIAN_POINT('',(0.997592152,-37.677564004,112.4));
#10157=CARTESIAN_POINT('',(-0.997589175,-37.677563609,112.4));
#10158=CARTESIAN_POINT('',(-1.995268446,-37.876002239,112.4));
#10159=CARTESIAN_POINT('',(-3.838685584,-38.639569677,112.4));
#10160=CARTESIAN_POINT('',(-4.684474864,-39.204723208,112.4));
#10161=CARTESIAN_POINT('',(-6.095270328,-40.615516697,112.4));
#10162=CARTESIAN_POINT('',(-6.660431574,-41.461319937,112.4));
#10163=CARTESIAN_POINT('',(-7.423990985,-43.304712693,112.4));
#10164=CARTESIAN_POINT('',(-7.622435377,-44.302412853,112.4));
#10165=CARTESIAN_POINT('',(-7.62243701,-46.297574821,112.4));
#10166=CARTESIAN_POINT('',(-7.424002431,-47.295254777,112.4));
#10167=CARTESIAN_POINT('',(-6.660430946,-49.138686476,112.4));
#10168=CARTESIAN_POINT('',(-6.09531573,-49.984436227,112.4));
#10169=CARTESIAN_POINT('',(-4.684442091,-51.395311239,112.4));
#10170=CARTESIAN_POINT('',(-3.838686839,-51.960428944,112.4));
#10171=CARTESIAN_POINT('',(-1.995278255,-52.723994557,112.4));
#10172=CARTESIAN_POINT('',(-0.997584932,-52.922435105,112.4));
#10173=CARTESIAN_POINT('',(0.997568501,-52.922437282,112.4));
#10174=CARTESIAN_POINT('',(1.995289789,-52.723987747,112.4));
#10175=CARTESIAN_POINT('',(3.838649122,-51.9604466,112.4));
#10176=CARTESIAN_POINT('',(4.684479049,-51.395272391,112.4));
#10177=CARTESIAN_POINT('',(6.095264522,-49.984489324,112.4));
#10178=CARTESIAN_POINT('',(6.660429728,-49.138679317,112.4));
#10179=CARTESIAN_POINT('',(7.423981332,-47.295315814,112.4));
#10180=CARTESIAN_POINT('',(7.622436336,-46.297627558,112.4));
#10181=CARTESIAN_POINT('',(7.622436194,-45.299998924,112.4));
#10182=CARTESIAN_POINT('',(7.803568269,-45.299998898,112.458460126));
#10183=CARTESIAN_POINT('',(7.803568123,-44.278356695,112.458460126));
#10184=CARTESIAN_POINT('',(7.600515349,-43.257557392,112.458460126));
#10185=CARTESIAN_POINT('',(6.818591463,-41.369832655,112.458460126));
#10186=CARTESIAN_POINT('',(6.240325454,-40.504413416,112.458460126));
#10187=CARTESIAN_POINT('',(4.795586946,-39.059674823,112.458460126));
#10188=CARTESIAN_POINT('',(3.93020548,-38.481422199,112.458460126));
#10189=CARTESIAN_POINT('',(2.04237699,-37.699459605,112.458460126));
#10190=CARTESIAN_POINT('',(1.021604843,-37.496431933,112.458460126));
#10191=CARTESIAN_POINT('',(-1.021601794,-37.496431529,112.458460126));
#10192=CARTESIAN_POINT('',(-2.042398494,-37.699468209,112.458460126));
#10193=CARTESIAN_POINT('',(-3.930187879,-38.481415211,112.458460126));
#10194=CARTESIAN_POINT('',(-4.795575111,-39.059664042,112.458460126));
#10195=CARTESIAN_POINT('',(-6.240329339,-40.504416246,112.458460126));
#10196=CARTESIAN_POINT('',(-6.81858607,-41.369817775,112.458460126));
#10197=CARTESIAN_POINT('',(-7.600524851,-43.257582192,112.458460126));
#10198=CARTESIAN_POINT('',(-7.803567432,-44.278400283,112.458460126));
#10199=CARTESIAN_POINT('',(-7.803569106,-46.321587094,112.458460126));
#10200=CARTESIAN_POINT('',(-7.600536573,-47.342384495,112.458460126));
#10201=CARTESIAN_POINT('',(-6.818585426,-49.230188793,112.458460126));
#10202=CARTESIAN_POINT('',(-6.240375834,-50.095535544,112.458460126));
#10203=CARTESIAN_POINT('',(-4.79554155,-51.540371234,112.458460126));
#10204=CARTESIAN_POINT('',(-3.930189165,-52.118583376,112.458460126));
#10205=CARTESIAN_POINT('',(-2.042408539,-52.90052851,112.458460126));
#10206=CARTESIAN_POINT('',(-1.021597449,-53.103567154,112.458460126));
#10207=CARTESIAN_POINT('',(1.021580623,-53.103569384,112.458460126));
#10208=CARTESIAN_POINT('',(2.042420351,-52.900521535,112.458460126));
#10209=CARTESIAN_POINT('',(3.930150539,-52.118601457,112.458460126));
#10210=CARTESIAN_POINT('',(4.795579398,-51.540331452,112.458460126));
#10211=CARTESIAN_POINT('',(6.240323393,-50.09558992,112.458460126));
#10212=CARTESIAN_POINT('',(6.818584179,-49.230181461,112.458460126));
#10213=CARTESIAN_POINT('',(7.600514966,-47.342447002,112.458460126));
#10214=CARTESIAN_POINT('',(7.803568415,-46.321641102,112.458460126));
#10215=CARTESIAN_POINT('',(7.803568269,-45.299998898,112.458460126));
#10216=B_SPLINE_SURFACE_WITH_KNOTS('',1,3,((#10148,#10149,#10150,#10151,#10152,#10153,#10154,#10155,#10156,#10157,#10158,#10159,#10160,#10161,#10162,#10163,#10164,#10165,#10166,#10167,#10168,#10169,#10170,#10171,#10172,#10173,
#10174,#10175,#10176,#10177,#10178,#10179,#10180,#10181),(#10182,#10183,#10184,#10185,#10186,#10187,#10188,#10189,#10190,#10191,#10192,#10193,#10194,#10195,#10196,#10197,#10198,#10199,#10200,#10201,#10202,#10203,#10204,#10205,#10206,#10207,
#10208,#10209,#10210,#10211,#10212,#10213,#10214,#10215)),.UNSPECIFIED.,.F.,.T.,.U.,(2,2),(4,2,2,2,2,2,2,2,2,2,2,2,2,2,2,2,4),(0.,1.),(0.000000068,0.062500068,0.125000068,0.187500068,0.250000068,0.312500068,0.375000068,0.437500068,0.500000068,0.562500068,0.625000068,0.687500068,0.750000068,0.812500068,0.875000068,0.937500068,1.000000068),.UNSPECIFIED.);
#10217=CARTESIAN_POINT('',(7.803568269,-45.299998898,112.458460126));
#10218=CARTESIAN_POINT('',(7.622436194,-45.299998924,112.4));
#10219=B_SPLINE_CURVE_WITH_KNOTS('',1,(#10217,#10218),.UNSPECIFIED.,.F.,.F.,(2,2),(0.,1.),.UNSPECIFIED.);
#10220=EDGE_CURVE('',#9767,#9523,#10219,.T.);
#10221=ORIENTED_EDGE('',*,*,#10220,.T.);
#10222=ORIENTED_EDGE('',*,*,#9590,.F.);
#10223=ORIENTED_EDGE('',*,*,#10220,.F.);
#10224=ORIENTED_EDGE('',*,*,#9826,.F.);
#10225=EDGE_LOOP('',(#10221,#10222,#10223,#10224));
#10226=FACE_BOUND('',#10225,.T.);
#10227=ADVANCED_FACE('',(#10226),#10216,.T.);
#10228=CARTESIAN_POINT('',(-22.5,-56.,107.4));
#10229=DIRECTION('',(0.,0.,1.));
#10230=DIRECTION('',(1.,0.,-0.));
#10231=AXIS2_PLACEMENT_3D('',#10228,#10229,#10230);
#10232=CYLINDRICAL_SURFACE('',#10231,3.996516672);
#10233=CARTESIAN_POINT('',(-18.503483328,-56.,106.4));
#10234=VERTEX_POINT('',#10233);
#10235=CARTESIAN_POINT('',(-18.503483328,-56.,111.6));
#10236=DIRECTION('',(-0.,-0.,-1.));
#10237=VECTOR('',#10236,5.2);
#10238=LINE('',#10235,#10237);
#10239=EDGE_CURVE('',#3290,#10234,#10238,.T.);
#10240=ORIENTED_EDGE('',*,*,#10239,.T.);
#10241=CARTESIAN_POINT('',(-26.496516672,-56.,106.4));
#10242=VERTEX_POINT('',#10241);
#10243=CARTESIAN_POINT('',(-22.5,-56.,106.4));
#10244=DIRECTION('',(0.,0.,-1.));
#10245=DIRECTION('',(-1.,0.,0.));
#10246=AXIS2_PLACEMENT_3D('',#10243,#10244,#10245);
#10247=CIRCLE('',#10246,3.996516672);
#10248=EDGE_CURVE('',#10242,#10234,#10247,.T.);
#10249=ORIENTED_EDGE('',*,*,#10248,.F.);
#10250=CARTESIAN_POINT('',(-22.5,-56.,106.4));
#10251=DIRECTION('',(0.,0.,-1.));
#10252=DIRECTION('',(-1.,0.,0.));
#10253=AXIS2_PLACEMENT_3D('',#10250,#10251,#10252);
#10254=CIRCLE('',#10253,3.996516672);
#10255=EDGE_CURVE('',#10234,#10242,#10254,.T.);
#10256=ORIENTED_EDGE('',*,*,#10255,.F.);
#10257=ORIENTED_EDGE('',*,*,#10239,.F.);
#10258=ORIENTED_EDGE('',*,*,#3296,.T.);
#10259=EDGE_LOOP('',(#10240,#10249,#10256,#10257,#10258));
#10260=FACE_BOUND('',#10259,.T.);
#10261=ADVANCED_FACE('',(#10260),#10232,.T.);
#10262=CARTESIAN_POINT('',(22.5,-56.,107.4));
#10263=DIRECTION('',(0.,0.,1.));
#10264=DIRECTION('',(1.,0.,-0.));
#10265=AXIS2_PLACEMENT_3D('',#10262,#10263,#10264);
#10266=CYLINDRICAL_SURFACE('',#10265,3.999362549);
#10267=CARTESIAN_POINT('',(26.499362549,-56.,106.4));
#10268=VERTEX_POINT('',#10267);
#10269=CARTESIAN_POINT('',(26.499362549,-56.,111.6));
#10270=DIRECTION('',(-0.,-0.,-1.));
#10271=VECTOR('',#10270,5.2);
#10272=LINE('',#10269,#10271);
#10273=EDGE_CURVE('',#2832,#10268,#10272,.T.);
#10274=ORIENTED_EDGE('',*,*,#10273,.T.);
#10275=CARTESIAN_POINT('',(18.500637451,-56.,106.4));
#10276=VERTEX_POINT('',#10275);
#10277=CARTESIAN_POINT('',(22.5,-56.,106.4));
#10278=DIRECTION('',(0.,0.,-1.));
#10279=DIRECTION('',(-1.,0.,0.));
#10280=AXIS2_PLACEMENT_3D('',#10277,#10278,#10279);
#10281=CIRCLE('',#10280,3.999362549);
#10282=EDGE_CURVE('',#10276,#10268,#10281,.T.);
#10283=ORIENTED_EDGE('',*,*,#10282,.F.);
#10284=CARTESIAN_POINT('',(22.5,-56.,106.4));
#10285=DIRECTION('',(0.,0.,-1.));
#10286=DIRECTION('',(-1.,0.,0.));
#10287=AXIS2_PLACEMENT_3D('',#10284,#10285,#10286);
#10288=CIRCLE('',#10287,3.999362549);
#10289=EDGE_CURVE('',#10268,#10276,#10288,.T.);
#10290=ORIENTED_EDGE('',*,*,#10289,.F.);
#10291=ORIENTED_EDGE('',*,*,#10273,.F.);
#10292=ORIENTED_EDGE('',*,*,#9510,.F.);
#10293=ORIENTED_EDGE('',*,*,#3319,.T.);
#10294=EDGE_LOOP('',(#10274,#10283,#10290,#10291,#10292,#10293));
#10295=FACE_BOUND('',#10294,.T.);
#10296=ADVANCED_FACE('',(#10295),#10266,.T.);
#10297=CARTESIAN_POINT('',(-26.5,15.3,111.6));
#10298=DIRECTION('',(-0.,1.,0.));
#10299=DIRECTION('',(-1.,-0.,0.));
#10300=AXIS2_PLACEMENT_3D('',#10297,#10298,#10299);
#10301=PLANE('',#10300);
#10302=ORIENTED_EDGE('',*,*,#2985,.T.);
#10303=CARTESIAN_POINT('',(-26.5,15.3,111.6));
#10304=DIRECTION('',(-0.,-0.,-1.));
#10305=VECTOR('',#10304,4.2);
#10306=LINE('',#10303,#10305);
#10307=EDGE_CURVE('',#2618,#2971,#10306,.T.);
#10308=ORIENTED_EDGE('',*,*,#10307,.F.);
#10309=ORIENTED_EDGE('',*,*,#2639,.T.);
#10310=ORIENTED_EDGE('',*,*,#3417,.T.);
#10311=EDGE_LOOP('',(#10302,#10308,#10309,#10310));
#10312=FACE_BOUND('',#10311,.T.);
#10313=ADVANCED_FACE('',(#10312),#10301,.F.);
#10314=CARTESIAN_POINT('',(0.,0.,107.8));
#10315=DIRECTION('',(0.,0.,1.));
#10316=DIRECTION('',(1.,0.,-0.));
#10317=AXIS2_PLACEMENT_3D('',#10314,#10315,#10316);
#10318=CYLINDRICAL_SURFACE('',#10317,30.6);
#10319=ORIENTED_EDGE('',*,*,#7294,.F.);
#10320=ORIENTED_EDGE('',*,*,#10307,.T.);
#10321=ORIENTED_EDGE('',*,*,#3206,.T.);
#10322=ORIENTED_EDGE('',*,*,#3260,.T.);
#10323=EDGE_LOOP('',(#10319,#10320,#10321,#10322));
#10324=FACE_BOUND('',#10323,.T.);
#10325=ADVANCED_FACE('',(#10324),#10318,.F.);
#10326=CARTESIAN_POINT('',(0.,0.,107.4));
#10327=DIRECTION('',(0.,0.,1.));
#10328=DIRECTION('',(1.,0.,-0.));
#10329=AXIS2_PLACEMENT_3D('',#10326,#10327,#10328);
#10330=CYLINDRICAL_SURFACE('',#10329,30.6);
#10331=ORIENTED_EDGE('',*,*,#7739,.F.);
#10332=ORIENTED_EDGE('',*,*,#3277,.T.);
#10333=ORIENTED_EDGE('',*,*,#3173,.T.);
#10334=CARTESIAN_POINT('',(26.5,15.3,107.4));
#10335=DIRECTION('',(-0.,-0.,1.));
#10336=VECTOR('',#10335,4.2);
#10337=LINE('',#10334,#10336);
#10338=EDGE_CURVE('',#3030,#7103,#10337,.T.);
#10339=ORIENTED_EDGE('',*,*,#10338,.T.);
#10340=EDGE_LOOP('',(#10331,#10332,#10333,#10339));
#10341=FACE_BOUND('',#10340,.T.);
#10342=ADVANCED_FACE('',(#10341),#10330,.F.);
#10343=CARTESIAN_POINT('',(30.5,15.3,107.6));
#10344=DIRECTION('',(0.,1.,0.));
#10345=DIRECTION('',(0.,0.,1.));
#10346=AXIS2_PLACEMENT_3D('',#10343,#10344,#10345);
#10347=PLANE('',#10346);
#10348=ORIENTED_EDGE('',*,*,#8580,.T.);
#10349=ORIENTED_EDGE('',*,*,#10338,.F.);
#10350=ORIENTED_EDGE('',*,*,#3035,.F.);
#10351=ORIENTED_EDGE('',*,*,#3380,.F.);
#10352=EDGE_LOOP('',(#10348,#10349,#10350,#10351));
#10353=FACE_BOUND('',#10352,.T.);
#10354=ADVANCED_FACE('',(#10353),#10347,.F.);
#10355=CARTESIAN_POINT('',(-22.5,-56.,105.6));
#10356=DIRECTION('',(0.,0.,1.));
#10357=DIRECTION('',(1.,0.,-0.));
#10358=AXIS2_PLACEMENT_3D('',#10355,#10356,#10357);
#10359=CYLINDRICAL_SURFACE('',#10358,2.);
#10360=CARTESIAN_POINT('',(-20.5,-56.,111.6));
#10361=VERTEX_POINT('',#10360);
#10362=CARTESIAN_POINT('',(-20.5,-56.,106.4));
#10363=VERTEX_POINT('',#10362);
#10364=CARTESIAN_POINT('',(-20.5,-56.,111.6));
#10365=DIRECTION('',(-0.,-0.,-1.));
#10366=VECTOR('',#10365,5.2);
#10367=LINE('',#10364,#10366);
#10368=EDGE_CURVE('',#10361,#10363,#10367,.T.);
#10369=ORIENTED_EDGE('',*,*,#10368,.F.);
#10370=CARTESIAN_POINT('',(-24.5,-56.,111.6));
#10371=VERTEX_POINT('',#10370);
#10372=CARTESIAN_POINT('',(-22.5,-56.,111.6));
#10373=DIRECTION('',(-0.,-0.,1.));
#10374=DIRECTION('',(-1.,0.,0.));
#10375=AXIS2_PLACEMENT_3D('',#10372,#10373,#10374);
#10376=CIRCLE('',#10375,2.);
#10377=EDGE_CURVE('',#10361,#10371,#10376,.T.);
#10378=ORIENTED_EDGE('',*,*,#10377,.T.);
#10379=CARTESIAN_POINT('',(-22.5,-56.,111.6));
#10380=DIRECTION('',(-0.,-0.,1.));
#10381=DIRECTION('',(-1.,0.,0.));
#10382=AXIS2_PLACEMENT_3D('',#10379,#10380,#10381);
#10383=CIRCLE('',#10382,2.);
#10384=EDGE_CURVE('',#10371,#10361,#10383,.T.);
#10385=ORIENTED_EDGE('',*,*,#10384,.T.);
#10386=ORIENTED_EDGE('',*,*,#10368,.T.);
#10387=CARTESIAN_POINT('',(-24.5,-56.,106.4));
#10388=VERTEX_POINT('',#10387);
#10389=CARTESIAN_POINT('',(-22.5,-56.,106.4));
#10390=DIRECTION('',(0.,0.,-1.));
#10391=DIRECTION('',(-1.,0.,0.));
#10392=AXIS2_PLACEMENT_3D('',#10389,#10390,#10391);
#10393=CIRCLE('',#10392,2.);
#10394=EDGE_CURVE('',#10363,#10388,#10393,.T.);
#10395=ORIENTED_EDGE('',*,*,#10394,.T.);
#10396=CARTESIAN_POINT('',(-22.5,-56.,106.4));
#10397=DIRECTION('',(0.,0.,-1.));
#10398=DIRECTION('',(-1.,0.,0.));
#10399=AXIS2_PLACEMENT_3D('',#10396,#10397,#10398);
#10400=CIRCLE('',#10399,2.);
#10401=EDGE_CURVE('',#10388,#10363,#10400,.T.);
#10402=ORIENTED_EDGE('',*,*,#10401,.T.);
#10403=EDGE_LOOP('',(#10369,#10378,#10385,#10386,#10395,#10402));
#10404=FACE_BOUND('',#10403,.T.);
#10405=ADVANCED_FACE('',(#10404),#10359,.F.);
#10406=CARTESIAN_POINT('',(0.,0.,106.4));
#10407=DIRECTION('',(0.,0.,-1.));
#10408=DIRECTION('',(-1.,0.,0.));
#10409=AXIS2_PLACEMENT_3D('',#10406,#10407,#10408);
#10410=PLANE('',#10409);
#10411=ORIENTED_EDGE('',*,*,#10248,.T.);
#10412=ORIENTED_EDGE('',*,*,#10255,.T.);
#10413=EDGE_LOOP('',(#10411,#10412));
#10414=FACE_BOUND('',#10413,.T.);
#10415=ORIENTED_EDGE('',*,*,#10394,.F.);
#10416=ORIENTED_EDGE('',*,*,#10401,.F.);
#10417=EDGE_LOOP('',(#10415,#10416));
#10418=FACE_BOUND('',#10417,.T.);
#10419=ADVANCED_FACE('',(#10414,#10418),#10410,.T.);
#10420=CARTESIAN_POINT('',(0.,0.,111.6));
#10421=DIRECTION('',(0.,0.,-1.));
#10422=DIRECTION('',(1.,0.,0.));
#10423=AXIS2_PLACEMENT_3D('',#10420,#10421,#10422);
#10424=PLANE('',#10423);
#10425=ORIENTED_EDGE('',*,*,#10377,.F.);
#10426=ORIENTED_EDGE('',*,*,#10384,.F.);
#10427=EDGE_LOOP('',(#10425,#10426));
#10428=FACE_BOUND('',#10427,.T.);
#10429=ADVANCED_FACE('',(#10428),#10424,.T.);
#10430=CARTESIAN_POINT('',(22.5,-56.,105.6));
#10431=DIRECTION('',(0.,0.,1.));
#10432=DIRECTION('',(1.,0.,-0.));
#10433=AXIS2_PLACEMENT_3D('',#10430,#10431,#10432);
#10434=CYLINDRICAL_SURFACE('',#10433,2.);
#10435=CARTESIAN_POINT('',(24.5,-56.,111.6));
#10436=VERTEX_POINT('',#10435);
#10437=CARTESIAN_POINT('',(24.5,-56.,106.4));
#10438=VERTEX_POINT('',#10437);
#10439=CARTESIAN_POINT('',(24.5,-56.,111.6));
#10440=DIRECTION('',(-0.,-0.,-1.));
#10441=VECTOR('',#10440,5.2);
#10442=LINE('',#10439,#10441);
#10443=EDGE_CURVE('',#10436,#10438,#10442,.T.);
#10444=ORIENTED_EDGE('',*,*,#10443,.F.);
#10445=CARTESIAN_POINT('',(20.5,-56.,111.6));
#10446=VERTEX_POINT('',#10445);
#10447=CARTESIAN_POINT('',(22.5,-56.,111.6));
#10448=DIRECTION('',(-0.,-0.,1.));
#10449=DIRECTION('',(-1.,0.,0.));
#10450=AXIS2_PLACEMENT_3D('',#10447,#10448,#10449);
#10451=CIRCLE('',#10450,2.);
#10452=EDGE_CURVE('',#10436,#10446,#10451,.T.);
#10453=ORIENTED_EDGE('',*,*,#10452,.T.);
#10454=CARTESIAN_POINT('',(22.5,-56.,111.6));
#10455=DIRECTION('',(-0.,-0.,1.));
#10456=DIRECTION('',(-1.,0.,0.));
#10457=AXIS2_PLACEMENT_3D('',#10454,#10455,#10456);
#10458=CIRCLE('',#10457,2.);
#10459=EDGE_CURVE('',#10446,#10436,#10458,.T.);
#10460=ORIENTED_EDGE('',*,*,#10459,.T.);
#10461=ORIENTED_EDGE('',*,*,#10443,.T.);
#10462=CARTESIAN_POINT('',(20.5,-56.,106.4));
#10463=VERTEX_POINT('',#10462);
#10464=CARTESIAN_POINT('',(22.5,-56.,106.4));
#10465=DIRECTION('',(0.,0.,-1.));
#10466=DIRECTION('',(-1.,0.,0.));
#10467=AXIS2_PLACEMENT_3D('',#10464,#10465,#10466);
#10468=CIRCLE('',#10467,2.);
#10469=EDGE_CURVE('',#10438,#10463,#10468,.T.);
#10470=ORIENTED_EDGE('',*,*,#10469,.T.);
#10471=CARTESIAN_POINT('',(22.5,-56.,106.4));
#10472=DIRECTION('',(0.,0.,-1.));
#10473=DIRECTION('',(-1.,0.,0.));
#10474=AXIS2_PLACEMENT_3D('',#10471,#10472,#10473);
#10475=CIRCLE('',#10474,2.);
#10476=EDGE_CURVE('',#10463,#10438,#10475,.T.);
#10477=ORIENTED_EDGE('',*,*,#10476,.T.);
#10478=EDGE_LOOP('',(#10444,#10453,#10460,#10461,#10470,#10477));
#10479=FACE_BOUND('',#10478,.T.);
#10480=ADVANCED_FACE('',(#10479),#10434,.F.);
#10481=CARTESIAN_POINT('',(0.,0.,106.4));
#10482=DIRECTION('',(0.,0.,-1.));
#10483=DIRECTION('',(-1.,0.,0.));
#10484=AXIS2_PLACEMENT_3D('',#10481,#10482,#10483);
#10485=PLANE('',#10484);
#10486=ORIENTED_EDGE('',*,*,#10282,.T.);
#10487=ORIENTED_EDGE('',*,*,#10289,.T.);
#10488=EDGE_LOOP('',(#10486,#10487));
#10489=FACE_BOUND('',#10488,.T.);
#10490=ORIENTED_EDGE('',*,*,#10469,.F.);
#10491=ORIENTED_EDGE('',*,*,#10476,.F.);
#10492=EDGE_LOOP('',(#10490,#10491));
#10493=FACE_BOUND('',#10492,.T.);
#10494=ADVANCED_FACE('',(#10489,#10493),#10485,.T.);
#10495=CARTESIAN_POINT('',(0.,0.,111.6));
#10496=DIRECTION('',(0.,0.,-1.));
#10497=DIRECTION('',(1.,0.,0.));
#10498=AXIS2_PLACEMENT_3D('',#10495,#10496,#10497);
#10499=PLANE('',#10498);
#10500=ORIENTED_EDGE('',*,*,#10452,.F.);
#10501=ORIENTED_EDGE('',*,*,#10459,.F.);
#10502=EDGE_LOOP('',(#10500,#10501));
#10503=FACE_BOUND('',#10502,.T.);
#10504=ADVANCED_FACE('',(#10503),#10499,.T.);
#10505=CARTESIAN_POINT('',(25.645244616,22.471135274,105.4));
#10506=DIRECTION('',(0.,0.,1.));
#10507=DIRECTION('',(1.,0.,-0.));
#10508=AXIS2_PLACEMENT_3D('',#10505,#10506,#10507);
#10509=CYLINDRICAL_SURFACE('',#10508,3.);
#10510=CARTESIAN_POINT('',(28.645244616,22.471135274,106.4));
#10511=VERTEX_POINT('',#10510);
#10512=CARTESIAN_POINT('',(28.645244616,22.471135274,107.4));
#10513=DIRECTION('',(-0.,-0.,-1.));
#10514=VECTOR('',#10513,1.);
#10515=LINE('',#10512,#10514);
#10516=EDGE_CURVE('',#3047,#10511,#10515,.T.);
#10517=ORIENTED_EDGE('',*,*,#10516,.T.);
#10518=CARTESIAN_POINT('',(22.645244616,22.471135274,106.4));
#10519=VERTEX_POINT('',#10518);
#10520=CARTESIAN_POINT('',(25.645244616,22.471135274,106.4));
#10521=DIRECTION('',(0.,0.,-1.));
#10522=DIRECTION('',(-1.,0.,0.));
#10523=AXIS2_PLACEMENT_3D('',#10520,#10521,#10522);
#10524=CIRCLE('',#10523,3.);
#10525=EDGE_CURVE('',#10519,#10511,#10524,.T.);
#10526=ORIENTED_EDGE('',*,*,#10525,.F.);
#10527=CARTESIAN_POINT('',(25.645244616,22.471135274,106.4));
#10528=DIRECTION('',(0.,0.,-1.));
#10529=DIRECTION('',(-1.,0.,0.));
#10530=AXIS2_PLACEMENT_3D('',#10527,#10528,#10529);
#10531=CIRCLE('',#10530,3.);
#10532=EDGE_CURVE('',#10511,#10519,#10531,.T.);
#10533=ORIENTED_EDGE('',*,*,#10532,.F.);
#10534=ORIENTED_EDGE('',*,*,#10516,.F.);
#10535=ORIENTED_EDGE('',*,*,#3053,.T.);
#10536=ORIENTED_EDGE('',*,*,#3165,.T.);
#10537=ORIENTED_EDGE('',*,*,#3062,.T.);
#10538=EDGE_LOOP('',(#10517,#10526,#10533,#10534,#10535,#10536,#10537));
#10539=FACE_BOUND('',#10538,.T.);
#10540=ADVANCED_FACE('',(#10539),#10509,.T.);
#10541=CARTESIAN_POINT('',(0.,0.,106.4));
#10542=DIRECTION('',(0.,0.,-1.));
#10543=DIRECTION('',(-1.,0.,0.));
#10544=AXIS2_PLACEMENT_3D('',#10541,#10542,#10543);
#10545=PLANE('',#10544);
#10546=ORIENTED_EDGE('',*,*,#10525,.T.);
#10547=ORIENTED_EDGE('',*,*,#10532,.T.);
#10548=EDGE_LOOP('',(#10546,#10547));
#10549=FACE_BOUND('',#10548,.T.);
#10550=CARTESIAN_POINT('',(23.645244616,22.471135274,106.4));
#10551=VERTEX_POINT('',#10550);
#10552=CARTESIAN_POINT('',(25.645244616,22.471135274,106.4));
#10553=DIRECTION('',(0.,0.,-1.));
#10554=DIRECTION('',(-1.,0.,0.));
#10555=AXIS2_PLACEMENT_3D('',#10552,#10553,#10554);
#10556=CIRCLE('',#10555,2.);
#10557=EDGE_CURVE('',#10551,#10551,#10556,.T.);
#10558=ORIENTED_EDGE('',*,*,#10557,.F.);
#10559=EDGE_LOOP('',(#10558));
#10560=FACE_BOUND('',#10559,.T.);
#10561=ADVANCED_FACE('',(#10549,#10560),#10545,.T.);
#10562=CARTESIAN_POINT('',(0.,0.,111.4));
#10563=DIRECTION('',(0.,0.,-1.));
#10564=DIRECTION('',(-1.,0.,0.));
#10565=AXIS2_PLACEMENT_3D('',#10562,#10563,#10564);
#10566=PLANE('',#10565);
#10567=CARTESIAN_POINT('',(23.645244616,22.471135274,111.4));
#10568=VERTEX_POINT('',#10567);
#10569=CARTESIAN_POINT('',(25.645244616,22.471135274,111.4));
#10570=DIRECTION('',(0.,0.,-1.));
#10571=DIRECTION('',(-1.,0.,0.));
#10572=AXIS2_PLACEMENT_3D('',#10569,#10570,#10571);
#10573=CIRCLE('',#10572,2.);
#10574=EDGE_CURVE('',#10568,#10568,#10573,.T.);
#10575=ORIENTED_EDGE('',*,*,#10574,.T.);
#10576=EDGE_LOOP('',(#10575));
#10577=FACE_BOUND('',#10576,.T.);
#10578=ADVANCED_FACE('',(#10577),#10566,.T.);
#10579=CARTESIAN_POINT('',(25.645244616,22.471135274,111.4));
#10580=DIRECTION('',(0.,0.,-1.));
#10581=DIRECTION('',(-1.,0.,0.));
#10582=AXIS2_PLACEMENT_3D('',#10579,#10580,#10581);
#10583=CYLINDRICAL_SURFACE('',#10582,2.);
#10584=CARTESIAN_POINT('',(23.645244616,22.471135274,106.4));
#10585=DIRECTION('',(-0.,-0.,1.));
#10586=VECTOR('',#10585,5.);
#10587=LINE('',#10584,#10586);
#10588=EDGE_CURVE('',#10551,#10568,#10587,.T.);
#10589=ORIENTED_EDGE('',*,*,#10588,.F.);
#10590=ORIENTED_EDGE('',*,*,#10557,.T.);
#10591=ORIENTED_EDGE('',*,*,#10588,.T.);
#10592=ORIENTED_EDGE('',*,*,#10574,.F.);
#10593=EDGE_LOOP('',(#10589,#10590,#10591,#10592));
#10594=FACE_BOUND('',#10593,.T.);
#10595=ADVANCED_FACE('',(#10594),#10583,.F.);
#10596=CARTESIAN_POINT('',(-25.645222289,22.471116783,105.4));
#10597=DIRECTION('',(0.,0.,1.));
#10598=DIRECTION('',(1.,0.,-0.));
#10599=AXIS2_PLACEMENT_3D('',#10596,#10597,#10598);
#10600=CYLINDRICAL_SURFACE('',#10599,3.);
#10601=CARTESIAN_POINT('',(-22.645222289,22.471116783,106.4));
#10602=VERTEX_POINT('',#10601);
#10603=CARTESIAN_POINT('',(-22.645222289,22.471116783,107.4));
#10604=DIRECTION('',(-0.,-0.,-1.));
#10605=VECTOR('',#10604,1.);
#10606=LINE('',#10603,#10605);
#10607=EDGE_CURVE('',#3185,#10602,#10606,.T.);
#10608=ORIENTED_EDGE('',*,*,#10607,.T.);
#10609=CARTESIAN_POINT('',(-28.645222289,22.471116783,106.4));
#10610=VERTEX_POINT('',#10609);
#10611=CARTESIAN_POINT('',(-25.645222289,22.471116783,106.4));
#10612=DIRECTION('',(0.,0.,-1.));
#10613=DIRECTION('',(-1.,0.,0.));
#10614=AXIS2_PLACEMENT_3D('',#10611,#10612,#10613);
#10615=CIRCLE('',#10614,3.);
#10616=EDGE_CURVE('',#10610,#10602,#10615,.T.);
#10617=ORIENTED_EDGE('',*,*,#10616,.F.);
#10618=CARTESIAN_POINT('',(-25.645222289,22.471116783,106.4));
#10619=DIRECTION('',(0.,0.,-1.));
#10620=DIRECTION('',(-1.,0.,0.));
#10621=AXIS2_PLACEMENT_3D('',#10618,#10619,#10620);
#10622=CIRCLE('',#10621,3.);
#10623=EDGE_CURVE('',#10602,#10610,#10622,.T.);
#10624=ORIENTED_EDGE('',*,*,#10623,.F.);
#10625=ORIENTED_EDGE('',*,*,#10607,.F.);
#10626=ORIENTED_EDGE('',*,*,#3191,.T.);
#10627=ORIENTED_EDGE('',*,*,#2968,.T.);
#10628=ORIENTED_EDGE('',*,*,#3198,.T.);
#10629=EDGE_LOOP('',(#10608,#10617,#10624,#10625,#10626,#10627,#10628));
#10630=FACE_BOUND('',#10629,.T.);
#10631=ADVANCED_FACE('',(#10630),#10600,.T.);
#10632=CARTESIAN_POINT('',(0.,0.,106.4));
#10633=DIRECTION('',(0.,0.,-1.));
#10634=DIRECTION('',(-1.,0.,0.));
#10635=AXIS2_PLACEMENT_3D('',#10632,#10633,#10634);
#10636=PLANE('',#10635);
#10637=ORIENTED_EDGE('',*,*,#10616,.T.);
#10638=ORIENTED_EDGE('',*,*,#10623,.T.);
#10639=EDGE_LOOP('',(#10637,#10638));
#10640=FACE_BOUND('',#10639,.T.);
#10641=CARTESIAN_POINT('',(-27.645222289,22.471116783,106.4));
#10642=VERTEX_POINT('',#10641);
#10643=CARTESIAN_POINT('',(-25.645222289,22.471116783,106.4));
#10644=DIRECTION('',(0.,0.,-1.));
#10645=DIRECTION('',(-1.,0.,0.));
#10646=AXIS2_PLACEMENT_3D('',#10643,#10644,#10645);
#10647=CIRCLE('',#10646,2.);
#10648=EDGE_CURVE('',#10642,#10642,#10647,.T.);
#10649=ORIENTED_EDGE('',*,*,#10648,.F.);
#10650=EDGE_LOOP('',(#10649));
#10651=FACE_BOUND('',#10650,.T.);
#10652=ADVANCED_FACE('',(#10640,#10651),#10636,.T.);
#10653=CARTESIAN_POINT('',(0.,0.,111.4));
#10654=DIRECTION('',(0.,0.,-1.));
#10655=DIRECTION('',(-1.,0.,0.));
#10656=AXIS2_PLACEMENT_3D('',#10653,#10654,#10655);
#10657=PLANE('',#10656);
#10658=CARTESIAN_POINT('',(-27.645222289,22.471116783,111.4));
#10659=VERTEX_POINT('',#10658);
#10660=CARTESIAN_POINT('',(-25.645222289,22.471116783,111.4));
#10661=DIRECTION('',(0.,0.,-1.));
#10662=DIRECTION('',(-1.,0.,0.));
#10663=AXIS2_PLACEMENT_3D('',#10660,#10661,#10662);
#10664=CIRCLE('',#10663,2.);
#10665=EDGE_CURVE('',#10659,#10659,#10664,.T.);
#10666=ORIENTED_EDGE('',*,*,#10665,.T.);
#10667=EDGE_LOOP('',(#10666));
#10668=FACE_BOUND('',#10667,.T.);
#10669=ADVANCED_FACE('',(#10668),#10657,.T.);
#10670=CARTESIAN_POINT('',(-25.645222289,22.471116783,111.4));
#10671=DIRECTION('',(0.,0.,-1.));
#10672=DIRECTION('',(-1.,0.,0.));
#10673=AXIS2_PLACEMENT_3D('',#10670,#10671,#10672);
#10674=CYLINDRICAL_SURFACE('',#10673,2.);
#10675=CARTESIAN_POINT('',(-27.645222289,22.471116783,106.4));
#10676=DIRECTION('',(-0.,-0.,1.));
#10677=VECTOR('',#10676,5.);
#10678=LINE('',#10675,#10677);
#10679=EDGE_CURVE('',#10642,#10659,#10678,.T.);
#10680=ORIENTED_EDGE('',*,*,#10679,.F.);
#10681=ORIENTED_EDGE('',*,*,#10648,.T.);
#10682=ORIENTED_EDGE('',*,*,#10679,.T.);
#10683=ORIENTED_EDGE('',*,*,#10665,.F.);
#10684=EDGE_LOOP('',(#10680,#10681,#10682,#10683));
#10685=FACE_BOUND('',#10684,.T.);
#10686=ADVANCED_FACE('',(#10685),#10674,.F.);
#10687=CARTESIAN_POINT('',(0.,0.,121.0044));
#10688=DIRECTION('',(0.,0.,1.));
#10689=DIRECTION('',(1.,0.,0.));
#10690=AXIS2_PLACEMENT_3D('',#10687,#10688,#10689);
#10691=PLANE('',#10690);
#10692=ORIENTED_EDGE('',*,*,#125,.F.);
#10693=ORIENTED_EDGE('',*,*,#132,.F.);
#10694=EDGE_LOOP('',(#10692,#10693));
#10695=FACE_BOUND('',#10694,.T.);
#10696=ADVANCED_FACE('',(#10695),#10691,.F.);
#10697=CARTESIAN_POINT('',(26.55,-0.,113.2000009));
#10698=DIRECTION('',(0.,0.,-1.));
#10699=DIRECTION('',(-1.,0.,0.));
#10700=AXIS2_PLACEMENT_3D('',#10697,#10698,#10699);
#10701=CYLINDRICAL_SURFACE('',#10700,2.);
#10702=ORIENTED_EDGE('',*,*,#3149,.F.);
#10703=ORIENTED_EDGE('',*,*,#91,.T.);
#10704=CARTESIAN_POINT('',(26.55,-0.,113.2000009));
#10705=DIRECTION('',(0.,0.,1.));
#10706=DIRECTION('',(1.,0.,-0.));
#10707=AXIS2_PLACEMENT_3D('',#10704,#10705,#10706);
#10708=CIRCLE('',#10707,2.);
#10709=EDGE_CURVE('',#77,#69,#10708,.T.);
#10710=ORIENTED_EDGE('',*,*,#10709,.T.);
#10711=ORIENTED_EDGE('',*,*,#74,.F.);
#10712=EDGE_LOOP('',(#10702,#10703,#10710,#10711));
#10713=FACE_BOUND('',#10712,.T.);
#10714=ADVANCED_FACE('',(#10713),#10701,.F.);
#10715=CARTESIAN_POINT('',(0.,0.,113.2000009));
#10716=DIRECTION('',(0.,0.,1.));
#10717=DIRECTION('',(1.,0.,0.));
#10718=AXIS2_PLACEMENT_3D('',#10715,#10716,#10717);
#10719=PLANE('',#10718);
#10720=ORIENTED_EDGE('',*,*,#10709,.F.);
#10721=ORIENTED_EDGE('',*,*,#83,.T.);
#10722=EDGE_LOOP('',(#10720,#10721));
#10723=FACE_BOUND('',#10722,.T.);
#10724=ADVANCED_FACE('',(#10723),#10719,.F.);
#10725=CARTESIAN_POINT('',(-26.55,-0.,113.2000009));
#10726=DIRECTION('',(0.,0.,-1.));
#10727=DIRECTION('',(-1.,0.,0.));
#10728=AXIS2_PLACEMENT_3D('',#10725,#10726,#10727);
#10729=CYLINDRICAL_SURFACE('',#10728,2.);
#10730=CARTESIAN_POINT('',(-28.55,0.,113.2000009));
#10731=VERTEX_POINT('',#10730);
#10732=CARTESIAN_POINT('',(-28.55,-0.,107.4));
#10733=DIRECTION('',(-0.,-0.,1.));
#10734=VECTOR('',#10733,5.8000009);
#10735=LINE('',#10732,#10734);
#10736=EDGE_CURVE('',#3128,#10731,#10735,.T.);
#10737=ORIENTED_EDGE('',*,*,#10736,.F.);
#10738=ORIENTED_EDGE('',*,*,#3134,.F.);
#10739=ORIENTED_EDGE('',*,*,#57,.T.);
#10740=CARTESIAN_POINT('',(-26.55,-0.,113.2000009));
#10741=DIRECTION('',(0.,0.,1.));
#10742=DIRECTION('',(1.,0.,-0.));
#10743=AXIS2_PLACEMENT_3D('',#10740,#10741,#10742);
#10744=CIRCLE('',#10743,2.);
#10745=EDGE_CURVE('',#43,#10731,#10744,.T.);
#10746=ORIENTED_EDGE('',*,*,#10745,.T.);
#10747=EDGE_LOOP('',(#10737,#10738,#10739,#10746));
#10748=FACE_BOUND('',#10747,.T.);
#10749=ADVANCED_FACE('',(#10748),#10729,.F.);
#10750=CARTESIAN_POINT('',(0.,0.,113.2000009));
#10751=DIRECTION('',(0.,0.,1.));
#10752=DIRECTION('',(1.,0.,0.));
#10753=AXIS2_PLACEMENT_3D('',#10750,#10751,#10752);
#10754=PLANE('',#10753);
#10755=CARTESIAN_POINT('',(-26.55,-0.,113.2000009));
#10756=DIRECTION('',(0.,0.,1.));
#10757=DIRECTION('',(1.,0.,-0.));
#10758=AXIS2_PLACEMENT_3D('',#10755,#10756,#10757);
#10759=CIRCLE('',#10758,2.);
#10760=EDGE_CURVE('',#10731,#103,#10759,.T.);
#10761=ORIENTED_EDGE('',*,*,#10760,.F.);
#10762=ORIENTED_EDGE('',*,*,#10745,.F.);
#10763=ORIENTED_EDGE('',*,*,#49,.T.);
#10764=ORIENTED_EDGE('',*,*,#115,.T.);
#10765=EDGE_LOOP('',(#10761,#10762,#10763,#10764));
#10766=FACE_BOUND('',#10765,.T.);
#10767=ADVANCED_FACE('',(#10766),#10754,.F.);
#10768=CARTESIAN_POINT('',(0.,36.,116.15));
#10769=DIRECTION('',(0.,0.,-1.));
#10770=DIRECTION('',(-1.,0.,0.));
#10771=AXIS2_PLACEMENT_3D('',#10768,#10769,#10770);
#10772=PLANE('',#10771);
#10773=CARTESIAN_POINT('',(-2.25,26.5046694,116.15));
#10774=DIRECTION('',(0.,-1.,0.));
#10775=VECTOR('',#10774,1.857154312);
#10776=LINE('',#10773,#10775);
#10777=EDGE_CURVE('',#737,#401,#10776,.T.);
#10778=ORIENTED_EDGE('',*,*,#10777,.F.);
#10779=ORIENTED_EDGE('',*,*,#743,.T.);
#10780=CARTESIAN_POINT('',(2.25,26.5046694,116.15));
#10781=DIRECTION('',(0.,-1.,0.));
#10782=VECTOR('',#10781,1.857154312);
#10783=LINE('',#10780,#10782);
#10784=EDGE_CURVE('',#710,#321,#10783,.T.);
#10785=ORIENTED_EDGE('',*,*,#10784,.T.);
#10786=ORIENTED_EDGE('',*,*,#474,.F.);
#10787=EDGE_LOOP('',(#10778,#10779,#10785,#10786));
#10788=FACE_BOUND('',#10787,.T.);
#10789=ADVANCED_FACE('',(#10788),#10772,.T.);
#10790=CARTESIAN_POINT('',(-2.25,36.,112.9));
#10791=DIRECTION('',(0.,-1.,0.));
#10792=DIRECTION('',(0.,0.,-1.));
#10793=AXIS2_PLACEMENT_3D('',#10790,#10791,#10792);
#10794=CYLINDRICAL_SURFACE('',#10793,3.25);
#10795=CARTESIAN_POINT('',(-2.25,29.556916131,109.65));
#10796=DIRECTION('',(0.,-1.,0.));
#10797=VECTOR('',#10796,4.909401043);
#10798=LINE('',#10795,#10797);
#10799=EDGE_CURVE('',#1037,#392,#10798,.T.);
#10800=ORIENTED_EDGE('',*,*,#10799,.F.);
#10801=ORIENTED_EDGE('',*,*,#1070,.F.);
#10802=ORIENTED_EDGE('',*,*,#1399,.T.);
#10803=ORIENTED_EDGE('',*,*,#767,.T.);
#10804=ORIENTED_EDGE('',*,*,#10777,.T.);
#10805=ORIENTED_EDGE('',*,*,#467,.F.);
#10806=EDGE_LOOP('',(#10800,#10801,#10802,#10803,#10804,#10805));
#10807=FACE_BOUND('',#10806,.T.);
#10808=ADVANCED_FACE('',(#10807),#10794,.F.);
#10809=CARTESIAN_POINT('',(2.25,36.,112.9));
#10810=DIRECTION('',(0.,-1.,0.));
#10811=DIRECTION('',(0.,0.,-1.));
#10812=AXIS2_PLACEMENT_3D('',#10809,#10810,#10811);
#10813=CYLINDRICAL_SURFACE('',#10812,3.25);
#10814=ORIENTED_EDGE('',*,*,#10784,.F.);
#10815=ORIENTED_EDGE('',*,*,#734,.T.);
#10816=ORIENTED_EDGE('',*,*,#1658,.T.);
#10817=ORIENTED_EDGE('',*,*,#1115,.F.);
#10818=CARTESIAN_POINT('',(2.25,29.559407175,109.65));
#10819=DIRECTION('',(0.,-1.,0.));
#10820=VECTOR('',#10819,4.911892087);
#10821=LINE('',#10818,#10820);
#10822=EDGE_CURVE('',#1073,#323,#10821,.T.);
#10823=ORIENTED_EDGE('',*,*,#10822,.T.);
#10824=ORIENTED_EDGE('',*,*,#389,.F.);
#10825=EDGE_LOOP('',(#10814,#10815,#10816,#10817,#10823,#10824));
#10826=FACE_BOUND('',#10825,.T.);
#10827=ADVANCED_FACE('',(#10826),#10813,.F.);
#10828=CARTESIAN_POINT('',(0.,36.,109.65));
#10829=DIRECTION('',(0.,0.,1.));
#10830=DIRECTION('',(1.,0.,0.));
#10831=AXIS2_PLACEMENT_3D('',#10828,#10829,#10830);
#10832=PLANE('',#10831);
#10833=ORIENTED_EDGE('',*,*,#10822,.F.);
#10834=ORIENTED_EDGE('',*,*,#1082,.F.);
#10835=ORIENTED_EDGE('',*,*,#10799,.T.);
#10836=ORIENTED_EDGE('',*,*,#398,.F.);
#10837=EDGE_LOOP('',(#10833,#10834,#10835,#10836));
#10838=FACE_BOUND('',#10837,.T.);
#10839=ADVANCED_FACE('',(#10838),#10832,.T.);
#10840=CARTESIAN_POINT('',(6.5,21.6,114.384748908));
#10841=DIRECTION('',(0.,1.,0.));
#10842=DIRECTION('',(0.,-0.,1.));
#10843=AXIS2_PLACEMENT_3D('',#10840,#10841,#10842);
#10844=CYLINDRICAL_SURFACE('',#10843,0.5);
#10845=CARTESIAN_POINT('',(6.5,25.793600167,114.884748908));
#10846=DIRECTION('',(-0.,-1.,-0.));
#10847=VECTOR('',#10846,1.912385788);
#10848=LINE('',#10845,#10847);
#10849=EDGE_CURVE('',#656,#137,#10848,.T.);
#10850=ORIENTED_EDGE('',*,*,#10849,.F.);
#10851=ORIENTED_EDGE('',*,*,#674,.F.);
#10852=ORIENTED_EDGE('',*,*,#1687,.F.);
#10853=ORIENTED_EDGE('',*,*,#695,.F.);
#10854=ORIENTED_EDGE('',*,*,#10849,.T.);
#10855=ORIENTED_EDGE('',*,*,#181,.T.);
#10856=ORIENTED_EDGE('',*,*,#224,.T.);
#10857=EDGE_LOOP('',(#10850,#10851,#10852,#10853,#10854,#10855,#10856));
#10858=FACE_BOUND('',#10857,.T.);
#10859=ADVANCED_FACE('',(#10858),#10844,.F.);
#10860=CARTESIAN_POINT('',(-6.5,21.6,114.4));
#10861=DIRECTION('',(0.,1.,0.));
#10862=DIRECTION('',(0.,-0.,1.));
#10863=AXIS2_PLACEMENT_3D('',#10860,#10861,#10862);
#10864=CYLINDRICAL_SURFACE('',#10863,0.5);
#10865=CARTESIAN_POINT('',(-6.5,25.793603429,114.9));
#10866=DIRECTION('',(-0.,-1.,-0.));
#10867=VECTOR('',#10866,1.912407824);
#10868=LINE('',#10865,#10867);
#10869=EDGE_CURVE('',#779,#229,#10868,.T.);
#10870=ORIENTED_EDGE('',*,*,#10869,.F.);
#10871=ORIENTED_EDGE('',*,*,#797,.F.);
#10872=ORIENTED_EDGE('',*,*,#1445,.F.);
#10873=ORIENTED_EDGE('',*,*,#818,.F.);
#10874=ORIENTED_EDGE('',*,*,#10869,.T.);
#10875=ORIENTED_EDGE('',*,*,#273,.T.);
#10876=ORIENTED_EDGE('',*,*,#316,.T.);
#10877=EDGE_LOOP('',(#10870,#10871,#10872,#10873,#10874,#10875,#10876));
#10878=FACE_BOUND('',#10877,.T.);
#10879=ADVANCED_FACE('',(#10878),#10864,.F.);
#10880=CARTESIAN_POINT('',(0.,0.,120.6));
#10881=DIRECTION('',(0.,0.,-1.));
#10882=DIRECTION('',(-1.,0.,0.));
#10883=AXIS2_PLACEMENT_3D('',#10880,#10881,#10882);
#10884=CYLINDRICAL_SURFACE('',#10883,28.6);
#10885=ORIENTED_EDGE('',*,*,#2245,.F.);
#10886=ORIENTED_EDGE('',*,*,#3097,.T.);
#10887=ORIENTED_EDGE('',*,*,#1717,.T.);
#10888=ORIENTED_EDGE('',*,*,#8231,.T.);
#10889=ORIENTED_EDGE('',*,*,#2418,.T.);
#10890=ORIENTED_EDGE('',*,*,#7715,.T.);
#10891=ORIENTED_EDGE('',*,*,#7747,.T.);
#10892=ORIENTED_EDGE('',*,*,#7145,.T.);
#10893=ORIENTED_EDGE('',*,*,#8557,.T.);
#10894=ORIENTED_EDGE('',*,*,#9066,.F.);
#10895=ORIENTED_EDGE('',*,*,#2776,.T.);
#10896=ORIENTED_EDGE('',*,*,#3364,.T.);
#10897=ORIENTED_EDGE('',*,*,#8449,.T.);
#10898=ORIENTED_EDGE('',*,*,#8341,.T.);
#10899=EDGE_LOOP('',(#10885,#10886,#10887,#10888,#10889,#10890,#10891,#10892,#10893,#10894,#10895,#10896,#10897,#10898));
#10900=FACE_BOUND('',#10899,.T.);
#10901=ADVANCED_FACE('',(#10900),#10884,.T.);
#10902=CARTESIAN_POINT('',(-26.55,-0.,113.2000009));
#10903=DIRECTION('',(0.,0.,-1.));
#10904=DIRECTION('',(-1.,0.,0.));
#10905=AXIS2_PLACEMENT_3D('',#10902,#10903,#10904);
#10906=CYLINDRICAL_SURFACE('',#10905,2.);
#10907=ORIENTED_EDGE('',*,*,#10736,.T.);
#10908=ORIENTED_EDGE('',*,*,#10760,.T.);
#10909=ORIENTED_EDGE('',*,*,#108,.F.);
#10910=ORIENTED_EDGE('',*,*,#3141,.F.);
#10911=EDGE_LOOP('',(#10907,#10908,#10909,#10910));
#10912=FACE_BOUND('',#10911,.T.);
#10913=ADVANCED_FACE('',(#10912),#10906,.F.);
#10914=CLOSED_SHELL('',(#478,#910,#1182,#1450,#1703,#1755,#1807,#2231,#2331,#2497,#2683,#2857,#2883,#3154,#3178,#3211,#3266,#3283,#3368,#3406,#3444,#3469,#3493,#3511,#3657,#3712,
#3767,#3823,#3856,#3894,#3927,#3974,#4007,#4038,#4062,#4188,#4263,#4316,#4396,#4441,#4511,#4564,#4618,#4674,#4727,#4788,#4823,#4877,#4915,#5189,#5207,
#5501,#5664,#5682,#5925,#6248,#6562,#6806,#6824,#6972,#6992,#7149,#7282,#7306,#7529,#7727,#7751,#7836,#8237,#8360,#8472,#8616,#8925,#9072,#9171,#9516,
#9594,#9832,#9849,#9867,#9891,#9909,#9927,#9945,#9963,#9981,#9999,#10011,#10033,#10050,#10067,#10084,#10101,#10118,#10135,#10147,#10227,#10261,#10296,#10313,#10325,
#10342,#10354,#10405,#10419,#10429,#10480,#10494,#10504,#10540,#10561,#10578,#10595,#10631,#10652,#10669,#10686,#10696,#10714,#10724,#10749,#10767,#10789,#10808,#10827,#10839,
#10859,#10879,#10901,#10913));
#10915=MANIFOLD_SOLID_BREP('Oberteil',#10914);
#10916=COLOUR_RGB('',0.627451003,0.627451003,0.643137276);
#10917=FILL_AREA_STYLE_COLOUR('',#10916);
#10918=FILL_AREA_STYLE('',(#10917));
#10919=SURFACE_STYLE_FILL_AREA(#10918);
#10920=SURFACE_SIDE_STYLE('',(#10919));
#10921=SURFACE_STYLE_USAGE(.BOTH.,#10920);
#10922=PRESENTATION_STYLE_ASSIGNMENT((#10921));
#26=STYLED_ITEM('',(#10922),#10915);
#16=SHAPE_REPRESENTATION('root',(#15),#10);
#17=ADVANCED_BREP_SHAPE_REPRESENTATION('root',(#10915),#10);
#10930=SHAPE_REPRESENTATION_RELATIONSHIP('','',#16,#17);
#10931=CARTESIAN_POINT('',(0.,0.,0.));
#10932=DIRECTION('',(0.,0.,1.));
#10933=DIRECTION('',(1.,0.,0.));
#10934=AXIS2_PLACEMENT_3D('',#10931,#10932,#10933);
#10936=MAPPED_ITEM('',#10935,#10934);
#10935=REPRESENTATION_MAP(#10934,#16);
#10937=APPLICATION_CONTEXT('Managed model based 3d engineering');
#10938=APPLICATION_PROTOCOL_DEFINITION('international standard','ap242_managed_model_based_3d_engineering',2014,#10937);
#10939=PRODUCT_CONTEXT('',#10937,'mechanical');
#10940=PRODUCT_DEFINITION_CONTEXT('part definition',#10937,'design');
#24=PRODUCT('root','root','',(#10939));
#10941=PRODUCT_RELATED_PRODUCT_CATEGORY('part','',(#24));
#10942=PRODUCT_DEFINITION_FORMATION_WITH_SPECIFIED_SOURCE('','',#24,.NOT_KNOWN.);
#25=PRODUCT_DEFINITION('design','',#10942,#10940);
#23=PRODUCT_DEFINITION_SHAPE('','',#25);
#10943=SHAPE_DEFINITION_REPRESENTATION(#23,#16);
#11=DRAUGHTING_MODEL('',(#10936),#10);
#10944=DESCRIPTIVE_REPRESENTATION_ITEM('KEY','/Users/colinostermann/Library/Containers/com.shapr3d.shapr/Data/tmp/C97AB0F9-B020-4BAF-BDD5-F4BF74D180C9.tmp');
#10945=PROPERTY_DEFINITION('KEY','',#25);
#10946=REPRESENTATION('',(#10944),#10);
#10947=PROPERTY_DEFINITION_REPRESENTATION(#10945,#10946);
#10948=GENERAL_PROPERTY('','KEY','');
#10949=GENERAL_PROPERTY_ASSOCIATION('','',#10948,#10945);
#1=MECHANICAL_DESIGN_GEOMETRIC_PRESENTATION_REPRESENTATION('',(#26),#10);
ENDSEC;
END-ISO-10303-21;
