ISO-10303-21;
HEADER;

/* File generated by Shapr3D Version 26.100.0.11031 */

FILE_DESCRIPTION(('HOOPS Exchange Step'),'2;1');

FILE_NAME('/Users/colinostermann/Library/Containers/com.shapr3d.shapr/Data/tmp/export/temp_export',
'2026-07-17T11:12:44+02:00',
('colinostermann'),
('Shapr3D Limited'),
'HOOPS Exchange 2026.3',
'Shapr3D',
'Authorized');

FILE_SCHEMA( ('AP242_MANAGED_MODEL_BASED_3D_ENGINEERING_MIM_LF {1 0 10303 442 1 1 4}') );

ENDSEC;

DATA;
#3=(NAMED_UNIT(*)PLANE_ANGLE_UNIT()SI_UNIT($,.RADIAN.));
#4=PLANE_ANGLE_MEASURE_WITH_UNIT(PLANE_ANGLE_MEASURE(0.0174532925),#3);
#5=(CONVERSION_BASED_UNIT('DEGREE',#4)NAMED_UNIT(#6)PLANE_ANGLE_UNIT());
#6=DIMENSIONAL_EXPONENTS(0.,0.,0.,0.,0.,0.,0.);
#7=(NAMED_UNIT(*)SI_UNIT($,.STERADIAN.)SOLID_ANGLE_UNIT());
#8=(LENGTH_UNIT()NAMED_UNIT(*)SI_UNIT(.MILLI.,.METRE.));
#9=UNCERTAINTY_MEASURE_WITH_UNIT(LENGTH_MEASURE(1.000000E-05),#8,'DISTANCE_ACCURACY_VALUE','Maximum Tolerance applied to model');
#10=(GEOMETRIC_REPRESENTATION_CONTEXT(3)GLOBAL_UNCERTAINTY_ASSIGNED_CONTEXT((#9))GLOBAL_UNIT_ASSIGNED_CONTEXT((#8,#5,#7))REPRESENTATION_CONTEXT('','root'));
#12=CARTESIAN_POINT('',(0.,0.,0.));
#13=DIRECTION('',(0.,0.,1.));
#14=DIRECTION('',(1.,0.,0.));
#15=AXIS2_PLACEMENT_3D('TS3D_PRODUCT_CSYS',#12,#13,#14);
#27=CARTESIAN_POINT('',(0.,20.,14.));
#28=DIRECTION('',(0.,1.,0.));
#29=DIRECTION('',(0.,0.,1.));
#30=AXIS2_PLACEMENT_3D('',#27,#28,#29);
#31=PLANE('',#30);
#32=CARTESIAN_POINT('',(24.,20.,12.));
#33=VERTEX_POINT('',#32);
#34=CARTESIAN_POINT('',(24.,20.,-2.));
#35=VERTEX_POINT('',#34);
#36=CARTESIAN_POINT('',(24.,20.,12.));
#37=DIRECTION('',(0.,0.,-1.));
#38=VECTOR('',#37,14.);
#39=LINE('',#36,#38);
#40=EDGE_CURVE('',#33,#35,#39,.T.);
#41=ORIENTED_EDGE('',*,*,#40,.T.);
#42=CARTESIAN_POINT('',(-24.,20.,-2.));
#43=VERTEX_POINT('',#42);
#44=CARTESIAN_POINT('',(24.,20.,-2.));
#45=DIRECTION('',(-1.,-0.,0.));
#46=VECTOR('',#45,48.);
#47=LINE('',#44,#46);
#48=EDGE_CURVE('',#35,#43,#47,.T.);
#49=ORIENTED_EDGE('',*,*,#48,.T.);
#50=CARTESIAN_POINT('',(-24.,20.,12.));
#51=VERTEX_POINT('',#50);
#52=CARTESIAN_POINT('',(-24.,20.,-2.));
#53=DIRECTION('',(-0.,-0.,1.));
#54=VECTOR('',#53,14.);
#55=LINE('',#52,#54);
#56=EDGE_CURVE('',#43,#51,#55,.T.);
#57=ORIENTED_EDGE('',*,*,#56,.T.);
#58=CARTESIAN_POINT('',(-24.,20.,12.));
#59=DIRECTION('',(1.,0.,-0.));
#60=VECTOR('',#59,48.);
#61=LINE('',#58,#60);
#62=EDGE_CURVE('',#51,#33,#61,.T.);
#63=ORIENTED_EDGE('',*,*,#62,.T.);
#64=EDGE_LOOP('',(#41,#49,#57,#63));
#65=FACE_BOUND('',#64,.T.);
#66=ADVANCED_FACE('',(#65),#31,.T.);
#67=CARTESIAN_POINT('',(0.,-12.,14.));
#68=DIRECTION('',(0.,-1.,0.));
#69=DIRECTION('',(1.,0.,0.));
#70=AXIS2_PLACEMENT_3D('',#67,#68,#69);
#71=PLANE('',#70);
#72=CARTESIAN_POINT('',(-24.,-12.,12.));
#73=VERTEX_POINT('',#72);
#74=CARTESIAN_POINT('',(-24.,-12.,-2.));
#75=VERTEX_POINT('',#74);
#76=CARTESIAN_POINT('',(-24.,-12.,12.));
#77=DIRECTION('',(0.,0.,-1.));
#78=VECTOR('',#77,14.);
#79=LINE('',#76,#78);
#80=EDGE_CURVE('',#73,#75,#79,.T.);
#81=ORIENTED_EDGE('',*,*,#80,.T.);
#82=CARTESIAN_POINT('',(24.,-12.,-2.));
#83=VERTEX_POINT('',#82);
#84=CARTESIAN_POINT('',(-24.,-12.,-2.));
#85=DIRECTION('',(1.,0.,-0.));
#86=VECTOR('',#85,48.);
#87=LINE('',#84,#86);
#88=EDGE_CURVE('',#75,#83,#87,.T.);
#89=ORIENTED_EDGE('',*,*,#88,.T.);
#90=CARTESIAN_POINT('',(24.,-12.,12.));
#91=VERTEX_POINT('',#90);
#92=CARTESIAN_POINT('',(24.,-12.,-2.));
#93=DIRECTION('',(-0.,-0.,1.));
#94=VECTOR('',#93,14.);
#95=LINE('',#92,#94);
#96=EDGE_CURVE('',#83,#91,#95,.T.);
#97=ORIENTED_EDGE('',*,*,#96,.T.);
#98=CARTESIAN_POINT('',(24.,-12.,12.));
#99=DIRECTION('',(-1.,-0.,0.));
#100=VECTOR('',#99,48.);
#101=LINE('',#98,#100);
#102=EDGE_CURVE('',#91,#73,#101,.T.);
#103=ORIENTED_EDGE('',*,*,#102,.T.);
#104=EDGE_LOOP('',(#81,#89,#97,#103));
#105=FACE_BOUND('',#104,.T.);
#106=ADVANCED_FACE('',(#105),#71,.T.);
#107=CARTESIAN_POINT('',(0.,0.,14.));
#108=DIRECTION('',(0.,0.,1.));
#109=DIRECTION('',(1.,0.,0.));
#110=AXIS2_PLACEMENT_3D('',#107,#108,#109);
#111=PLANE('',#110);
#112=CARTESIAN_POINT('',(24.,18.,14.));
#113=VERTEX_POINT('',#112);
#114=CARTESIAN_POINT('',(-24.,18.,14.));
#115=VERTEX_POINT('',#114);
#116=CARTESIAN_POINT('',(24.,18.,14.));
#117=DIRECTION('',(-1.,-0.,0.));
#118=VECTOR('',#117,48.);
#119=LINE('',#116,#118);
#120=EDGE_CURVE('',#113,#115,#119,.T.);
#121=ORIENTED_EDGE('',*,*,#120,.T.);
#122=CARTESIAN_POINT('',(-38.,4.,14.));
#123=VERTEX_POINT('',#122);
#124=CARTESIAN_POINT('',(-24.,4.,14.));
#125=DIRECTION('',(0.,0.,1.));
#126=DIRECTION('',(1.,0.,-0.));
#127=AXIS2_PLACEMENT_3D('',#124,#125,#126);
#128=CIRCLE('',#127,14.);
#129=EDGE_CURVE('',#115,#123,#128,.T.);
#130=ORIENTED_EDGE('',*,*,#129,.T.);
#131=CARTESIAN_POINT('',(-24.,-10.,14.));
#132=VERTEX_POINT('',#131);
#133=CARTESIAN_POINT('',(-24.,4.,14.));
#134=DIRECTION('',(0.,0.,1.));
#135=DIRECTION('',(1.,0.,-0.));
#136=AXIS2_PLACEMENT_3D('',#133,#134,#135);
#137=CIRCLE('',#136,14.);
#138=EDGE_CURVE('',#123,#132,#137,.T.);
#139=ORIENTED_EDGE('',*,*,#138,.T.);
#140=CARTESIAN_POINT('',(24.,-10.,14.));
#141=VERTEX_POINT('',#140);
#142=CARTESIAN_POINT('',(-24.,-10.,14.));
#143=DIRECTION('',(1.,0.,-0.));
#144=VECTOR('',#143,48.);
#145=LINE('',#142,#144);
#146=EDGE_CURVE('',#132,#141,#145,.T.);
#147=ORIENTED_EDGE('',*,*,#146,.T.);
#148=CARTESIAN_POINT('',(38.,4.,14.));
#149=VERTEX_POINT('',#148);
#150=CARTESIAN_POINT('',(24.,4.,14.));
#151=DIRECTION('',(0.,0.,1.));
#152=DIRECTION('',(1.,0.,-0.));
#153=AXIS2_PLACEMENT_3D('',#150,#151,#152);
#154=CIRCLE('',#153,14.);
#155=EDGE_CURVE('',#141,#149,#154,.T.);
#156=ORIENTED_EDGE('',*,*,#155,.T.);
#157=CARTESIAN_POINT('',(24.,4.,14.));
#158=DIRECTION('',(0.,0.,1.));
#159=DIRECTION('',(1.,0.,-0.));
#160=AXIS2_PLACEMENT_3D('',#157,#158,#159);
#161=CIRCLE('',#160,14.);
#162=EDGE_CURVE('',#149,#113,#161,.T.);
#163=ORIENTED_EDGE('',*,*,#162,.T.);
#164=EDGE_LOOP('',(#121,#130,#139,#147,#156,#163));
#165=FACE_BOUND('',#164,.T.);
#166=CARTESIAN_POINT('',(35.4425,6.249860987,14.));
#167=VERTEX_POINT('',#166);
#168=CARTESIAN_POINT('',(35.4425,2.480508593,14.));
#169=VERTEX_POINT('',#168);
#170=CARTESIAN_POINT('',(35.4425,6.249860987,14.));
#171=DIRECTION('',(-0.,-1.,-0.));
#172=VECTOR('',#171,3.769352394);
#173=LINE('',#170,#172);
#174=EDGE_CURVE('',#167,#169,#173,.T.);
#175=ORIENTED_EDGE('',*,*,#174,.T.);
#176=CARTESIAN_POINT('',(32.343072182,-3.849792452,14.));
#177=VERTEX_POINT('',#176);
#178=CARTESIAN_POINT('',(27.6425,2.480508593,14.));
#179=DIRECTION('',(-0.,0.,-1.));
#180=DIRECTION('',(0.,1.,0.));
#181=AXIS2_PLACEMENT_3D('',#178,#179,#180);
#182=ELLIPSE('',#181,7.932558019,7.8);
#183=EDGE_CURVE('',#169,#177,#182,.T.);
#184=ORIENTED_EDGE('',*,*,#183,.T.);
#185=CARTESIAN_POINT('',(27.632361648,-5.452049425,14.));
#186=VERTEX_POINT('',#185);
#187=CARTESIAN_POINT('',(32.343072216,-3.849792512,14.));
#188=CARTESIAN_POINT('',(32.006032172,-4.108640726,14.));
#189=CARTESIAN_POINT('',(31.652002679,-4.336831213,14.));
#190=CARTESIAN_POINT('',(31.281507716,-4.535309502,14.));
#191=CARTESIAN_POINT('',(30.911012753,-4.73378779,14.));
#192=CARTESIAN_POINT('',(30.52284003,-4.902968406,14.));
#193=CARTESIAN_POINT('',(30.119925491,-5.040091812,14.));
#194=CARTESIAN_POINT('',(29.717010951,-5.177215217,14.));
#195=CARTESIAN_POINT('',(29.308155042,-5.279510851,14.000000004));
#196=CARTESIAN_POINT('',(28.893569202,-5.348218129,14.));
#197=CARTESIAN_POINT('',(28.478983361,-5.416925406,13.999999996));
#198=CARTESIAN_POINT('',(28.058668458,-5.452049425,14.));
#199=CARTESIAN_POINT('',(27.632361648,-5.452049425,14.));
#200=B_SPLINE_CURVE_WITH_KNOTS('',3,(#187,#188,#189,#190,#191,#192,#193,#194,#195,#196,#197,#198,#199),.UNSPECIFIED.,.F.,.F.,(4,3,3,3,4),(0.039686187,0.040943018,0.042199848,0.043456678,0.044713509),.UNSPECIFIED.);
#201=EDGE_CURVE('',#177,#186,#200,.T.);
#202=ORIENTED_EDGE('',*,*,#201,.T.);
#203=CARTESIAN_POINT('',(-27.632361648,-5.452049425,14.));
#204=VERTEX_POINT('',#203);
#205=CARTESIAN_POINT('',(27.632361648,-5.452049425,14.));
#206=DIRECTION('',(-1.,-0.,0.));
#207=VECTOR('',#206,55.264723296);
#208=LINE('',#205,#207);
#209=EDGE_CURVE('',#186,#204,#208,.T.);
#210=ORIENTED_EDGE('',*,*,#209,.T.);
#211=CARTESIAN_POINT('',(-32.343072182,-3.849792452,14.));
#212=VERTEX_POINT('',#211);
#213=CARTESIAN_POINT('',(-27.632361666,-5.452049545,14.));
#214=CARTESIAN_POINT('',(-28.057294254,-5.452049559,14.));
#215=CARTESIAN_POINT('',(-28.476992953,-5.41714695,13.999999995));
#216=CARTESIAN_POINT('',(-28.891637166,-5.348538067,14.));
#217=CARTESIAN_POINT('',(-29.30628138,-5.279929184,14.000000005));
#218=CARTESIAN_POINT('',(-29.717138193,-5.177178961,14.));
#219=CARTESIAN_POINT('',(-30.120040105,-5.040052815,14.));
#220=CARTESIAN_POINT('',(-30.522942018,-4.902926669,14.));
#221=CARTESIAN_POINT('',(-30.909327458,-4.734573648,14.));
#222=CARTESIAN_POINT('',(-31.279836723,-4.536204329,14.));
#223=CARTESIAN_POINT('',(-31.650345988,-4.337835011,14.));
#224=CARTESIAN_POINT('',(-32.004979087,-4.109449414,14.));
#225=CARTESIAN_POINT('',(-32.343072182,-3.849792452,14.));
#226=B_SPLINE_CURVE_WITH_KNOTS('',3,(#213,#214,#215,#216,#217,#218,#219,#220,#221,#222,#223,#224,#225),.UNSPECIFIED.,.F.,.F.,(4,3,3,3,4),(0.033127178,0.034324246,0.035521313,0.03671838,0.037915447),.UNSPECIFIED.);
#227=EDGE_CURVE('',#204,#212,#226,.T.);
#228=ORIENTED_EDGE('',*,*,#227,.T.);
#229=CARTESIAN_POINT('',(-35.4425,2.480508593,14.));
#230=VERTEX_POINT('',#229);
#231=CARTESIAN_POINT('',(-27.6425,2.480508593,14.));
#232=DIRECTION('',(-0.,0.,-1.));
#233=DIRECTION('',(0.,1.,0.));
#234=AXIS2_PLACEMENT_3D('',#231,#232,#233);
#235=ELLIPSE('',#234,7.932558019,7.8);
#236=EDGE_CURVE('',#212,#230,#235,.T.);
#237=ORIENTED_EDGE('',*,*,#236,.T.);
#238=CARTESIAN_POINT('',(-35.4425,6.249860987,14.));
#239=VERTEX_POINT('',#238);
#240=CARTESIAN_POINT('',(-35.4425,2.480508593,14.));
#241=DIRECTION('',(-0.,1.,-0.));
#242=VECTOR('',#241,3.769352394);
#243=LINE('',#240,#242);
#244=EDGE_CURVE('',#230,#239,#243,.T.);
#245=ORIENTED_EDGE('',*,*,#244,.T.);
#246=CARTESIAN_POINT('',(-27.6425,14.182419006,14.));
#247=VERTEX_POINT('',#246);
#248=CARTESIAN_POINT('',(-27.6425,6.249860987,14.));
#249=DIRECTION('',(-0.,-0.,-1.));
#250=DIRECTION('',(0.,-1.,0.));
#251=AXIS2_PLACEMENT_3D('',#248,#249,#250);
#252=ELLIPSE('',#251,7.932558019,7.8);
#253=EDGE_CURVE('',#239,#247,#252,.T.);
#254=ORIENTED_EDGE('',*,*,#253,.T.);
#255=CARTESIAN_POINT('',(27.6425,14.182419006,14.));
#256=VERTEX_POINT('',#255);
#257=CARTESIAN_POINT('',(-27.6425,14.182419006,14.));
#258=DIRECTION('',(1.,-0.,-0.));
#259=VECTOR('',#258,55.285);
#260=LINE('',#257,#259);
#261=EDGE_CURVE('',#247,#256,#260,.T.);
#262=ORIENTED_EDGE('',*,*,#261,.T.);
#263=CARTESIAN_POINT('',(27.6425,6.249860987,14.));
#264=DIRECTION('',(-0.,-0.,-1.));
#265=DIRECTION('',(0.,-1.,0.));
#266=AXIS2_PLACEMENT_3D('',#263,#264,#265);
#267=ELLIPSE('',#266,7.932558019,7.8);
#268=EDGE_CURVE('',#256,#167,#267,.T.);
#269=ORIENTED_EDGE('',*,*,#268,.T.);
#270=EDGE_LOOP('',(#175,#184,#202,#210,#228,#237,#245,#254,#262,#269));
#271=FACE_BOUND('',#270,.T.);
#272=ADVANCED_FACE('',(#165,#271),#111,.T.);
#273=CARTESIAN_POINT('',(0.,0.,-4.));
#274=DIRECTION('',(0.,0.,1.));
#275=DIRECTION('',(1.,0.,0.));
#276=AXIS2_PLACEMENT_3D('',#273,#274,#275);
#277=PLANE('',#276);
#278=CARTESIAN_POINT('',(-24.,-10.,-4.));
#279=VERTEX_POINT('',#278);
#280=CARTESIAN_POINT('',(-38.,4.,-4.));
#281=VERTEX_POINT('',#280);
#282=CARTESIAN_POINT('',(-24.,4.,-4.));
#283=DIRECTION('',(-0.,-0.,-1.));
#284=DIRECTION('',(1.,0.,-0.));
#285=AXIS2_PLACEMENT_3D('',#282,#283,#284);
#286=CIRCLE('',#285,14.);
#287=EDGE_CURVE('',#279,#281,#286,.T.);
#288=ORIENTED_EDGE('',*,*,#287,.T.);
#289=CARTESIAN_POINT('',(-24.,18.,-4.));
#290=VERTEX_POINT('',#289);
#291=CARTESIAN_POINT('',(-24.,4.,-4.));
#292=DIRECTION('',(-0.,-0.,-1.));
#293=DIRECTION('',(1.,0.,-0.));
#294=AXIS2_PLACEMENT_3D('',#291,#292,#293);
#295=CIRCLE('',#294,14.);
#296=EDGE_CURVE('',#281,#290,#295,.T.);
#297=ORIENTED_EDGE('',*,*,#296,.T.);
#298=CARTESIAN_POINT('',(24.,18.,-4.));
#299=VERTEX_POINT('',#298);
#300=CARTESIAN_POINT('',(-24.,18.,-4.));
#301=DIRECTION('',(1.,0.,-0.));
#302=VECTOR('',#301,48.);
#303=LINE('',#300,#302);
#304=EDGE_CURVE('',#290,#299,#303,.T.);
#305=ORIENTED_EDGE('',*,*,#304,.T.);
#306=CARTESIAN_POINT('',(38.,4.,-4.));
#307=VERTEX_POINT('',#306);
#308=CARTESIAN_POINT('',(24.,4.,-4.));
#309=DIRECTION('',(-0.,-0.,-1.));
#310=DIRECTION('',(1.,0.,-0.));
#311=AXIS2_PLACEMENT_3D('',#308,#309,#310);
#312=CIRCLE('',#311,14.);
#313=EDGE_CURVE('',#299,#307,#312,.T.);
#314=ORIENTED_EDGE('',*,*,#313,.T.);
#315=CARTESIAN_POINT('',(24.,-10.,-4.));
#316=VERTEX_POINT('',#315);
#317=CARTESIAN_POINT('',(24.,4.,-4.));
#318=DIRECTION('',(-0.,-0.,-1.));
#319=DIRECTION('',(1.,0.,-0.));
#320=AXIS2_PLACEMENT_3D('',#317,#318,#319);
#321=CIRCLE('',#320,14.);
#322=EDGE_CURVE('',#307,#316,#321,.T.);
#323=ORIENTED_EDGE('',*,*,#322,.T.);
#324=CARTESIAN_POINT('',(24.,-10.,-4.));
#325=DIRECTION('',(-1.,-0.,0.));
#326=VECTOR('',#325,48.);
#327=LINE('',#324,#326);
#328=EDGE_CURVE('',#316,#279,#327,.T.);
#329=ORIENTED_EDGE('',*,*,#328,.T.);
#330=EDGE_LOOP('',(#288,#297,#305,#314,#323,#329));
#331=FACE_BOUND('',#330,.T.);
#332=ADVANCED_FACE('',(#331),#277,.F.);
#333=CARTESIAN_POINT('',(-24.,4.,14.));
#334=DIRECTION('',(0.,0.,-1.));
#335=DIRECTION('',(-1.,0.,0.));
#336=AXIS2_PLACEMENT_3D('',#333,#334,#335);
#337=CYLINDRICAL_SURFACE('',#336,16.);
#338=CARTESIAN_POINT('',(-40.,4.,-2.));
#339=VERTEX_POINT('',#338);
#340=CARTESIAN_POINT('',(-40.,4.,12.));
#341=VERTEX_POINT('',#340);
#342=CARTESIAN_POINT('',(-40.,4.,-2.));
#343=DIRECTION('',(-0.,-0.,1.));
#344=VECTOR('',#343,14.);
#345=LINE('',#342,#344);
#346=EDGE_CURVE('',#339,#341,#345,.T.);
#347=ORIENTED_EDGE('',*,*,#346,.F.);
#348=CARTESIAN_POINT('',(-24.,4.,-2.));
#349=DIRECTION('',(0.,0.,1.));
#350=DIRECTION('',(1.,0.,-0.));
#351=AXIS2_PLACEMENT_3D('',#348,#349,#350);
#352=CIRCLE('',#351,16.);
#353=EDGE_CURVE('',#339,#75,#352,.T.);
#354=ORIENTED_EDGE('',*,*,#353,.T.);
#355=ORIENTED_EDGE('',*,*,#80,.F.);
#356=CARTESIAN_POINT('',(-24.,4.,12.));
#357=DIRECTION('',(-0.,-0.,-1.));
#358=DIRECTION('',(1.,0.,-0.));
#359=AXIS2_PLACEMENT_3D('',#356,#357,#358);
#360=CIRCLE('',#359,16.);
#361=EDGE_CURVE('',#73,#341,#360,.T.);
#362=ORIENTED_EDGE('',*,*,#361,.T.);
#363=EDGE_LOOP('',(#347,#354,#355,#362));
#364=FACE_BOUND('',#363,.T.);
#365=ADVANCED_FACE('',(#364),#337,.T.);
#366=CARTESIAN_POINT('',(-24.,4.,14.));
#367=DIRECTION('',(0.,0.,-1.));
#368=DIRECTION('',(-1.,0.,0.));
#369=AXIS2_PLACEMENT_3D('',#366,#367,#368);
#370=CYLINDRICAL_SURFACE('',#369,16.);
#371=ORIENTED_EDGE('',*,*,#56,.F.);
#372=CARTESIAN_POINT('',(-24.,4.,-2.));
#373=DIRECTION('',(0.,0.,1.));
#374=DIRECTION('',(1.,0.,-0.));
#375=AXIS2_PLACEMENT_3D('',#372,#373,#374);
#376=CIRCLE('',#375,16.);
#377=EDGE_CURVE('',#43,#339,#376,.T.);
#378=ORIENTED_EDGE('',*,*,#377,.T.);
#379=ORIENTED_EDGE('',*,*,#346,.T.);
#380=CARTESIAN_POINT('',(-24.,4.,12.));
#381=DIRECTION('',(-0.,-0.,-1.));
#382=DIRECTION('',(1.,0.,-0.));
#383=AXIS2_PLACEMENT_3D('',#380,#381,#382);
#384=CIRCLE('',#383,16.);
#385=EDGE_CURVE('',#341,#51,#384,.T.);
#386=ORIENTED_EDGE('',*,*,#385,.T.);
#387=EDGE_LOOP('',(#371,#378,#379,#386));
#388=FACE_BOUND('',#387,.T.);
#389=ADVANCED_FACE('',(#388),#370,.T.);
#390=CARTESIAN_POINT('',(24.,4.,14.));
#391=DIRECTION('',(0.,0.,-1.));
#392=DIRECTION('',(-1.,0.,0.));
#393=AXIS2_PLACEMENT_3D('',#390,#391,#392);
#394=CYLINDRICAL_SURFACE('',#393,16.);
#395=ORIENTED_EDGE('',*,*,#96,.F.);
#396=CARTESIAN_POINT('',(40.,4.,-2.));
#397=VERTEX_POINT('',#396);
#398=CARTESIAN_POINT('',(24.,4.,-2.));
#399=DIRECTION('',(0.,0.,1.));
#400=DIRECTION('',(1.,0.,-0.));
#401=AXIS2_PLACEMENT_3D('',#398,#399,#400);
#402=CIRCLE('',#401,16.);
#403=EDGE_CURVE('',#83,#397,#402,.T.);
#404=ORIENTED_EDGE('',*,*,#403,.T.);
#405=CARTESIAN_POINT('',(40.,4.,12.));
#406=VERTEX_POINT('',#405);
#407=CARTESIAN_POINT('',(40.,4.,12.));
#408=DIRECTION('',(0.,0.,-1.));
#409=VECTOR('',#408,14.);
#410=LINE('',#407,#409);
#411=EDGE_CURVE('',#406,#397,#410,.T.);
#412=ORIENTED_EDGE('',*,*,#411,.F.);
#413=CARTESIAN_POINT('',(24.,4.,12.));
#414=DIRECTION('',(-0.,-0.,-1.));
#415=DIRECTION('',(1.,0.,-0.));
#416=AXIS2_PLACEMENT_3D('',#413,#414,#415);
#417=CIRCLE('',#416,16.);
#418=EDGE_CURVE('',#406,#91,#417,.T.);
#419=ORIENTED_EDGE('',*,*,#418,.T.);
#420=EDGE_LOOP('',(#395,#404,#412,#419));
#421=FACE_BOUND('',#420,.T.);
#422=ADVANCED_FACE('',(#421),#394,.T.);
#423=CARTESIAN_POINT('',(24.,4.,14.));
#424=DIRECTION('',(0.,0.,-1.));
#425=DIRECTION('',(-1.,0.,0.));
#426=AXIS2_PLACEMENT_3D('',#423,#424,#425);
#427=CYLINDRICAL_SURFACE('',#426,16.);
#428=ORIENTED_EDGE('',*,*,#411,.T.);
#429=CARTESIAN_POINT('',(24.,4.,-2.));
#430=DIRECTION('',(0.,0.,1.));
#431=DIRECTION('',(1.,0.,-0.));
#432=AXIS2_PLACEMENT_3D('',#429,#430,#431);
#433=CIRCLE('',#432,16.);
#434=EDGE_CURVE('',#397,#35,#433,.T.);
#435=ORIENTED_EDGE('',*,*,#434,.T.);
#436=ORIENTED_EDGE('',*,*,#40,.F.);
#437=CARTESIAN_POINT('',(24.,4.,12.));
#438=DIRECTION('',(-0.,-0.,-1.));
#439=DIRECTION('',(1.,0.,-0.));
#440=AXIS2_PLACEMENT_3D('',#437,#438,#439);
#441=CIRCLE('',#440,16.);
#442=EDGE_CURVE('',#33,#406,#441,.T.);
#443=ORIENTED_EDGE('',*,*,#442,.T.);
#444=EDGE_LOOP('',(#428,#435,#436,#443));
#445=FACE_BOUND('',#444,.T.);
#446=ADVANCED_FACE('',(#445),#427,.T.);
#447=CARTESIAN_POINT('',(33.4425,8.796456937,77.973303731));
#448=DIRECTION('',(1.,0.,0.));
#449=DIRECTION('',(0.,-0.182049469,-0.983289373));
#450=AXIS2_PLACEMENT_3D('',#447,#448,#449);
#451=PLANE('',#450);
#452=CARTESIAN_POINT('',(33.4425,2.480508593,12.));
#453=VERTEX_POINT('',#452);
#454=CARTESIAN_POINT('',(33.4425,2.270709699,10.866829852));
#455=VERTEX_POINT('',#454);
#456=CARTESIAN_POINT('',(33.4425,2.480508593,12.));
#457=DIRECTION('',(0.,-0.182049469,-0.983289373));
#458=VECTOR('',#457,1.152427941);
#459=LINE('',#456,#458);
#460=EDGE_CURVE('',#453,#455,#459,.T.);
#461=ORIENTED_EDGE('',*,*,#460,.F.);
#462=CARTESIAN_POINT('',(33.4425,6.249860987,12.));
#463=VERTEX_POINT('',#462);
#464=CARTESIAN_POINT('',(33.4425,2.480508593,12.));
#465=DIRECTION('',(0.,1.,0.));
#466=VECTOR('',#465,3.769352394);
#467=LINE('',#464,#466);
#468=EDGE_CURVE('',#453,#463,#467,.T.);
#469=ORIENTED_EDGE('',*,*,#468,.T.);
#470=CARTESIAN_POINT('',(33.4425,5.926402211,10.252927735));
#471=VERTEX_POINT('',#470);
#472=CARTESIAN_POINT('',(33.4425,5.926402211,10.252927735));
#473=DIRECTION('',(-0.,0.182049469,0.983289373));
#474=VECTOR('',#473,1.77676309);
#475=LINE('',#472,#474);
#476=EDGE_CURVE('',#471,#463,#475,.T.);
#477=ORIENTED_EDGE('',*,*,#476,.F.);
#478=CARTESIAN_POINT('',(33.4425,2.270709699,10.866829852));
#479=DIRECTION('',(0.,0.986191069,-0.165611518));
#480=VECTOR('',#479,3.706880569);
#481=LINE('',#478,#480);
#482=EDGE_CURVE('',#455,#471,#481,.T.);
#483=ORIENTED_EDGE('',*,*,#482,.F.);
#484=EDGE_LOOP('',(#461,#469,#477,#483));
#485=FACE_BOUND('',#484,.T.);
#486=ADVANCED_FACE('',(#485),#451,.F.);
#487=CARTESIAN_POINT('',(23.4425,-2.342663863,11.641555786));
#488=DIRECTION('',(0.,0.986191069,-0.165611518));
#489=DIRECTION('',(0.,0.165611518,0.986191069));
#490=AXIS2_PLACEMENT_3D('',#487,#488,#489);
#491=CYLINDRICAL_SURFACE('',#490,10.);
#492=ORIENTED_EDGE('',*,*,#482,.T.);
#493=CARTESIAN_POINT('',(23.4425,4.201141105,0.402628749));
#494=VERTEX_POINT('',#493);
#495=CARTESIAN_POINT('',(23.4425,5.926402211,10.252927735));
#496=DIRECTION('',(0.,-0.985005687,0.17252187));
#497=DIRECTION('',(0.,0.17252187,0.985005687));
#498=AXIS2_PLACEMENT_3D('',#495,#496,#497);
#499=ELLIPSE('',#498,10.000245797,10.);
#500=EDGE_CURVE('',#494,#471,#499,.T.);
#501=ORIENTED_EDGE('',*,*,#500,.F.);
#502=CARTESIAN_POINT('',(23.4425,0.545448593,1.016530866));
#503=VERTEX_POINT('',#502);
#504=CARTESIAN_POINT('',(23.4425,0.545448593,1.016530866));
#505=DIRECTION('',(-0.,0.986191069,-0.165611518));
#506=VECTOR('',#505,3.706880569);
#507=LINE('',#504,#506);
#508=EDGE_CURVE('',#503,#494,#507,.T.);
#509=ORIENTED_EDGE('',*,*,#508,.F.);
#510=CARTESIAN_POINT('',(23.4425,2.270709699,10.866829852));
#511=DIRECTION('',(-0.,0.985005687,-0.17252187));
#512=DIRECTION('',(0.,0.17252187,0.985005687));
#513=AXIS2_PLACEMENT_3D('',#510,#511,#512);
#514=ELLIPSE('',#513,10.000245797,10.);
#515=EDGE_CURVE('',#455,#503,#514,.T.);
#516=ORIENTED_EDGE('',*,*,#515,.F.);
#517=EDGE_LOOP('',(#492,#501,#509,#516));
#518=FACE_BOUND('',#517,.T.);
#519=ADVANCED_FACE('',(#518),#491,.F.);
#520=CARTESIAN_POINT('',(0.,-5.270743812,1.99324672));
#521=DIRECTION('',(0.,-0.165611518,-0.986191069));
#522=DIRECTION('',(-1.,0.,0.));
#523=AXIS2_PLACEMENT_3D('',#520,#521,#522);
#524=PLANE('',#523);
#525=ORIENTED_EDGE('',*,*,#508,.T.);
#526=CARTESIAN_POINT('',(-23.4425,4.201141105,0.402628749));
#527=VERTEX_POINT('',#526);
#528=CARTESIAN_POINT('',(-23.4425,4.201141105,0.402628749));
#529=DIRECTION('',(1.,-0.,-0.));
#530=VECTOR('',#529,46.885);
#531=LINE('',#528,#530);
#532=EDGE_CURVE('',#527,#494,#531,.T.);
#533=ORIENTED_EDGE('',*,*,#532,.F.);
#534=CARTESIAN_POINT('',(-23.4425,0.545448593,1.016530866));
#535=VERTEX_POINT('',#534);
#536=CARTESIAN_POINT('',(-23.4425,0.545448593,1.016530866));
#537=DIRECTION('',(0.,0.986191069,-0.165611518));
#538=VECTOR('',#537,3.706880569);
#539=LINE('',#536,#538);
#540=EDGE_CURVE('',#535,#527,#539,.T.);
#541=ORIENTED_EDGE('',*,*,#540,.F.);
#542=CARTESIAN_POINT('',(23.4425,0.545448593,1.016530866));
#543=DIRECTION('',(-1.,0.,0.));
#544=VECTOR('',#543,46.885);
#545=LINE('',#542,#544);
#546=EDGE_CURVE('',#503,#535,#545,.T.);
#547=ORIENTED_EDGE('',*,*,#546,.F.);
#548=EDGE_LOOP('',(#525,#533,#541,#547));
#549=FACE_BOUND('',#548,.T.);
#550=ADVANCED_FACE('',(#549),#524,.F.);
#551=CARTESIAN_POINT('',(-23.4425,-3.614628634,11.855157413));
#552=DIRECTION('',(0.,0.986191069,-0.165611518));
#553=DIRECTION('',(0.,0.165611518,0.986191069));
#554=AXIS2_PLACEMENT_3D('',#551,#552,#553);
#555=CYLINDRICAL_SURFACE('',#554,10.);
#556=ORIENTED_EDGE('',*,*,#540,.T.);
#557=CARTESIAN_POINT('',(-33.4425,5.926402211,10.252927735));
#558=VERTEX_POINT('',#557);
#559=CARTESIAN_POINT('',(-23.4425,5.926402211,10.252927735));
#560=DIRECTION('',(0.,-0.985005687,0.17252187));
#561=DIRECTION('',(0.,0.17252187,0.985005687));
#562=AXIS2_PLACEMENT_3D('',#559,#560,#561);
#563=ELLIPSE('',#562,10.000245797,10.);
#564=EDGE_CURVE('',#558,#527,#563,.T.);
#565=ORIENTED_EDGE('',*,*,#564,.F.);
#566=CARTESIAN_POINT('',(-33.4425,2.270709699,10.866829852));
#567=VERTEX_POINT('',#566);
#568=CARTESIAN_POINT('',(-33.4425,2.270709699,10.866829852));
#569=DIRECTION('',(-0.,0.986191069,-0.165611518));
#570=VECTOR('',#569,3.706880569);
#571=LINE('',#568,#570);
#572=EDGE_CURVE('',#567,#558,#571,.T.);
#573=ORIENTED_EDGE('',*,*,#572,.F.);
#574=CARTESIAN_POINT('',(-23.4425,2.270709699,10.866829852));
#575=DIRECTION('',(-0.,0.985005687,-0.17252187));
#576=DIRECTION('',(0.,0.17252187,0.985005687));
#577=AXIS2_PLACEMENT_3D('',#574,#575,#576);
#578=ELLIPSE('',#577,10.000245797,10.);
#579=EDGE_CURVE('',#535,#567,#578,.T.);
#580=ORIENTED_EDGE('',*,*,#579,.F.);
#581=EDGE_LOOP('',(#556,#565,#573,#580));
#582=FACE_BOUND('',#581,.T.);
#583=ADVANCED_FACE('',(#582),#555,.F.);
#584=CARTESIAN_POINT('',(-33.4425,1.447742305,38.281273552));
#585=DIRECTION('',(-1.,0.,0.));
#586=DIRECTION('',(0.,0.182049469,0.983289373));
#587=AXIS2_PLACEMENT_3D('',#584,#585,#586);
#588=PLANE('',#587);
#589=CARTESIAN_POINT('',(-33.4425,6.249860987,12.));
#590=VERTEX_POINT('',#589);
#591=CARTESIAN_POINT('',(-33.4425,6.249860987,12.));
#592=DIRECTION('',(0.,-0.182049469,-0.983289373));
#593=VECTOR('',#592,1.77676309);
#594=LINE('',#591,#593);
#595=EDGE_CURVE('',#590,#558,#594,.T.);
#596=ORIENTED_EDGE('',*,*,#595,.F.);
#597=CARTESIAN_POINT('',(-33.4425,2.480508593,12.));
#598=VERTEX_POINT('',#597);
#599=CARTESIAN_POINT('',(-33.4425,6.249860987,12.));
#600=DIRECTION('',(0.,-1.,0.));
#601=VECTOR('',#600,3.769352394);
#602=LINE('',#599,#601);
#603=EDGE_CURVE('',#590,#598,#602,.T.);
#604=ORIENTED_EDGE('',*,*,#603,.T.);
#605=CARTESIAN_POINT('',(-33.4425,2.270709699,10.866829852));
#606=DIRECTION('',(-0.,0.182049469,0.983289373));
#607=VECTOR('',#606,1.152427941);
#608=LINE('',#605,#607);
#609=EDGE_CURVE('',#567,#598,#608,.T.);
#610=ORIENTED_EDGE('',*,*,#609,.F.);
#611=ORIENTED_EDGE('',*,*,#572,.T.);
#612=EDGE_LOOP('',(#596,#604,#610,#611));
#613=FACE_BOUND('',#612,.T.);
#614=ADVANCED_FACE('',(#613),#588,.F.);
#615=CARTESIAN_POINT('',(0.,-5.270085082,1.996804665));
#616=DIRECTION('',(0.,0.983289373,-0.182049469));
#617=DIRECTION('',(0.,0.182049469,0.983289373));
#618=AXIS2_PLACEMENT_3D('',#615,#616,#617);
#619=PLANE('',#618);
#620=CARTESIAN_POINT('',(-27.632361648,-3.48547068,11.635901063));
#621=VERTEX_POINT('',#620);
#622=CARTESIAN_POINT('',(-23.4425,-4.197082967,7.792325986));
#623=VERTEX_POINT('',#622);
#624=CARTESIAN_POINT('',(-23.4425,-3.432368664,11.92271677));
#625=DIRECTION('',(-0.,-0.983289373,0.182049469));
#626=DIRECTION('',(0.,0.182049469,0.983289373));
#627=AXIS2_PLACEMENT_3D('',#624,#625,#626);
#628=ELLIPSE('',#627,4.200585196,4.2);
#629=EDGE_CURVE('',#621,#623,#628,.T.);
#630=ORIENTED_EDGE('',*,*,#629,.F.);
#631=CARTESIAN_POINT('',(27.632361648,-3.48547068,11.635901063));
#632=VERTEX_POINT('',#631);
#633=CARTESIAN_POINT('',(-27.632361648,-3.48547068,11.635901063));
#634=DIRECTION('',(1.,0.,-0.));
#635=VECTOR('',#634,55.264723296);
#636=LINE('',#633,#635);
#637=EDGE_CURVE('',#621,#632,#636,.T.);
#638=ORIENTED_EDGE('',*,*,#637,.T.);
#639=CARTESIAN_POINT('',(23.4425,-4.197082967,7.792325986));
#640=VERTEX_POINT('',#639);
#641=CARTESIAN_POINT('',(23.4425,-3.432368664,11.92271677));
#642=DIRECTION('',(-0.,-0.983289373,0.182049469));
#643=DIRECTION('',(0.,0.182049469,0.983289373));
#644=AXIS2_PLACEMENT_3D('',#641,#642,#643);
#645=ELLIPSE('',#644,4.200585196,4.2);
#646=EDGE_CURVE('',#640,#632,#645,.T.);
#647=ORIENTED_EDGE('',*,*,#646,.F.);
#648=CARTESIAN_POINT('',(-23.4425,-4.197082967,7.792325986));
#649=DIRECTION('',(1.,-0.,-0.));
#650=VECTOR('',#649,46.885);
#651=LINE('',#648,#650);
#652=EDGE_CURVE('',#623,#640,#651,.T.);
#653=ORIENTED_EDGE('',*,*,#652,.F.);
#654=EDGE_LOOP('',(#630,#638,#647,#653));
#655=FACE_BOUND('',#654,.T.);
#656=ADVANCED_FACE('',(#655),#619,.T.);
#657=CARTESIAN_POINT('',(0.,9.827017771,-0.538458729));
#658=DIRECTION('',(0.,0.983289373,-0.182049469));
#659=DIRECTION('',(0.,0.182049469,0.983289373));
#660=AXIS2_PLACEMENT_3D('',#657,#658,#659);
#661=PLANE('',#660);
#662=CARTESIAN_POINT('',(27.6425,12.21584026,12.364098937));
#663=VERTEX_POINT('',#662);
#664=CARTESIAN_POINT('',(27.6425,11.629480574,9.197040817));
#665=VERTEX_POINT('',#664);
#666=CARTESIAN_POINT('',(27.6425,12.21584026,12.364098937));
#667=DIRECTION('',(0.,-0.182049469,-0.983289373));
#668=VECTOR('',#667,3.220881062);
#669=LINE('',#666,#668);
#670=EDGE_CURVE('',#663,#665,#669,.T.);
#671=ORIENTED_EDGE('',*,*,#670,.F.);
#672=CARTESIAN_POINT('',(-27.6425,12.21584026,12.364098937));
#673=VERTEX_POINT('',#672);
#674=CARTESIAN_POINT('',(27.6425,12.21584026,12.364098937));
#675=DIRECTION('',(-1.,0.,0.));
#676=VECTOR('',#675,55.285);
#677=LINE('',#674,#676);
#678=EDGE_CURVE('',#663,#673,#677,.T.);
#679=ORIENTED_EDGE('',*,*,#678,.T.);
#680=CARTESIAN_POINT('',(-27.6425,11.629480574,9.197040817));
#681=VERTEX_POINT('',#680);
#682=CARTESIAN_POINT('',(-27.6425,11.629480574,9.197040817));
#683=DIRECTION('',(-0.,0.182049469,0.983289373));
#684=VECTOR('',#683,3.220881062);
#685=LINE('',#682,#684);
#686=EDGE_CURVE('',#681,#673,#685,.T.);
#687=ORIENTED_EDGE('',*,*,#686,.F.);
#688=CARTESIAN_POINT('',(-23.4425,10.864766271,5.066650033));
#689=VERTEX_POINT('',#688);
#690=CARTESIAN_POINT('',(-23.4425,11.629480574,9.197040817));
#691=DIRECTION('',(0.,0.983289373,-0.182049469));
#692=DIRECTION('',(0.,0.182049469,0.983289373));
#693=AXIS2_PLACEMENT_3D('',#690,#691,#692);
#694=ELLIPSE('',#693,4.200585196,4.2);
#695=EDGE_CURVE('',#689,#681,#694,.T.);
#696=ORIENTED_EDGE('',*,*,#695,.F.);
#697=CARTESIAN_POINT('',(23.4425,10.864766271,5.066650033));
#698=VERTEX_POINT('',#697);
#699=CARTESIAN_POINT('',(23.4425,10.864766271,5.066650033));
#700=DIRECTION('',(-1.,0.,0.));
#701=VECTOR('',#700,46.885);
#702=LINE('',#699,#701);
#703=EDGE_CURVE('',#698,#689,#702,.T.);
#704=ORIENTED_EDGE('',*,*,#703,.F.);
#705=CARTESIAN_POINT('',(23.4425,11.629480574,9.197040817));
#706=DIRECTION('',(0.,0.983289373,-0.182049469));
#707=DIRECTION('',(0.,0.182049469,0.983289373));
#708=AXIS2_PLACEMENT_3D('',#705,#706,#707);
#709=ELLIPSE('',#708,4.200585196,4.2);
#710=EDGE_CURVE('',#665,#698,#709,.T.);
#711=ORIENTED_EDGE('',*,*,#710,.F.);
#712=EDGE_LOOP('',(#671,#679,#687,#696,#704,#711));
#713=FACE_BOUND('',#712,.T.);
#714=ADVANCED_FACE('',(#713),#661,.F.);
#715=CARTESIAN_POINT('',(27.6425,-3.432368664,11.92271677));
#716=CARTESIAN_POINT('',(28.022109112,-3.432368664,11.92271677));
#717=CARTESIAN_POINT('',(28.401708838,-3.39560612,11.91591043));
#718=CARTESIAN_POINT('',(29.146338897,-3.249965106,11.888945968));
#719=CARTESIAN_POINT('',(29.511350819,-3.141090237,11.868788512));
#720=CARTESIAN_POINT('',(30.212776997,-2.85540511,11.815895817));
#721=CARTESIAN_POINT('',(30.54917391,-2.678601917,11.783161885));
#722=CARTESIAN_POINT('',(31.180440793,-2.263851397,11.706373592));
#723=CARTESIAN_POINT('',(31.475295153,-2.025914327,11.662321131));
#724=CARTESIAN_POINT('',(32.012143508,-1.498037044,11.564588173));
#725=CARTESIAN_POINT('',(32.254124228,-1.208109885,11.510910093));
#726=CARTESIAN_POINT('',(32.675923274,-0.587391868,11.395988293));
#727=CARTESIAN_POINT('',(32.855731171,-0.256616358,11.334747414));
#728=CARTESIAN_POINT('',(33.146271407,0.433088549,11.207053151));
#729=CARTESIAN_POINT('',(33.256996562,0.792000892,11.140602924));
#730=CARTESIAN_POINT('',(33.40511269,1.524187716,11.005043418));
#731=CARTESIAN_POINT('',(33.4425,1.897444093,10.935937489));
#732=CARTESIAN_POINT('',(33.4425,2.270709699,10.866829852));
#733=CARTESIAN_POINT('',(27.6425,-3.482419099,11.652383325));
#734=CARTESIAN_POINT('',(28.022373123,-3.486941553,11.627956552));
#735=CARTESIAN_POINT('',(28.402236826,-3.454650053,11.596714545));
#736=CARTESIAN_POINT('',(29.147364534,-3.317678876,11.521797979));
#737=CARTESIAN_POINT('',(29.512610063,-3.213002595,11.478125273));
#738=CARTESIAN_POINT('',(30.214444719,-2.935286817,11.380026125));
#739=CARTESIAN_POINT('',(30.551016443,-2.762254208,11.325602111));
#740=CARTESIAN_POINT('',(31.18254956,-2.354481513,11.208093095));
#741=CARTESIAN_POINT('',(31.477495294,-2.119751541,11.145011002));
#742=CARTESIAN_POINT('',(32.014423774,-1.597614505,11.012612015));
#743=CARTESIAN_POINT('',(32.256393207,-1.310220389,10.9432984));
#744=CARTESIAN_POINT('',(32.678054586,-0.69381257,10.801102667));
#745=CARTESIAN_POINT('',(32.857736076,-0.364814153,10.728224073));
#746=CARTESIAN_POINT('',(33.147903669,0.322143167,10.581702221));
#747=CARTESIAN_POINT('',(33.258382576,0.680085037,10.508062595));
#748=CARTESIAN_POINT('',(33.405889924,1.411155726,10.36285218));
#749=CARTESIAN_POINT('',(33.442914707,1.784266419,10.291284991));
#750=CARTESIAN_POINT('',(33.4425,2.157791623,10.222129291));
#751=CARTESIAN_POINT('',(27.615426431,-3.532468295,11.382056565));
#752=CARTESIAN_POINT('',(27.993117167,-3.541522648,11.333152008));
#753=CARTESIAN_POINT('',(28.370798512,-3.513711582,11.277423321));
#754=CARTESIAN_POINT('',(29.111625032,-3.385427833,11.154458506));
#755=CARTESIAN_POINT('',(29.474751786,-3.28495834,11.087225433));
#756=CARTESIAN_POINT('',(30.172474347,-3.015226134,10.943841024));
#757=CARTESIAN_POINT('',(30.507052804,-2.845970129,10.86769325));
#758=CARTESIAN_POINT('',(31.134783478,-2.445184293,10.709412388));
#759=CARTESIAN_POINT('',(31.427920087,-2.213664428,10.627283231));
#760=CARTESIAN_POINT('',(31.961468202,-1.697270026,10.460203338));
#761=CARTESIAN_POINT('',(32.201866441,-1.41240833,10.375256754));
#762=CARTESIAN_POINT('',(32.6206708,-0.800305463,10.205814649));
#763=CARTESIAN_POINT('',(32.799066506,-0.473079512,10.12132334));
#764=CARTESIAN_POINT('',(33.086987752,0.21114357,9.956047256));
#765=CARTESIAN_POINT('',(33.196506132,0.568123687,9.875266589));
#766=CARTESIAN_POINT('',(33.342448702,1.298099582,9.720524654));
#767=CARTESIAN_POINT('',(33.378869264,1.67107721,9.646567234));
#768=CARTESIAN_POINT('',(33.378039121,2.04487634,9.577444672));
#769=CARTESIAN_POINT('',(27.508169924,-3.630645753,10.851778439));
#770=CARTESIAN_POINT('',(27.876656868,-3.648608141,10.754759617));
#771=CARTESIAN_POINT('',(28.245134599,-3.629604051,10.650899205));
#772=CARTESIAN_POINT('',(28.967869619,-3.518395595,10.433496909));
#773=CARTESIAN_POINT('',(29.32210884,-3.42619401,10.319960457));
#774=CARTESIAN_POINT('',(30.002677469,-3.172149952,10.087591634));
#775=CARTESIAN_POINT('',(30.328989862,-3.01031383,9.968765069));
#776=CARTESIAN_POINT('',(30.941093943,-2.623251043,9.730406302));
#777=CARTESIAN_POINT('',(31.226870326,-2.398034055,9.610880058));
#778=CARTESIAN_POINT('',(31.746857265,-1.89290931,9.375739622));
#779=CARTESIAN_POINT('',(31.98105482,-1.613014182,9.260131307));
#780=CARTESIAN_POINT('',(32.388831556,-1.009346191,9.037293432));
#781=CARTESIAN_POINT('',(32.562400543,-0.685588422,8.930069441));
#782=CARTESIAN_POINT('',(32.842209974,-0.006703614,8.728143359));
#783=CARTESIAN_POINT('',(32.948443424,0.348406451,8.633446316));
#784=CARTESIAN_POINT('',(33.089473281,1.076275292,8.460233651));
#785=CARTESIAN_POINT('',(33.124266162,1.449015871,8.381722359));
#786=CARTESIAN_POINT('',(33.122666487,1.823379568,8.312819031));
#787=CARTESIAN_POINT('',(27.427989639,-3.678771587,10.591840184));
#788=CARTESIAN_POINT('',(27.789455219,-3.701109879,10.471186136));
#789=CARTESIAN_POINT('',(28.150911737,-3.686432101,10.343681935));
#790=CARTESIAN_POINT('',(28.859856543,-3.583611065,10.079892864));
#791=CARTESIAN_POINT('',(29.20732706,-3.495470385,9.943614604));
#792=CARTESIAN_POINT('',(29.874853991,-3.249130497,9.667548928));
#793=CARTESIAN_POINT('',(30.194893671,-3.090937464,9.527768429));
#794=CARTESIAN_POINT('',(30.7951738,-2.710610518,9.250105652));
#795=CARTESIAN_POINT('',(31.0753992,-2.488486138,9.112230331));
#796=CARTESIAN_POINT('',(31.585205608,-1.988888133,8.843711961));
#797=CARTESIAN_POINT('',(31.814773835,-1.711427031,8.713075642));
#798=CARTESIAN_POINT('',(32.214380339,-1.111888764,8.464089657));
#799=CARTESIAN_POINT('',(32.384408598,-0.789826629,8.34574623));
#800=CARTESIAN_POINT('',(32.658353025,-0.113545741,8.125925198));
#801=CARTESIAN_POINT('',(32.762262324,0.24065606,8.024453102));
#802=CARTESIAN_POINT('',(32.899944793,0.967512666,7.842301532));
#803=CARTESIAN_POINT('',(32.93371451,1.340149251,7.761626623));
#804=CARTESIAN_POINT('',(32.931761046,1.714803556,7.692909279));
#805=CARTESIAN_POINT('',(27.217598434,-3.77125273,10.092329112));
#806=CARTESIAN_POINT('',(27.560425735,-3.802015905,9.926170412));
#807=CARTESIAN_POINT('',(27.903244399,-3.795667616,9.7531451));
#808=CARTESIAN_POINT('',(28.575599918,-3.708993937,9.400054696));
#809=CARTESIAN_POINT('',(28.905119831,-3.628670732,9.219998496));
#810=CARTESIAN_POINT('',(29.538093999,-3.397159585,8.85982962));
#811=CARTESIAN_POINT('',(29.841532303,-3.245977477,8.679726016));
#812=CARTESIAN_POINT('',(30.410570546,-2.878609784,8.326447911));
#813=CARTESIAN_POINT('',(30.676156146,-2.662433456,8.15328231));
#814=CARTESIAN_POINT('',(31.159184113,-2.173460108,7.82059713));
#815=CARTESIAN_POINT('',(31.376614308,-1.900675409,7.661085931));
#816=CARTESIAN_POINT('',(31.754894185,-1.309064448,7.361897291));
#817=CARTESIAN_POINT('',(31.915734335,-0.990253092,7.222227385));
#818=CARTESIAN_POINT('',(32.174591729,-0.318953913,6.968139878));
#819=CARTESIAN_POINT('',(32.272602451,0.033516998,6.853728678));
#820=CARTESIAN_POINT('',(32.401995646,0.758463887,6.654597774));
#821=CARTESIAN_POINT('',(32.433374857,1.130921601,6.569883087));
#822=CARTESIAN_POINT('',(32.430829604,1.506158158,6.501657974));
#823=CARTESIAN_POINT('',(27.087392716,-3.815605753,9.852768644));
#824=CARTESIAN_POINT('',(27.418603418,-3.850417673,9.664741776));
#825=CARTESIAN_POINT('',(27.749805754,-3.848072332,9.4698404));
#826=CARTESIAN_POINT('',(28.399362825,-3.769158146,9.073837892));
#827=CARTESIAN_POINT('',(28.717701154,-3.692591296,8.87274676));
#828=CARTESIAN_POINT('',(29.329164883,-3.468204317,8.472173821));
#829=CARTESIAN_POINT('',(29.622274839,-3.320389856,8.272702128));
#830=CARTESIAN_POINT('',(30.171895773,-2.959245232,7.883114711));
#831=CARTESIAN_POINT('',(30.428392867,-2.74592419,7.693008824));
#832=CARTESIAN_POINT('',(30.894823542,-2.262048491,7.329536394));
#833=CARTESIAN_POINT('',(31.104745341,-1.991506054,7.156179029));
#834=CARTESIAN_POINT('',(31.469869429,-1.403692492,6.832937017));
#835=CARTESIAN_POINT('',(31.625062495,-1.086436212,6.683060533));
#836=CARTESIAN_POINT('',(31.874698444,-0.417514733,6.412602164));
#837=CARTESIAN_POINT('',(31.96913502,-0.065866428,6.292027109));
#838=CARTESIAN_POINT('',(32.09358687,0.658182972,6.084855893));
#839=CARTESIAN_POINT('',(32.123599,1.030565781,5.998264964));
#840=CARTESIAN_POINT('',(32.12081599,1.406093932,5.930345875));
#841=CARTESIAN_POINT('',(26.781952027,-3.898836583,9.403220556));
#842=CARTESIAN_POINT('',(27.085762296,-3.941258846,9.174088544));
#843=CARTESIAN_POINT('',(27.389564854,-3.946437832,8.9380672));
#844=CARTESIAN_POINT('',(27.985358173,-3.88210833,8.461408959));
#845=CARTESIAN_POINT('',(28.277333814,-3.812601475,8.220784155));
#846=CARTESIAN_POINT('',(28.838105908,-3.601602462,7.744285066));
#847=CARTESIAN_POINT('',(29.10688813,-3.460115659,7.508422869));
#848=CARTESIAN_POINT('',(29.610808352,-3.110661121,7.050630209));
#849=CARTESIAN_POINT('',(29.845933564,-2.902702253,6.828711361));
#850=CARTESIAN_POINT('',(30.273384487,-2.42839588,6.407444385));
#851=CARTESIAN_POINT('',(30.465699351,-2.162060409,6.208106945));
#852=CARTESIAN_POINT('',(30.800040464,-1.581366027,5.839763282));
#853=CARTESIAN_POINT('',(30.942058229,-1.26702185,5.670766403));
#854=CARTESIAN_POINT('',(31.170273746,-0.602544661,5.369683785));
#855=CARTESIAN_POINT('',(31.256465706,-0.25242851,5.237605685));
#856=CARTESIAN_POINT('',(31.369671265,0.469964878,5.015503856));
#857=CARTESIAN_POINT('',(31.396681991,0.842223784,4.925485763));
#858=CARTESIAN_POINT('',(31.393576256,1.218318036,4.858248024));
#859=CARTESIAN_POINT('',(26.60672461,-3.937712332,9.19324405));
#860=CARTESIAN_POINT('',(26.894751637,-3.983695972,8.944876258));
#861=CARTESIAN_POINT('',(27.182771339,-3.992396119,8.689612206));
#862=CARTESIAN_POINT('',(27.747600521,-3.934891384,8.175212667));
#863=CARTESIAN_POINT('',(28.024395637,-3.868687966,7.916090258));
#864=CARTESIAN_POINT('',(28.555987656,-3.66395237,7.404071236));
#865=CARTESIAN_POINT('',(28.810771039,-3.5254254,7.151187642));
#866=CARTESIAN_POINT('',(29.288408905,-3.181437559,6.66150092));
#867=CARTESIAN_POINT('',(29.51125124,-2.975985435,6.424710243));
#868=CARTESIAN_POINT('',(29.916320642,-2.506150494,5.976437455));
#869=CARTESIAN_POINT('',(30.098537407,-2.241779624,5.764966742));
#870=CARTESIAN_POINT('',(30.415252141,-1.664406866,5.37557582));
#871=CARTESIAN_POINT('',(30.549742055,-1.351419659,5.197665513));
#872=CARTESIAN_POINT('',(30.765759235,-0.689008997,4.882330013));
#873=CARTESIAN_POINT('',(30.847281008,-0.339602385,4.74491284));
#874=CARTESIAN_POINT('',(30.954182092,0.382032446,4.515920668));
#875=CARTESIAN_POINT('',(30.979558684,0.754242315,4.424351492));
#876=CARTESIAN_POINT('',(30.976368118,1.130611008,4.357488781));
#877=CARTESIAN_POINT('',(26.217972352,-4.008494335,8.810934826));
#878=CARTESIAN_POINT('',(26.470865234,-4.060971158,8.527495919));
#879=CARTESIAN_POINT('',(26.723751659,-4.076091214,8.237148137));
#880=CARTESIAN_POINT('',(27.219662504,-4.031029078,7.653941492));
#881=CARTESIAN_POINT('',(27.462674263,-3.970848035,7.361097514));
#882=CARTESIAN_POINT('',(27.929345948,-3.777529812,6.784332147));
#883=CARTESIAN_POINT('',(28.152993958,-3.644397566,6.500425481));
#884=CARTESIAN_POINT('',(28.572203964,-3.310371619,5.95262008));
#885=CARTESIAN_POINT('',(28.767755257,-3.109486446,5.688735328));
#886=CARTESIAN_POINT('',(29.12313434,-2.647795073,5.191277957));
#887=CARTESIAN_POINT('',(29.282953057,-2.387000659,4.957718036));
#888=CARTESIAN_POINT('',(29.56062443,-1.815670843,4.53003108));
#889=CARTESIAN_POINT('',(29.678469995,-1.505150025,4.335914962));
#890=CARTESIAN_POINT('',(29.867591184,-0.846489562,3.994696814));
#891=CARTESIAN_POINT('',(29.938861978,-0.498366732,3.847603494));
#892=CARTESIAN_POINT('',(30.032048199,0.22190678,3.606176591));
#893=CARTESIAN_POINT('',(30.053961246,0.594039075,3.511849171));
#894=CARTESIAN_POINT('',(30.050767506,0.970920735,3.445744504));
#895=CARTESIAN_POINT('',(26.004457126,-4.040398838,8.638611561));
#896=CARTESIAN_POINT('',(26.237999964,-4.09580727,8.339338385));
#897=CARTESIAN_POINT('',(26.47153683,-4.11382588,8.033150647));
#898=CARTESIAN_POINT('',(26.929495164,-4.074381198,7.418880269));
#899=CARTESIAN_POINT('',(27.153904919,-4.016918914,7.110813336));
#900=CARTESIAN_POINT('',(27.58483794,-3.828754307,6.504823465));
#901=CARTESIAN_POINT('',(27.791350182,-3.698056795,6.206916023));
#902=CARTESIAN_POINT('',(28.178416123,-3.368525765,5.632887642));
#903=CARTESIAN_POINT('',(28.358959922,-3.169700674,5.356781382));
#904=CARTESIAN_POINT('',(28.687031435,-2.711681225,4.837146516));
#905=CARTESIAN_POINT('',(28.834550758,-2.452498581,4.593631198));
#906=CARTESIAN_POINT('',(29.090806119,-1.883889953,4.148696308));
#907=CARTESIAN_POINT('',(29.199535602,-1.57447851,3.947288115));
#908=CARTESIAN_POINT('',(29.373959811,-0.91750168,3.594440559));
#909=CARTESIAN_POINT('',(29.439650075,-0.569953093,3.443010219));
#910=CARTESIAN_POINT('',(29.525426264,0.149717609,3.19603878));
#911=CARTESIAN_POINT('',(29.545509994,0.521821321,3.100503995));
#912=CARTESIAN_POINT('',(29.542397919,0.898941437,3.034782014));
#913=CARTESIAN_POINT('',(25.547332831,-4.096011901,8.338233132));
#914=CARTESIAN_POINT('',(25.739356875,-4.156535686,8.011330803));
#915=CARTESIAN_POINT('',(25.931375991,-4.179611999,7.677503997));
#916=CARTESIAN_POINT('',(26.307907797,-4.149968912,7.009032804));
#917=CARTESIAN_POINT('',(26.492410826,-4.097250272,6.674405563));
#918=CARTESIAN_POINT('',(26.846687994,-3.918076878,6.01743043));
#919=CARTESIAN_POINT('',(27.016453045,-3.79162672,5.695099388));
#920=CARTESIAN_POINT('',(27.334608319,-3.46993585,5.07533301));
#921=CARTESIAN_POINT('',(27.482990381,-3.274703391,4.777913571));
#922=CARTESIAN_POINT('',(27.752570401,-2.823085875,4.219612405));
#923=CARTESIAN_POINT('',(27.873761443,-2.566712403,3.958744998));
#924=CARTESIAN_POINT('',(28.084214197,-2.002844269,3.483759908));
#925=CARTESIAN_POINT('',(28.173470511,-1.695364071,3.269654407));
#926=CARTESIAN_POINT('',(28.316558371,-1.041314718,2.896575463));
#927=CARTESIAN_POINT('',(28.370386248,-0.69476234,2.73761159));
#928=CARTESIAN_POINT('',(28.440508407,0.023869244,2.481040489));
#929=CARTESIAN_POINT('',(28.456800891,0.395930016,2.383439844));
#930=CARTESIAN_POINT('',(28.454006742,0.773473594,2.318429133));
#931=CARTESIAN_POINT('',(25.303735067,-4.119719085,8.210185394));
#932=CARTESIAN_POINT('',(25.473591456,-4.182426454,7.871489053));
#933=CARTESIAN_POINT('',(25.643443483,-4.207661757,7.525864005));
#934=CARTESIAN_POINT('',(25.976503421,-4.182202503,6.834257422));
#935=CARTESIAN_POINT('',(26.139702777,-4.1315086,6.48829365));
#936=CARTESIAN_POINT('',(26.453064766,-3.956172528,5.809559308));
#937=CARTESIAN_POINT('',(26.603219349,-3.831534863,5.47680617));
#938=CARTESIAN_POINT('',(26.8846098,-3.513189011,4.837526093));
#939=CARTESIAN_POINT('',(27.015838438,-3.319489001,4.531015574));
#940=CARTESIAN_POINT('',(27.254236004,-2.870601327,3.956226614));
#941=CARTESIAN_POINT('',(27.361398807,-2.615425191,3.687962937));
#942=CARTESIAN_POINT('',(27.547466062,-2.053576264,3.200176224));
#943=CARTESIAN_POINT('',(27.626365735,-1.746917904,2.980665716));
#944=CARTESIAN_POINT('',(27.7528149,-1.094112372,2.598985029));
#945=CARTESIAN_POINT('',(27.800361144,-0.747981966,2.436824652));
#946=CARTESIAN_POINT('',(27.862239526,-0.029786743,2.176198236));
#947=CARTESIAN_POINT('',(27.876570074,0.342259628,2.07773889));
#948=CARTESIAN_POINT('',(27.874012064,0.719988151,2.013056454));
#949=CARTESIAN_POINT('',(24.795805765,-4.158026029,8.003281133));
#950=CARTESIAN_POINT('',(24.919376931,-4.224263952,7.645515485));
#951=CARTESIAN_POINT('',(25.042944916,-4.252990059,7.280814297));
#952=CARTESIAN_POINT('',(25.285242062,-4.234295374,6.551801879));
#953=CARTESIAN_POINT('',(25.403964986,-4.186875063,6.187509411));
#954=CARTESIAN_POINT('',(25.631916553,-4.017742856,5.473597018));
#955=CARTESIAN_POINT('',(25.741139328,-3.896035313,5.123995467));
#956=CARTESIAN_POINT('',(25.945807408,-3.583096615,4.45317226));
#957=CARTESIAN_POINT('',(26.041247444,-3.391873515,4.131967869));
#958=CARTESIAN_POINT('',(26.214607067,-2.947397401,3.530533699));
#959=CARTESIAN_POINT('',(26.29252219,-2.694155828,3.2503194));
#960=CARTESIAN_POINT('',(26.427775979,-2.135568395,2.741853714));
#961=CARTESIAN_POINT('',(26.485111163,-1.830236913,2.513615414));
#962=CARTESIAN_POINT('',(26.576955859,-1.179438075,2.118052815));
#963=CARTESIAN_POINT('',(26.611463007,-0.83398747,1.950738697));
#964=CARTESIAN_POINT('',(26.656297407,-0.116492351,1.683587399));
#965=CARTESIAN_POINT('',(26.666623504,0.255533695,1.583757095));
#966=CARTESIAN_POINT('',(26.664656584,0.633564398,1.519624007));
#967=CARTESIAN_POINT('',(24.531486788,-4.172624841,7.924429726));
#968=CARTESIAN_POINT('',(24.630941669,-4.240209623,7.5593894));
#969=CARTESIAN_POINT('',(24.730393989,-4.270267431,7.18741093));
#970=CARTESIAN_POINT('',(24.925402722,-4.254153263,6.444129264));
#971=CARTESIAN_POINT('',(25.020954111,-4.207981702,6.072845213));
#972=CARTESIAN_POINT('',(25.204412767,-4.041215844,5.345515072));
#973=CARTESIAN_POINT('',(25.292315307,-3.920625842,4.989487716));
#974=CARTESIAN_POINT('',(25.45702788,-3.609749121,4.306636003));
#975=CARTESIAN_POINT('',(25.53383367,-3.41947041,3.979829234));
#976=CARTESIAN_POINT('',(25.673339454,-2.9766759,3.368238349));
#977=CARTESIAN_POINT('',(25.736035855,-2.724171507,3.083469986));
#978=CARTESIAN_POINT('',(25.844862858,-2.166826295,2.567127385));
#979=CARTESIAN_POINT('',(25.890990657,-1.861999833,2.335566447));
#980=CARTESIAN_POINT('',(25.964870236,-1.211963857,1.934723818));
#981=CARTESIAN_POINT('',(25.992620111,-0.866771087,1.765452453));
#982=CARTESIAN_POINT('',(26.028654402,-0.149539754,1.495831418));
#983=CARTESIAN_POINT('',(26.03693789,0.222480334,1.395488694));
#984=CARTESIAN_POINT('',(26.035325685,0.600628225,1.331576439));
#985=CARTESIAN_POINT('',(23.992271917,-4.192153552,7.818950848));
#986=CARTESIAN_POINT('',(24.042496953,-4.261540411,7.444177104));
#987=CARTESIAN_POINT('',(24.092720693,-4.293380018,7.062461732));
#988=CARTESIAN_POINT('',(24.191199548,-4.280718526,6.300088171));
#989=CARTESIAN_POINT('',(24.239452123,-4.236217753,5.919449641));
#990=CARTESIAN_POINT('',(24.332094696,-4.072617938,5.174167376));
#991=CARTESIAN_POINT('',(24.376482304,-3.953523115,4.809542858));
#992=CARTESIAN_POINT('',(24.459652588,-3.645405064,4.110598556));
#993=CARTESIAN_POINT('',(24.498433119,-3.456389782,3.776296795));
#994=CARTESIAN_POINT('',(24.568866875,-3.015844842,3.151118715));
#995=CARTESIAN_POINT('',(24.600518282,-2.764326545,2.860258518));
#996=CARTESIAN_POINT('',(24.655451147,-2.208642826,2.333380159));
#997=CARTESIAN_POINT('',(24.678731187,-1.904491734,2.097375583));
#998=CARTESIAN_POINT('',(24.716007174,-1.255475681,1.689472929));
#999=CARTESIAN_POINT('',(24.730002159,-0.910627455,1.51758537));
#1000=CARTESIAN_POINT('',(24.748158271,-0.193748105,1.244665517));
#1001=CARTESIAN_POINT('',(24.752318929,0.178264535,1.143640261));
#1002=CARTESIAN_POINT('',(24.751480755,0.556569778,1.080026759));
#1003=CARTESIAN_POINT('',(23.717389357,-4.197082967,7.792325986));
#1004=CARTESIAN_POINT('',(23.742502237,-4.266924987,7.415093821));
#1005=CARTESIAN_POINT('',(23.767614469,-4.299214635,7.030919147));
#1006=CARTESIAN_POINT('',(23.816854602,-4.287425188,6.263723561));
#1007=CARTESIAN_POINT('',(23.840981233,-4.243346398,5.880722437));
#1008=CARTESIAN_POINT('',(23.887303171,-4.080546177,5.130906362));
#1009=CARTESIAN_POINT('',(23.909497283,-3.961828945,4.764110752));
#1010=CARTESIAN_POINT('',(23.951082991,-3.654407506,4.061102845));
#1011=CARTESIAN_POINT('',(23.970473514,-3.465711227,3.724908682));
#1012=CARTESIAN_POINT('',(24.005690842,-3.025734195,3.096300481));
#1013=CARTESIAN_POINT('',(24.021516739,-2.774464789,2.803902658));
#1014=CARTESIAN_POINT('',(24.048983484,-2.21920031,2.274365675));
#1015=CARTESIAN_POINT('',(24.060623623,-1.915219558,2.037240174));
#1016=CARTESIAN_POINT('',(24.079261775,-1.266460561,1.627557588));
#1017=CARTESIAN_POINT('',(24.086259306,-0.921699049,1.45501107));
#1018=CARTESIAN_POINT('',(24.095337356,-0.204907918,1.181262036));
#1019=CARTESIAN_POINT('',(24.097417641,0.167103211,1.08006658));
#1020=CARTESIAN_POINT('',(24.096998469,0.545448593,1.016530866));
#1021=CARTESIAN_POINT('',(23.4425,-4.197082967,7.792325986));
#1022=CARTESIAN_POINT('',(23.4425,-4.266924987,7.415093821));
#1023=CARTESIAN_POINT('',(23.4425,-4.299214635,7.030919147));
#1024=CARTESIAN_POINT('',(23.4425,-4.287425188,6.263723561));
#1025=CARTESIAN_POINT('',(23.4425,-4.243346398,5.880722437));
#1026=CARTESIAN_POINT('',(23.4425,-4.080546177,5.130906362));
#1027=CARTESIAN_POINT('',(23.4425,-3.961828945,4.764110752));
#1028=CARTESIAN_POINT('',(23.4425,-3.654407506,4.061102845));
#1029=CARTESIAN_POINT('',(23.4425,-3.465711227,3.724908682));
#1030=CARTESIAN_POINT('',(23.4425,-3.025734195,3.096300481));
#1031=CARTESIAN_POINT('',(23.4425,-2.774464789,2.803902658));
#1032=CARTESIAN_POINT('',(23.4425,-2.21920031,2.274365675));
#1033=CARTESIAN_POINT('',(23.4425,-1.915219558,2.037240174));
#1034=CARTESIAN_POINT('',(23.4425,-1.266460561,1.627557588));
#1035=CARTESIAN_POINT('',(23.4425,-0.921699049,1.45501107));
#1036=CARTESIAN_POINT('',(23.4425,-0.204907918,1.181262036));
#1037=CARTESIAN_POINT('',(23.4425,0.167103211,1.08006658));
#1038=CARTESIAN_POINT('',(23.4425,0.545448593,1.016530866));
#1039=B_SPLINE_SURFACE_WITH_KNOTS('',3,3,((#715,#716,#717,#718,#719,#720,#721,#722,#723,#724,#725,#726,#727,#728,#729,#730,#731,#732),(#733,#734,#735,#736,#737,#738,#739,#740,#741,#742,#743,#744,#745,#746,#747,#748,#749,#750),(#751,#752,#753,#754,#755,#756,#757,#758,#759,#760,#761,#762,#763,#764,#765,#766,#767,#768),(#769,#770,#771,#772,#773,#774,#775,#776,#777,#778,#779,#780,#781,#782,#783,#784,#785,#786),(#787,#788,#789,#790,#791,#792,#793,#794,#795,#796,#797,#798,#799,#800,#801,#802,#803,#804),(#805,#806,#807,#808,#809,#810,#811,#812,#813,#814,#815,#816,#817,#818,#819,#820,#821,#822),(#823,#824,#825,#826,#827,#828,#829,#830,#831,#832,#833,#834,#835,#836,#837,#838,#839,#840),(#841,#842,#843,#844,#845,#846,#847,#848,#849,#850,#851,#852,#853,#854,#855,#856,#857,#858),(#859,#860,#861,#862,#863,#864,#865,#866,#867,#868,#869,#870,#871,#872,#873,#874,#875,#876),(#877,#878,#879,#880,#881,#882,#883,#884,#885,#886,#887,#888,#889,#890,#891,#892,#893,#894),(#895,#896,#897,#898,#899,#900,#901,#902,#903,#904,#905,#906,#907,#908,#909,#910,#911,#912),(#913,#914,#915,#916,#917,#918,#919,#920,#921,#922,#923,#924,#925,#926,#927,#928,#929,#930),(#931,#932,#933,#934,#935,#936,#937,#938,#939,#940,#941,#942,#943,#944,#945,#946,#947,#948),(#949,#950,#951,#952,#953,#954,#955,#956,#957,#958,#959,#960,#961,#962,#963,#964,#965,#966),(#967,#968,#969,#970,#971,#972,#973,#974,#975,#976,#977,#978,#979,#980,#981,#982,#983,#984),(#985,#986,#987,#988,#989,#990,#991,#992,#993,#994,#995,#996,#997,#998,#999,#1000,#1001,#1002),(#1003,#1004,#1005,#1006,#1007,#1008,#1009,#1010,#1011,#1012,#1013,#1014,#1015,#1016,#1017,#1018,#1019,#1020),(#1021,#1022,#1023,#1024,#1025,#1026,#1027,#1028,#1029,#1030,#1031,#1032,#1033,#1034,#1035,#1036,#1037,#1038)),.UNSPECIFIED.,.F.,.F.,.U.,(4,2,2,2,2,2,2,2,4),(4,2,2,2,2,2,2,2,4),(1.570796327,1.767145868,1.963495408,2.159844949,2.35619449,2.552544031,2.748893572,2.945243113,3.141592654),(0.,0.125,0.25,0.375,0.5,0.625,0.75,0.875,1.),.UNSPECIFIED.);
#1040=ORIENTED_EDGE('',*,*,#646,.T.);
#1041=CARTESIAN_POINT('',(31.137797264,-2.280432926,11.709443552));
#1042=VERTEX_POINT('',#1041);
#1043=CARTESIAN_POINT('',(27.632361648,-3.485470679,11.635901066));
#1044=CARTESIAN_POINT('',(27.949885998,-3.484092361,11.643345665));
#1045=CARTESIAN_POINT('',(28.262825287,-3.456727735,11.650079758));
#1046=CARTESIAN_POINT('',(28.571434552,-3.404446162,11.656515295));
#1047=CARTESIAN_POINT('',(28.880043816,-3.35216459,11.662950832));
#1048=CARTESIAN_POINT('',(29.184319912,-3.274965502,11.669071118));
#1049=CARTESIAN_POINT('',(29.484121809,-3.171886799,11.675094126));
#1050=CARTESIAN_POINT('',(29.783923705,-3.068808096,11.681117134));
#1051=CARTESIAN_POINT('',(30.072704227,-2.941934666,11.686909318));
#1052=CARTESIAN_POINT('',(30.348292392,-2.793297296,11.69258553));
#1053=CARTESIAN_POINT('',(30.623880557,-2.644659926,11.698261742));
#1054=CARTESIAN_POINT('',(30.887178083,-2.473947716,11.703836321));
#1055=CARTESIAN_POINT('',(31.13779762,-2.280432656,11.709443529));
#1056=B_SPLINE_CURVE_WITH_KNOTS('',3,(#1043,#1044,#1045,#1046,#1047,#1048,#1049,#1050,#1051,#1052,#1053,#1054,#1055),.UNSPECIFIED.,.F.,.F.,(4,3,3,3,4),(0.039686187,0.040943018,0.042199848,0.043456679,0.044713509),.UNSPECIFIED.);
#1057=EDGE_CURVE('',#632,#1042,#1056,.T.);
#1058=ORIENTED_EDGE('',*,*,#1057,.T.);
#1059=CARTESIAN_POINT('',(27.6425,2.270709699,10.866829852));
#1060=DIRECTION('',(0.,0.182049469,0.983289373));
#1061=DIRECTION('',(0.,-0.983289373,0.182049469));
#1062=AXIS2_PLACEMENT_3D('',#1059,#1060,#1061);
#1063=CIRCLE('',#1062,5.8);
#1064=EDGE_CURVE('',#1042,#455,#1063,.T.);
#1065=ORIENTED_EDGE('',*,*,#1064,.T.);
#1066=ORIENTED_EDGE('',*,*,#515,.T.);
#1067=CARTESIAN_POINT('',(23.4425,1.505995396,6.736439068));
#1068=DIRECTION('',(-1.,0.,0.));
#1069=DIRECTION('',(0.,0.,1.));
#1070=AXIS2_PLACEMENT_3D('',#1067,#1068,#1069);
#1071=CIRCLE('',#1070,5.8);
#1072=EDGE_CURVE('',#503,#640,#1071,.T.);
#1073=ORIENTED_EDGE('',*,*,#1072,.T.);
#1074=EDGE_LOOP('',(#1040,#1058,#1065,#1066,#1073));
#1075=FACE_BOUND('',#1074,.T.);
#1076=ADVANCED_FACE('',(#1075),#1039,.F.);
#1077=CARTESIAN_POINT('',(0.,1.505995396,6.736439068));
#1078=DIRECTION('',(1.,0.,0.));
#1079=DIRECTION('',(0.,0.,-1.));
#1080=AXIS2_PLACEMENT_3D('',#1077,#1078,#1079);
#1081=CYLINDRICAL_SURFACE('',#1080,5.8);
#1082=ORIENTED_EDGE('',*,*,#1072,.F.);
#1083=ORIENTED_EDGE('',*,*,#546,.T.);
#1084=CARTESIAN_POINT('',(-23.4425,1.505995396,6.736439068));
#1085=DIRECTION('',(-1.,-0.,-0.));
#1086=DIRECTION('',(0.,0.,-1.));
#1087=AXIS2_PLACEMENT_3D('',#1084,#1085,#1086);
#1088=CIRCLE('',#1087,5.8);
#1089=EDGE_CURVE('',#535,#623,#1088,.T.);
#1090=ORIENTED_EDGE('',*,*,#1089,.T.);
#1091=ORIENTED_EDGE('',*,*,#652,.T.);
#1092=EDGE_LOOP('',(#1082,#1083,#1090,#1091));
#1093=FACE_BOUND('',#1092,.T.);
#1094=ADVANCED_FACE('',(#1093),#1081,.F.);
#1095=CARTESIAN_POINT('',(27.6425,14.4995353,76.917416813));
#1096=DIRECTION('',(0.,0.182049469,0.983289373));
#1097=DIRECTION('',(0.,-0.983289373,0.182049469));
#1098=AXIS2_PLACEMENT_3D('',#1095,#1096,#1097);
#1099=CYLINDRICAL_SURFACE('',#1098,5.8);
#1100=ORIENTED_EDGE('',*,*,#1064,.F.);
#1101=CARTESIAN_POINT('',(27.6425,2.480508593,12.));
#1102=DIRECTION('',(-0.,-0.060915862,0.998142904));
#1103=DIRECTION('',(0.,0.998142904,0.060915862));
#1104=AXIS2_PLACEMENT_3D('',#1101,#1102,#1103);
#1105=ELLIPSE('',#1104,5.97707928,5.8);
#1106=EDGE_CURVE('',#1042,#453,#1105,.T.);
#1107=ORIENTED_EDGE('',*,*,#1106,.T.);
#1108=ORIENTED_EDGE('',*,*,#460,.T.);
#1109=EDGE_LOOP('',(#1100,#1107,#1108));
#1110=FACE_BOUND('',#1109,.T.);
#1111=ADVANCED_FACE('',(#1110),#1099,.F.);
#1112=CARTESIAN_POINT('',(-23.4425,-4.197082967,7.792325986));
#1113=CARTESIAN_POINT('',(-23.4425,-4.266924987,7.415093821));
#1114=CARTESIAN_POINT('',(-23.4425,-4.299214635,7.030919147));
#1115=CARTESIAN_POINT('',(-23.4425,-4.287425188,6.263723561));
#1116=CARTESIAN_POINT('',(-23.4425,-4.243346398,5.880722437));
#1117=CARTESIAN_POINT('',(-23.4425,-4.080546177,5.130906362));
#1118=CARTESIAN_POINT('',(-23.4425,-3.961828945,4.764110752));
#1119=CARTESIAN_POINT('',(-23.4425,-3.654407506,4.061102845));
#1120=CARTESIAN_POINT('',(-23.4425,-3.465711227,3.724908682));
#1121=CARTESIAN_POINT('',(-23.4425,-3.025734195,3.096300481));
#1122=CARTESIAN_POINT('',(-23.4425,-2.774464789,2.803902658));
#1123=CARTESIAN_POINT('',(-23.4425,-2.21920031,2.274365675));
#1124=CARTESIAN_POINT('',(-23.4425,-1.915219558,2.037240174));
#1125=CARTESIAN_POINT('',(-23.4425,-1.266460561,1.627557588));
#1126=CARTESIAN_POINT('',(-23.4425,-0.921699049,1.45501107));
#1127=CARTESIAN_POINT('',(-23.4425,-0.204907918,1.181262036));
#1128=CARTESIAN_POINT('',(-23.4425,0.167103211,1.08006658));
#1129=CARTESIAN_POINT('',(-23.4425,0.545448593,1.016530866));
#1130=CARTESIAN_POINT('',(-23.717389357,-4.197082967,7.792325986));
#1131=CARTESIAN_POINT('',(-23.742502237,-4.266924987,7.415093821));
#1132=CARTESIAN_POINT('',(-23.767614469,-4.299214635,7.030919147));
#1133=CARTESIAN_POINT('',(-23.816854602,-4.287425188,6.263723561));
#1134=CARTESIAN_POINT('',(-23.840981233,-4.243346398,5.880722437));
#1135=CARTESIAN_POINT('',(-23.887303171,-4.080546177,5.130906362));
#1136=CARTESIAN_POINT('',(-23.909497283,-3.961828945,4.764110752));
#1137=CARTESIAN_POINT('',(-23.951082991,-3.654407506,4.061102845));
#1138=CARTESIAN_POINT('',(-23.970473514,-3.465711227,3.724908682));
#1139=CARTESIAN_POINT('',(-24.005690842,-3.025734195,3.096300481));
#1140=CARTESIAN_POINT('',(-24.021516739,-2.774464789,2.803902658));
#1141=CARTESIAN_POINT('',(-24.048983484,-2.21920031,2.274365675));
#1142=CARTESIAN_POINT('',(-24.060623623,-1.915219558,2.037240174));
#1143=CARTESIAN_POINT('',(-24.079261775,-1.266460561,1.627557588));
#1144=CARTESIAN_POINT('',(-24.086259306,-0.921699049,1.45501107));
#1145=CARTESIAN_POINT('',(-24.095337356,-0.204907918,1.181262036));
#1146=CARTESIAN_POINT('',(-24.097417641,0.167103211,1.08006658));
#1147=CARTESIAN_POINT('',(-24.096998469,0.545448593,1.016530866));
#1148=CARTESIAN_POINT('',(-23.992271917,-4.192153552,7.818950848));
#1149=CARTESIAN_POINT('',(-24.042496953,-4.261540411,7.444177104));
#1150=CARTESIAN_POINT('',(-24.092720693,-4.293380018,7.062461732));
#1151=CARTESIAN_POINT('',(-24.191199548,-4.280718526,6.300088171));
#1152=CARTESIAN_POINT('',(-24.239452123,-4.236217753,5.919449641));
#1153=CARTESIAN_POINT('',(-24.332094696,-4.072617938,5.174167376));
#1154=CARTESIAN_POINT('',(-24.376482304,-3.953523115,4.809542858));
#1155=CARTESIAN_POINT('',(-24.459652588,-3.645405064,4.110598556));
#1156=CARTESIAN_POINT('',(-24.498433119,-3.456389782,3.776296795));
#1157=CARTESIAN_POINT('',(-24.568866875,-3.015844842,3.151118715));
#1158=CARTESIAN_POINT('',(-24.600518282,-2.764326545,2.860258518));
#1159=CARTESIAN_POINT('',(-24.655451147,-2.208642826,2.333380159));
#1160=CARTESIAN_POINT('',(-24.678731187,-1.904491734,2.097375583));
#1161=CARTESIAN_POINT('',(-24.716007174,-1.255475681,1.689472929));
#1162=CARTESIAN_POINT('',(-24.730002159,-0.910627455,1.51758537));
#1163=CARTESIAN_POINT('',(-24.748158271,-0.193748105,1.244665517));
#1164=CARTESIAN_POINT('',(-24.752318929,0.178264535,1.143640261));
#1165=CARTESIAN_POINT('',(-24.751480755,0.556569778,1.080026759));
#1166=CARTESIAN_POINT('',(-24.531486788,-4.172624841,7.924429726));
#1167=CARTESIAN_POINT('',(-24.630941669,-4.240209623,7.5593894));
#1168=CARTESIAN_POINT('',(-24.730393989,-4.270267431,7.18741093));
#1169=CARTESIAN_POINT('',(-24.925402722,-4.254153263,6.444129264));
#1170=CARTESIAN_POINT('',(-25.020954111,-4.207981702,6.072845213));
#1171=CARTESIAN_POINT('',(-25.204412767,-4.041215844,5.345515072));
#1172=CARTESIAN_POINT('',(-25.292315307,-3.920625842,4.989487716));
#1173=CARTESIAN_POINT('',(-25.45702788,-3.609749121,4.306636003));
#1174=CARTESIAN_POINT('',(-25.53383367,-3.41947041,3.979829234));
#1175=CARTESIAN_POINT('',(-25.673339454,-2.9766759,3.368238349));
#1176=CARTESIAN_POINT('',(-25.736035855,-2.724171507,3.083469986));
#1177=CARTESIAN_POINT('',(-25.844862858,-2.166826295,2.567127385));
#1178=CARTESIAN_POINT('',(-25.890990657,-1.861999833,2.335566447));
#1179=CARTESIAN_POINT('',(-25.964870236,-1.211963857,1.934723818));
#1180=CARTESIAN_POINT('',(-25.992620111,-0.866771087,1.765452453));
#1181=CARTESIAN_POINT('',(-26.028654402,-0.149539754,1.495831418));
#1182=CARTESIAN_POINT('',(-26.03693789,0.222480334,1.395488694));
#1183=CARTESIAN_POINT('',(-26.035325685,0.600628225,1.331576439));
#1184=CARTESIAN_POINT('',(-24.795805765,-4.158026029,8.003281133));
#1185=CARTESIAN_POINT('',(-24.919376931,-4.224263952,7.645515485));
#1186=CARTESIAN_POINT('',(-25.042944916,-4.252990059,7.280814297));
#1187=CARTESIAN_POINT('',(-25.285242062,-4.234295374,6.551801879));
#1188=CARTESIAN_POINT('',(-25.403964986,-4.186875063,6.187509411));
#1189=CARTESIAN_POINT('',(-25.631916553,-4.017742856,5.473597018));
#1190=CARTESIAN_POINT('',(-25.741139328,-3.896035313,5.123995467));
#1191=CARTESIAN_POINT('',(-25.945807408,-3.583096615,4.45317226));
#1192=CARTESIAN_POINT('',(-26.041247444,-3.391873515,4.131967869));
#1193=CARTESIAN_POINT('',(-26.214607067,-2.947397401,3.530533699));
#1194=CARTESIAN_POINT('',(-26.29252219,-2.694155828,3.2503194));
#1195=CARTESIAN_POINT('',(-26.427775979,-2.135568395,2.741853714));
#1196=CARTESIAN_POINT('',(-26.485111163,-1.830236913,2.513615414));
#1197=CARTESIAN_POINT('',(-26.576955859,-1.179438075,2.118052815));
#1198=CARTESIAN_POINT('',(-26.611463007,-0.83398747,1.950738697));
#1199=CARTESIAN_POINT('',(-26.656297407,-0.116492351,1.683587399));
#1200=CARTESIAN_POINT('',(-26.666623504,0.255533695,1.583757095));
#1201=CARTESIAN_POINT('',(-26.664656584,0.633564398,1.519624007));
#1202=CARTESIAN_POINT('',(-25.303735067,-4.119719085,8.210185394));
#1203=CARTESIAN_POINT('',(-25.473591456,-4.182426454,7.871489053));
#1204=CARTESIAN_POINT('',(-25.643443483,-4.207661757,7.525864005));
#1205=CARTESIAN_POINT('',(-25.976503421,-4.182202503,6.834257422));
#1206=CARTESIAN_POINT('',(-26.139702777,-4.1315086,6.48829365));
#1207=CARTESIAN_POINT('',(-26.453064766,-3.956172528,5.809559308));
#1208=CARTESIAN_POINT('',(-26.603219349,-3.831534863,5.47680617));
#1209=CARTESIAN_POINT('',(-26.8846098,-3.513189011,4.837526093));
#1210=CARTESIAN_POINT('',(-27.015838438,-3.319489001,4.531015574));
#1211=CARTESIAN_POINT('',(-27.254236004,-2.870601327,3.956226614));
#1212=CARTESIAN_POINT('',(-27.361398807,-2.615425191,3.687962937));
#1213=CARTESIAN_POINT('',(-27.547466062,-2.053576264,3.200176224));
#1214=CARTESIAN_POINT('',(-27.626365735,-1.746917904,2.980665716));
#1215=CARTESIAN_POINT('',(-27.7528149,-1.094112372,2.598985029));
#1216=CARTESIAN_POINT('',(-27.800361144,-0.747981966,2.436824652));
#1217=CARTESIAN_POINT('',(-27.862239526,-0.029786743,2.176198236));
#1218=CARTESIAN_POINT('',(-27.876570074,0.342259628,2.07773889));
#1219=CARTESIAN_POINT('',(-27.874012064,0.719988151,2.013056454));
#1220=CARTESIAN_POINT('',(-25.547332831,-4.096011901,8.338233132));
#1221=CARTESIAN_POINT('',(-25.739356875,-4.156535686,8.011330803));
#1222=CARTESIAN_POINT('',(-25.931375991,-4.179611999,7.677503997));
#1223=CARTESIAN_POINT('',(-26.307907797,-4.149968912,7.009032804));
#1224=CARTESIAN_POINT('',(-26.492410826,-4.097250272,6.674405563));
#1225=CARTESIAN_POINT('',(-26.846687994,-3.918076878,6.01743043));
#1226=CARTESIAN_POINT('',(-27.016453045,-3.79162672,5.695099388));
#1227=CARTESIAN_POINT('',(-27.334608319,-3.46993585,5.07533301));
#1228=CARTESIAN_POINT('',(-27.482990381,-3.274703391,4.777913571));
#1229=CARTESIAN_POINT('',(-27.752570401,-2.823085875,4.219612405));
#1230=CARTESIAN_POINT('',(-27.873761443,-2.566712403,3.958744998));
#1231=CARTESIAN_POINT('',(-28.084214197,-2.002844269,3.483759908));
#1232=CARTESIAN_POINT('',(-28.173470511,-1.695364071,3.269654407));
#1233=CARTESIAN_POINT('',(-28.316558371,-1.041314718,2.896575463));
#1234=CARTESIAN_POINT('',(-28.370386248,-0.69476234,2.73761159));
#1235=CARTESIAN_POINT('',(-28.440508407,0.023869244,2.481040489));
#1236=CARTESIAN_POINT('',(-28.456800891,0.395930016,2.383439844));
#1237=CARTESIAN_POINT('',(-28.454006742,0.773473594,2.318429133));
#1238=CARTESIAN_POINT('',(-26.004457126,-4.040398838,8.638611561));
#1239=CARTESIAN_POINT('',(-26.237999964,-4.09580727,8.339338385));
#1240=CARTESIAN_POINT('',(-26.47153683,-4.11382588,8.033150647));
#1241=CARTESIAN_POINT('',(-26.929495164,-4.074381198,7.418880269));
#1242=CARTESIAN_POINT('',(-27.153904919,-4.016918914,7.110813336));
#1243=CARTESIAN_POINT('',(-27.58483794,-3.828754307,6.504823465));
#1244=CARTESIAN_POINT('',(-27.791350182,-3.698056795,6.206916023));
#1245=CARTESIAN_POINT('',(-28.178416123,-3.368525765,5.632887642));
#1246=CARTESIAN_POINT('',(-28.358959922,-3.169700674,5.356781382));
#1247=CARTESIAN_POINT('',(-28.687031435,-2.711681225,4.837146516));
#1248=CARTESIAN_POINT('',(-28.834550758,-2.452498581,4.593631198));
#1249=CARTESIAN_POINT('',(-29.090806119,-1.883889953,4.148696308));
#1250=CARTESIAN_POINT('',(-29.199535602,-1.57447851,3.947288115));
#1251=CARTESIAN_POINT('',(-29.373959811,-0.91750168,3.594440559));
#1252=CARTESIAN_POINT('',(-29.439650075,-0.569953093,3.443010219));
#1253=CARTESIAN_POINT('',(-29.525426264,0.149717609,3.19603878));
#1254=CARTESIAN_POINT('',(-29.545509994,0.521821321,3.100503995));
#1255=CARTESIAN_POINT('',(-29.542397919,0.898941437,3.034782014));
#1256=CARTESIAN_POINT('',(-26.217972352,-4.008494335,8.810934826));
#1257=CARTESIAN_POINT('',(-26.470865234,-4.060971158,8.527495919));
#1258=CARTESIAN_POINT('',(-26.723751659,-4.076091214,8.237148137));
#1259=CARTESIAN_POINT('',(-27.219662504,-4.031029078,7.653941492));
#1260=CARTESIAN_POINT('',(-27.462674263,-3.970848035,7.361097514));
#1261=CARTESIAN_POINT('',(-27.929345948,-3.777529812,6.784332147));
#1262=CARTESIAN_POINT('',(-28.152993958,-3.644397566,6.500425481));
#1263=CARTESIAN_POINT('',(-28.572203964,-3.310371619,5.95262008));
#1264=CARTESIAN_POINT('',(-28.767755257,-3.109486446,5.688735328));
#1265=CARTESIAN_POINT('',(-29.12313434,-2.647795073,5.191277957));
#1266=CARTESIAN_POINT('',(-29.282953057,-2.387000659,4.957718036));
#1267=CARTESIAN_POINT('',(-29.56062443,-1.815670843,4.53003108));
#1268=CARTESIAN_POINT('',(-29.678469995,-1.505150025,4.335914962));
#1269=CARTESIAN_POINT('',(-29.867591184,-0.846489562,3.994696814));
#1270=CARTESIAN_POINT('',(-29.938861978,-0.498366732,3.847603494));
#1271=CARTESIAN_POINT('',(-30.032048199,0.22190678,3.606176591));
#1272=CARTESIAN_POINT('',(-30.053961246,0.594039075,3.511849171));
#1273=CARTESIAN_POINT('',(-30.050767506,0.970920735,3.445744504));
#1274=CARTESIAN_POINT('',(-26.60672461,-3.937712332,9.19324405));
#1275=CARTESIAN_POINT('',(-26.894751637,-3.983695972,8.944876258));
#1276=CARTESIAN_POINT('',(-27.182771339,-3.992396119,8.689612206));
#1277=CARTESIAN_POINT('',(-27.747600521,-3.934891384,8.175212667));
#1278=CARTESIAN_POINT('',(-28.024395637,-3.868687966,7.916090258));
#1279=CARTESIAN_POINT('',(-28.555987656,-3.66395237,7.404071236));
#1280=CARTESIAN_POINT('',(-28.810771039,-3.5254254,7.151187642));
#1281=CARTESIAN_POINT('',(-29.288408905,-3.181437559,6.66150092));
#1282=CARTESIAN_POINT('',(-29.51125124,-2.975985435,6.424710243));
#1283=CARTESIAN_POINT('',(-29.916320642,-2.506150494,5.976437455));
#1284=CARTESIAN_POINT('',(-30.098537407,-2.241779624,5.764966742));
#1285=CARTESIAN_POINT('',(-30.415252141,-1.664406866,5.37557582));
#1286=CARTESIAN_POINT('',(-30.549742055,-1.351419659,5.197665513));
#1287=CARTESIAN_POINT('',(-30.765759235,-0.689008997,4.882330013));
#1288=CARTESIAN_POINT('',(-30.847281008,-0.339602385,4.74491284));
#1289=CARTESIAN_POINT('',(-30.954182092,0.382032446,4.515920668));
#1290=CARTESIAN_POINT('',(-30.979558684,0.754242315,4.424351492));
#1291=CARTESIAN_POINT('',(-30.976368118,1.130611008,4.357488781));
#1292=CARTESIAN_POINT('',(-26.781952027,-3.898836583,9.403220556));
#1293=CARTESIAN_POINT('',(-27.085762296,-3.941258846,9.174088544));
#1294=CARTESIAN_POINT('',(-27.389564854,-3.946437832,8.9380672));
#1295=CARTESIAN_POINT('',(-27.985358173,-3.88210833,8.461408959));
#1296=CARTESIAN_POINT('',(-28.277333814,-3.812601475,8.220784155));
#1297=CARTESIAN_POINT('',(-28.838105908,-3.601602462,7.744285066));
#1298=CARTESIAN_POINT('',(-29.10688813,-3.460115659,7.508422869));
#1299=CARTESIAN_POINT('',(-29.610808352,-3.110661121,7.050630209));
#1300=CARTESIAN_POINT('',(-29.845933564,-2.902702253,6.828711361));
#1301=CARTESIAN_POINT('',(-30.273384487,-2.42839588,6.407444385));
#1302=CARTESIAN_POINT('',(-30.465699351,-2.162060409,6.208106945));
#1303=CARTESIAN_POINT('',(-30.800040464,-1.581366027,5.839763282));
#1304=CARTESIAN_POINT('',(-30.942058229,-1.26702185,5.670766403));
#1305=CARTESIAN_POINT('',(-31.170273746,-0.602544661,5.369683785));
#1306=CARTESIAN_POINT('',(-31.256465706,-0.25242851,5.237605685));
#1307=CARTESIAN_POINT('',(-31.369671265,0.469964878,5.015503856));
#1308=CARTESIAN_POINT('',(-31.396681991,0.842223784,4.925485763));
#1309=CARTESIAN_POINT('',(-31.393576256,1.218318036,4.858248024));
#1310=CARTESIAN_POINT('',(-27.087392716,-3.815605753,9.852768644));
#1311=CARTESIAN_POINT('',(-27.418603418,-3.850417673,9.664741776));
#1312=CARTESIAN_POINT('',(-27.749805754,-3.848072332,9.4698404));
#1313=CARTESIAN_POINT('',(-28.399362825,-3.769158146,9.073837892));
#1314=CARTESIAN_POINT('',(-28.717701154,-3.692591296,8.87274676));
#1315=CARTESIAN_POINT('',(-29.329164883,-3.468204317,8.472173821));
#1316=CARTESIAN_POINT('',(-29.622274839,-3.320389856,8.272702128));
#1317=CARTESIAN_POINT('',(-30.171895773,-2.959245232,7.883114711));
#1318=CARTESIAN_POINT('',(-30.428392867,-2.74592419,7.693008824));
#1319=CARTESIAN_POINT('',(-30.894823542,-2.262048491,7.329536394));
#1320=CARTESIAN_POINT('',(-31.104745341,-1.991506054,7.156179029));
#1321=CARTESIAN_POINT('',(-31.469869429,-1.403692492,6.832937017));
#1322=CARTESIAN_POINT('',(-31.625062495,-1.086436212,6.683060533));
#1323=CARTESIAN_POINT('',(-31.874698444,-0.417514733,6.412602164));
#1324=CARTESIAN_POINT('',(-31.96913502,-0.065866428,6.292027109));
#1325=CARTESIAN_POINT('',(-32.09358687,0.658182972,6.084855893));
#1326=CARTESIAN_POINT('',(-32.123599,1.030565781,5.998264964));
#1327=CARTESIAN_POINT('',(-32.12081599,1.406093932,5.930345875));
#1328=CARTESIAN_POINT('',(-27.217598434,-3.77125273,10.092329112));
#1329=CARTESIAN_POINT('',(-27.560425735,-3.802015905,9.926170412));
#1330=CARTESIAN_POINT('',(-27.903244399,-3.795667616,9.7531451));
#1331=CARTESIAN_POINT('',(-28.575599918,-3.708993937,9.400054696));
#1332=CARTESIAN_POINT('',(-28.905119831,-3.628670732,9.219998496));
#1333=CARTESIAN_POINT('',(-29.538093999,-3.397159585,8.85982962));
#1334=CARTESIAN_POINT('',(-29.841532303,-3.245977477,8.679726016));
#1335=CARTESIAN_POINT('',(-30.410570546,-2.878609784,8.326447911));
#1336=CARTESIAN_POINT('',(-30.676156146,-2.662433456,8.15328231));
#1337=CARTESIAN_POINT('',(-31.159184113,-2.173460108,7.82059713));
#1338=CARTESIAN_POINT('',(-31.376614308,-1.900675409,7.661085931));
#1339=CARTESIAN_POINT('',(-31.754894185,-1.309064448,7.361897291));
#1340=CARTESIAN_POINT('',(-31.915734335,-0.990253092,7.222227385));
#1341=CARTESIAN_POINT('',(-32.174591729,-0.318953913,6.968139878));
#1342=CARTESIAN_POINT('',(-32.272602451,0.033516998,6.853728678));
#1343=CARTESIAN_POINT('',(-32.401995646,0.758463887,6.654597774));
#1344=CARTESIAN_POINT('',(-32.433374857,1.130921601,6.569883087));
#1345=CARTESIAN_POINT('',(-32.430829604,1.506158158,6.501657974));
#1346=CARTESIAN_POINT('',(-27.427989639,-3.678771587,10.591840184));
#1347=CARTESIAN_POINT('',(-27.789455219,-3.701109879,10.471186136));
#1348=CARTESIAN_POINT('',(-28.150911737,-3.686432101,10.343681935));
#1349=CARTESIAN_POINT('',(-28.859856543,-3.583611065,10.079892864));
#1350=CARTESIAN_POINT('',(-29.20732706,-3.495470385,9.943614604));
#1351=CARTESIAN_POINT('',(-29.874853991,-3.249130497,9.667548928));
#1352=CARTESIAN_POINT('',(-30.194893671,-3.090937464,9.527768429));
#1353=CARTESIAN_POINT('',(-30.7951738,-2.710610518,9.250105652));
#1354=CARTESIAN_POINT('',(-31.0753992,-2.488486138,9.112230331));
#1355=CARTESIAN_POINT('',(-31.585205608,-1.988888133,8.843711961));
#1356=CARTESIAN_POINT('',(-31.814773835,-1.711427031,8.713075642));
#1357=CARTESIAN_POINT('',(-32.214380339,-1.111888764,8.464089657));
#1358=CARTESIAN_POINT('',(-32.384408598,-0.789826629,8.34574623));
#1359=CARTESIAN_POINT('',(-32.658353025,-0.113545741,8.125925198));
#1360=CARTESIAN_POINT('',(-32.762262324,0.24065606,8.024453102));
#1361=CARTESIAN_POINT('',(-32.899944793,0.967512666,7.842301532));
#1362=CARTESIAN_POINT('',(-32.93371451,1.340149251,7.761626623));
#1363=CARTESIAN_POINT('',(-32.931761046,1.714803556,7.692909279));
#1364=CARTESIAN_POINT('',(-27.508169924,-3.630645753,10.851778439));
#1365=CARTESIAN_POINT('',(-27.876656868,-3.648608141,10.754759617));
#1366=CARTESIAN_POINT('',(-28.245134599,-3.629604051,10.650899205));
#1367=CARTESIAN_POINT('',(-28.967869619,-3.518395595,10.433496909));
#1368=CARTESIAN_POINT('',(-29.32210884,-3.42619401,10.319960457));
#1369=CARTESIAN_POINT('',(-30.002677469,-3.172149952,10.087591634));
#1370=CARTESIAN_POINT('',(-30.328989862,-3.01031383,9.968765069));
#1371=CARTESIAN_POINT('',(-30.941093943,-2.623251043,9.730406302));
#1372=CARTESIAN_POINT('',(-31.226870326,-2.398034055,9.610880058));
#1373=CARTESIAN_POINT('',(-31.746857265,-1.89290931,9.375739622));
#1374=CARTESIAN_POINT('',(-31.98105482,-1.613014182,9.260131307));
#1375=CARTESIAN_POINT('',(-32.388831556,-1.009346191,9.037293432));
#1376=CARTESIAN_POINT('',(-32.562400543,-0.685588422,8.930069441));
#1377=CARTESIAN_POINT('',(-32.842209974,-0.006703614,8.728143359));
#1378=CARTESIAN_POINT('',(-32.948443424,0.348406451,8.633446316));
#1379=CARTESIAN_POINT('',(-33.089473281,1.076275292,8.460233651));
#1380=CARTESIAN_POINT('',(-33.124266162,1.449015871,8.381722359));
#1381=CARTESIAN_POINT('',(-33.122666487,1.823379568,8.312819031));
#1382=CARTESIAN_POINT('',(-27.615426431,-3.532468295,11.382056565));
#1383=CARTESIAN_POINT('',(-27.993117167,-3.541522648,11.333152008));
#1384=CARTESIAN_POINT('',(-28.370798512,-3.513711582,11.277423321));
#1385=CARTESIAN_POINT('',(-29.111625032,-3.385427833,11.154458506));
#1386=CARTESIAN_POINT('',(-29.474751786,-3.28495834,11.087225433));
#1387=CARTESIAN_POINT('',(-30.172474347,-3.015226134,10.943841024));
#1388=CARTESIAN_POINT('',(-30.507052804,-2.845970129,10.86769325));
#1389=CARTESIAN_POINT('',(-31.134783478,-2.445184293,10.709412388));
#1390=CARTESIAN_POINT('',(-31.427920087,-2.213664428,10.627283231));
#1391=CARTESIAN_POINT('',(-31.961468202,-1.697270026,10.460203338));
#1392=CARTESIAN_POINT('',(-32.201866441,-1.41240833,10.375256754));
#1393=CARTESIAN_POINT('',(-32.6206708,-0.800305463,10.205814649));
#1394=CARTESIAN_POINT('',(-32.799066506,-0.473079512,10.12132334));
#1395=CARTESIAN_POINT('',(-33.086987752,0.21114357,9.956047256));
#1396=CARTESIAN_POINT('',(-33.196506132,0.568123687,9.875266589));
#1397=CARTESIAN_POINT('',(-33.342448702,1.298099582,9.720524654));
#1398=CARTESIAN_POINT('',(-33.378869264,1.67107721,9.646567234));
#1399=CARTESIAN_POINT('',(-33.378039121,2.04487634,9.577444672));
#1400=CARTESIAN_POINT('',(-27.6425,-3.482419099,11.652383325));
#1401=CARTESIAN_POINT('',(-28.022373123,-3.486941553,11.627956552));
#1402=CARTESIAN_POINT('',(-28.402236826,-3.454650053,11.596714545));
#1403=CARTESIAN_POINT('',(-29.147364534,-3.317678876,11.521797979));
#1404=CARTESIAN_POINT('',(-29.512610063,-3.213002595,11.478125273));
#1405=CARTESIAN_POINT('',(-30.214444719,-2.935286817,11.380026125));
#1406=CARTESIAN_POINT('',(-30.551016443,-2.762254208,11.325602111));
#1407=CARTESIAN_POINT('',(-31.18254956,-2.354481513,11.208093095));
#1408=CARTESIAN_POINT('',(-31.477495294,-2.119751541,11.145011002));
#1409=CARTESIAN_POINT('',(-32.014423774,-1.597614505,11.012612015));
#1410=CARTESIAN_POINT('',(-32.256393207,-1.310220389,10.9432984));
#1411=CARTESIAN_POINT('',(-32.678054586,-0.69381257,10.801102667));
#1412=CARTESIAN_POINT('',(-32.857736076,-0.364814153,10.728224073));
#1413=CARTESIAN_POINT('',(-33.147903669,0.322143167,10.581702221));
#1414=CARTESIAN_POINT('',(-33.258382576,0.680085037,10.508062595));
#1415=CARTESIAN_POINT('',(-33.405889924,1.411155726,10.36285218));
#1416=CARTESIAN_POINT('',(-33.442914707,1.784266419,10.291284991));
#1417=CARTESIAN_POINT('',(-33.4425,2.157791623,10.222129291));
#1418=CARTESIAN_POINT('',(-27.6425,-3.432368664,11.92271677));
#1419=CARTESIAN_POINT('',(-28.022109112,-3.432368664,11.92271677));
#1420=CARTESIAN_POINT('',(-28.401708838,-3.39560612,11.91591043));
#1421=CARTESIAN_POINT('',(-29.146338897,-3.249965106,11.888945968));
#1422=CARTESIAN_POINT('',(-29.511350819,-3.141090237,11.868788512));
#1423=CARTESIAN_POINT('',(-30.212776997,-2.85540511,11.815895817));
#1424=CARTESIAN_POINT('',(-30.54917391,-2.678601917,11.783161885));
#1425=CARTESIAN_POINT('',(-31.180440793,-2.263851397,11.706373592));
#1426=CARTESIAN_POINT('',(-31.475295153,-2.025914327,11.662321131));
#1427=CARTESIAN_POINT('',(-32.012143508,-1.498037044,11.564588173));
#1428=CARTESIAN_POINT('',(-32.254124228,-1.208109885,11.510910093));
#1429=CARTESIAN_POINT('',(-32.675923274,-0.587391868,11.395988293));
#1430=CARTESIAN_POINT('',(-32.855731171,-0.256616358,11.334747414));
#1431=CARTESIAN_POINT('',(-33.146271407,0.433088549,11.207053151));
#1432=CARTESIAN_POINT('',(-33.256996562,0.792000892,11.140602924));
#1433=CARTESIAN_POINT('',(-33.40511269,1.524187716,11.005043418));
#1434=CARTESIAN_POINT('',(-33.4425,1.897444093,10.935937489));
#1435=CARTESIAN_POINT('',(-33.4425,2.270709699,10.866829852));
#1436=B_SPLINE_SURFACE_WITH_KNOTS('',3,3,((#1112,#1113,#1114,#1115,#1116,#1117,#1118,#1119,#1120,#1121,#1122,#1123,#1124,#1125,#1126,#1127,#1128,#1129),(#1130,#1131,#1132,#1133,#1134,#1135,#1136,#1137,#1138,#1139,#1140,#1141,#1142,#1143,#1144,#1145,#1146,#1147),(#1148,#1149,#1150,#1151,#1152,#1153,#1154,#1155,#1156,#1157,#1158,#1159,#1160,#1161,#1162,#1163,#1164,#1165),(#1166,#1167,#1168,#1169,#1170,#1171,#1172,#1173,#1174,#1175,#1176,#1177,#1178,#1179,#1180,#1181,#1182,#1183),(#1184,#1185,#1186,#1187,#1188,#1189,#1190,#1191,#1192,#1193,#1194,#1195,#1196,#1197,#1198,#1199,#1200,#1201),(#1202,#1203,#1204,#1205,#1206,#1207,#1208,#1209,#1210,#1211,#1212,#1213,#1214,#1215,#1216,#1217,#1218,#1219),(#1220,#1221,#1222,#1223,#1224,#1225,#1226,#1227,#1228,#1229,#1230,#1231,#1232,#1233,#1234,#1235,#1236,#1237),(#1238,#1239,#1240,#1241,#1242,#1243,#1244,#1245,#1246,#1247,#1248,#1249,#1250,#1251,#1252,#1253,#1254,#1255),(#1256,#1257,#1258,#1259,#1260,#1261,#1262,#1263,#1264,#1265,#1266,#1267,#1268,#1269,#1270,#1271,#1272,#1273),(#1274,#1275,#1276,#1277,#1278,#1279,#1280,#1281,#1282,#1283,#1284,#1285,#1286,#1287,#1288,#1289,#1290,#1291),(#1292,#1293,#1294,#1295,#1296,#1297,#1298,#1299,#1300,#1301,#1302,#1303,#1304,#1305,#1306,#1307,#1308,#1309),(#1310,#1311,#1312,#1313,#1314,#1315,#1316,#1317,#1318,#1319,#1320,#1321,#1322,#1323,#1324,#1325,#1326,#1327),(#1328,#1329,#1330,#1331,#1332,#1333,#1334,#1335,#1336,#1337,#1338,#1339,#1340,#1341,#1342,#1343,#1344,#1345),(#1346,#1347,#1348,#1349,#1350,#1351,#1352,#1353,#1354,#1355,#1356,#1357,#1358,#1359,#1360,#1361,#1362,#1363),(#1364,#1365,#1366,#1367,#1368,#1369,#1370,#1371,#1372,#1373,#1374,#1375,#1376,#1377,#1378,#1379,#1380,#1381),(#1382,#1383,#1384,#1385,#1386,#1387,#1388,#1389,#1390,#1391,#1392,#1393,#1394,#1395,#1396,#1397,#1398,#1399),(#1400,#1401,#1402,#1403,#1404,#1405,#1406,#1407,#1408,#1409,#1410,#1411,#1412,#1413,#1414,#1415,#1416,#1417),(#1418,#1419,#1420,#1421,#1422,#1423,#1424,#1425,#1426,#1427,#1428,#1429,#1430,#1431,#1432,#1433,#1434,#1435)),.UNSPECIFIED.,.F.,.F.,.U.,(4,2,2,2,2,2,2,2,4),(4,2,2,2,2,2,2,2,4),(3.141592654,3.337942194,3.534291735,3.730641276,3.926990817,4.123340358,4.319689899,4.51603944,4.71238898),(0.,0.125,0.25,0.375,0.5,0.625,0.75,0.875,1.),.UNSPECIFIED.);
#1437=CARTESIAN_POINT('',(-31.137797264,-2.280432926,11.709443552));
#1438=VERTEX_POINT('',#1437);
#1439=CARTESIAN_POINT('',(-27.6425,2.270709699,10.866829852));
#1440=DIRECTION('',(0.,0.182049469,0.983289373));
#1441=DIRECTION('',(0.,-0.983289373,0.182049469));
#1442=AXIS2_PLACEMENT_3D('',#1439,#1440,#1441);
#1443=CIRCLE('',#1442,5.8);
#1444=EDGE_CURVE('',#567,#1438,#1443,.T.);
#1445=ORIENTED_EDGE('',*,*,#1444,.T.);
#1446=CARTESIAN_POINT('',(-31.137797264,-2.280432926,11.709443552));
#1447=CARTESIAN_POINT('',(-30.886394714,-2.474552554,11.703818826));
#1448=CARTESIAN_POINT('',(-30.622648079,-2.645411388,11.698235761));
#1449=CARTESIAN_POINT('',(-30.347049177,-2.793967648,11.692559784));
#1450=CARTESIAN_POINT('',(-30.071450276,-2.942523908,11.686883807));
#1451=CARTESIAN_POINT('',(-29.783999388,-3.068776835,11.681118724));
#1452=CARTESIAN_POINT('',(-29.484206942,-3.171857515,11.675095909));
#1453=CARTESIAN_POINT('',(-29.184414497,-3.274938194,11.669073095));
#1454=CARTESIAN_POINT('',(-28.878649062,-3.352481063,11.662921813));
#1455=CARTESIAN_POINT('',(-28.569996169,-3.40468977,11.656484633));
#1456=CARTESIAN_POINT('',(-28.261343276,-3.456898476,11.650047453));
#1457=CARTESIAN_POINT('',(-27.948862398,-3.484096731,11.64332207));
#1458=CARTESIAN_POINT('',(-27.632361656,-3.485470602,11.63590148));
#1459=B_SPLINE_CURVE_WITH_KNOTS('',3,(#1446,#1447,#1448,#1449,#1450,#1451,#1452,#1453,#1454,#1455,#1456,#1457,#1458),.UNSPECIFIED.,.F.,.F.,(4,3,3,3,4),(0.033127178,0.034324246,0.035521313,0.03671838,0.037915447),.UNSPECIFIED.);
#1460=EDGE_CURVE('',#1438,#621,#1459,.T.);
#1461=ORIENTED_EDGE('',*,*,#1460,.T.);
#1462=ORIENTED_EDGE('',*,*,#629,.T.);
#1463=ORIENTED_EDGE('',*,*,#1089,.F.);
#1464=ORIENTED_EDGE('',*,*,#579,.T.);
#1465=EDGE_LOOP('',(#1445,#1461,#1462,#1463,#1464));
#1466=FACE_BOUND('',#1465,.T.);
#1467=ADVANCED_FACE('',(#1466),#1436,.F.);
#1468=CARTESIAN_POINT('',(-27.6425,0.432993281,0.940917747));
#1469=DIRECTION('',(0.,0.182049469,0.983289373));
#1470=DIRECTION('',(0.,-0.983289373,0.182049469));
#1471=AXIS2_PLACEMENT_3D('',#1468,#1469,#1470);
#1472=CYLINDRICAL_SURFACE('',#1471,5.8);
#1473=ORIENTED_EDGE('',*,*,#609,.T.);
#1474=CARTESIAN_POINT('',(-27.6425,2.480508593,12.));
#1475=DIRECTION('',(-0.,-0.060915862,0.998142904));
#1476=DIRECTION('',(0.,0.998142904,0.060915862));
#1477=AXIS2_PLACEMENT_3D('',#1474,#1475,#1476);
#1478=ELLIPSE('',#1477,5.97707928,5.8);
#1479=EDGE_CURVE('',#598,#1438,#1478,.T.);
#1480=ORIENTED_EDGE('',*,*,#1479,.T.);
#1481=ORIENTED_EDGE('',*,*,#1444,.F.);
#1482=EDGE_LOOP('',(#1473,#1480,#1481));
#1483=FACE_BOUND('',#1482,.T.);
#1484=ADVANCED_FACE('',(#1483),#1472,.F.);
#1485=CARTESIAN_POINT('',(33.4425,5.926402211,10.252927735));
#1486=CARTESIAN_POINT('',(33.4425,6.299667817,10.183820098));
#1487=CARTESIAN_POINT('',(33.40511269,6.672924193,10.114714169));
#1488=CARTESIAN_POINT('',(33.256996562,7.405111017,9.979154663));
#1489=CARTESIAN_POINT('',(33.146271407,7.76402336,9.912704437));
#1490=CARTESIAN_POINT('',(32.855731171,8.453728267,9.785010173));
#1491=CARTESIAN_POINT('',(32.675923274,8.784503777,9.723769294));
#1492=CARTESIAN_POINT('',(32.254124228,9.405221795,9.608847494));
#1493=CARTESIAN_POINT('',(32.012143508,9.695148954,9.555169414));
#1494=CARTESIAN_POINT('',(31.475295153,10.223026236,9.457436456));
#1495=CARTESIAN_POINT('',(31.180440793,10.460963307,9.413383995));
#1496=CARTESIAN_POINT('',(30.54917391,10.875713826,9.336595703));
#1497=CARTESIAN_POINT('',(30.212776997,11.05251702,9.303861771));
#1498=CARTESIAN_POINT('',(29.511350819,11.338202146,9.250969075));
#1499=CARTESIAN_POINT('',(29.146338897,11.447077015,9.230811619));
#1500=CARTESIAN_POINT('',(28.401708838,11.59271803,9.203847157));
#1501=CARTESIAN_POINT('',(28.022109112,11.629480574,9.197040817));
#1502=CARTESIAN_POINT('',(27.6425,11.629480574,9.197040817));
#1503=CARTESIAN_POINT('',(33.4425,5.813484136,9.608227174));
#1504=CARTESIAN_POINT('',(33.442085293,6.186490143,9.5391676));
#1505=CARTESIAN_POINT('',(33.404335457,6.559892203,9.472522932));
#1506=CARTESIAN_POINT('',(33.255610549,7.293195162,9.346614334));
#1507=CARTESIAN_POINT('',(33.144639145,7.653077978,9.287353507));
#1508=CARTESIAN_POINT('',(32.853726265,8.345530472,9.178486833));
#1509=CARTESIAN_POINT('',(32.673791963,8.678083075,9.128883668));
#1510=CARTESIAN_POINT('',(32.251855249,9.303111291,9.0412358));
#1511=CARTESIAN_POINT('',(32.009863243,9.595571493,9.003193255));
#1512=CARTESIAN_POINT('',(31.473095013,10.129189022,8.940126328));
#1513=CARTESIAN_POINT('',(31.178332026,10.37033319,8.915103497));
#1514=CARTESIAN_POINT('',(30.547331377,10.792061535,8.879035929));
#1515=CARTESIAN_POINT('',(30.211109275,10.972635312,8.867992079));
#1516=CARTESIAN_POINT('',(29.510091574,11.266289788,8.860305836));
#1517=CARTESIAN_POINT('',(29.14531326,11.379363245,8.86366363));
#1518=CARTESIAN_POINT('',(28.40118085,11.533674097,8.884651272));
#1519=CARTESIAN_POINT('',(28.021845102,11.574907686,8.902280599));
#1520=CARTESIAN_POINT('',(27.6425,11.57943014,8.926707372));
#1521=CARTESIAN_POINT('',(33.378039121,5.700568852,8.963542554));
#1522=CARTESIAN_POINT('',(33.377210763,6.073329599,8.894612229));
#1523=CARTESIAN_POINT('',(33.339340379,6.446889952,8.830499716));
#1524=CARTESIAN_POINT('',(33.190963167,7.181330327,8.714360917));
#1525=CARTESIAN_POINT('',(33.080459987,7.542192289,8.662337486));
#1526=CARTESIAN_POINT('',(32.79104846,8.237405579,8.572370813));
#1527=CARTESIAN_POINT('',(32.612147228,8.571739811,8.534429781));
#1528=CARTESIAN_POINT('',(32.192792308,9.201083261,8.474082049));
#1529=CARTESIAN_POINT('',(31.952348931,9.496077003,8.451676831));
#1530=CARTESIAN_POINT('',(31.419121255,10.035432107,8.423259345));
#1531=CARTESIAN_POINT('',(31.126350067,10.279780205,8.417247774));
#1532=CARTESIAN_POINT('',(30.49968412,10.708476999,8.421847804));
#1533=CARTESIAN_POINT('',(30.16580477,10.892815153,8.432459289));
#1534=CARTESIAN_POINT('',(29.469715797,11.194424364,8.469898471));
#1535=CARTESIAN_POINT('',(29.10752329,11.311688004,8.496725243));
#1536=CARTESIAN_POINT('',(28.368686974,11.474650676,8.565566493));
#1537=CARTESIAN_POINT('',(27.992061333,11.520345701,8.607579274));
#1538=CARTESIAN_POINT('',(27.615426431,11.529380943,8.656380612));
#1539=CARTESIAN_POINT('',(33.122666487,5.47907208,7.698916913));
#1540=CARTESIAN_POINT('',(33.121075081,5.851378602,7.630392436));
#1541=CARTESIAN_POINT('',(33.083492628,6.225273117,7.571380106));
#1542=CARTESIAN_POINT('',(32.937778328,6.961984614,7.474629258));
#1543=CARTESIAN_POINT('',(32.829650046,7.324783579,7.436893106));
#1544=CARTESIAN_POINT('',(32.546973191,8.025437366,7.384137543));
#1545=CARTESIAN_POINT('',(32.372431531,8.363275053,7.369119422));
#1546=CARTESIAN_POINT('',(31.963595467,9.001092962,7.362374419));
#1547=CARTESIAN_POINT('',(31.729311061,9.301057585,7.370647702));
#1548=CARTESIAN_POINT('',(31.209940667,9.851662867,7.410169646));
#1549=CARTESIAN_POINT('',(30.924867381,10.102290061,7.44141734));
#1550=CARTESIAN_POINT('',(30.314811921,10.544639045,7.525693986));
#1551=CARTESIAN_POINT('',(29.989844665,10.736350017,7.578720874));
#1552=CARTESIAN_POINT('',(29.312419189,11.053536375,7.704529206));
#1553=CARTESIAN_POINT('',(28.959977534,11.179004003,7.777307569));
#1554=CARTESIAN_POINT('',(28.241071828,11.358904901,7.939837059));
#1555=CARTESIAN_POINT('',(27.874625357,11.41333377,8.029584209));
#1556=CARTESIAN_POINT('',(27.508169924,11.431203485,8.126102486));
#1557=CARTESIAN_POINT('',(32.931761046,5.370496068,7.079007162));
#1558=CARTESIAN_POINT('',(32.929820537,5.742593615,7.010759149));
#1559=CARTESIAN_POINT('',(32.892646795,6.11666397,6.954314609));
#1560=CARTESIAN_POINT('',(32.74924805,6.854509083,6.867181248));
#1561=CARTESIAN_POINT('',(32.643026544,7.218265845,6.836494551));
#1562=CARTESIAN_POINT('',(32.365583088,7.921599179,6.802049064));
#1563=CARTESIAN_POINT('',(32.194367905,8.261158597,6.798291112));
#1564=CARTESIAN_POINT('',(31.793468734,8.903135513,6.817847334));
#1565=CARTESIAN_POINT('',(31.563794522,9.205537352,6.841161028));
#1566=CARTESIAN_POINT('',(31.054740462,9.761654965,6.913971305));
#1567=CARTESIAN_POINT('',(30.775373028,10.015357174,6.96346611));
#1568=CARTESIAN_POINT('',(30.177592765,10.464389575,7.086749885));
#1569=CARTESIAN_POINT('',(29.859194516,10.659708815,7.160535846));
#1570=CARTESIAN_POINT('',(29.195503076,10.984517222,7.329585843));
#1571=CARTESIAN_POINT('',(28.850226074,11.113998466,7.424845754));
#1572=CARTESIAN_POINT('',(28.145954061,11.302185378,7.633207715));
#1573=CARTESIAN_POINT('',(27.786976228,11.360886455,7.74630468));
#1574=CARTESIAN_POINT('',(27.427989639,11.383077651,7.866164231));
#1575=CARTESIAN_POINT('',(32.430829604,5.16185067,5.887755856));
#1576=CARTESIAN_POINT('',(32.428307835,5.533569856,5.820170649));
#1577=CARTESIAN_POINT('',(32.39249914,5.907998529,5.768775371));
#1578=CARTESIAN_POINT('',(32.255667639,6.648056527,5.700316206));
#1579=CARTESIAN_POINT('',(32.154648154,7.013667894,5.683253978));
#1580=CARTESIAN_POINT('',(31.891237635,7.722171831,5.684111811));
#1581=CARTESIAN_POINT('',(31.728852994,8.065047208,5.702031849));
#1582=CARTESIAN_POINT('',(31.34889102,8.715024569,5.772173157));
#1583=CARTESIAN_POINT('',(31.131322906,9.022110782,5.824392723));
#1584=CARTESIAN_POINT('',(30.649273923,9.588817063,5.961146022));
#1585=CARTESIAN_POINT('',(30.384804749,9.848423379,6.045676434));
#1586=CARTESIAN_POINT('',(29.819019456,10.310284098,6.243834028));
#1587=CARTESIAN_POINT('',(29.517717065,10.512527292,6.357456398));
#1588=CARTESIAN_POINT('',(28.889733838,10.851959329,6.609472691));
#1589=CARTESIAN_POINT('',(28.56306824,10.989139936,6.747860496));
#1590=CARTESIAN_POINT('',(27.896793208,11.193220927,7.044139321));
#1591=CARTESIAN_POINT('',(27.557199941,11.26011636,7.20202315));
#1592=CARTESIAN_POINT('',(27.217598434,11.290596508,7.366653158));
#1593=CARTESIAN_POINT('',(32.12081599,5.061786445,5.316443758));
#1594=CARTESIAN_POINT('',(32.118062282,5.433336214,5.249244658));
#1595=CARTESIAN_POINT('',(32.083210066,5.807947322,5.200330538));
#1596=CARTESIAN_POINT('',(31.950630391,6.549084476,5.1409273));
#1597=CARTESIAN_POINT('',(31.852906142,6.915592584,5.13043962));
#1598=CARTESIAN_POINT('',(31.598294996,7.626587413,5.148289628));
#1599=CARTESIAN_POINT('',(31.441414261,7.971056924,5.176626883));
#1600=CARTESIAN_POINT('',(31.07445214,8.624875512,5.271050729));
#1601=CARTESIAN_POINT('',(30.864379635,8.934208764,5.337135034));
#1602=CARTESIAN_POINT('',(30.399018687,9.505991127,5.504541482));
#1603=CARTESIAN_POINT('',(30.143741508,9.768426398,5.605859573));
#1604=CARTESIAN_POINT('',(29.597675066,10.236431724,5.839882144));
#1605=CARTESIAN_POINT('',(29.306899019,10.44199045,5.972580958));
#1606=CARTESIAN_POINT('',(28.700888886,10.788423746,6.264320044));
#1607=CARTESIAN_POINT('',(28.385669466,10.92928993,6.423353252));
#1608=CARTESIAN_POINT('',(27.74275654,11.140978643,6.76171456));
#1609=CARTESIAN_POINT('',(27.415078593,11.211796047,6.941034468));
#1610=CARTESIAN_POINT('',(27.087392716,11.246243486,7.127092691));
#1611=CARTESIAN_POINT('',(31.393576256,4.874010548,4.244345907));
#1612=CARTESIAN_POINT('',(31.390510341,5.245260627,4.177974651));
#1613=CARTESIAN_POINT('',(31.358104476,5.620230106,4.133806716));
#1614=CARTESIAN_POINT('',(31.235838998,6.363419403,4.091548652));
#1615=CARTESIAN_POINT('',(31.145982329,6.731621316,4.093459541));
#1616=CARTESIAN_POINT('',(30.912221044,7.447307251,4.143288583));
#1617=CARTESIAN_POINT('',(30.768322058,7.794774032,4.191205535));
#1618=CARTESIAN_POINT('',(30.431932107,8.455807371,4.331230743));
#1619=CARTESIAN_POINT('',(30.239449244,8.769358003,4.423335624));
#1620=CARTESIAN_POINT('',(29.81319071,9.350662669,4.648244217));
#1621=CARTESIAN_POINT('',(29.579425308,9.618402697,4.78104251));
#1622=CARTESIAN_POINT('',(29.079467203,10.097927024,5.082301446));
#1623=CARTESIAN_POINT('',(28.813286544,10.309699769,5.250754829));
#1624=CARTESIAN_POINT('',(28.258593473,10.669253026,5.616934543));
#1625=CARTESIAN_POINT('',(27.970094424,10.817024874,5.814652049));
#1626=CARTESIAN_POINT('',(27.381707217,11.042967327,6.231860086));
#1627=CARTESIAN_POINT('',(27.081833234,11.121132487,6.451340563));
#1628=CARTESIAN_POINT('',(26.781952027,11.163012656,6.677544602));
#1629=CARTESIAN_POINT('',(30.976368118,4.78630352,3.743586664));
#1630=CARTESIAN_POINT('',(30.973222049,5.157423284,3.677656848));
#1631=CARTESIAN_POINT('',(30.942306087,5.532568648,3.635753583));
#1632=CARTESIAN_POINT('',(30.826102873,6.276730808,3.601583938));
#1633=CARTESIAN_POINT('',(30.740818416,6.645729713,3.609318379));
#1634=CARTESIAN_POINT('',(30.519107195,7.363615703,3.674133243));
#1635=CARTESIAN_POINT('',(30.382685761,7.71248553,3.731212107));
#1636=CARTESIAN_POINT('',(30.063867402,8.376892197,3.892554919));
#1637=CARTESIAN_POINT('',(29.881478141,8.692413064,3.996814987));
#1638=CARTESIAN_POINT('',(29.477632998,9.278163723,4.248571207));
#1639=CARTESIAN_POINT('',(29.256186824,9.548379433,4.396061306));
#1640=CARTESIAN_POINT('',(28.782616998,10.0332779,4.728690144));
#1641=CARTESIAN_POINT('',(28.53050473,10.247949,4.913820884));
#1642=CARTESIAN_POINT('',(28.005154258,10.613620683,5.314716863));
#1643=CARTESIAN_POINT('',(27.731928683,10.764612475,5.530472462));
#1644=CARTESIAN_POINT('',(27.174703621,10.997200654,5.984443125));
#1645=CARTESIAN_POINT('',(26.890717528,11.07879145,6.222647274));
#1646=CARTESIAN_POINT('',(26.60672461,11.124136906,6.467568097));
#1647=CARTESIAN_POINT('',(30.050767506,4.626613247,2.831842387));
#1648=CARTESIAN_POINT('',(30.047624496,4.997508419,2.766788155));
#1649=CARTESIAN_POINT('',(30.020171968,5.372985162,2.729070915));
#1650=CARTESIAN_POINT('',(29.91768342,6.118937434,2.709733173));
#1651=CARTESIAN_POINT('',(29.842649853,6.489395102,2.728113133));
#1652=CARTESIAN_POINT('',(29.647834484,7.211298464,2.820277161));
#1653=CARTESIAN_POINT('',(29.528057346,7.562726871,2.89405902));
#1654=CARTESIAN_POINT('',(29.248282281,8.233279934,3.0942388));
#1655=CARTESIAN_POINT('',(29.088291053,8.552388532,3.220631925));
#1656=CARTESIAN_POINT('',(28.73413624,9.14623186,3.521256228));
#1657=CARTESIAN_POINT('',(28.539981134,9.420952369,3.695480206));
#1658=CARTESIAN_POINT('',(28.124839251,9.915627538,4.085178954));
#1659=CARTESIAN_POINT('',(27.903862415,10.135570353,4.300644392));
#1660=CARTESIAN_POINT('',(27.44343242,10.5123693,4.764678691));
#1661=CARTESIAN_POINT('',(27.203990287,10.669216411,5.013236438));
#1662=CARTESIAN_POINT('',(26.715683745,10.913888952,5.534056019));
#1663=CARTESIAN_POINT('',(26.466831028,11.001708525,5.806305378));
#1664=CARTESIAN_POINT('',(26.217972352,11.053354903,6.085258873));
#1665=CARTESIAN_POINT('',(29.542397919,4.554633949,2.420879897));
#1666=CARTESIAN_POINT('',(29.539338114,4.9254348,2.356259494));
#1667=CARTESIAN_POINT('',(29.513859024,5.301066982,2.320463251));
#1668=CARTESIAN_POINT('',(29.419022522,6.047836385,2.3078682));
#1669=CARTESIAN_POINT('',(29.349667376,6.418955756,2.331069693));
#1670=CARTESIAN_POINT('',(29.169697119,7.142676288,2.435596126));
#1671=CARTESIAN_POINT('',(29.05908631,7.49526015,2.516918567));
#1672=CARTESIAN_POINT('',(28.800781976,8.16858611,2.734616654));
#1673=CARTESIAN_POINT('',(28.653094625,8.489312113,2.870987096));
#1674=CARTESIAN_POINT('',(28.326215523,9.086801926,3.193630704));
#1675=CARTESIAN_POINT('',(28.147031584,9.363551453,3.379896157));
#1676=CARTESIAN_POINT('',(27.763927927,9.862628975,3.79529369));
#1677=CARTESIAN_POINT('',(27.560017365,10.084945041,4.02441584));
#1678=CARTESIAN_POINT('',(27.135163654,10.466752604,4.516870918));
#1679=CARTESIAN_POINT('',(26.914230659,10.626234974,4.780192074));
#1680=CARTESIAN_POINT('',(26.463678802,10.876345915,5.331096641));
#1681=CARTESIAN_POINT('',(26.234070708,10.966968509,5.618666882));
#1682=CARTESIAN_POINT('',(26.004457126,11.0214504,5.912935608));
#1683=CARTESIAN_POINT('',(28.454006742,4.429166107,1.704527015));
#1684=CARTESIAN_POINT('',(28.451263778,4.799809932,1.640704698));
#1685=CARTESIAN_POINT('',(28.430130831,5.175719552,1.60829349));
#1686=CARTESIAN_POINT('',(28.351880174,5.923924254,1.607512937));
#1687=CARTESIAN_POINT('',(28.294764329,6.296201507,1.639143608));
#1688=CARTESIAN_POINT('',(28.146700794,7.023096368,1.76525641));
#1689=CARTESIAN_POINT('',(28.055756631,7.377696655,1.859735534));
#1690=CARTESIAN_POINT('',(27.843465613,8.055858697,2.107983625));
#1691=CARTESIAN_POINT('',(27.722123815,8.379404292,2.261746676));
#1692=CARTESIAN_POINT('',(27.453613559,8.983249011,2.622764169));
#1693=CARTESIAN_POINT('',(27.306451498,9.263533747,2.830010007));
#1694=CARTESIAN_POINT('',(26.991851001,9.770280324,3.290176543));
#1695=CARTESIAN_POINT('',(26.824420061,9.99673009,3.543086276));
#1696=CARTESIAN_POINT('',(26.475596978,10.387260823,4.085040895));
#1697=CARTESIAN_POINT('',(26.294213146,10.551332484,4.374072866));
#1698=CARTESIAN_POINT('',(25.924326109,10.810914031,4.97736899));
#1699=CARTESIAN_POINT('',(25.735831716,10.906417731,5.291618764));
#1700=CARTESIAN_POINT('',(25.547332831,10.965837338,5.612557179));
#1701=CARTESIAN_POINT('',(27.874012064,4.375680664,1.399154336));
#1702=CARTESIAN_POINT('',(27.871502611,4.746261743,1.335695989));
#1703=CARTESIAN_POINT('',(27.852742156,5.122293314,1.304748505));
#1704=CARTESIAN_POINT('',(27.783424713,5.871116079,1.309039077));
#1705=CARTESIAN_POINT('',(27.732869374,6.243889454,1.34427703));
#1706=CARTESIAN_POINT('',(27.60186655,6.972141352,1.479613024));
#1707=CARTESIAN_POINT('',(27.521422182,7.327602546,1.579707845));
#1708=CARTESIAN_POINT('',(27.333672572,8.007827635,1.840986792));
#1709=CARTESIAN_POINT('',(27.226371796,8.332575344,2.0021647));
#1710=CARTESIAN_POINT('',(26.988953255,8.939128337,2.379535876));
#1711=CARTESIAN_POINT('',(26.858841137,9.220919187,2.595720162));
#1712=CARTESIAN_POINT('',(26.580703958,9.730932306,3.07495598));
#1713=CARTESIAN_POINT('',(26.432685513,9.959142438,3.337996106));
#1714=CARTESIAN_POINT('',(26.124315014,10.353387559,3.901028523));
#1715=CARTESIAN_POINT('',(25.963970296,10.519413165,4.201007415));
#1716=CARTESIAN_POINT('',(25.636991543,10.78302674,4.826609128));
#1717=CARTESIAN_POINT('',(25.470365287,10.880608436,5.152217063));
#1718=CARTESIAN_POINT('',(25.303735067,10.942130153,5.484509441));
#1719=CARTESIAN_POINT('',(26.664656584,4.28925691,0.905721889));
#1720=CARTESIAN_POINT('',(26.66272909,4.659739742,0.842869457));
#1721=CARTESIAN_POINT('',(26.648998545,5.035971124,0.814302633));
#1722=CARTESIAN_POINT('',(26.598447114,5.785797232,0.826813337));
#1723=CARTESIAN_POINT('',(26.561627427,6.159374154,0.867890568));
#1724=CARTESIAN_POINT('',(26.466283167,6.889821691,1.018145595));
#1725=CARTESIAN_POINT('',(26.407760856,7.246674962,1.127319823));
#1726=CARTESIAN_POINT('',(26.271214142,7.93023471,1.409660306));
#1727=CARTESIAN_POINT('',(26.19319298,8.256924957,1.582819857));
#1728=CARTESIAN_POINT('',(26.020585746,8.867853518,1.986612433));
#1729=CARTESIAN_POINT('',(25.926003771,9.152077325,2.217235869));
#1730=CARTESIAN_POINT('',(25.723835878,9.667366632,2.727273144));
#1731=CARTESIAN_POINT('',(25.616254759,9.898419896,3.00667487));
#1732=CARTESIAN_POINT('',(25.392139232,10.298663719,3.603748151));
#1733=CARTESIAN_POINT('',(25.275610145,10.467844774,3.921405526));
#1734=CARTESIAN_POINT('',(25.037986491,10.737969573,4.583028247));
#1735=CARTESIAN_POINT('',(24.916897566,10.838906904,4.926977882));
#1736=CARTESIAN_POINT('',(24.795805765,10.90382321,5.27760518));
#1737=CARTESIAN_POINT('',(26.035325685,4.256320737,0.717674322));
#1738=CARTESIAN_POINT('',(26.033746414,4.626768035,0.655063618));
#1739=CARTESIAN_POINT('',(26.022672979,5.00307724,0.627413497));
#1740=CARTESIAN_POINT('',(25.981953572,5.75328855,0.643072711));
#1741=CARTESIAN_POINT('',(25.952308566,6.127172856,0.686381676));
#1742=CARTESIAN_POINT('',(25.875561087,6.858458908,0.842331994));
#1743=CARTESIAN_POINT('',(25.828460434,7.215843304,0.954969648));
#1744=CARTESIAN_POINT('',(25.718573873,7.900674569,1.245340227));
#1745=CARTESIAN_POINT('',(25.655790573,8.22810519,1.423066262));
#1746=CARTESIAN_POINT('',(25.516901369,8.840700943,1.836925941));
#1747=CARTESIAN_POINT('',(25.440798761,9.125851542,2.073049767));
#1748=CARTESIAN_POINT('',(25.278135094,9.643150387,2.594818583));
#1749=CARTESIAN_POINT('',(25.191577894,9.875286361,2.880451196));
#1750=CARTESIAN_POINT('',(25.011262881,10.277814386,3.490486897));
#1751=CARTESIAN_POINT('',(24.917509345,10.448196887,3.814875512));
#1752=CARTESIAN_POINT('',(24.726330549,10.720800765,4.490212997));
#1753=CARTESIAN_POINT('',(24.628909824,10.823015675,4.841145845));
#1754=CARTESIAN_POINT('',(24.531486788,10.889224397,5.198753773));
#1755=CARTESIAN_POINT('',(24.751480755,4.21226229,0.466124642));
#1756=CARTESIAN_POINT('',(24.750660198,4.582662606,0.403840428));
#1757=CARTESIAN_POINT('',(24.745049496,4.959076401,0.377419302));
#1758=CARTESIAN_POINT('',(24.724458349,5.709803811,0.397294831));
#1759=CARTESIAN_POINT('',(24.709478391,6.084099634,0.443591014));
#1760=CARTESIAN_POINT('',(24.670711843,6.816507869,0.607162666));
#1761=CARTESIAN_POINT('',(24.646926172,7.174602922,0.724434258));
#1762=CARTESIAN_POINT('',(24.591442612,7.86113528,1.025547648));
#1763=CARTESIAN_POINT('',(24.559746037,8.189556313,1.209382308));
#1764=CARTESIAN_POINT('',(24.489632741,8.804382157,1.636708056));
#1765=CARTESIAN_POINT('',(24.451217681,9.090772397,1.880189015));
#1766=CARTESIAN_POINT('',(24.369112292,9.610759032,2.417649016));
#1767=CARTESIAN_POINT('',(24.325423909,9.844343103,2.711615319));
#1768=CARTESIAN_POINT('',(24.23441521,10.249926134,3.33898768));
#1769=CARTESIAN_POINT('',(24.18709705,10.421915481,3.672378868));
#1770=CARTESIAN_POINT('',(24.090608764,10.697834921,4.366058754));
#1771=CARTESIAN_POINT('',(24.041440923,10.801758474,4.726331012));
#1772=CARTESIAN_POINT('',(23.992271917,10.869695687,5.093274895));
#1773=CARTESIAN_POINT('',(24.096998469,4.201141105,0.402628749));
#1774=CARTESIAN_POINT('',(24.096588113,4.571529956,0.34042918));
#1775=CARTESIAN_POINT('',(24.093782663,4.947970497,0.314320224));
#1776=CARTESIAN_POINT('',(24.083486855,5.698828765,0.335263294));
#1777=CARTESIAN_POINT('',(24.07599674,6.073228701,0.382314824));
#1778=CARTESIAN_POINT('',(24.056613161,6.805920558,0.547812233));
#1779=CARTESIAN_POINT('',(24.044720157,7.164195119,0.666254191));
#1780=CARTESIAN_POINT('',(24.01697801,7.851157003,0.970079996));
#1781=CARTESIAN_POINT('',(24.001129525,8.179828049,1.155456644));
#1782=CARTESIAN_POINT('',(23.966072458,8.79521674,1.586181045));
#1783=CARTESIAN_POINT('',(23.946864706,9.081919804,1.831518591));
#1784=CARTESIAN_POINT('',(23.905811551,9.602584636,2.372937914));
#1785=CARTESIAN_POINT('',(23.88396712,9.836534067,2.669006862));
#1786=CARTESIAN_POINT('',(23.83846228,10.242887845,3.300753138));
#1787=CARTESIAN_POINT('',(23.814802948,10.415282564,3.636415498));
#1788=CARTESIAN_POINT('',(23.766558296,10.692038428,4.334722695));
#1789=CARTESIAN_POINT('',(23.741974118,10.796393016,4.697350987));
#1790=CARTESIAN_POINT('',(23.717389357,10.864766271,5.066650033));
#1791=CARTESIAN_POINT('',(23.4425,4.201141105,0.402628749));
#1792=CARTESIAN_POINT('',(23.4425,4.571529956,0.34042918));
#1793=CARTESIAN_POINT('',(23.4425,4.947970497,0.314320224));
#1794=CARTESIAN_POINT('',(23.4425,5.698828765,0.335263294));
#1795=CARTESIAN_POINT('',(23.4425,6.073228701,0.382314824));
#1796=CARTESIAN_POINT('',(23.4425,6.805920558,0.547812233));
#1797=CARTESIAN_POINT('',(23.4425,7.164195119,0.666254191));
#1798=CARTESIAN_POINT('',(23.4425,7.851157003,0.970079996));
#1799=CARTESIAN_POINT('',(23.4425,8.179828049,1.155456644));
#1800=CARTESIAN_POINT('',(23.4425,8.79521674,1.586181045));
#1801=CARTESIAN_POINT('',(23.4425,9.081919804,1.831518591));
#1802=CARTESIAN_POINT('',(23.4425,9.602584636,2.372937914));
#1803=CARTESIAN_POINT('',(23.4425,9.836534067,2.669006862));
#1804=CARTESIAN_POINT('',(23.4425,10.242887845,3.300753138));
#1805=CARTESIAN_POINT('',(23.4425,10.415282564,3.636415498));
#1806=CARTESIAN_POINT('',(23.4425,10.692038428,4.334722695));
#1807=CARTESIAN_POINT('',(23.4425,10.796393016,4.697350987));
#1808=CARTESIAN_POINT('',(23.4425,10.864766271,5.066650033));
#1809=B_SPLINE_SURFACE_WITH_KNOTS('',3,3,((#1485,#1486,#1487,#1488,#1489,#1490,#1491,#1492,#1493,#1494,#1495,#1496,#1497,#1498,#1499,#1500,#1501,#1502),(#1503,#1504,#1505,#1506,#1507,#1508,#1509,#1510,#1511,#1512,#1513,#1514,#1515,#1516,#1517,#1518,#1519,#1520),(#1521,#1522,#1523,#1524,#1525,#1526,#1527,#1528,#1529,#1530,#1531,#1532,#1533,#1534,#1535,#1536,#1537,#1538),(#1539,#1540,#1541,#1542,#1543,#1544,#1545,#1546,#1547,#1548,#1549,#1550,#1551,#1552,#1553,#1554,#1555,#1556),(#1557,#1558,#1559,#1560,#1561,#1562,#1563,#1564,#1565,#1566,#1567,#1568,#1569,#1570,#1571,#1572,#1573,#1574),(#1575,#1576,#1577,#1578,#1579,#1580,#1581,#1582,#1583,#1584,#1585,#1586,#1587,#1588,#1589,#1590,#1591,#1592),(#1593,#1594,#1595,#1596,#1597,#1598,#1599,#1600,#1601,#1602,#1603,#1604,#1605,#1606,#1607,#1608,#1609,#1610),(#1611,#1612,#1613,#1614,#1615,#1616,#1617,#1618,#1619,#1620,#1621,#1622,#1623,#1624,#1625,#1626,#1627,#1628),(#1629,#1630,#1631,#1632,#1633,#1634,#1635,#1636,#1637,#1638,#1639,#1640,#1641,#1642,#1643,#1644,#1645,#1646),(#1647,#1648,#1649,#1650,#1651,#1652,#1653,#1654,#1655,#1656,#1657,#1658,#1659,#1660,#1661,#1662,#1663,#1664),(#1665,#1666,#1667,#1668,#1669,#1670,#1671,#1672,#1673,#1674,#1675,#1676,#1677,#1678,#1679,#1680,#1681,#1682),(#1683,#1684,#1685,#1686,#1687,#1688,#1689,#1690,#1691,#1692,#1693,#1694,#1695,#1696,#1697,#1698,#1699,#1700),(#1701,#1702,#1703,#1704,#1705,#1706,#1707,#1708,#1709,#1710,#1711,#1712,#1713,#1714,#1715,#1716,#1717,#1718),(#1719,#1720,#1721,#1722,#1723,#1724,#1725,#1726,#1727,#1728,#1729,#1730,#1731,#1732,#1733,#1734,#1735,#1736),(#1737,#1738,#1739,#1740,#1741,#1742,#1743,#1744,#1745,#1746,#1747,#1748,#1749,#1750,#1751,#1752,#1753,#1754),(#1755,#1756,#1757,#1758,#1759,#1760,#1761,#1762,#1763,#1764,#1765,#1766,#1767,#1768,#1769,#1770,#1771,#1772),(#1773,#1774,#1775,#1776,#1777,#1778,#1779,#1780,#1781,#1782,#1783,#1784,#1785,#1786,#1787,#1788,#1789,#1790),(#1791,#1792,#1793,#1794,#1795,#1796,#1797,#1798,#1799,#1800,#1801,#1802,#1803,#1804,#1805,#1806,#1807,#1808)),.UNSPECIFIED.,.F.,.F.,.U.,(4,2,2,2,2,2,2,2,4),(4,2,2,2,2,2,2,2,4),(1.570796327,1.767145868,1.963495408,2.159844949,2.35619449,2.552544031,2.748893572,2.945243113,3.141592654),(0.,0.125,0.25,0.375,0.5,0.625,0.75,0.875,1.),.UNSPECIFIED.);
#1810=CARTESIAN_POINT('',(27.6425,5.926402211,10.252927735));
#1811=DIRECTION('',(-0.,0.182049469,0.983289373));
#1812=DIRECTION('',(0.,0.983289373,-0.182049469));
#1813=AXIS2_PLACEMENT_3D('',#1810,#1811,#1812);
#1814=CIRCLE('',#1813,5.8);
#1815=EDGE_CURVE('',#471,#665,#1814,.T.);
#1816=ORIENTED_EDGE('',*,*,#1815,.T.);
#1817=ORIENTED_EDGE('',*,*,#710,.T.);
#1818=CARTESIAN_POINT('',(23.4425,5.161687908,6.122536951));
#1819=DIRECTION('',(-1.,0.,0.));
#1820=DIRECTION('',(0.,0.,1.));
#1821=AXIS2_PLACEMENT_3D('',#1818,#1819,#1820);
#1822=CIRCLE('',#1821,5.8);
#1823=EDGE_CURVE('',#698,#494,#1822,.T.);
#1824=ORIENTED_EDGE('',*,*,#1823,.T.);
#1825=ORIENTED_EDGE('',*,*,#500,.T.);
#1826=EDGE_LOOP('',(#1816,#1817,#1824,#1825));
#1827=FACE_BOUND('',#1826,.T.);
#1828=ADVANCED_FACE('',(#1827),#1809,.F.);
#1829=CARTESIAN_POINT('',(0.,5.161687908,6.122536951));
#1830=DIRECTION('',(-1.,0.,0.));
#1831=DIRECTION('',(0.,0.,1.));
#1832=AXIS2_PLACEMENT_3D('',#1829,#1830,#1831);
#1833=CYLINDRICAL_SURFACE('',#1832,5.8);
#1834=ORIENTED_EDGE('',*,*,#1823,.F.);
#1835=ORIENTED_EDGE('',*,*,#703,.T.);
#1836=CARTESIAN_POINT('',(-23.4425,5.161687908,6.122536951));
#1837=DIRECTION('',(-1.,0.,0.));
#1838=DIRECTION('',(0.,0.,1.));
#1839=AXIS2_PLACEMENT_3D('',#1836,#1837,#1838);
#1840=CIRCLE('',#1839,5.8);
#1841=EDGE_CURVE('',#689,#527,#1840,.T.);
#1842=ORIENTED_EDGE('',*,*,#1841,.T.);
#1843=ORIENTED_EDGE('',*,*,#532,.T.);
#1844=EDGE_LOOP('',(#1834,#1835,#1842,#1843));
#1845=FACE_BOUND('',#1844,.T.);
#1846=ADVANCED_FACE('',(#1845),#1833,.F.);
#1847=CARTESIAN_POINT('',(27.6425,4.123939408,0.517428189));
#1848=DIRECTION('',(0.,-0.182049469,-0.983289373));
#1849=DIRECTION('',(0.,0.983289373,-0.182049469));
#1850=AXIS2_PLACEMENT_3D('',#1847,#1848,#1849);
#1851=CYLINDRICAL_SURFACE('',#1850,5.8);
#1852=ORIENTED_EDGE('',*,*,#476,.T.);
#1853=CARTESIAN_POINT('',(27.6425,6.249860987,12.));
#1854=DIRECTION('',(-0.,-0.060915862,0.998142904));
#1855=DIRECTION('',(0.,-0.998142904,-0.060915862));
#1856=AXIS2_PLACEMENT_3D('',#1853,#1854,#1855);
#1857=ELLIPSE('',#1856,5.97707928,5.8);
#1858=EDGE_CURVE('',#463,#663,#1857,.T.);
#1859=ORIENTED_EDGE('',*,*,#1858,.T.);
#1860=ORIENTED_EDGE('',*,*,#670,.T.);
#1861=ORIENTED_EDGE('',*,*,#1815,.F.);
#1862=EDGE_LOOP('',(#1852,#1859,#1860,#1861));
#1863=FACE_BOUND('',#1862,.T.);
#1864=ADVANCED_FACE('',(#1863),#1851,.F.);
#1865=CARTESIAN_POINT('',(-23.4425,4.201141105,0.402628749));
#1866=CARTESIAN_POINT('',(-23.4425,4.571529956,0.34042918));
#1867=CARTESIAN_POINT('',(-23.4425,4.947970497,0.314320224));
#1868=CARTESIAN_POINT('',(-23.4425,5.698828765,0.335263294));
#1869=CARTESIAN_POINT('',(-23.4425,6.073228701,0.382314824));
#1870=CARTESIAN_POINT('',(-23.4425,6.805920558,0.547812233));
#1871=CARTESIAN_POINT('',(-23.4425,7.164195119,0.666254191));
#1872=CARTESIAN_POINT('',(-23.4425,7.851157003,0.970079996));
#1873=CARTESIAN_POINT('',(-23.4425,8.179828049,1.155456644));
#1874=CARTESIAN_POINT('',(-23.4425,8.79521674,1.586181045));
#1875=CARTESIAN_POINT('',(-23.4425,9.081919804,1.831518591));
#1876=CARTESIAN_POINT('',(-23.4425,9.602584636,2.372937914));
#1877=CARTESIAN_POINT('',(-23.4425,9.836534067,2.669006862));
#1878=CARTESIAN_POINT('',(-23.4425,10.242887845,3.300753138));
#1879=CARTESIAN_POINT('',(-23.4425,10.415282564,3.636415498));
#1880=CARTESIAN_POINT('',(-23.4425,10.692038428,4.334722695));
#1881=CARTESIAN_POINT('',(-23.4425,10.796393016,4.697350987));
#1882=CARTESIAN_POINT('',(-23.4425,10.864766271,5.066650033));
#1883=CARTESIAN_POINT('',(-24.096998469,4.201141105,0.402628749));
#1884=CARTESIAN_POINT('',(-24.096588113,4.571529956,0.34042918));
#1885=CARTESIAN_POINT('',(-24.093782663,4.947970497,0.314320224));
#1886=CARTESIAN_POINT('',(-24.083486855,5.698828765,0.335263294));
#1887=CARTESIAN_POINT('',(-24.07599674,6.073228701,0.382314824));
#1888=CARTESIAN_POINT('',(-24.056613161,6.805920558,0.547812233));
#1889=CARTESIAN_POINT('',(-24.044720157,7.164195119,0.666254191));
#1890=CARTESIAN_POINT('',(-24.01697801,7.851157003,0.970079996));
#1891=CARTESIAN_POINT('',(-24.001129525,8.179828049,1.155456644));
#1892=CARTESIAN_POINT('',(-23.966072458,8.79521674,1.586181045));
#1893=CARTESIAN_POINT('',(-23.946864706,9.081919804,1.831518591));
#1894=CARTESIAN_POINT('',(-23.905811551,9.602584636,2.372937914));
#1895=CARTESIAN_POINT('',(-23.88396712,9.836534067,2.669006862));
#1896=CARTESIAN_POINT('',(-23.83846228,10.242887845,3.300753138));
#1897=CARTESIAN_POINT('',(-23.814802948,10.415282564,3.636415498));
#1898=CARTESIAN_POINT('',(-23.766558296,10.692038428,4.334722695));
#1899=CARTESIAN_POINT('',(-23.741974118,10.796393016,4.697350987));
#1900=CARTESIAN_POINT('',(-23.717389357,10.864766271,5.066650033));
#1901=CARTESIAN_POINT('',(-24.751480755,4.21226229,0.466124642));
#1902=CARTESIAN_POINT('',(-24.750660198,4.582662606,0.403840428));
#1903=CARTESIAN_POINT('',(-24.745049496,4.959076401,0.377419302));
#1904=CARTESIAN_POINT('',(-24.724458349,5.709803811,0.397294831));
#1905=CARTESIAN_POINT('',(-24.709478391,6.084099634,0.443591014));
#1906=CARTESIAN_POINT('',(-24.670711843,6.816507869,0.607162666));
#1907=CARTESIAN_POINT('',(-24.646926172,7.174602922,0.724434258));
#1908=CARTESIAN_POINT('',(-24.591442612,7.86113528,1.025547648));
#1909=CARTESIAN_POINT('',(-24.559746037,8.189556313,1.209382308));
#1910=CARTESIAN_POINT('',(-24.489632741,8.804382157,1.636708056));
#1911=CARTESIAN_POINT('',(-24.451217681,9.090772397,1.880189015));
#1912=CARTESIAN_POINT('',(-24.369112292,9.610759032,2.417649016));
#1913=CARTESIAN_POINT('',(-24.325423909,9.844343103,2.711615319));
#1914=CARTESIAN_POINT('',(-24.23441521,10.249926134,3.33898768));
#1915=CARTESIAN_POINT('',(-24.18709705,10.421915481,3.672378868));
#1916=CARTESIAN_POINT('',(-24.090608764,10.697834921,4.366058754));
#1917=CARTESIAN_POINT('',(-24.041440923,10.801758474,4.726331012));
#1918=CARTESIAN_POINT('',(-23.992271917,10.869695687,5.093274895));
#1919=CARTESIAN_POINT('',(-26.035325685,4.256320737,0.717674322));
#1920=CARTESIAN_POINT('',(-26.033746414,4.626768035,0.655063618));
#1921=CARTESIAN_POINT('',(-26.022672979,5.00307724,0.627413497));
#1922=CARTESIAN_POINT('',(-25.981953572,5.75328855,0.643072711));
#1923=CARTESIAN_POINT('',(-25.952308566,6.127172856,0.686381676));
#1924=CARTESIAN_POINT('',(-25.875561087,6.858458908,0.842331994));
#1925=CARTESIAN_POINT('',(-25.828460434,7.215843304,0.954969648));
#1926=CARTESIAN_POINT('',(-25.718573873,7.900674569,1.245340227));
#1927=CARTESIAN_POINT('',(-25.655790573,8.22810519,1.423066262));
#1928=CARTESIAN_POINT('',(-25.516901369,8.840700943,1.836925941));
#1929=CARTESIAN_POINT('',(-25.440798761,9.125851542,2.073049767));
#1930=CARTESIAN_POINT('',(-25.278135094,9.643150387,2.594818583));
#1931=CARTESIAN_POINT('',(-25.191577894,9.875286361,2.880451196));
#1932=CARTESIAN_POINT('',(-25.011262881,10.277814386,3.490486897));
#1933=CARTESIAN_POINT('',(-24.917509345,10.448196887,3.814875512));
#1934=CARTESIAN_POINT('',(-24.726330549,10.720800765,4.490212997));
#1935=CARTESIAN_POINT('',(-24.628909824,10.823015675,4.841145845));
#1936=CARTESIAN_POINT('',(-24.531486788,10.889224397,5.198753773));
#1937=CARTESIAN_POINT('',(-26.664656584,4.28925691,0.905721889));
#1938=CARTESIAN_POINT('',(-26.66272909,4.659739742,0.842869457));
#1939=CARTESIAN_POINT('',(-26.648998545,5.035971124,0.814302633));
#1940=CARTESIAN_POINT('',(-26.598447114,5.785797232,0.826813337));
#1941=CARTESIAN_POINT('',(-26.561627427,6.159374154,0.867890568));
#1942=CARTESIAN_POINT('',(-26.466283167,6.889821691,1.018145595));
#1943=CARTESIAN_POINT('',(-26.407760856,7.246674962,1.127319823));
#1944=CARTESIAN_POINT('',(-26.271214142,7.93023471,1.409660306));
#1945=CARTESIAN_POINT('',(-26.19319298,8.256924957,1.582819857));
#1946=CARTESIAN_POINT('',(-26.020585746,8.867853518,1.986612433));
#1947=CARTESIAN_POINT('',(-25.926003771,9.152077325,2.217235869));
#1948=CARTESIAN_POINT('',(-25.723835878,9.667366632,2.727273144));
#1949=CARTESIAN_POINT('',(-25.616254759,9.898419896,3.00667487));
#1950=CARTESIAN_POINT('',(-25.392139232,10.298663719,3.603748151));
#1951=CARTESIAN_POINT('',(-25.275610145,10.467844774,3.921405526));
#1952=CARTESIAN_POINT('',(-25.037986491,10.737969573,4.583028247));
#1953=CARTESIAN_POINT('',(-24.916897566,10.838906904,4.926977882));
#1954=CARTESIAN_POINT('',(-24.795805765,10.90382321,5.27760518));
#1955=CARTESIAN_POINT('',(-27.874012064,4.375680664,1.399154336));
#1956=CARTESIAN_POINT('',(-27.871502611,4.746261743,1.335695989));
#1957=CARTESIAN_POINT('',(-27.852742156,5.122293314,1.304748505));
#1958=CARTESIAN_POINT('',(-27.783424713,5.871116079,1.309039077));
#1959=CARTESIAN_POINT('',(-27.732869374,6.243889454,1.34427703));
#1960=CARTESIAN_POINT('',(-27.60186655,6.972141352,1.479613024));
#1961=CARTESIAN_POINT('',(-27.521422182,7.327602546,1.579707845));
#1962=CARTESIAN_POINT('',(-27.333672572,8.007827635,1.840986792));
#1963=CARTESIAN_POINT('',(-27.226371796,8.332575344,2.0021647));
#1964=CARTESIAN_POINT('',(-26.988953255,8.939128337,2.379535876));
#1965=CARTESIAN_POINT('',(-26.858841137,9.220919187,2.595720162));
#1966=CARTESIAN_POINT('',(-26.580703958,9.730932306,3.07495598));
#1967=CARTESIAN_POINT('',(-26.432685513,9.959142438,3.337996106));
#1968=CARTESIAN_POINT('',(-26.124315014,10.353387559,3.901028523));
#1969=CARTESIAN_POINT('',(-25.963970296,10.519413165,4.201007415));
#1970=CARTESIAN_POINT('',(-25.636991543,10.78302674,4.826609128));
#1971=CARTESIAN_POINT('',(-25.470365287,10.880608436,5.152217063));
#1972=CARTESIAN_POINT('',(-25.303735067,10.942130153,5.484509441));
#1973=CARTESIAN_POINT('',(-28.454006742,4.429166107,1.704527015));
#1974=CARTESIAN_POINT('',(-28.451263778,4.799809932,1.640704698));
#1975=CARTESIAN_POINT('',(-28.430130831,5.175719552,1.60829349));
#1976=CARTESIAN_POINT('',(-28.351880174,5.923924254,1.607512937));
#1977=CARTESIAN_POINT('',(-28.294764329,6.296201507,1.639143608));
#1978=CARTESIAN_POINT('',(-28.146700794,7.023096368,1.76525641));
#1979=CARTESIAN_POINT('',(-28.055756631,7.377696655,1.859735534));
#1980=CARTESIAN_POINT('',(-27.843465613,8.055858697,2.107983625));
#1981=CARTESIAN_POINT('',(-27.722123815,8.379404292,2.261746676));
#1982=CARTESIAN_POINT('',(-27.453613559,8.983249011,2.622764169));
#1983=CARTESIAN_POINT('',(-27.306451498,9.263533747,2.830010007));
#1984=CARTESIAN_POINT('',(-26.991851001,9.770280324,3.290176543));
#1985=CARTESIAN_POINT('',(-26.824420061,9.99673009,3.543086276));
#1986=CARTESIAN_POINT('',(-26.475596978,10.387260823,4.085040895));
#1987=CARTESIAN_POINT('',(-26.294213146,10.551332484,4.374072866));
#1988=CARTESIAN_POINT('',(-25.924326109,10.810914031,4.97736899));
#1989=CARTESIAN_POINT('',(-25.735831716,10.906417731,5.291618764));
#1990=CARTESIAN_POINT('',(-25.547332831,10.965837338,5.612557179));
#1991=CARTESIAN_POINT('',(-29.542397919,4.554633949,2.420879897));
#1992=CARTESIAN_POINT('',(-29.539338114,4.9254348,2.356259494));
#1993=CARTESIAN_POINT('',(-29.513859024,5.301066982,2.320463251));
#1994=CARTESIAN_POINT('',(-29.419022522,6.047836385,2.3078682));
#1995=CARTESIAN_POINT('',(-29.349667376,6.418955756,2.331069693));
#1996=CARTESIAN_POINT('',(-29.169697119,7.142676288,2.435596126));
#1997=CARTESIAN_POINT('',(-29.05908631,7.49526015,2.516918567));
#1998=CARTESIAN_POINT('',(-28.800781976,8.16858611,2.734616654));
#1999=CARTESIAN_POINT('',(-28.653094625,8.489312113,2.870987096));
#2000=CARTESIAN_POINT('',(-28.326215523,9.086801926,3.193630704));
#2001=CARTESIAN_POINT('',(-28.147031584,9.363551453,3.379896157));
#2002=CARTESIAN_POINT('',(-27.763927927,9.862628975,3.79529369));
#2003=CARTESIAN_POINT('',(-27.560017365,10.084945041,4.02441584));
#2004=CARTESIAN_POINT('',(-27.135163654,10.466752604,4.516870918));
#2005=CARTESIAN_POINT('',(-26.914230659,10.626234974,4.780192074));
#2006=CARTESIAN_POINT('',(-26.463678802,10.876345915,5.331096641));
#2007=CARTESIAN_POINT('',(-26.234070708,10.966968509,5.618666882));
#2008=CARTESIAN_POINT('',(-26.004457126,11.0214504,5.912935608));
#2009=CARTESIAN_POINT('',(-30.050767506,4.626613247,2.831842387));
#2010=CARTESIAN_POINT('',(-30.047624496,4.997508419,2.766788155));
#2011=CARTESIAN_POINT('',(-30.020171968,5.372985162,2.729070915));
#2012=CARTESIAN_POINT('',(-29.91768342,6.118937434,2.709733173));
#2013=CARTESIAN_POINT('',(-29.842649853,6.489395102,2.728113133));
#2014=CARTESIAN_POINT('',(-29.647834484,7.211298464,2.820277161));
#2015=CARTESIAN_POINT('',(-29.528057346,7.562726871,2.89405902));
#2016=CARTESIAN_POINT('',(-29.248282281,8.233279934,3.0942388));
#2017=CARTESIAN_POINT('',(-29.088291053,8.552388532,3.220631925));
#2018=CARTESIAN_POINT('',(-28.73413624,9.14623186,3.521256228));
#2019=CARTESIAN_POINT('',(-28.539981134,9.420952369,3.695480206));
#2020=CARTESIAN_POINT('',(-28.124839251,9.915627538,4.085178954));
#2021=CARTESIAN_POINT('',(-27.903862415,10.135570353,4.300644392));
#2022=CARTESIAN_POINT('',(-27.44343242,10.5123693,4.764678691));
#2023=CARTESIAN_POINT('',(-27.203990287,10.669216411,5.013236438));
#2024=CARTESIAN_POINT('',(-26.715683745,10.913888952,5.534056019));
#2025=CARTESIAN_POINT('',(-26.466831028,11.001708525,5.806305378));
#2026=CARTESIAN_POINT('',(-26.217972352,11.053354903,6.085258873));
#2027=CARTESIAN_POINT('',(-30.976368118,4.78630352,3.743586664));
#2028=CARTESIAN_POINT('',(-30.973222049,5.157423284,3.677656848));
#2029=CARTESIAN_POINT('',(-30.942306087,5.532568648,3.635753583));
#2030=CARTESIAN_POINT('',(-30.826102873,6.276730808,3.601583938));
#2031=CARTESIAN_POINT('',(-30.740818416,6.645729713,3.609318379));
#2032=CARTESIAN_POINT('',(-30.519107195,7.363615703,3.674133243));
#2033=CARTESIAN_POINT('',(-30.382685761,7.71248553,3.731212107));
#2034=CARTESIAN_POINT('',(-30.063867402,8.376892197,3.892554919));
#2035=CARTESIAN_POINT('',(-29.881478141,8.692413064,3.996814987));
#2036=CARTESIAN_POINT('',(-29.477632998,9.278163723,4.248571207));
#2037=CARTESIAN_POINT('',(-29.256186824,9.548379433,4.396061306));
#2038=CARTESIAN_POINT('',(-28.782616998,10.0332779,4.728690144));
#2039=CARTESIAN_POINT('',(-28.53050473,10.247949,4.913820884));
#2040=CARTESIAN_POINT('',(-28.005154258,10.613620683,5.314716863));
#2041=CARTESIAN_POINT('',(-27.731928683,10.764612475,5.530472462));
#2042=CARTESIAN_POINT('',(-27.174703621,10.997200654,5.984443125));
#2043=CARTESIAN_POINT('',(-26.890717528,11.07879145,6.222647274));
#2044=CARTESIAN_POINT('',(-26.60672461,11.124136906,6.467568097));
#2045=CARTESIAN_POINT('',(-31.393576256,4.874010548,4.244345907));
#2046=CARTESIAN_POINT('',(-31.390510341,5.245260627,4.177974651));
#2047=CARTESIAN_POINT('',(-31.358104476,5.620230106,4.133806716));
#2048=CARTESIAN_POINT('',(-31.235838998,6.363419403,4.091548652));
#2049=CARTESIAN_POINT('',(-31.145982329,6.731621316,4.093459541));
#2050=CARTESIAN_POINT('',(-30.912221044,7.447307251,4.143288583));
#2051=CARTESIAN_POINT('',(-30.768322058,7.794774032,4.191205535));
#2052=CARTESIAN_POINT('',(-30.431932107,8.455807371,4.331230743));
#2053=CARTESIAN_POINT('',(-30.239449244,8.769358003,4.423335624));
#2054=CARTESIAN_POINT('',(-29.81319071,9.350662669,4.648244217));
#2055=CARTESIAN_POINT('',(-29.579425308,9.618402697,4.78104251));
#2056=CARTESIAN_POINT('',(-29.079467203,10.097927024,5.082301446));
#2057=CARTESIAN_POINT('',(-28.813286544,10.309699769,5.250754829));
#2058=CARTESIAN_POINT('',(-28.258593473,10.669253026,5.616934543));
#2059=CARTESIAN_POINT('',(-27.970094424,10.817024874,5.814652049));
#2060=CARTESIAN_POINT('',(-27.381707217,11.042967327,6.231860086));
#2061=CARTESIAN_POINT('',(-27.081833234,11.121132487,6.451340563));
#2062=CARTESIAN_POINT('',(-26.781952027,11.163012656,6.677544602));
#2063=CARTESIAN_POINT('',(-32.12081599,5.061786445,5.316443758));
#2064=CARTESIAN_POINT('',(-32.118062282,5.433336214,5.249244658));
#2065=CARTESIAN_POINT('',(-32.083210066,5.807947322,5.200330538));
#2066=CARTESIAN_POINT('',(-31.950630391,6.549084476,5.1409273));
#2067=CARTESIAN_POINT('',(-31.852906142,6.915592584,5.13043962));
#2068=CARTESIAN_POINT('',(-31.598294996,7.626587413,5.148289628));
#2069=CARTESIAN_POINT('',(-31.441414261,7.971056924,5.176626883));
#2070=CARTESIAN_POINT('',(-31.07445214,8.624875512,5.271050729));
#2071=CARTESIAN_POINT('',(-30.864379635,8.934208764,5.337135034));
#2072=CARTESIAN_POINT('',(-30.399018687,9.505991127,5.504541482));
#2073=CARTESIAN_POINT('',(-30.143741508,9.768426398,5.605859573));
#2074=CARTESIAN_POINT('',(-29.597675066,10.236431724,5.839882144));
#2075=CARTESIAN_POINT('',(-29.306899019,10.44199045,5.972580958));
#2076=CARTESIAN_POINT('',(-28.700888886,10.788423746,6.264320044));
#2077=CARTESIAN_POINT('',(-28.385669466,10.92928993,6.423353252));
#2078=CARTESIAN_POINT('',(-27.74275654,11.140978643,6.76171456));
#2079=CARTESIAN_POINT('',(-27.415078593,11.211796047,6.941034468));
#2080=CARTESIAN_POINT('',(-27.087392716,11.246243486,7.127092691));
#2081=CARTESIAN_POINT('',(-32.430829604,5.16185067,5.887755856));
#2082=CARTESIAN_POINT('',(-32.428307835,5.533569856,5.820170649));
#2083=CARTESIAN_POINT('',(-32.39249914,5.907998529,5.768775371));
#2084=CARTESIAN_POINT('',(-32.255667639,6.648056527,5.700316206));
#2085=CARTESIAN_POINT('',(-32.154648154,7.013667894,5.683253978));
#2086=CARTESIAN_POINT('',(-31.891237635,7.722171831,5.684111811));
#2087=CARTESIAN_POINT('',(-31.728852994,8.065047208,5.702031849));
#2088=CARTESIAN_POINT('',(-31.34889102,8.715024569,5.772173157));
#2089=CARTESIAN_POINT('',(-31.131322906,9.022110782,5.824392723));
#2090=CARTESIAN_POINT('',(-30.649273923,9.588817063,5.961146022));
#2091=CARTESIAN_POINT('',(-30.384804749,9.848423379,6.045676434));
#2092=CARTESIAN_POINT('',(-29.819019456,10.310284098,6.243834028));
#2093=CARTESIAN_POINT('',(-29.517717065,10.512527292,6.357456398));
#2094=CARTESIAN_POINT('',(-28.889733838,10.851959329,6.609472691));
#2095=CARTESIAN_POINT('',(-28.56306824,10.989139936,6.747860496));
#2096=CARTESIAN_POINT('',(-27.896793208,11.193220927,7.044139321));
#2097=CARTESIAN_POINT('',(-27.557199941,11.26011636,7.20202315));
#2098=CARTESIAN_POINT('',(-27.217598434,11.290596508,7.366653158));
#2099=CARTESIAN_POINT('',(-32.931761046,5.370496068,7.079007162));
#2100=CARTESIAN_POINT('',(-32.929820537,5.742593615,7.010759149));
#2101=CARTESIAN_POINT('',(-32.892646795,6.11666397,6.954314609));
#2102=CARTESIAN_POINT('',(-32.74924805,6.854509083,6.867181248));
#2103=CARTESIAN_POINT('',(-32.643026544,7.218265845,6.836494551));
#2104=CARTESIAN_POINT('',(-32.365583088,7.921599179,6.802049064));
#2105=CARTESIAN_POINT('',(-32.194367905,8.261158597,6.798291112));
#2106=CARTESIAN_POINT('',(-31.793468734,8.903135513,6.817847334));
#2107=CARTESIAN_POINT('',(-31.563794522,9.205537352,6.841161028));
#2108=CARTESIAN_POINT('',(-31.054740462,9.761654965,6.913971305));
#2109=CARTESIAN_POINT('',(-30.775373028,10.015357174,6.96346611));
#2110=CARTESIAN_POINT('',(-30.177592765,10.464389575,7.086749885));
#2111=CARTESIAN_POINT('',(-29.859194516,10.659708815,7.160535846));
#2112=CARTESIAN_POINT('',(-29.195503076,10.984517222,7.329585843));
#2113=CARTESIAN_POINT('',(-28.850226074,11.113998466,7.424845754));
#2114=CARTESIAN_POINT('',(-28.145954061,11.302185378,7.633207715));
#2115=CARTESIAN_POINT('',(-27.786976228,11.360886455,7.74630468));
#2116=CARTESIAN_POINT('',(-27.427989639,11.383077651,7.866164231));
#2117=CARTESIAN_POINT('',(-33.122666487,5.47907208,7.698916913));
#2118=CARTESIAN_POINT('',(-33.121075081,5.851378602,7.630392436));
#2119=CARTESIAN_POINT('',(-33.083492628,6.225273117,7.571380106));
#2120=CARTESIAN_POINT('',(-32.937778328,6.961984614,7.474629258));
#2121=CARTESIAN_POINT('',(-32.829650046,7.324783579,7.436893106));
#2122=CARTESIAN_POINT('',(-32.546973191,8.025437366,7.384137543));
#2123=CARTESIAN_POINT('',(-32.372431531,8.363275053,7.369119422));
#2124=CARTESIAN_POINT('',(-31.963595467,9.001092962,7.362374419));
#2125=CARTESIAN_POINT('',(-31.729311061,9.301057585,7.370647702));
#2126=CARTESIAN_POINT('',(-31.209940667,9.851662867,7.410169646));
#2127=CARTESIAN_POINT('',(-30.924867381,10.102290061,7.44141734));
#2128=CARTESIAN_POINT('',(-30.314811921,10.544639045,7.525693986));
#2129=CARTESIAN_POINT('',(-29.989844665,10.736350017,7.578720874));
#2130=CARTESIAN_POINT('',(-29.312419189,11.053536375,7.704529206));
#2131=CARTESIAN_POINT('',(-28.959977534,11.179004003,7.777307569));
#2132=CARTESIAN_POINT('',(-28.241071828,11.358904901,7.939837059));
#2133=CARTESIAN_POINT('',(-27.874625357,11.41333377,8.029584209));
#2134=CARTESIAN_POINT('',(-27.508169924,11.431203485,8.126102486));
#2135=CARTESIAN_POINT('',(-33.378039121,5.700568852,8.963542554));
#2136=CARTESIAN_POINT('',(-33.377210763,6.073329599,8.894612229));
#2137=CARTESIAN_POINT('',(-33.339340379,6.446889952,8.830499716));
#2138=CARTESIAN_POINT('',(-33.190963167,7.181330327,8.714360917));
#2139=CARTESIAN_POINT('',(-33.080459987,7.542192289,8.662337486));
#2140=CARTESIAN_POINT('',(-32.79104846,8.237405579,8.572370813));
#2141=CARTESIAN_POINT('',(-32.612147228,8.571739811,8.534429781));
#2142=CARTESIAN_POINT('',(-32.192792308,9.201083261,8.474082049));
#2143=CARTESIAN_POINT('',(-31.952348931,9.496077003,8.451676831));
#2144=CARTESIAN_POINT('',(-31.419121255,10.035432107,8.423259345));
#2145=CARTESIAN_POINT('',(-31.126350067,10.279780205,8.417247774));
#2146=CARTESIAN_POINT('',(-30.49968412,10.708476999,8.421847804));
#2147=CARTESIAN_POINT('',(-30.16580477,10.892815153,8.432459289));
#2148=CARTESIAN_POINT('',(-29.469715797,11.194424364,8.469898471));
#2149=CARTESIAN_POINT('',(-29.10752329,11.311688004,8.496725243));
#2150=CARTESIAN_POINT('',(-28.368686974,11.474650676,8.565566493));
#2151=CARTESIAN_POINT('',(-27.992061333,11.520345701,8.607579274));
#2152=CARTESIAN_POINT('',(-27.615426431,11.529380943,8.656380612));
#2153=CARTESIAN_POINT('',(-33.4425,5.813484136,9.608227174));
#2154=CARTESIAN_POINT('',(-33.442085293,6.186490143,9.5391676));
#2155=CARTESIAN_POINT('',(-33.404335457,6.559892203,9.472522932));
#2156=CARTESIAN_POINT('',(-33.255610549,7.293195162,9.346614334));
#2157=CARTESIAN_POINT('',(-33.144639145,7.653077978,9.287353507));
#2158=CARTESIAN_POINT('',(-32.853726265,8.345530472,9.178486833));
#2159=CARTESIAN_POINT('',(-32.673791963,8.678083075,9.128883668));
#2160=CARTESIAN_POINT('',(-32.251855249,9.303111291,9.0412358));
#2161=CARTESIAN_POINT('',(-32.009863243,9.595571493,9.003193255));
#2162=CARTESIAN_POINT('',(-31.473095013,10.129189022,8.940126328));
#2163=CARTESIAN_POINT('',(-31.178332026,10.37033319,8.915103497));
#2164=CARTESIAN_POINT('',(-30.547331377,10.792061535,8.879035929));
#2165=CARTESIAN_POINT('',(-30.211109275,10.972635312,8.867992079));
#2166=CARTESIAN_POINT('',(-29.510091574,11.266289788,8.860305836));
#2167=CARTESIAN_POINT('',(-29.14531326,11.379363245,8.86366363));
#2168=CARTESIAN_POINT('',(-28.40118085,11.533674097,8.884651272));
#2169=CARTESIAN_POINT('',(-28.021845102,11.574907686,8.902280599));
#2170=CARTESIAN_POINT('',(-27.6425,11.57943014,8.926707372));
#2171=CARTESIAN_POINT('',(-33.4425,5.926402211,10.252927735));
#2172=CARTESIAN_POINT('',(-33.4425,6.299667817,10.183820098));
#2173=CARTESIAN_POINT('',(-33.40511269,6.672924193,10.114714169));
#2174=CARTESIAN_POINT('',(-33.256996562,7.405111017,9.979154663));
#2175=CARTESIAN_POINT('',(-33.146271407,7.76402336,9.912704437));
#2176=CARTESIAN_POINT('',(-32.855731171,8.453728267,9.785010173));
#2177=CARTESIAN_POINT('',(-32.675923274,8.784503777,9.723769294));
#2178=CARTESIAN_POINT('',(-32.254124228,9.405221795,9.608847494));
#2179=CARTESIAN_POINT('',(-32.012143508,9.695148954,9.555169414));
#2180=CARTESIAN_POINT('',(-31.475295153,10.223026236,9.457436456));
#2181=CARTESIAN_POINT('',(-31.180440793,10.460963307,9.413383995));
#2182=CARTESIAN_POINT('',(-30.54917391,10.875713826,9.336595703));
#2183=CARTESIAN_POINT('',(-30.212776997,11.05251702,9.303861771));
#2184=CARTESIAN_POINT('',(-29.511350819,11.338202146,9.250969075));
#2185=CARTESIAN_POINT('',(-29.146338897,11.447077015,9.230811619));
#2186=CARTESIAN_POINT('',(-28.401708838,11.59271803,9.203847157));
#2187=CARTESIAN_POINT('',(-28.022109112,11.629480574,9.197040817));
#2188=CARTESIAN_POINT('',(-27.6425,11.629480574,9.197040817));
#2189=B_SPLINE_SURFACE_WITH_KNOTS('',3,3,((#1865,#1866,#1867,#1868,#1869,#1870,#1871,#1872,#1873,#1874,#1875,#1876,#1877,#1878,#1879,#1880,#1881,#1882),(#1883,#1884,#1885,#1886,#1887,#1888,#1889,#1890,#1891,#1892,#1893,#1894,#1895,#1896,#1897,#1898,#1899,#1900),(#1901,#1902,#1903,#1904,#1905,#1906,#1907,#1908,#1909,#1910,#1911,#1912,#1913,#1914,#1915,#1916,#1917,#1918),(#1919,#1920,#1921,#1922,#1923,#1924,#1925,#1926,#1927,#1928,#1929,#1930,#1931,#1932,#1933,#1934,#1935,#1936),(#1937,#1938,#1939,#1940,#1941,#1942,#1943,#1944,#1945,#1946,#1947,#1948,#1949,#1950,#1951,#1952,#1953,#1954),(#1955,#1956,#1957,#1958,#1959,#1960,#1961,#1962,#1963,#1964,#1965,#1966,#1967,#1968,#1969,#1970,#1971,#1972),(#1973,#1974,#1975,#1976,#1977,#1978,#1979,#1980,#1981,#1982,#1983,#1984,#1985,#1986,#1987,#1988,#1989,#1990),(#1991,#1992,#1993,#1994,#1995,#1996,#1997,#1998,#1999,#2000,#2001,#2002,#2003,#2004,#2005,#2006,#2007,#2008),(#2009,#2010,#2011,#2012,#2013,#2014,#2015,#2016,#2017,#2018,#2019,#2020,#2021,#2022,#2023,#2024,#2025,#2026),(#2027,#2028,#2029,#2030,#2031,#2032,#2033,#2034,#2035,#2036,#2037,#2038,#2039,#2040,#2041,#2042,#2043,#2044),(#2045,#2046,#2047,#2048,#2049,#2050,#2051,#2052,#2053,#2054,#2055,#2056,#2057,#2058,#2059,#2060,#2061,#2062),(#2063,#2064,#2065,#2066,#2067,#2068,#2069,#2070,#2071,#2072,#2073,#2074,#2075,#2076,#2077,#2078,#2079,#2080),(#2081,#2082,#2083,#2084,#2085,#2086,#2087,#2088,#2089,#2090,#2091,#2092,#2093,#2094,#2095,#2096,#2097,#2098),(#2099,#2100,#2101,#2102,#2103,#2104,#2105,#2106,#2107,#2108,#2109,#2110,#2111,#2112,#2113,#2114,#2115,#2116),(#2117,#2118,#2119,#2120,#2121,#2122,#2123,#2124,#2125,#2126,#2127,#2128,#2129,#2130,#2131,#2132,#2133,#2134),(#2135,#2136,#2137,#2138,#2139,#2140,#2141,#2142,#2143,#2144,#2145,#2146,#2147,#2148,#2149,#2150,#2151,#2152),(#2153,#2154,#2155,#2156,#2157,#2158,#2159,#2160,#2161,#2162,#2163,#2164,#2165,#2166,#2167,#2168,#2169,#2170),(#2171,#2172,#2173,#2174,#2175,#2176,#2177,#2178,#2179,#2180,#2181,#2182,#2183,#2184,#2185,#2186,#2187,#2188)),.UNSPECIFIED.,.F.,.F.,.U.,(4,2,2,2,2,2,2,2,4),(4,2,2,2,2,2,2,2,4),(3.141592654,3.337942194,3.534291735,3.730641276,3.926990817,4.123340358,4.319689899,4.51603944,4.71238898),(0.,0.125,0.25,0.375,0.5,0.625,0.75,0.875,1.),.UNSPECIFIED.);
#2190=ORIENTED_EDGE('',*,*,#1841,.F.);
#2191=ORIENTED_EDGE('',*,*,#695,.T.);
#2192=CARTESIAN_POINT('',(-27.6425,5.926402211,10.252927735));
#2193=DIRECTION('',(-0.,0.182049469,0.983289373));
#2194=DIRECTION('',(0.,0.983289373,-0.182049469));
#2195=AXIS2_PLACEMENT_3D('',#2192,#2193,#2194);
#2196=CIRCLE('',#2195,5.8);
#2197=EDGE_CURVE('',#681,#558,#2196,.T.);
#2198=ORIENTED_EDGE('',*,*,#2197,.T.);
#2199=ORIENTED_EDGE('',*,*,#564,.T.);
#2200=EDGE_LOOP('',(#2190,#2191,#2198,#2199));
#2201=FACE_BOUND('',#2200,.T.);
#2202=ADVANCED_FACE('',(#2201),#2189,.F.);
#2203=CARTESIAN_POINT('',(-27.6425,10.795249152,36.550645009));
#2204=DIRECTION('',(0.,-0.182049469,-0.983289373));
#2205=DIRECTION('',(0.,0.983289373,-0.182049469));
#2206=AXIS2_PLACEMENT_3D('',#2203,#2204,#2205);
#2207=CYLINDRICAL_SURFACE('',#2206,5.8);
#2208=ORIENTED_EDGE('',*,*,#686,.T.);
#2209=CARTESIAN_POINT('',(-27.6425,6.249860987,12.));
#2210=DIRECTION('',(-0.,-0.060915862,0.998142904));
#2211=DIRECTION('',(0.,-0.998142904,-0.060915862));
#2212=AXIS2_PLACEMENT_3D('',#2209,#2210,#2211);
#2213=ELLIPSE('',#2212,5.97707928,5.8);
#2214=EDGE_CURVE('',#673,#590,#2213,.T.);
#2215=ORIENTED_EDGE('',*,*,#2214,.T.);
#2216=ORIENTED_EDGE('',*,*,#595,.T.);
#2217=ORIENTED_EDGE('',*,*,#2197,.F.);
#2218=EDGE_LOOP('',(#2208,#2215,#2216,#2217));
#2219=FACE_BOUND('',#2218,.T.);
#2220=ADVANCED_FACE('',(#2219),#2207,.F.);
#2221=CARTESIAN_POINT('',(24.,4.,12.));
#2222=DIRECTION('',(0.,0.,1.));
#2223=DIRECTION('',(1.,0.,-0.));
#2224=AXIS2_PLACEMENT_3D('',#2221,#2222,#2223);
#2225=TOROIDAL_SURFACE('',#2224,14.,2.);
#2226=CARTESIAN_POINT('',(24.,-10.,12.));
#2227=DIRECTION('',(-1.,0.,0.));
#2228=DIRECTION('',(0.,0.,1.));
#2229=AXIS2_PLACEMENT_3D('',#2226,#2227,#2228);
#2230=CIRCLE('',#2229,2.);
#2231=EDGE_CURVE('',#91,#141,#2230,.T.);
#2232=ORIENTED_EDGE('',*,*,#2231,.F.);
#2233=ORIENTED_EDGE('',*,*,#418,.F.);
#2234=CARTESIAN_POINT('',(38.,4.,12.));
#2235=DIRECTION('',(0.,1.,0.));
#2236=DIRECTION('',(0.,-0.,1.));
#2237=AXIS2_PLACEMENT_3D('',#2234,#2235,#2236);
#2238=CIRCLE('',#2237,2.);
#2239=EDGE_CURVE('',#149,#406,#2238,.T.);
#2240=ORIENTED_EDGE('',*,*,#2239,.F.);
#2241=ORIENTED_EDGE('',*,*,#155,.F.);
#2242=EDGE_LOOP('',(#2232,#2233,#2240,#2241));
#2243=FACE_BOUND('',#2242,.T.);
#2244=ADVANCED_FACE('',(#2243),#2225,.T.);
#2245=CARTESIAN_POINT('',(24.,4.,12.));
#2246=DIRECTION('',(0.,0.,1.));
#2247=DIRECTION('',(1.,0.,-0.));
#2248=AXIS2_PLACEMENT_3D('',#2245,#2246,#2247);
#2249=TOROIDAL_SURFACE('',#2248,14.,2.);
#2250=ORIENTED_EDGE('',*,*,#2239,.T.);
#2251=ORIENTED_EDGE('',*,*,#442,.F.);
#2252=CARTESIAN_POINT('',(24.,18.,12.));
#2253=DIRECTION('',(-1.,0.,0.));
#2254=DIRECTION('',(0.,0.,1.));
#2255=AXIS2_PLACEMENT_3D('',#2252,#2253,#2254);
#2256=CIRCLE('',#2255,2.);
#2257=EDGE_CURVE('',#113,#33,#2256,.T.);
#2258=ORIENTED_EDGE('',*,*,#2257,.F.);
#2259=ORIENTED_EDGE('',*,*,#162,.F.);
#2260=EDGE_LOOP('',(#2250,#2251,#2258,#2259));
#2261=FACE_BOUND('',#2260,.T.);
#2262=ADVANCED_FACE('',(#2261),#2249,.T.);
#2263=CARTESIAN_POINT('',(-0.,-10.,12.));
#2264=DIRECTION('',(-1.,-0.,0.));
#2265=DIRECTION('',(0.,-1.,0.));
#2266=AXIS2_PLACEMENT_3D('',#2263,#2264,#2265);
#2267=CYLINDRICAL_SURFACE('',#2266,2.);
#2268=ORIENTED_EDGE('',*,*,#2231,.T.);
#2269=ORIENTED_EDGE('',*,*,#146,.F.);
#2270=CARTESIAN_POINT('',(-24.,-10.,12.));
#2271=DIRECTION('',(-1.,0.,0.));
#2272=DIRECTION('',(0.,0.,1.));
#2273=AXIS2_PLACEMENT_3D('',#2270,#2271,#2272);
#2274=CIRCLE('',#2273,2.);
#2275=EDGE_CURVE('',#73,#132,#2274,.T.);
#2276=ORIENTED_EDGE('',*,*,#2275,.F.);
#2277=ORIENTED_EDGE('',*,*,#102,.F.);
#2278=EDGE_LOOP('',(#2268,#2269,#2276,#2277));
#2279=FACE_BOUND('',#2278,.T.);
#2280=ADVANCED_FACE('',(#2279),#2267,.T.);
#2281=CARTESIAN_POINT('',(0.,18.,12.));
#2282=DIRECTION('',(1.,0.,0.));
#2283=DIRECTION('',(0.,0.,-1.));
#2284=AXIS2_PLACEMENT_3D('',#2281,#2282,#2283);
#2285=CYLINDRICAL_SURFACE('',#2284,2.);
#2286=ORIENTED_EDGE('',*,*,#2257,.T.);
#2287=ORIENTED_EDGE('',*,*,#62,.F.);
#2288=CARTESIAN_POINT('',(-24.,18.,12.));
#2289=DIRECTION('',(-1.,0.,0.));
#2290=DIRECTION('',(0.,0.,1.));
#2291=AXIS2_PLACEMENT_3D('',#2288,#2289,#2290);
#2292=CIRCLE('',#2291,2.);
#2293=EDGE_CURVE('',#115,#51,#2292,.T.);
#2294=ORIENTED_EDGE('',*,*,#2293,.F.);
#2295=ORIENTED_EDGE('',*,*,#120,.F.);
#2296=EDGE_LOOP('',(#2286,#2287,#2294,#2295));
#2297=FACE_BOUND('',#2296,.T.);
#2298=ADVANCED_FACE('',(#2297),#2285,.T.);
#2299=CARTESIAN_POINT('',(-24.,4.,12.));
#2300=DIRECTION('',(0.,0.,1.));
#2301=DIRECTION('',(1.,0.,-0.));
#2302=AXIS2_PLACEMENT_3D('',#2299,#2300,#2301);
#2303=TOROIDAL_SURFACE('',#2302,14.,2.);
#2304=ORIENTED_EDGE('',*,*,#2275,.T.);
#2305=ORIENTED_EDGE('',*,*,#138,.F.);
#2306=CARTESIAN_POINT('',(-38.,4.,12.));
#2307=DIRECTION('',(0.,1.,0.));
#2308=DIRECTION('',(0.,-0.,1.));
#2309=AXIS2_PLACEMENT_3D('',#2306,#2307,#2308);
#2310=CIRCLE('',#2309,2.);
#2311=EDGE_CURVE('',#341,#123,#2310,.T.);
#2312=ORIENTED_EDGE('',*,*,#2311,.F.);
#2313=ORIENTED_EDGE('',*,*,#361,.F.);
#2314=EDGE_LOOP('',(#2304,#2305,#2312,#2313));
#2315=FACE_BOUND('',#2314,.T.);
#2316=ADVANCED_FACE('',(#2315),#2303,.T.);
#2317=CARTESIAN_POINT('',(-24.,4.,12.));
#2318=DIRECTION('',(0.,0.,1.));
#2319=DIRECTION('',(1.,0.,-0.));
#2320=AXIS2_PLACEMENT_3D('',#2317,#2318,#2319);
#2321=TOROIDAL_SURFACE('',#2320,14.,2.);
#2322=ORIENTED_EDGE('',*,*,#2293,.T.);
#2323=ORIENTED_EDGE('',*,*,#385,.F.);
#2324=ORIENTED_EDGE('',*,*,#2311,.T.);
#2325=ORIENTED_EDGE('',*,*,#129,.F.);
#2326=EDGE_LOOP('',(#2322,#2323,#2324,#2325));
#2327=FACE_BOUND('',#2326,.T.);
#2328=ADVANCED_FACE('',(#2327),#2321,.T.);
#2329=CARTESIAN_POINT('',(32.343059378,-3.849775781,14.));
#2330=CARTESIAN_POINT('',(32.168798279,-3.622873409,14.));
#2331=CARTESIAN_POINT('',(31.994634827,-3.396098184,13.937685896));
#2332=CARTESIAN_POINT('',(31.677716122,-2.983444149,13.699597254));
#2333=CARTESIAN_POINT('',(31.535138453,-2.797796573,13.523956131));
#2334=CARTESIAN_POINT('',(31.307298712,-2.501131612,13.090958233));
#2335=CARTESIAN_POINT('',(31.222164307,-2.390280466,12.833844091));
#2336=CARTESIAN_POINT('',(31.124723904,-2.263407289,12.284464758));
#2337=CARTESIAN_POINT('',(31.112472505,-2.247456354,11.992507415));
#2338=CARTESIAN_POINT('',(31.137787742,-2.280420388,11.709444317));
#2339=CARTESIAN_POINT('',(32.63061164,-3.628909649,14.));
#2340=CARTESIAN_POINT('',(32.446342132,-3.410771715,14.));
#2341=CARTESIAN_POINT('',(32.262174718,-3.192754506,13.938063264));
#2342=CARTESIAN_POINT('',(31.926868357,-2.795798047,13.701351598));
#2343=CARTESIAN_POINT('',(31.775915185,-2.617078488,13.526707725));
#2344=CARTESIAN_POINT('',(31.534313537,-2.33099317,13.095960289));
#2345=CARTESIAN_POINT('',(31.443798921,-2.223785745,12.840095214));
#2346=CARTESIAN_POINT('',(31.33947509,-2.10013939,12.29297018));
#2347=CARTESIAN_POINT('',(31.325723683,-2.083768901,12.002013147));
#2348=CARTESIAN_POINT('',(31.351608655,-2.114309688,11.71958192));
#2349=CARTESIAN_POINT('',(32.903127071,-3.387793123,14.));
#2350=CARTESIAN_POINT('',(32.709576006,-3.179122772,14.));
#2351=CARTESIAN_POINT('',(32.516130784,-2.970566387,13.938473023));
#2352=CARTESIAN_POINT('',(32.16371082,-2.590593374,13.703257651));
#2353=CARTESIAN_POINT('',(32.004928802,-2.419384273,13.529697795));
#2354=CARTESIAN_POINT('',(31.750341008,-2.144822994,13.101400302));
#2355=CARTESIAN_POINT('',(31.654674463,-2.041620775,12.84689672));
#2356=CARTESIAN_POINT('',(31.543539274,-1.921639405,12.30223679));
#2357=CARTESIAN_POINT('',(31.52813142,-1.904925795,12.012378091));
#2358=CARTESIAN_POINT('',(31.554248335,-1.932968916,11.730649002));
#2359=CARTESIAN_POINT('',(33.518917132,-2.761537946,14.));
#2360=CARTESIAN_POINT('',(33.304913895,-2.577112507,14.));
#2361=CARTESIAN_POINT('',(33.091023827,-2.392784333,13.939529602));
#2362=CARTESIAN_POINT('',(32.700734376,-2.056394548,13.70817642));
#2363=CARTESIAN_POINT('',(32.524541391,-1.904510351,13.537415818));
#2364=CARTESIAN_POINT('',(32.240756157,-1.659790961,13.115457657));
#2365=CARTESIAN_POINT('',(32.133313994,-1.567084845,12.864482944));
#2366=CARTESIAN_POINT('',(32.006050868,-1.457111794,12.326239953));
#2367=CARTESIAN_POINT('',(31.98629723,-1.439902886,12.039255946));
#2368=CARTESIAN_POINT('',(32.012143508,-1.461970104,11.759393682));
#2369=CARTESIAN_POINT('',(33.84433948,-2.358270822,14.));
#2370=CARTESIAN_POINT('',(33.61998979,-2.189188627,14.));
#2371=CARTESIAN_POINT('',(33.395756123,-2.020193605,13.940203978));
#2372=CARTESIAN_POINT('',(32.98616441,-1.711457394,13.711318985));
#2373=CARTESIAN_POINT('',(32.80101819,-1.571875381,13.542348246));
#2374=CARTESIAN_POINT('',(32.501933383,-1.346302396,13.124453555));
#2375=CARTESIAN_POINT('',(32.388149489,-1.260427733,12.875745475));
#2376=CARTESIAN_POINT('',(32.251710367,-1.15728025,12.341645699));
#2377=CARTESIAN_POINT('',(32.22912574,-1.140060632,12.056529917));
#2378=CARTESIAN_POINT('',(32.254124228,-1.158677862,11.777903365));
#2379=CARTESIAN_POINT('',(34.411586472,-1.494898206,14.));
#2380=CARTESIAN_POINT('',(34.170110998,-1.357927233,14.));
#2381=CARTESIAN_POINT('',(33.928754612,-1.22102356,13.941630928));
#2382=CARTESIAN_POINT('',(33.486919115,-0.970361064,13.717977204));
#2383=CARTESIAN_POINT('',(33.28665791,-0.856725406,13.552802725));
#2384=CARTESIAN_POINT('',(32.961169057,-0.671945405,13.143554943));
#2385=CARTESIAN_POINT('',(32.836101951,-0.600891868,12.899683246));
#2386=CARTESIAN_POINT('',(32.682383307,-0.51340194,12.374484977));
#2387=CARTESIAN_POINT('',(32.653807616,-0.497008566,12.093417144));
#2388=CARTESIAN_POINT('',(32.675923274,-0.509345941,11.817531572));
#2389=CARTESIAN_POINT('',(34.653397091,-1.034814062,14.));
#2390=CARTESIAN_POINT('',(34.405141143,-0.914609011,14.));
#2391=CARTESIAN_POINT('',(34.157004502,-0.794461485,13.942383434));
#2392=CARTESIAN_POINT('',(33.702225924,-0.574215732,13.721492556));
#2393=CARTESIAN_POINT('',(33.495802552,-0.474222907,13.558324309));
#2394=CARTESIAN_POINT('',(33.159209558,-0.311088068,13.153659646));
#2395=CARTESIAN_POINT('',(33.029201722,-0.248024132,12.912357544));
#2396=CARTESIAN_POINT('',(32.867382204,-0.169367582,12.391917407));
#2397=CARTESIAN_POINT('',(32.835648341,-0.153812628,12.113029292));
#2398=CARTESIAN_POINT('',(32.855731171,-0.163322319,11.838649117));
#2399=CARTESIAN_POINT('',(35.044123616,-0.075485811,14.));
#2400=CARTESIAN_POINT('',(34.785934724,0.010579965,14.));
#2401=CARTESIAN_POINT('',(34.527863438,0.096606773,13.943933253));
#2402=CARTESIAN_POINT('',(34.053752307,0.254690176,13.728742627));
#2403=CARTESIAN_POINT('',(33.837928427,0.326675192,13.56971668));
#2404=CARTESIAN_POINT('',(33.483699218,0.444906568,13.1745477));
#2405=CARTESIAN_POINT('',(33.345455265,0.491099384,12.938584511));
#2406=CARTESIAN_POINT('',(33.169101259,0.550178136,12.428100901));
#2407=CARTESIAN_POINT('',(33.131071584,0.563037298,12.153812818));
#2408=CARTESIAN_POINT('',(33.146271407,0.558176654,11.882681621));
#2409=CARTESIAN_POINT('',(35.19302986,0.423734575,14.));
#2410=CARTESIAN_POINT('',(34.931686986,0.492428273,14.));
#2411=CARTESIAN_POINT('',(34.670459802,0.561091782,13.944730511));
#2412=CARTESIAN_POINT('',(34.189956998,0.687431822,13.732477097));
#2413=CARTESIAN_POINT('',(33.97089409,0.74505283,13.575587079));
#2414=CARTESIAN_POINT('',(33.61013281,0.840027247,13.18533037));
#2415=CARTESIAN_POINT('',(33.468594163,0.877338913,12.952136346));
#2416=CARTESIAN_POINT('',(33.285809397,0.925673133,12.446850912));
#2417=CARTESIAN_POINT('',(33.244644244,0.936674438,12.174983078));
#2418=CARTESIAN_POINT('',(33.256996562,0.933634164,11.905595492));
#2419=CARTESIAN_POINT('',(35.392220515,1.442152014,14.));
#2420=CARTESIAN_POINT('',(35.12808023,1.476236736,14.));
#2421=CARTESIAN_POINT('',(34.864050281,1.510307438,13.946336869));
#2422=CARTESIAN_POINT('',(34.377196841,1.573171074,13.740012121));
#2423=CARTESIAN_POINT('',(34.154576726,1.601938149,13.587436639));
#2424=CARTESIAN_POINT('',(33.785508709,1.64970989,13.207137352));
#2425=CARTESIAN_POINT('',(33.639215003,1.668694898,12.979572317));
#2426=CARTESIAN_POINT('',(33.44582118,1.693936852,12.484927739));
#2427=CARTESIAN_POINT('',(33.398801902,1.700183401,12.21805472));
#2428=CARTESIAN_POINT('',(33.40511269,1.699573388,11.95234015));
#2429=CARTESIAN_POINT('',(35.4425,1.961323885,14.));
#2430=CARTESIAN_POINT('',(35.178714761,1.978172283,14.));
#2431=CARTESIAN_POINT('',(34.915036423,1.995014051,13.947145928));
#2432=CARTESIAN_POINT('',(34.428221721,2.026145831,13.743812486));
#2433=CARTESIAN_POINT('',(34.205282651,2.040423593,13.593415502));
#2434=CARTESIAN_POINT('',(33.834439714,2.064250826,13.218161113));
#2435=CARTESIAN_POINT('',(33.686686163,2.073790921,12.993455757));
#2436=CARTESIAN_POINT('',(33.489116562,2.086686127,12.504253594));
#2437=CARTESIAN_POINT('',(33.439380632,2.090036163,12.23995502));
#2438=CARTESIAN_POINT('',(33.4425,2.090036163,11.97616978));
#2439=CARTESIAN_POINT('',(35.4425,2.480508593,14.));
#2440=CARTESIAN_POINT('',(35.180700612,2.480508593,14.));
#2441=CARTESIAN_POINT('',(34.919004231,2.480508593,13.947945353));
#2442=CARTESIAN_POINT('',(34.435262039,2.480508593,13.747572777));
#2443=CARTESIAN_POINT('',(34.21340656,2.480508593,13.599333685));
#2444=CARTESIAN_POINT('',(33.843166315,2.480508593,13.22909344));
#2445=CARTESIAN_POINT('',(33.694927223,2.480508593,13.007237961));
#2446=CARTESIAN_POINT('',(33.494554647,2.480508593,12.523495769));
#2447=CARTESIAN_POINT('',(33.4425,2.480508593,12.261799388));
#2448=CARTESIAN_POINT('',(33.4425,2.480508593,12.));
#2449=B_SPLINE_SURFACE_WITH_KNOTS('',3,3,((#2329,#2330,#2331,#2332,#2333,#2334,#2335,#2336,#2337,#2338),(#2339,#2340,#2341,#2342,#2343,#2344,#2345,#2346,#2347,#2348),(#2349,#2350,#2351,#2352,#2353,#2354,#2355,#2356,#2357,#2358),(#2359,#2360,#2361,#2362,#2363,#2364,#2365,#2366,#2367,#2368),(#2369,#2370,#2371,#2372,#2373,#2374,#2375,#2376,#2377,#2378),(#2379,#2380,#2381,#2382,#2383,#2384,#2385,#2386,#2387,#2388),(#2389,#2390,#2391,#2392,#2393,#2394,#2395,#2396,#2397,#2398),(#2399,#2400,#2401,#2402,#2403,#2404,#2405,#2406,#2407,#2408),(#2409,#2410,#2411,#2412,#2413,#2414,#2415,#2416,#2417,#2418),(#2419,#2420,#2421,#2422,#2423,#2424,#2425,#2426,#2427,#2428),(#2429,#2430,#2431,#2432,#2433,#2434,#2435,#2436,#2437,#2438),(#2439,#2440,#2441,#2442,#2443,#2444,#2445,#2446,#2447,#2448)),.UNSPECIFIED.,.F.,.F.,.U.,(4,2,2,2,2,4),(4,2,2,2,4),(3.788394721,3.926990817,4.123340358,4.319689899,4.51603944,4.71238898),(0.,0.25,0.5,0.75,1.),.UNSPECIFIED.);
#2450=CARTESIAN_POINT('',(32.343072182,-3.849792452,12.));
#2451=DIRECTION('',(-0.793093821,-0.609099492,0.));
#2452=DIRECTION('',(0.609099492,-0.793093821,0.));
#2453=AXIS2_PLACEMENT_3D('',#2450,#2451,#2452);
#2454=CIRCLE('',#2453,2.);
#2455=EDGE_CURVE('',#177,#1042,#2454,.T.);
#2456=ORIENTED_EDGE('',*,*,#2455,.F.);
#2457=ORIENTED_EDGE('',*,*,#183,.F.);
#2458=CARTESIAN_POINT('',(35.4425,2.480508593,12.));
#2459=DIRECTION('',(0.,1.,0.));
#2460=DIRECTION('',(0.,-0.,1.));
#2461=AXIS2_PLACEMENT_3D('',#2458,#2459,#2460);
#2462=CIRCLE('',#2461,2.);
#2463=EDGE_CURVE('',#453,#169,#2462,.T.);
#2464=ORIENTED_EDGE('',*,*,#2463,.F.);
#2465=ORIENTED_EDGE('',*,*,#1106,.F.);
#2466=EDGE_LOOP('',(#2456,#2457,#2464,#2465));
#2467=FACE_BOUND('',#2466,.T.);
#2468=ADVANCED_FACE('',(#2467),#2449,.T.);
#2469=CARTESIAN_POINT('',(35.4425,8.796456937,12.));
#2470=DIRECTION('',(0.,-1.,0.));
#2471=DIRECTION('',(0.,0.,-1.));
#2472=AXIS2_PLACEMENT_3D('',#2469,#2470,#2471);
#2473=CYLINDRICAL_SURFACE('',#2472,2.);
#2474=ORIENTED_EDGE('',*,*,#2463,.T.);
#2475=ORIENTED_EDGE('',*,*,#174,.F.);
#2476=CARTESIAN_POINT('',(35.4425,6.249860987,12.));
#2477=DIRECTION('',(0.,1.,0.));
#2478=DIRECTION('',(0.,-0.,1.));
#2479=AXIS2_PLACEMENT_3D('',#2476,#2477,#2478);
#2480=CIRCLE('',#2479,2.);
#2481=EDGE_CURVE('',#463,#167,#2480,.T.);
#2482=ORIENTED_EDGE('',*,*,#2481,.F.);
#2483=ORIENTED_EDGE('',*,*,#468,.F.);
#2484=EDGE_LOOP('',(#2474,#2475,#2482,#2483));
#2485=FACE_BOUND('',#2484,.T.);
#2486=ADVANCED_FACE('',(#2485),#2473,.T.);
#2487=CARTESIAN_POINT('',(27.632361648,-5.452049425,14.));
#2488=CARTESIAN_POINT('',(27.632361648,-5.159738313,14.));
#2489=CARTESIAN_POINT('',(27.632361648,-4.867605628,13.934908586));
#2490=CARTESIAN_POINT('',(27.632361648,-4.338286499,13.686706237));
#2491=CARTESIAN_POINT('',(27.632361648,-4.101423153,13.503746807));
#2492=CARTESIAN_POINT('',(27.632361648,-3.727550377,13.054300155));
#2493=CARTESIAN_POINT('',(27.632361648,-3.590769159,12.788087278));
#2494=CARTESIAN_POINT('',(27.632361648,-3.443076693,12.222428298));
#2495=CARTESIAN_POINT('',(27.632361648,-3.432255597,11.923327476));
#2496=CARTESIAN_POINT('',(27.632361648,-3.485470679,11.635901066));
#2497=CARTESIAN_POINT('',(28.058668509,-5.452049425,14.));
#2498=CARTESIAN_POINT('',(28.04249914,-5.160369239,14.));
#2499=CARTESIAN_POINT('',(28.026339641,-4.868865563,13.935193836));
#2500=CARTESIAN_POINT('',(27.997060029,-4.340454024,13.688028152));
#2501=CARTESIAN_POINT('',(27.983957787,-4.103865929,13.5058182));
#2502=CARTESIAN_POINT('',(27.963276785,-3.729949419,13.058049296));
#2503=CARTESIAN_POINT('',(27.955710648,-3.592847282,12.792761306));
#2504=CARTESIAN_POINT('',(27.947540948,-3.443867595,12.228742572));
#2505=CARTESIAN_POINT('',(27.946942373,-3.432080208,11.930353141));
#2506=CARTESIAN_POINT('',(27.949885998,-3.484092361,11.643345665));
#2507=CARTESIAN_POINT('',(28.478983463,-5.416925397,13.999999996));
#2508=CARTESIAN_POINT('',(28.446989693,-5.127146851,14.000000067));
#2509=CARTESIAN_POINT('',(28.415015201,-4.837542279,13.935450758));
#2510=CARTESIAN_POINT('',(28.357042468,-4.31236436,13.689219026));
#2511=CARTESIAN_POINT('',(28.331079163,-4.077106341,13.507684453));
#2512=CARTESIAN_POINT('',(28.290020123,-3.704861508,13.061429388));
#2513=CARTESIAN_POINT('',(28.274949132,-3.5680982,12.796976851));
#2514=CARTESIAN_POINT('',(28.25852299,-3.418641617,12.234444052));
#2515=CARTESIAN_POINT('',(28.25717774,-3.406038086,11.936701567));
#2516=CARTESIAN_POINT('',(28.262825287,-3.456727735,11.650079758));
#2517=CARTESIAN_POINT('',(29.308155242,-5.27951081,14.000000004));
#2518=CARTESIAN_POINT('',(29.245135978,-4.995977589,14.000000076));
#2519=CARTESIAN_POINT('',(29.18215406,-4.712612068,13.935939903));
#2520=CARTESIAN_POINT('',(29.067865844,-4.198361776,13.691487828));
#2521=CARTESIAN_POINT('',(29.016627281,-3.967781197,13.511240534));
#2522=CARTESIAN_POINT('',(28.935399127,-3.602141095,13.067873713));
#2523=CARTESIAN_POINT('',(28.905457678,-3.467297859,12.805016463));
#2524=CARTESIAN_POINT('',(28.872435129,-3.318379428,12.245327084));
#2525=CARTESIAN_POINT('',(28.869373602,-3.304392327,11.948826046));
#2526=CARTESIAN_POINT('',(28.880043816,-3.35216459,11.662950832));
#2527=CARTESIAN_POINT('',(29.717011197,-5.177215151,14.));
#2528=CARTESIAN_POINT('',(29.638791611,-4.898024967,14.000000004));
#2529=CARTESIAN_POINT('',(29.56061803,-4.61899875,13.936171456));
#2530=CARTESIAN_POINT('',(29.418708532,-4.112441678,13.6925627));
#2531=CARTESIAN_POINT('',(29.355056081,-3.885208325,13.512925581));
#2532=CARTESIAN_POINT('',(29.254036695,-3.524501818,13.070929339));
#2533=CARTESIAN_POINT('',(29.216729177,-3.39124051,12.808829831));
#2534=CARTESIAN_POINT('',(29.17536492,-3.243339333,12.250494298));
#2535=CARTESIAN_POINT('',(29.171332511,-3.228786333,11.954586225));
#2536=CARTESIAN_POINT('',(29.184319912,-3.274965502,11.669071118));
#2537=CARTESIAN_POINT('',(30.321383076,-4.971529992,14.));
#2538=CARTESIAN_POINT('',(30.220829299,-4.700746765,14.000000004));
#2539=CARTESIAN_POINT('',(30.120333983,-4.430120924,13.936512286));
#2540=CARTESIAN_POINT('',(29.937798224,-3.938559497,13.694144858));
#2541=CARTESIAN_POINT('',(29.855863908,-3.71790962,13.515406025));
#2542=CARTESIAN_POINT('',(29.725613427,-3.367128975,13.075429371));
#2543=CARTESIAN_POINT('',(29.677372991,-3.23720209,12.814447286));
#2544=CARTESIAN_POINT('',(29.623464456,-3.091980333,12.258112312));
#2545=CARTESIAN_POINT('',(29.617827699,-3.076769869,11.963082793));
#2546=CARTESIAN_POINT('',(29.634022757,-3.120347447,11.67810563));
#2547=CARTESIAN_POINT('',(30.519711678,-4.894720389,14.));
#2548=CARTESIAN_POINT('',(30.411851982,-4.627035575,14.000000089));
#2549=CARTESIAN_POINT('',(30.304054769,-4.359505794,13.936623965));
#2550=CARTESIAN_POINT('',(30.108222204,-3.873484583,13.694662925));
#2551=CARTESIAN_POINT('',(30.020300315,-3.655274669,13.516218163));
#2552=CARTESIAN_POINT('',(29.880461639,-3.308201339,13.076902949));
#2553=CARTESIAN_POINT('',(29.828625873,-3.179538957,12.816286968));
#2554=CARTESIAN_POINT('',(29.770564185,-3.035397588,12.260608131));
#2555=CARTESIAN_POINT('',(29.764371903,-3.020002091,11.965867152));
#2556=CARTESIAN_POINT('',(29.781582217,-3.062683915,11.681067413));
#2557=CARTESIAN_POINT('',(30.906875894,-4.726321924,14.));
#2558=CARTESIAN_POINT('',(30.784797433,-4.46535693,14.000000089));
#2559=CARTESIAN_POINT('',(30.662789211,-4.204542056,13.936842641));
#2560=CARTESIAN_POINT('',(30.441065108,-3.730560603,13.695678422));
#2561=CARTESIAN_POINT('',(30.341476818,-3.517666712,13.517810399));
#2562=CARTESIAN_POINT('',(30.182929056,-3.17872116,13.079793107));
#2563=CARTESIAN_POINT('',(30.124060821,-3.052864498,12.819895842));
#2564=CARTESIAN_POINT('',(30.057823809,-2.911231355,12.265506455));
#2565=CARTESIAN_POINT('',(30.050493149,-2.895536359,11.97133329));
#2566=CARTESIAN_POINT('',(30.069615834,-2.936387616,11.686884127));
#2567=CARTESIAN_POINT('',(31.096260622,-4.634548452,14.));
#2568=CARTESIAN_POINT('',(30.967249012,-4.377212447,14.000000037));
#2569=CARTESIAN_POINT('',(30.838311389,-4.120023988,13.936950009));
#2570=CARTESIAN_POINT('',(30.603955609,-3.652555574,13.6961774));
#2571=CARTESIAN_POINT('',(30.49867186,-3.442543659,13.518592881));
#2572=CARTESIAN_POINT('',(30.330976601,-3.108027464,13.081213934));
#2573=CARTESIAN_POINT('',(30.268661267,-2.983714992,12.821670304));
#2574=CARTESIAN_POINT('',(30.198390628,-2.843512027,12.26791605));
#2575=CARTESIAN_POINT('',(30.190475625,-2.827701925,11.974022955));
#2576=CARTESIAN_POINT('',(30.21049831,-2.867615981,11.689747424));
#2577=CARTESIAN_POINT('',(31.652003116,-4.336830951,14.));
#2578=CARTESIAN_POINT('',(31.502709796,-4.091174692,14.000000037));
#2579=CARTESIAN_POINT('',(31.353501282,-3.845657863,13.937269028));
#2580=CARTESIAN_POINT('',(31.082174132,-3.399181725,13.697659417));
#2581=CARTESIAN_POINT('',(30.960209632,-3.198475843,13.520916847));
#2582=CARTESIAN_POINT('',(30.765683711,-2.878325601,13.085434439));
#2583=CARTESIAN_POINT('',(30.693232798,-2.759062966,12.826941833));
#2584=CARTESIAN_POINT('',(30.611026806,-2.623671779,12.275077035));
#2585=CARTESIAN_POINT('',(30.601318429,-2.607620081,11.982018149));
#2586=CARTESIAN_POINT('',(30.623880557,-2.644659926,11.698261742));
#2587=CARTESIAN_POINT('',(32.006032638,-4.108640411,14.));
#2588=CARTESIAN_POINT('',(31.84390499,-3.871822482,14.00000001));
#2589=CARTESIAN_POINT('',(31.681868834,-3.63513809,13.937477158));
#2590=CARTESIAN_POINT('',(31.387119498,-3.20458494,13.698626801));
#2591=CARTESIAN_POINT('',(31.254572652,-3.010958966,13.522434015));
#2592=CARTESIAN_POINT('',(31.042971413,-2.701816277,13.088191188));
#2593=CARTESIAN_POINT('',(30.964036432,-2.586473886,12.830386075));
#2594=CARTESIAN_POINT('',(30.874093296,-2.454982212,12.279759681));
#2595=CARTESIAN_POINT('',(30.863135901,-2.43890708,11.987248971));
#2596=CARTESIAN_POINT('',(30.887178083,-2.473947716,11.703836321));
#2597=CARTESIAN_POINT('',(32.343072706,-3.849792136,14.));
#2598=CARTESIAN_POINT('',(32.168810281,-3.622889259,14.00000001));
#2599=CARTESIAN_POINT('',(31.994645504,-3.396113526,13.937685885));
#2600=CARTESIAN_POINT('',(31.677724625,-2.983458532,13.699597151));
#2601=CARTESIAN_POINT('',(31.53514611,-2.797810504,13.523955955));
#2602=CARTESIAN_POINT('',(31.307305499,-2.501144766,13.090957884));
#2603=CARTESIAN_POINT('',(31.222171074,-2.390293294,12.833843643));
#2604=CARTESIAN_POINT('',(31.124731565,-2.263419667,12.284464121));
#2605=CARTESIAN_POINT('',(31.112481082,-2.247468608,11.99250669));
#2606=CARTESIAN_POINT('',(31.13779762,-2.280432656,11.709443529));
#2607=B_SPLINE_SURFACE_WITH_KNOTS('',3,3,((#2487,#2488,#2489,#2490,#2491,#2492,#2493,#2494,#2495,#2496),(#2497,#2498,#2499,#2500,#2501,#2502,#2503,#2504,#2505,#2506),(#2507,#2508,#2509,#2510,#2511,#2512,#2513,#2514,#2515,#2516),(#2517,#2518,#2519,#2520,#2521,#2522,#2523,#2524,#2525,#2526),(#2527,#2528,#2529,#2530,#2531,#2532,#2533,#2534,#2535,#2536),(#2537,#2538,#2539,#2540,#2541,#2542,#2543,#2544,#2545,#2546),(#2547,#2548,#2549,#2550,#2551,#2552,#2553,#2554,#2555,#2556),(#2557,#2558,#2559,#2560,#2561,#2562,#2563,#2564,#2565,#2566),(#2567,#2568,#2569,#2570,#2571,#2572,#2573,#2574,#2575,#2576),(#2577,#2578,#2579,#2580,#2581,#2582,#2583,#2584,#2585,#2586),(#2587,#2588,#2589,#2590,#2591,#2592,#2593,#2594,#2595,#2596),(#2597,#2598,#2599,#2600,#2601,#2602,#2603,#2604,#2605,#2606)),.UNSPECIFIED.,.F.,.F.,.U.,(4,2,2,2,2,4),(4,2,2,2,4),(0.039686187,0.040943018,0.042199848,0.042828264,0.043456679,0.044713509),(0.,0.25,0.5,0.75,1.),.UNSPECIFIED.);
#2608=ORIENTED_EDGE('',*,*,#2455,.T.);
#2609=ORIENTED_EDGE('',*,*,#1057,.F.);
#2610=CARTESIAN_POINT('',(27.632361648,-5.452049425,12.));
#2611=DIRECTION('',(-1.,0.,0.));
#2612=DIRECTION('',(0.,0.,1.));
#2613=AXIS2_PLACEMENT_3D('',#2610,#2611,#2612);
#2614=CIRCLE('',#2613,2.);
#2615=EDGE_CURVE('',#186,#632,#2614,.T.);
#2616=ORIENTED_EDGE('',*,*,#2615,.F.);
#2617=ORIENTED_EDGE('',*,*,#201,.F.);
#2618=EDGE_LOOP('',(#2608,#2609,#2616,#2617));
#2619=FACE_BOUND('',#2618,.T.);
#2620=ADVANCED_FACE('',(#2619),#2607,.T.);
#2621=CARTESIAN_POINT('',(35.4425,6.249860987,14.));
#2622=CARTESIAN_POINT('',(35.180700612,6.249860987,14.));
#2623=CARTESIAN_POINT('',(34.919004231,6.249860987,13.947945353));
#2624=CARTESIAN_POINT('',(34.435262039,6.249860987,13.747572777));
#2625=CARTESIAN_POINT('',(34.21340656,6.249860987,13.599333685));
#2626=CARTESIAN_POINT('',(33.843166315,6.249860987,13.22909344));
#2627=CARTESIAN_POINT('',(33.694927223,6.249860987,13.007237961));
#2628=CARTESIAN_POINT('',(33.494554647,6.249860987,12.523495769));
#2629=CARTESIAN_POINT('',(33.4425,6.249860987,12.261799388));
#2630=CARTESIAN_POINT('',(33.4425,6.249860987,12.));
#2631=CARTESIAN_POINT('',(35.4425,6.769045696,14.));
#2632=CARTESIAN_POINT('',(35.182686464,6.752197298,14.));
#2633=CARTESIAN_POINT('',(34.922972039,6.735355529,13.948744778));
#2634=CARTESIAN_POINT('',(34.442302357,6.704223749,13.751333067));
#2635=CARTESIAN_POINT('',(34.221530469,6.689945987,13.605251867));
#2636=CARTESIAN_POINT('',(33.851892916,6.666118755,13.240025767));
#2637=CARTESIAN_POINT('',(33.703168284,6.656578659,13.021020164));
#2638=CARTESIAN_POINT('',(33.499992731,6.643683454,12.542737944));
#2639=CARTESIAN_POINT('',(33.445619368,6.640333418,12.283643756));
#2640=CARTESIAN_POINT('',(33.4425,6.640333418,12.02383022));
#2641=CARTESIAN_POINT('',(35.392220515,7.288217566,14.));
#2642=CARTESIAN_POINT('',(35.13602232,7.254908752,14.));
#2643=CARTESIAN_POINT('',(34.879918883,7.221612438,13.949534542));
#2644=CARTESIAN_POINT('',(34.405353427,7.159949336,13.75505315));
#2645=CARTESIAN_POINT('',(34.187066937,7.131605689,13.611109157));
#2646=CARTESIAN_POINT('',(33.820409241,7.08406955,13.250866238));
#2647=CARTESIAN_POINT('',(33.672173668,7.064894901,13.034700576));
#2648=CARTESIAN_POINT('',(33.467569795,7.038557784,12.561895587));
#2649=CARTESIAN_POINT('',(33.411277212,7.031405211,12.305431175));
#2650=CARTESIAN_POINT('',(33.40511269,7.030796193,12.04765985));
#2651=CARTESIAN_POINT('',(35.19302986,8.306635005,14.));
#2652=CARTESIAN_POINT('',(34.946986882,8.241711263,14.));
#2653=CARTESIAN_POINT('',(34.701029539,8.176810304,13.951066532));
#2654=CARTESIAN_POINT('',(34.244197154,8.056302777,13.76227877));
#2655=CARTESIAN_POINT('',(34.033481118,8.000738498,13.622490194));
#2656=CARTESIAN_POINT('',(33.677359466,7.906907369,13.271966887));
#2657=CARTESIAN_POINT('',(33.53207782,7.86867345,13.061354179));
#2658=CARTESIAN_POINT('',(33.327697339,7.815017965,12.599324263));
#2659=CARTESIAN_POINT('',(33.268669683,7.799615235,12.348067907));
#2660=CARTESIAN_POINT('',(33.256996562,7.796735417,12.094404508));
#2661=CARTESIAN_POINT('',(35.044123616,8.805855392,14.));
#2662=CARTESIAN_POINT('',(34.804619501,8.725776875,14.));
#2663=CARTESIAN_POINT('',(34.56519625,8.645725557,13.951808743));
#2664=CARTESIAN_POINT('',(34.119991057,8.49690479,13.765784224));
#2665=CARTESIAN_POINT('',(33.914359435,8.428185891,13.628013801));
#2666=CARTESIAN_POINT('',(33.565793391,8.311769568,13.282226754));
#2667=CARTESIAN_POINT('',(33.422976672,8.264111693,13.074326943));
#2668=CARTESIAN_POINT('',(33.220248964,8.196581912,12.61759456));
#2669=CARTESIAN_POINT('',(33.160406455,8.176732959,12.368916289));
#2670=CARTESIAN_POINT('',(33.146271407,8.172192926,12.117318379));
#2671=CARTESIAN_POINT('',(34.653397091,9.765183643,14.));
#2672=CARTESIAN_POINT('',(34.429505221,9.656524778,14.));
#2673=CARTESIAN_POINT('',(34.20568463,9.54790068,13.953220815));
#2674=CARTESIAN_POINT('',(33.788593881,9.345515386,13.772461248));
#2675=CARTESIAN_POINT('',(33.595456516,9.251818948,13.638538449));
#2676=CARTESIAN_POINT('',(33.266238068,9.09217921,13.301806787));
#2677=CARTESIAN_POINT('',(33.130261816,9.026286995,13.099105197));
#2678=CARTESIAN_POINT('',(32.93405137,8.93133254,12.652578052));
#2679=CARTESIAN_POINT('',(32.873879677,8.902300693,12.408894756));
#2680=CARTESIAN_POINT('',(32.855731171,8.893691899,12.161350883));
#2681=CARTESIAN_POINT('',(34.411586472,10.225267786,14.));
#2682=CARTESIAN_POINT('',(34.19676728,10.103182933,14.));
#2683=CARTESIAN_POINT('',(33.982014552,9.981136,13.953890668));
#2684=CARTESIAN_POINT('',(33.581409829,9.753499011,13.775632769));
#2685=CARTESIAN_POINT('',(33.395681781,9.647979662,13.643539405));
#2686=CARTESIAN_POINT('',(33.07825465,9.467702437,13.311126732));
#2687=CARTESIAN_POINT('',(32.946653786,9.393000564,13.110910366));
#2688=CARTESIAN_POINT('',(32.755308103,9.284497993,12.669290623));
#2689=CARTESIAN_POINT('',(32.695622506,9.250731012,12.428024013));
#2690=CARTESIAN_POINT('',(32.675923274,9.239715522,12.182468428));
#2691=CARTESIAN_POINT('',(33.84433948,11.088640402,14.));
#2692=CARTESIAN_POINT('',(33.649782929,10.941760089,14.));
#2693=CARTESIAN_POINT('',(33.455283394,10.794922984,13.955136984));
#2694=CARTESIAN_POINT('',(33.091767822,10.52052304,13.781539618));
#2695=CARTESIAN_POINT('',(32.922858317,10.393040924,13.652856197));
#2696=CARTESIAN_POINT('',(32.632768187,10.174171438,13.328513423));
#2697=CARTESIAN_POINT('',(32.511672586,10.08284846,13.132949225));
#2698=CARTESIAN_POINT('',(32.333177215,9.948360668,12.700557347));
#2699=CARTESIAN_POINT('',(32.275829777,9.905235429,12.463856527));
#2700=CARTESIAN_POINT('',(32.254124228,9.889047442,12.222096635));
#2701=CARTESIAN_POINT('',(33.518917132,11.491907526,14.));
#2702=CARTESIAN_POINT('',(33.335550109,11.333657294,14.));
#2703=CARTESIAN_POINT('',(33.152235468,11.175452404,13.955713446));
#2704=CARTESIAN_POINT('',(32.809322172,10.879540699,13.784274921));
#2705=CARTESIAN_POINT('',(32.649821478,10.741918672,13.657171987));
#2706=CARTESIAN_POINT('',(32.375276298,10.505095002,13.336580015));
#2707=CARTESIAN_POINT('',(32.260310247,10.405961221,13.143182678));
#2708=CARTESIAN_POINT('',(32.089800004,10.259038458,12.715110983));
#2709=CARTESIAN_POINT('',(32.034304533,10.211291587,12.480559072));
#2710=CARTESIAN_POINT('',(32.012143508,10.192339684,12.240606318));
#2711=CARTESIAN_POINT('',(32.796948655,12.226145582,14.));
#2712=CARTESIAN_POINT('',(32.637650427,12.047456715,14.));
#2713=CARTESIAN_POINT('',(32.478395602,11.86881669,13.956755841));
#2714=CARTESIAN_POINT('',(32.180013508,11.534149453,13.789225126));
#2715=CARTESIAN_POINT('',(32.040967539,11.378213719,13.664984287));
#2716=CARTESIAN_POINT('',(31.800663815,11.108791933,13.351197924));
#2717=CARTESIAN_POINT('',(31.699471541,10.99537953,13.161738031));
#2718=CARTESIAN_POINT('',(31.547741397,10.825446745,12.741544777));
#2719=CARTESIAN_POINT('',(31.497244883,10.768972824,12.510926089));
#2720=CARTESIAN_POINT('',(31.475295153,10.744551091,12.274307337));
#2721=CARTESIAN_POINT('',(32.400420377,12.557098358,14.));
#2722=CARTESIAN_POINT('',(32.25400119,12.369340369,14.));
#2723=CARTESIAN_POINT('',(32.10762106,12.181632589,13.957221775));
#2724=CARTESIAN_POINT('',(31.833167342,11.829721096,13.791440017));
#2725=CARTESIAN_POINT('',(31.705166965,11.66561149,13.668480774));
#2726=CARTESIAN_POINT('',(31.48355897,11.38154623,13.357749138));
#2727=CARTESIAN_POINT('',(31.390010467,11.261666542,13.170059761));
#2728=CARTESIAN_POINT('',(31.249074304,11.081160552,12.753424525));
#2729=CARTESIAN_POINT('',(31.201724243,11.020582529,12.524589977));
#2730=CARTESIAN_POINT('',(31.180440793,10.993456601,12.289497841));
#2731=CARTESIAN_POINT('',(31.551475258,13.133985497,14.));
#2732=CARTESIAN_POINT('',(31.432075755,12.93056562,14.));
#2733=CARTESIAN_POINT('',(31.31270691,12.727198128,13.958029882));
#2734=CARTESIAN_POINT('',(31.088619303,12.345457932,13.795283797));
#2735=CARTESIAN_POINT('',(30.983958082,12.167183535,13.674549702));
#2736=CARTESIAN_POINT('',(30.802192262,11.857645283,13.369129383));
#2737=CARTESIAN_POINT('',(30.725134339,11.726461145,13.18452174));
#2738=CARTESIAN_POINT('',(30.608086709,11.527319077,12.774095606));
#2739=CARTESIAN_POINT('',(30.568127063,11.459412438,12.548382715));
#2740=CARTESIAN_POINT('',(30.54917391,11.427326319,12.315976563));
#2741=CARTESIAN_POINT('',(31.09907941,13.379905595,14.));
#2742=CARTESIAN_POINT('',(30.993820472,13.169892626,14.));
#2743=CARTESIAN_POINT('',(30.888588139,12.959932854,13.958372057));
#2744=CARTESIAN_POINT('',(30.690937936,12.565607812,13.796912683));
#2745=CARTESIAN_POINT('',(30.598570025,12.381342425,13.677122133));
#2746=CARTESIAN_POINT('',(30.437949848,12.06097499,13.373958348));
#2747=CARTESIAN_POINT('',(30.369738182,11.924954094,13.190661873));
#2748=CARTESIAN_POINT('',(30.265783679,11.717750606,12.782886634));
#2749=CARTESIAN_POINT('',(30.23006712,11.646620503,12.558511117));
#2750=CARTESIAN_POINT('',(30.212776997,11.612279799,12.327264126));
#2751=CARTESIAN_POINT('',(30.155782135,13.777272367,14.));
#2752=CARTESIAN_POINT('',(30.079641531,13.556666306,14.));
#2753=CARTESIAN_POINT('',(30.003519658,13.336114672,13.958923264));
#2754=CARTESIAN_POINT('',(29.860422356,12.921549253,13.799537613));
#2755=CARTESIAN_POINT('',(29.793482131,12.727637748,13.681268005));
#2756=CARTESIAN_POINT('',(29.676828876,12.389793952,13.381744815));
#2757=CARTESIAN_POINT('',(29.627144546,12.245945014,13.200565101));
#2758=CARTESIAN_POINT('',(29.551006045,12.025631025,12.797076211));
#2759=CARTESIAN_POINT('',(29.524570607,11.949220334,12.574866544));
#2760=CARTESIAN_POINT('',(29.511350819,11.911134458,12.345502986));
#2761=CARTESIAN_POINT('',(29.664904034,13.928709216,14.));
#2762=CARTESIAN_POINT('',(29.60374122,13.70410293,14.));
#2763=CARTESIAN_POINT('',(29.542593315,13.479551492,13.959132298));
#2764=CARTESIAN_POINT('',(29.427611325,13.057330265,13.800533658));
#2765=CARTESIAN_POINT('',(29.373805269,12.85976358,13.682841445));
#2766=CARTESIAN_POINT('',(29.279972472,12.515272822,13.38470228));
#2767=CARTESIAN_POINT('',(29.239968605,12.368432873,13.204328123));
#2768=CARTESIAN_POINT('',(29.178551249,12.143070803,12.802474556));
#2769=CARTESIAN_POINT('',(29.157152733,12.064603715,12.581093265));
#2770=CARTESIAN_POINT('',(29.146338897,12.025028249,12.352453833));
#2771=CARTESIAN_POINT('',(28.663504989,14.13128504,14.));
#2772=CARTESIAN_POINT('',(28.632714937,13.90133801,14.));
#2773=CARTESIAN_POINT('',(28.601932278,13.671446376,13.959411628));
#2774=CARTESIAN_POINT('',(28.544021215,13.239000276,13.801864833));
#2775=CARTESIAN_POINT('',(28.516906715,13.036549989,13.684944361));
#2776=CARTESIAN_POINT('',(28.469565571,12.683171439,13.388655624));
#2777=CARTESIAN_POINT('',(28.449350292,12.532328307,13.20935873));
#2778=CARTESIAN_POINT('',(28.418220429,12.300198984,12.809693226));
#2779=CARTESIAN_POINT('',(28.407313319,12.218968716,12.589420888));
#2780=CARTESIAN_POINT('',(28.401708838,12.177383033,12.361751923));
#2781=CARTESIAN_POINT('',(28.153008806,14.182419006,14.));
#2782=CARTESIAN_POINT('',(28.137613804,13.951131343,14.));
#2783=CARTESIAN_POINT('',(28.122222497,13.719899205,13.959481926));
#2784=CARTESIAN_POINT('',(28.093266947,13.284883898,13.802199965));
#2785=CARTESIAN_POINT('',(28.079709654,13.081205163,13.685473837));
#2786=CARTESIAN_POINT('',(28.056038873,12.725585888,13.389651485));
#2787=CARTESIAN_POINT('',(28.045931068,12.573730722,13.210626279));
#2788=CARTESIAN_POINT('',(28.030365645,12.339882736,12.811513449));
#2789=CARTESIAN_POINT('',(28.024911764,12.257946056,12.591521638));
#2790=CARTESIAN_POINT('',(28.022109112,12.21584026,12.364098937));
#2791=CARTESIAN_POINT('',(27.6425,14.182419006,14.));
#2792=CARTESIAN_POINT('',(27.6425,13.951131343,14.));
#2793=CARTESIAN_POINT('',(27.6425,13.719899205,13.959481926));
#2794=CARTESIAN_POINT('',(27.6425,13.284883898,13.802199965));
#2795=CARTESIAN_POINT('',(27.6425,13.081205163,13.685473837));
#2796=CARTESIAN_POINT('',(27.6425,12.725585888,13.389651485));
#2797=CARTESIAN_POINT('',(27.6425,12.573730722,13.210626279));
#2798=CARTESIAN_POINT('',(27.6425,12.339882736,12.811513449));
#2799=CARTESIAN_POINT('',(27.6425,12.257946056,12.591521638));
#2800=CARTESIAN_POINT('',(27.6425,12.21584026,12.364098937));
#2801=B_SPLINE_SURFACE_WITH_KNOTS('',3,3,((#2621,#2622,#2623,#2624,#2625,#2626,#2627,#2628,#2629,#2630),(#2631,#2632,#2633,#2634,#2635,#2636,#2637,#2638,#2639,#2640),(#2641,#2642,#2643,#2644,#2645,#2646,#2647,#2648,#2649,#2650),(#2651,#2652,#2653,#2654,#2655,#2656,#2657,#2658,#2659,#2660),(#2661,#2662,#2663,#2664,#2665,#2666,#2667,#2668,#2669,#2670),(#2671,#2672,#2673,#2674,#2675,#2676,#2677,#2678,#2679,#2680),(#2681,#2682,#2683,#2684,#2685,#2686,#2687,#2688,#2689,#2690),(#2691,#2692,#2693,#2694,#2695,#2696,#2697,#2698,#2699,#2700),(#2701,#2702,#2703,#2704,#2705,#2706,#2707,#2708,#2709,#2710),(#2711,#2712,#2713,#2714,#2715,#2716,#2717,#2718,#2719,#2720),(#2721,#2722,#2723,#2724,#2725,#2726,#2727,#2728,#2729,#2730),(#2731,#2732,#2733,#2734,#2735,#2736,#2737,#2738,#2739,#2740),(#2741,#2742,#2743,#2744,#2745,#2746,#2747,#2748,#2749,#2750),(#2751,#2752,#2753,#2754,#2755,#2756,#2757,#2758,#2759,#2760),(#2761,#2762,#2763,#2764,#2765,#2766,#2767,#2768,#2769,#2770),(#2771,#2772,#2773,#2774,#2775,#2776,#2777,#2778,#2779,#2780),(#2781,#2782,#2783,#2784,#2785,#2786,#2787,#2788,#2789,#2790),(#2791,#2792,#2793,#2794,#2795,#2796,#2797,#2798,#2799,#2800)),.UNSPECIFIED.,.F.,.F.,.U.,(4,2,2,2,2,2,2,2,4),(4,2,2,2,4),(1.570796327,1.767145868,1.963495408,2.159844949,2.35619449,2.552544031,2.748893572,2.945243113,3.141592654),(0.,0.25,0.5,0.75,1.),.UNSPECIFIED.);
#2802=ORIENTED_EDGE('',*,*,#2481,.T.);
#2803=ORIENTED_EDGE('',*,*,#268,.F.);
#2804=CARTESIAN_POINT('',(27.6425,14.182419006,12.));
#2805=DIRECTION('',(-1.,0.,0.));
#2806=DIRECTION('',(0.,0.,1.));
#2807=AXIS2_PLACEMENT_3D('',#2804,#2805,#2806);
#2808=CIRCLE('',#2807,2.);
#2809=EDGE_CURVE('',#663,#256,#2808,.T.);
#2810=ORIENTED_EDGE('',*,*,#2809,.F.);
#2811=ORIENTED_EDGE('',*,*,#1858,.F.);
#2812=EDGE_LOOP('',(#2802,#2803,#2810,#2811));
#2813=FACE_BOUND('',#2812,.T.);
#2814=ADVANCED_FACE('',(#2813),#2801,.T.);
#2815=CARTESIAN_POINT('',(0.,-5.452049425,12.));
#2816=DIRECTION('',(1.,0.,0.));
#2817=DIRECTION('',(0.,0.,-1.));
#2818=AXIS2_PLACEMENT_3D('',#2815,#2816,#2817);
#2819=CYLINDRICAL_SURFACE('',#2818,2.);
#2820=ORIENTED_EDGE('',*,*,#2615,.T.);
#2821=ORIENTED_EDGE('',*,*,#637,.F.);
#2822=CARTESIAN_POINT('',(-27.632361648,-5.452049425,12.));
#2823=DIRECTION('',(-1.,0.,0.));
#2824=DIRECTION('',(0.,0.,1.));
#2825=AXIS2_PLACEMENT_3D('',#2822,#2823,#2824);
#2826=CIRCLE('',#2825,2.);
#2827=EDGE_CURVE('',#204,#621,#2826,.T.);
#2828=ORIENTED_EDGE('',*,*,#2827,.F.);
#2829=ORIENTED_EDGE('',*,*,#209,.F.);
#2830=EDGE_LOOP('',(#2820,#2821,#2828,#2829));
#2831=FACE_BOUND('',#2830,.T.);
#2832=ADVANCED_FACE('',(#2831),#2819,.T.);
#2833=CARTESIAN_POINT('',(0.,14.182419006,12.));
#2834=DIRECTION('',(1.,0.,0.));
#2835=DIRECTION('',(0.,0.,-1.));
#2836=AXIS2_PLACEMENT_3D('',#2833,#2834,#2835);
#2837=CYLINDRICAL_SURFACE('',#2836,2.);
#2838=ORIENTED_EDGE('',*,*,#2809,.T.);
#2839=ORIENTED_EDGE('',*,*,#261,.F.);
#2840=CARTESIAN_POINT('',(-27.6425,14.182419006,12.));
#2841=DIRECTION('',(-1.,0.,0.));
#2842=DIRECTION('',(0.,0.,1.));
#2843=AXIS2_PLACEMENT_3D('',#2840,#2841,#2842);
#2844=CIRCLE('',#2843,2.);
#2845=EDGE_CURVE('',#673,#247,#2844,.T.);
#2846=ORIENTED_EDGE('',*,*,#2845,.F.);
#2847=ORIENTED_EDGE('',*,*,#678,.F.);
#2848=EDGE_LOOP('',(#2838,#2839,#2846,#2847));
#2849=FACE_BOUND('',#2848,.T.);
#2850=ADVANCED_FACE('',(#2849),#2837,.T.);
#2851=CARTESIAN_POINT('',(-32.343072182,-3.849792452,14.));
#2852=CARTESIAN_POINT('',(-32.168809782,-3.622889565,14.));
#2853=CARTESIAN_POINT('',(-31.994645031,-3.396113825,13.937685869));
#2854=CARTESIAN_POINT('',(-31.677724198,-2.98345882,13.699597129));
#2855=CARTESIAN_POINT('',(-31.535145705,-2.797810788,13.523955934));
#2856=CARTESIAN_POINT('',(-31.307305126,-2.501145043,13.090957871));
#2857=CARTESIAN_POINT('',(-31.222170713,-2.390293568,12.833843636));
#2858=CARTESIAN_POINT('',(-31.124731215,-2.263419938,12.284464129));
#2859=CARTESIAN_POINT('',(-31.112480732,-2.247468878,11.992506705));
#2860=CARTESIAN_POINT('',(-31.137797264,-2.280432926,11.709443552));
#2861=CARTESIAN_POINT('',(-32.004979087,-4.109449414,14.));
#2862=CARTESIAN_POINT('',(-31.842889377,-3.8726005,14.));
#2863=CARTESIAN_POINT('',(-31.68089114,-3.635885145,13.93747649));
#2864=CARTESIAN_POINT('',(-31.386211122,-3.205276067,13.698623748));
#2865=CARTESIAN_POINT('',(-31.253695639,-3.011625164,13.522429239));
#2866=CARTESIAN_POINT('',(-31.042145171,-2.702443489,13.088182531));
#2867=CARTESIAN_POINT('',(-30.96322957,-2.587087065,12.830375265));
#2868=CARTESIAN_POINT('',(-30.873309867,-2.45558096,12.27974499));
#2869=CARTESIAN_POINT('',(-30.862356512,-2.439505438,11.98723256));
#2870=CARTESIAN_POINT('',(-30.886394706,-2.474552561,11.703818826));
#2871=CARTESIAN_POINT('',(-31.650345988,-4.337835011,14.));
#2872=CARTESIAN_POINT('',(-31.501112876,-4.0921397,14.000000027));
#2873=CARTESIAN_POINT('',(-31.351964539,-3.846583849,13.937268039));
#2874=CARTESIAN_POINT('',(-31.080747228,-3.400037419,13.697654878));
#2875=CARTESIAN_POINT('',(-30.958832331,-3.199300315,13.520909742));
#2876=CARTESIAN_POINT('',(-30.764386365,-2.879101648,13.085421555));
#2877=CARTESIAN_POINT('',(-30.69196576,-2.759821842,12.826925747));
#2878=CARTESIAN_POINT('',(-30.609795775,-2.624413814,12.275055189));
#2879=CARTESIAN_POINT('',(-30.600093077,-2.608362458,11.981993758));
#2880=CARTESIAN_POINT('',(-30.622648061,-2.645411399,11.69823576));
#2881=CARTESIAN_POINT('',(-30.909327458,-4.734573648,14.));
#2882=CARTESIAN_POINT('',(-30.787138189,-4.473313206,14.000000027));
#2883=CARTESIAN_POINT('',(-30.665019266,-4.212203041,13.936842694));
#2884=CARTESIAN_POINT('',(-30.443099801,-3.737681269,13.695678919));
#2885=CARTESIAN_POINT('',(-30.343427028,-3.524542616,13.517811221));
#2886=CARTESIAN_POINT('',(-30.184756756,-3.185199844,13.079794407));
#2887=CARTESIAN_POINT('',(-30.125850612,-3.059190922,12.819897289));
#2888=CARTESIAN_POINT('',(-30.059594232,-2.917371997,12.265507568));
#2889=CARTESIAN_POINT('',(-30.052282145,-2.901643574,11.971333917));
#2890=CARTESIAN_POINT('',(-30.071450239,-2.942523926,11.686883806));
#2891=CARTESIAN_POINT('',(-30.522942018,-4.902926669,14.));
#2892=CARTESIAN_POINT('',(-30.414939777,-4.634947434,14.000000006));
#2893=CARTESIAN_POINT('',(-30.307000153,-4.36712339,13.936625958));
#2894=CARTESIAN_POINT('',(-30.11091551,-3.880563503,13.694672526));
#2895=CARTESIAN_POINT('',(-30.022884175,-3.662109438,13.51623328));
#2896=CARTESIAN_POINT('',(-29.882885086,-3.314639418,13.076930176));
#2897=CARTESIAN_POINT('',(-29.830998498,-3.185824693,12.816320761));
#2898=CARTESIAN_POINT('',(-29.772906394,-3.041496667,12.260652991));
#2899=CARTESIAN_POINT('',(-29.766734558,-3.026066953,11.965916477));
#2900=CARTESIAN_POINT('',(-29.78399934,-3.068776855,11.681118723));
#2901=CARTESIAN_POINT('',(-29.918589149,-5.108615888,14.));
#2902=CARTESIAN_POINT('',(-29.83292037,-4.832229577,14.000000006));
#2903=CARTESIAN_POINT('',(-29.747301752,-4.556005038,13.936285139));
#2904=CARTESIAN_POINT('',(-29.591842051,-4.054449279,13.693090419));
#2905=CARTESIAN_POINT('',(-29.522091993,-3.829411628,13.513752916));
#2906=CARTESIAN_POINT('',(-29.411323074,-3.472015549,13.07243029));
#2907=CARTESIAN_POINT('',(-29.37036907,-3.339866313,12.810703488));
#2908=CARTESIAN_POINT('',(-29.324820891,-3.192858723,12.253035223));
#2909=CARTESIAN_POINT('',(-29.320253386,-3.178086416,11.957420183));
#2910=CARTESIAN_POINT('',(-29.334310655,-3.223397875,11.672084501));
#2911=CARTESIAN_POINT('',(-29.714541586,-5.168748014,14.000000001));
#2912=CARTESIAN_POINT('',(-29.636436275,-4.88986283,14.00000008));
#2913=CARTESIAN_POINT('',(-29.558376859,-4.611141447,13.936169816));
#2914=CARTESIAN_POINT('',(-29.416668052,-4.105141961,13.692554779));
#2915=CARTESIAN_POINT('',(-29.353101932,-3.878161085,13.51291311));
#2916=CARTESIAN_POINT('',(-29.252206037,-3.517863905,13.070906928));
#2917=CARTESIAN_POINT('',(-29.214935551,-3.384759241,12.808802059));
#2918=CARTESIAN_POINT('',(-29.173585948,-3.237048372,12.250457618));
#2919=CARTESIAN_POINT('',(-29.169531129,-3.222528934,11.954546029));
#2920=CARTESIAN_POINT('',(-29.182468191,-3.268676941,11.66902952));
#2921=CARTESIAN_POINT('',(-29.305011127,-5.271458408,13.999999999));
#2922=CARTESIAN_POINT('',(-29.242133934,-4.988214918,14.000000079));
#2923=CARTESIAN_POINT('',(-29.179293956,-4.705138989,13.935935584));
#2924=CARTESIAN_POINT('',(-29.065256002,-4.19141906,13.691467883));
#2925=CARTESIAN_POINT('',(-29.014125526,-3.961078998,13.511209319));
#2926=CARTESIAN_POINT('',(-28.933053673,-3.595830097,13.067817583));
#2927=CARTESIAN_POINT('',(-28.903160283,-3.461137354,12.804946747));
#2928=CARTESIAN_POINT('',(-28.870161369,-3.312403984,12.245233962));
#2929=CARTESIAN_POINT('',(-28.867075377,-3.298451354,11.94872317));
#2930=CARTESIAN_POINT('',(-28.877686903,-3.346196752,11.662842964));
#2931=CARTESIAN_POINT('',(-29.098959273,-5.314233626,14.000000002));
#2932=CARTESIAN_POINT('',(-29.043767392,-5.029122723,14.000000074));
#2933=CARTESIAN_POINT('',(-28.9886083,-4.744181104,13.935816485));
#2934=CARTESIAN_POINT('',(-28.8885279,-4.227170167,13.690915374));
#2935=CARTESIAN_POINT('',(-28.843666054,-3.995407852,13.510343279));
#2936=CARTESIAN_POINT('',(-28.772572306,-3.628098805,13.066247705));
#2937=CARTESIAN_POINT('',(-28.746382643,-3.492770184,12.802987936));
#2938=CARTESIAN_POINT('',(-28.717547541,-3.343714919,12.242581106));
#2939=CARTESIAN_POINT('',(-28.714919233,-3.330076787,11.945766823));
#2940=CARTESIAN_POINT('',(-28.724322529,-3.378585434,11.659703221));
#2941=CARTESIAN_POINT('',(-28.476992953,-5.41714695,13.999999995));
#2942=CARTESIAN_POINT('',(-28.445073931,-5.12735732,14.000000067));
#2943=CARTESIAN_POINT('',(-28.413174143,-4.837741677,13.935449527));
#2944=CARTESIAN_POINT('',(-28.355336996,-4.312544679,13.689213319));
#2945=CARTESIAN_POINT('',(-28.329434493,-4.077278673,13.507675509));
#2946=CARTESIAN_POINT('',(-28.288471891,-3.705023254,13.061413185));
#2947=CARTESIAN_POINT('',(-28.27343648,-3.568257359,12.79695664));
#2948=CARTESIAN_POINT('',(-28.257049679,-3.418801965,12.23441671));
#2949=CARTESIAN_POINT('',(-28.255708167,-3.406202209,11.936671118));
#2950=CARTESIAN_POINT('',(-28.261343174,-3.456898488,11.65004745));
#2951=CARTESIAN_POINT('',(-28.057294254,-5.452049559,14.));
#2952=CARTESIAN_POINT('',(-28.041176994,-5.160367363,14.000000018));
#2953=CARTESIAN_POINT('',(-28.025069572,-4.868861678,13.935192963));
#2954=CARTESIAN_POINT('',(-27.995884317,-4.340447231,13.688024008));
#2955=CARTESIAN_POINT('',(-27.982824298,-4.103858249,13.505811682));
#2956=CARTESIAN_POINT('',(-27.962209939,-3.729941849,13.058037456));
#2957=CARTESIAN_POINT('',(-27.954668182,-3.592840718,12.792746527));
#2958=CARTESIAN_POINT('',(-27.946524802,-3.443865097,12.228722578));
#2959=CARTESIAN_POINT('',(-27.945928151,-3.43208077,11.930330881));
#2960=CARTESIAN_POINT('',(-27.948862284,-3.484096738,11.643322067));
#2961=CARTESIAN_POINT('',(-27.632361666,-5.452049545,14.));
#2962=CARTESIAN_POINT('',(-27.632361649,-5.159738457,14.000000017));
#2963=CARTESIAN_POINT('',(-27.632361632,-4.867605793,13.934908632));
#2964=CARTESIAN_POINT('',(-27.632361599,-4.338286686,13.686706356));
#2965=CARTESIAN_POINT('',(-27.632361584,-4.10142334,13.50374697));
#2966=CARTESIAN_POINT('',(-27.632361558,-3.727550535,13.054300407));
#2967=CARTESIAN_POINT('',(-27.632361548,-3.590769288,12.788087574));
#2968=CARTESIAN_POINT('',(-27.632361534,-3.443076738,12.222428668));
#2969=CARTESIAN_POINT('',(-27.632361531,-3.432255585,11.923327875));
#2970=CARTESIAN_POINT('',(-27.632361531,-3.485470603,11.635901477));
#2971=B_SPLINE_SURFACE_WITH_KNOTS('',3,3,((#2851,#2852,#2853,#2854,#2855,#2856,#2857,#2858,#2859,#2860),(#2861,#2862,#2863,#2864,#2865,#2866,#2867,#2868,#2869,#2870),(#2871,#2872,#2873,#2874,#2875,#2876,#2877,#2878,#2879,#2880),(#2881,#2882,#2883,#2884,#2885,#2886,#2887,#2888,#2889,#2890),(#2891,#2892,#2893,#2894,#2895,#2896,#2897,#2898,#2899,#2900),(#2901,#2902,#2903,#2904,#2905,#2906,#2907,#2908,#2909,#2910),(#2911,#2912,#2913,#2914,#2915,#2916,#2917,#2918,#2919,#2920),(#2921,#2922,#2923,#2924,#2925,#2926,#2927,#2928,#2929,#2930),(#2931,#2932,#2933,#2934,#2935,#2936,#2937,#2938,#2939,#2940),(#2941,#2942,#2943,#2944,#2945,#2946,#2947,#2948,#2949,#2950),(#2951,#2952,#2953,#2954,#2955,#2956,#2957,#2958,#2959,#2960),(#2961,#2962,#2963,#2964,#2965,#2966,#2967,#2968,#2969,#2970)),.UNSPECIFIED.,.F.,.F.,.U.,(4,2,2,2,2,4),(4,2,2,2,4),(0.033127178,0.034324246,0.035521313,0.036119847,0.03671838,0.037915447),(0.,0.25,0.5,0.75,1.),.UNSPECIFIED.);
#2972=ORIENTED_EDGE('',*,*,#2827,.T.);
#2973=ORIENTED_EDGE('',*,*,#1460,.F.);
#2974=CARTESIAN_POINT('',(-32.343072182,-3.849792452,12.));
#2975=DIRECTION('',(-0.793093821,0.609099492,0.));
#2976=DIRECTION('',(-0.609099492,-0.793093821,0.));
#2977=AXIS2_PLACEMENT_3D('',#2974,#2975,#2976);
#2978=CIRCLE('',#2977,2.);
#2979=EDGE_CURVE('',#212,#1438,#2978,.T.);
#2980=ORIENTED_EDGE('',*,*,#2979,.F.);
#2981=ORIENTED_EDGE('',*,*,#227,.F.);
#2982=EDGE_LOOP('',(#2972,#2973,#2980,#2981));
#2983=FACE_BOUND('',#2982,.T.);
#2984=ADVANCED_FACE('',(#2983),#2971,.T.);
#2985=CARTESIAN_POINT('',(-27.6425,14.182419006,14.));
#2986=CARTESIAN_POINT('',(-27.6425,13.951131343,14.));
#2987=CARTESIAN_POINT('',(-27.6425,13.719899205,13.959481926));
#2988=CARTESIAN_POINT('',(-27.6425,13.284883898,13.802199965));
#2989=CARTESIAN_POINT('',(-27.6425,13.081205163,13.685473837));
#2990=CARTESIAN_POINT('',(-27.6425,12.725585888,13.389651485));
#2991=CARTESIAN_POINT('',(-27.6425,12.573730722,13.210626279));
#2992=CARTESIAN_POINT('',(-27.6425,12.339882736,12.811513449));
#2993=CARTESIAN_POINT('',(-27.6425,12.257946056,12.591521638));
#2994=CARTESIAN_POINT('',(-27.6425,12.21584026,12.364098937));
#2995=CARTESIAN_POINT('',(-28.153008806,14.182419006,14.));
#2996=CARTESIAN_POINT('',(-28.137613804,13.951131343,14.));
#2997=CARTESIAN_POINT('',(-28.122222497,13.719899205,13.959481926));
#2998=CARTESIAN_POINT('',(-28.093266947,13.284883898,13.802199965));
#2999=CARTESIAN_POINT('',(-28.079709654,13.081205163,13.685473837));
#3000=CARTESIAN_POINT('',(-28.056038873,12.725585888,13.389651485));
#3001=CARTESIAN_POINT('',(-28.045931068,12.573730722,13.210626279));
#3002=CARTESIAN_POINT('',(-28.030365645,12.339882736,12.811513449));
#3003=CARTESIAN_POINT('',(-28.024911764,12.257946056,12.591521638));
#3004=CARTESIAN_POINT('',(-28.022109112,12.21584026,12.364098937));
#3005=CARTESIAN_POINT('',(-28.663504989,14.13128504,14.));
#3006=CARTESIAN_POINT('',(-28.632714937,13.90133801,14.));
#3007=CARTESIAN_POINT('',(-28.601932278,13.671446376,13.959411628));
#3008=CARTESIAN_POINT('',(-28.544021215,13.239000276,13.801864833));
#3009=CARTESIAN_POINT('',(-28.516906715,13.036549989,13.684944361));
#3010=CARTESIAN_POINT('',(-28.469565571,12.683171439,13.388655624));
#3011=CARTESIAN_POINT('',(-28.449350292,12.532328307,13.20935873));
#3012=CARTESIAN_POINT('',(-28.418220429,12.300198984,12.809693226));
#3013=CARTESIAN_POINT('',(-28.407313319,12.218968716,12.589420888));
#3014=CARTESIAN_POINT('',(-28.401708838,12.177383033,12.361751923));
#3015=CARTESIAN_POINT('',(-29.664904034,13.928709216,14.));
#3016=CARTESIAN_POINT('',(-29.60374122,13.70410293,14.));
#3017=CARTESIAN_POINT('',(-29.542593315,13.479551492,13.959132298));
#3018=CARTESIAN_POINT('',(-29.427611325,13.057330265,13.800533658));
#3019=CARTESIAN_POINT('',(-29.373805269,12.85976358,13.682841445));
#3020=CARTESIAN_POINT('',(-29.279972472,12.515272822,13.38470228));
#3021=CARTESIAN_POINT('',(-29.239968605,12.368432873,13.204328123));
#3022=CARTESIAN_POINT('',(-29.178551249,12.143070803,12.802474556));
#3023=CARTESIAN_POINT('',(-29.157152733,12.064603715,12.581093265));
#3024=CARTESIAN_POINT('',(-29.146338897,12.025028249,12.352453833));
#3025=CARTESIAN_POINT('',(-30.155782135,13.777272367,14.));
#3026=CARTESIAN_POINT('',(-30.079641531,13.556666306,14.));
#3027=CARTESIAN_POINT('',(-30.003519658,13.336114672,13.958923264));
#3028=CARTESIAN_POINT('',(-29.860422356,12.921549253,13.799537613));
#3029=CARTESIAN_POINT('',(-29.793482131,12.727637748,13.681268005));
#3030=CARTESIAN_POINT('',(-29.676828876,12.389793952,13.381744815));
#3031=CARTESIAN_POINT('',(-29.627144546,12.245945014,13.200565101));
#3032=CARTESIAN_POINT('',(-29.551006045,12.025631025,12.797076211));
#3033=CARTESIAN_POINT('',(-29.524570607,11.949220334,12.574866544));
#3034=CARTESIAN_POINT('',(-29.511350819,11.911134458,12.345502986));
#3035=CARTESIAN_POINT('',(-31.09907941,13.379905595,14.));
#3036=CARTESIAN_POINT('',(-30.993820472,13.169892626,14.));
#3037=CARTESIAN_POINT('',(-30.888588139,12.959932854,13.958372057));
#3038=CARTESIAN_POINT('',(-30.690937936,12.565607812,13.796912683));
#3039=CARTESIAN_POINT('',(-30.598570025,12.381342425,13.677122133));
#3040=CARTESIAN_POINT('',(-30.437949848,12.06097499,13.373958348));
#3041=CARTESIAN_POINT('',(-30.369738182,11.924954094,13.190661873));
#3042=CARTESIAN_POINT('',(-30.265783679,11.717750606,12.782886634));
#3043=CARTESIAN_POINT('',(-30.23006712,11.646620503,12.558511117));
#3044=CARTESIAN_POINT('',(-30.212776997,11.612279799,12.327264126));
#3045=CARTESIAN_POINT('',(-31.551475258,13.133985497,14.));
#3046=CARTESIAN_POINT('',(-31.432075755,12.93056562,14.));
#3047=CARTESIAN_POINT('',(-31.31270691,12.727198128,13.958029882));
#3048=CARTESIAN_POINT('',(-31.088619303,12.345457932,13.795283797));
#3049=CARTESIAN_POINT('',(-30.983958082,12.167183535,13.674549702));
#3050=CARTESIAN_POINT('',(-30.802192262,11.857645283,13.369129383));
#3051=CARTESIAN_POINT('',(-30.725134339,11.726461145,13.18452174));
#3052=CARTESIAN_POINT('',(-30.608086709,11.527319077,12.774095606));
#3053=CARTESIAN_POINT('',(-30.568127063,11.459412438,12.548382715));
#3054=CARTESIAN_POINT('',(-30.54917391,11.427326319,12.315976563));
#3055=CARTESIAN_POINT('',(-32.400420377,12.557098358,14.));
#3056=CARTESIAN_POINT('',(-32.25400119,12.369340369,14.));
#3057=CARTESIAN_POINT('',(-32.10762106,12.181632589,13.957221775));
#3058=CARTESIAN_POINT('',(-31.833167342,11.829721096,13.791440017));
#3059=CARTESIAN_POINT('',(-31.705166965,11.66561149,13.668480774));
#3060=CARTESIAN_POINT('',(-31.48355897,11.38154623,13.357749138));
#3061=CARTESIAN_POINT('',(-31.390010467,11.261666542,13.170059761));
#3062=CARTESIAN_POINT('',(-31.249074304,11.081160552,12.753424525));
#3063=CARTESIAN_POINT('',(-31.201724243,11.020582529,12.524589977));
#3064=CARTESIAN_POINT('',(-31.180440793,10.993456601,12.289497841));
#3065=CARTESIAN_POINT('',(-32.796948655,12.226145582,14.));
#3066=CARTESIAN_POINT('',(-32.637650427,12.047456715,14.));
#3067=CARTESIAN_POINT('',(-32.478395602,11.86881669,13.956755841));
#3068=CARTESIAN_POINT('',(-32.180013508,11.534149453,13.789225126));
#3069=CARTESIAN_POINT('',(-32.040967539,11.378213719,13.664984287));
#3070=CARTESIAN_POINT('',(-31.800663815,11.108791933,13.351197924));
#3071=CARTESIAN_POINT('',(-31.699471541,10.99537953,13.161738031));
#3072=CARTESIAN_POINT('',(-31.547741397,10.825446745,12.741544777));
#3073=CARTESIAN_POINT('',(-31.497244883,10.768972824,12.510926089));
#3074=CARTESIAN_POINT('',(-31.475295153,10.744551091,12.274307337));
#3075=CARTESIAN_POINT('',(-33.518917132,11.491907526,14.));
#3076=CARTESIAN_POINT('',(-33.335550109,11.333657294,14.));
#3077=CARTESIAN_POINT('',(-33.152235468,11.175452404,13.955713446));
#3078=CARTESIAN_POINT('',(-32.809322172,10.879540699,13.784274921));
#3079=CARTESIAN_POINT('',(-32.649821478,10.741918672,13.657171987));
#3080=CARTESIAN_POINT('',(-32.375276298,10.505095002,13.336580015));
#3081=CARTESIAN_POINT('',(-32.260310247,10.405961221,13.143182678));
#3082=CARTESIAN_POINT('',(-32.089800004,10.259038458,12.715110983));
#3083=CARTESIAN_POINT('',(-32.034304533,10.211291587,12.480559072));
#3084=CARTESIAN_POINT('',(-32.012143508,10.192339684,12.240606318));
#3085=CARTESIAN_POINT('',(-33.84433948,11.088640402,14.));
#3086=CARTESIAN_POINT('',(-33.649782929,10.941760089,14.));
#3087=CARTESIAN_POINT('',(-33.455283394,10.794922984,13.955136984));
#3088=CARTESIAN_POINT('',(-33.091767822,10.52052304,13.781539618));
#3089=CARTESIAN_POINT('',(-32.922858317,10.393040924,13.652856197));
#3090=CARTESIAN_POINT('',(-32.632768187,10.174171438,13.328513423));
#3091=CARTESIAN_POINT('',(-32.511672586,10.08284846,13.132949225));
#3092=CARTESIAN_POINT('',(-32.333177215,9.948360668,12.700557347));
#3093=CARTESIAN_POINT('',(-32.275829777,9.905235429,12.463856527));
#3094=CARTESIAN_POINT('',(-32.254124228,9.889047442,12.222096635));
#3095=CARTESIAN_POINT('',(-34.411586472,10.225267786,14.));
#3096=CARTESIAN_POINT('',(-34.19676728,10.103182933,14.));
#3097=CARTESIAN_POINT('',(-33.982014552,9.981136,13.953890668));
#3098=CARTESIAN_POINT('',(-33.581409829,9.753499011,13.775632769));
#3099=CARTESIAN_POINT('',(-33.395681781,9.647979662,13.643539405));
#3100=CARTESIAN_POINT('',(-33.07825465,9.467702437,13.311126732));
#3101=CARTESIAN_POINT('',(-32.946653786,9.393000564,13.110910366));
#3102=CARTESIAN_POINT('',(-32.755308103,9.284497993,12.669290623));
#3103=CARTESIAN_POINT('',(-32.695622506,9.250731012,12.428024013));
#3104=CARTESIAN_POINT('',(-32.675923274,9.239715522,12.182468428));
#3105=CARTESIAN_POINT('',(-34.653397091,9.765183643,14.));
#3106=CARTESIAN_POINT('',(-34.429505221,9.656524778,14.));
#3107=CARTESIAN_POINT('',(-34.20568463,9.54790068,13.953220815));
#3108=CARTESIAN_POINT('',(-33.788593881,9.345515386,13.772461248));
#3109=CARTESIAN_POINT('',(-33.595456516,9.251818948,13.638538449));
#3110=CARTESIAN_POINT('',(-33.266238068,9.09217921,13.301806787));
#3111=CARTESIAN_POINT('',(-33.130261816,9.026286995,13.099105197));
#3112=CARTESIAN_POINT('',(-32.93405137,8.93133254,12.652578052));
#3113=CARTESIAN_POINT('',(-32.873879677,8.902300693,12.408894756));
#3114=CARTESIAN_POINT('',(-32.855731171,8.893691899,12.161350883));
#3115=CARTESIAN_POINT('',(-35.044123616,8.805855392,14.));
#3116=CARTESIAN_POINT('',(-34.804619501,8.725776875,14.));
#3117=CARTESIAN_POINT('',(-34.56519625,8.645725557,13.951808743));
#3118=CARTESIAN_POINT('',(-34.119991057,8.49690479,13.765784224));
#3119=CARTESIAN_POINT('',(-33.914359435,8.428185891,13.628013801));
#3120=CARTESIAN_POINT('',(-33.565793391,8.311769568,13.282226754));
#3121=CARTESIAN_POINT('',(-33.422976672,8.264111693,13.074326943));
#3122=CARTESIAN_POINT('',(-33.220248964,8.196581912,12.61759456));
#3123=CARTESIAN_POINT('',(-33.160406455,8.176732959,12.368916289));
#3124=CARTESIAN_POINT('',(-33.146271407,8.172192926,12.117318379));
#3125=CARTESIAN_POINT('',(-35.19302986,8.306635005,14.));
#3126=CARTESIAN_POINT('',(-34.946986882,8.241711263,14.));
#3127=CARTESIAN_POINT('',(-34.701029539,8.176810304,13.951066532));
#3128=CARTESIAN_POINT('',(-34.244197154,8.056302777,13.76227877));
#3129=CARTESIAN_POINT('',(-34.033481118,8.000738498,13.622490194));
#3130=CARTESIAN_POINT('',(-33.677359466,7.906907369,13.271966887));
#3131=CARTESIAN_POINT('',(-33.53207782,7.86867345,13.061354179));
#3132=CARTESIAN_POINT('',(-33.327697339,7.815017965,12.599324263));
#3133=CARTESIAN_POINT('',(-33.268669683,7.799615235,12.348067907));
#3134=CARTESIAN_POINT('',(-33.256996562,7.796735417,12.094404508));
#3135=CARTESIAN_POINT('',(-35.392220515,7.288217566,14.));
#3136=CARTESIAN_POINT('',(-35.13602232,7.254908752,14.));
#3137=CARTESIAN_POINT('',(-34.879918883,7.221612438,13.949534542));
#3138=CARTESIAN_POINT('',(-34.405353427,7.159949336,13.75505315));
#3139=CARTESIAN_POINT('',(-34.187066937,7.131605689,13.611109157));
#3140=CARTESIAN_POINT('',(-33.820409241,7.08406955,13.250866238));
#3141=CARTESIAN_POINT('',(-33.672173668,7.064894901,13.034700576));
#3142=CARTESIAN_POINT('',(-33.467569795,7.038557784,12.561895587));
#3143=CARTESIAN_POINT('',(-33.411277212,7.031405211,12.305431175));
#3144=CARTESIAN_POINT('',(-33.40511269,7.030796193,12.04765985));
#3145=CARTESIAN_POINT('',(-35.4425,6.769045696,14.));
#3146=CARTESIAN_POINT('',(-35.182686464,6.752197298,14.));
#3147=CARTESIAN_POINT('',(-34.922972039,6.735355529,13.948744778));
#3148=CARTESIAN_POINT('',(-34.442302357,6.704223749,13.751333067));
#3149=CARTESIAN_POINT('',(-34.221530469,6.689945987,13.605251867));
#3150=CARTESIAN_POINT('',(-33.851892916,6.666118755,13.240025767));
#3151=CARTESIAN_POINT('',(-33.703168284,6.656578659,13.021020164));
#3152=CARTESIAN_POINT('',(-33.499992731,6.643683454,12.542737944));
#3153=CARTESIAN_POINT('',(-33.445619368,6.640333418,12.283643756));
#3154=CARTESIAN_POINT('',(-33.4425,6.640333418,12.02383022));
#3155=CARTESIAN_POINT('',(-35.4425,6.249860987,14.));
#3156=CARTESIAN_POINT('',(-35.180700612,6.249860987,14.));
#3157=CARTESIAN_POINT('',(-34.919004231,6.249860987,13.947945353));
#3158=CARTESIAN_POINT('',(-34.435262039,6.249860987,13.747572777));
#3159=CARTESIAN_POINT('',(-34.21340656,6.249860987,13.599333685));
#3160=CARTESIAN_POINT('',(-33.843166315,6.249860987,13.22909344));
#3161=CARTESIAN_POINT('',(-33.694927223,6.249860987,13.007237961));
#3162=CARTESIAN_POINT('',(-33.494554647,6.249860987,12.523495769));
#3163=CARTESIAN_POINT('',(-33.4425,6.249860987,12.261799388));
#3164=CARTESIAN_POINT('',(-33.4425,6.249860987,12.));
#3165=B_SPLINE_SURFACE_WITH_KNOTS('',3,3,((#2985,#2986,#2987,#2988,#2989,#2990,#2991,#2992,#2993,#2994),(#2995,#2996,#2997,#2998,#2999,#3000,#3001,#3002,#3003,#3004),(#3005,#3006,#3007,#3008,#3009,#3010,#3011,#3012,#3013,#3014),(#3015,#3016,#3017,#3018,#3019,#3020,#3021,#3022,#3023,#3024),(#3025,#3026,#3027,#3028,#3029,#3030,#3031,#3032,#3033,#3034),(#3035,#3036,#3037,#3038,#3039,#3040,#3041,#3042,#3043,#3044),(#3045,#3046,#3047,#3048,#3049,#3050,#3051,#3052,#3053,#3054),(#3055,#3056,#3057,#3058,#3059,#3060,#3061,#3062,#3063,#3064),(#3065,#3066,#3067,#3068,#3069,#3070,#3071,#3072,#3073,#3074),(#3075,#3076,#3077,#3078,#3079,#3080,#3081,#3082,#3083,#3084),(#3085,#3086,#3087,#3088,#3089,#3090,#3091,#3092,#3093,#3094),(#3095,#3096,#3097,#3098,#3099,#3100,#3101,#3102,#3103,#3104),(#3105,#3106,#3107,#3108,#3109,#3110,#3111,#3112,#3113,#3114),(#3115,#3116,#3117,#3118,#3119,#3120,#3121,#3122,#3123,#3124),(#3125,#3126,#3127,#3128,#3129,#3130,#3131,#3132,#3133,#3134),(#3135,#3136,#3137,#3138,#3139,#3140,#3141,#3142,#3143,#3144),(#3145,#3146,#3147,#3148,#3149,#3150,#3151,#3152,#3153,#3154),(#3155,#3156,#3157,#3158,#3159,#3160,#3161,#3162,#3163,#3164)),.UNSPECIFIED.,.F.,.F.,.U.,(4,2,2,2,2,2,2,2,4),(4,2,2,2,4),(3.141592654,3.337942194,3.534291735,3.730641276,3.926990817,4.123340358,4.319689899,4.51603944,4.71238898),(0.,0.25,0.5,0.75,1.),.UNSPECIFIED.);
#3166=ORIENTED_EDGE('',*,*,#2845,.T.);
#3167=ORIENTED_EDGE('',*,*,#253,.F.);
#3168=CARTESIAN_POINT('',(-35.4425,6.249860987,12.));
#3169=DIRECTION('',(-0.,-1.,-0.));
#3170=DIRECTION('',(0.,0.,-1.));
#3171=AXIS2_PLACEMENT_3D('',#3168,#3169,#3170);
#3172=CIRCLE('',#3171,2.);
#3173=EDGE_CURVE('',#590,#239,#3172,.T.);
#3174=ORIENTED_EDGE('',*,*,#3173,.F.);
#3175=ORIENTED_EDGE('',*,*,#2214,.F.);
#3176=EDGE_LOOP('',(#3166,#3167,#3174,#3175));
#3177=FACE_BOUND('',#3176,.T.);
#3178=ADVANCED_FACE('',(#3177),#3165,.T.);
#3179=CARTESIAN_POINT('',(-35.4425,2.480508593,14.));
#3180=CARTESIAN_POINT('',(-35.180700612,2.480508593,14.));
#3181=CARTESIAN_POINT('',(-34.919004231,2.480508593,13.947945353));
#3182=CARTESIAN_POINT('',(-34.435262039,2.480508593,13.747572777));
#3183=CARTESIAN_POINT('',(-34.21340656,2.480508593,13.599333685));
#3184=CARTESIAN_POINT('',(-33.843166315,2.480508593,13.22909344));
#3185=CARTESIAN_POINT('',(-33.694927223,2.480508593,13.007237961));
#3186=CARTESIAN_POINT('',(-33.494554647,2.480508593,12.523495769));
#3187=CARTESIAN_POINT('',(-33.4425,2.480508593,12.261799388));
#3188=CARTESIAN_POINT('',(-33.4425,2.480508593,12.));
#3189=CARTESIAN_POINT('',(-35.4425,1.961323885,14.));
#3190=CARTESIAN_POINT('',(-35.178714761,1.978172283,14.));
#3191=CARTESIAN_POINT('',(-34.915036423,1.995014051,13.947145928));
#3192=CARTESIAN_POINT('',(-34.428221721,2.026145831,13.743812486));
#3193=CARTESIAN_POINT('',(-34.205282651,2.040423593,13.593415502));
#3194=CARTESIAN_POINT('',(-33.834439714,2.064250826,13.218161113));
#3195=CARTESIAN_POINT('',(-33.686686163,2.073790921,12.993455757));
#3196=CARTESIAN_POINT('',(-33.489116562,2.086686127,12.504253594));
#3197=CARTESIAN_POINT('',(-33.439380632,2.090036163,12.23995502));
#3198=CARTESIAN_POINT('',(-33.4425,2.090036163,11.97616978));
#3199=CARTESIAN_POINT('',(-35.392220515,1.442152014,14.));
#3200=CARTESIAN_POINT('',(-35.12808023,1.476236736,14.));
#3201=CARTESIAN_POINT('',(-34.864050281,1.510307438,13.946336869));
#3202=CARTESIAN_POINT('',(-34.377196841,1.573171074,13.740012121));
#3203=CARTESIAN_POINT('',(-34.154576726,1.601938149,13.587436639));
#3204=CARTESIAN_POINT('',(-33.785508709,1.64970989,13.207137352));
#3205=CARTESIAN_POINT('',(-33.639215003,1.668694898,12.979572317));
#3206=CARTESIAN_POINT('',(-33.44582118,1.693936852,12.484927739));
#3207=CARTESIAN_POINT('',(-33.398801902,1.700183401,12.21805472));
#3208=CARTESIAN_POINT('',(-33.40511269,1.699573388,11.95234015));
#3209=CARTESIAN_POINT('',(-35.19302986,0.423734575,14.));
#3210=CARTESIAN_POINT('',(-34.931686986,0.492428273,14.));
#3211=CARTESIAN_POINT('',(-34.670459802,0.561091782,13.944730511));
#3212=CARTESIAN_POINT('',(-34.189956998,0.687431822,13.732477097));
#3213=CARTESIAN_POINT('',(-33.97089409,0.74505283,13.575587079));
#3214=CARTESIAN_POINT('',(-33.61013281,0.840027247,13.18533037));
#3215=CARTESIAN_POINT('',(-33.468594163,0.877338913,12.952136346));
#3216=CARTESIAN_POINT('',(-33.285809397,0.925673133,12.446850912));
#3217=CARTESIAN_POINT('',(-33.244644244,0.936674438,12.174983078));
#3218=CARTESIAN_POINT('',(-33.256996562,0.933634164,11.905595492));
#3219=CARTESIAN_POINT('',(-35.044123616,-0.075485811,14.));
#3220=CARTESIAN_POINT('',(-34.785934724,0.010579965,14.));
#3221=CARTESIAN_POINT('',(-34.527863438,0.096606773,13.943933253));
#3222=CARTESIAN_POINT('',(-34.053752307,0.254690176,13.728742627));
#3223=CARTESIAN_POINT('',(-33.837928427,0.326675192,13.56971668));
#3224=CARTESIAN_POINT('',(-33.483699218,0.444906568,13.1745477));
#3225=CARTESIAN_POINT('',(-33.345455265,0.491099384,12.938584511));
#3226=CARTESIAN_POINT('',(-33.169101259,0.550178136,12.428100901));
#3227=CARTESIAN_POINT('',(-33.131071584,0.563037298,12.153812818));
#3228=CARTESIAN_POINT('',(-33.146271407,0.558176654,11.882681621));
#3229=CARTESIAN_POINT('',(-34.653397091,-1.034814062,14.));
#3230=CARTESIAN_POINT('',(-34.405141143,-0.914609011,14.));
#3231=CARTESIAN_POINT('',(-34.157004502,-0.794461485,13.942383434));
#3232=CARTESIAN_POINT('',(-33.702225924,-0.574215732,13.721492556));
#3233=CARTESIAN_POINT('',(-33.495802552,-0.474222907,13.558324309));
#3234=CARTESIAN_POINT('',(-33.159209558,-0.311088068,13.153659646));
#3235=CARTESIAN_POINT('',(-33.029201722,-0.248024132,12.912357544));
#3236=CARTESIAN_POINT('',(-32.867382204,-0.169367582,12.391917407));
#3237=CARTESIAN_POINT('',(-32.835648341,-0.153812628,12.113029292));
#3238=CARTESIAN_POINT('',(-32.855731171,-0.163322319,11.838649117));
#3239=CARTESIAN_POINT('',(-34.411586472,-1.494898206,14.));
#3240=CARTESIAN_POINT('',(-34.170110998,-1.357927233,14.));
#3241=CARTESIAN_POINT('',(-33.928754612,-1.22102356,13.941630928));
#3242=CARTESIAN_POINT('',(-33.486919115,-0.970361064,13.717977204));
#3243=CARTESIAN_POINT('',(-33.28665791,-0.856725406,13.552802725));
#3244=CARTESIAN_POINT('',(-32.961169057,-0.671945405,13.143554943));
#3245=CARTESIAN_POINT('',(-32.836101951,-0.600891868,12.899683246));
#3246=CARTESIAN_POINT('',(-32.682383307,-0.51340194,12.374484977));
#3247=CARTESIAN_POINT('',(-32.653807616,-0.497008566,12.093417144));
#3248=CARTESIAN_POINT('',(-32.675923274,-0.509345941,11.817531572));
#3249=CARTESIAN_POINT('',(-33.84433948,-2.358270822,14.));
#3250=CARTESIAN_POINT('',(-33.61998979,-2.189188627,14.));
#3251=CARTESIAN_POINT('',(-33.395756123,-2.020193605,13.940203978));
#3252=CARTESIAN_POINT('',(-32.98616441,-1.711457394,13.711318985));
#3253=CARTESIAN_POINT('',(-32.80101819,-1.571875381,13.542348246));
#3254=CARTESIAN_POINT('',(-32.501933383,-1.346302396,13.124453555));
#3255=CARTESIAN_POINT('',(-32.388149489,-1.260427733,12.875745475));
#3256=CARTESIAN_POINT('',(-32.251710367,-1.15728025,12.341645699));
#3257=CARTESIAN_POINT('',(-32.22912574,-1.140060632,12.056529917));
#3258=CARTESIAN_POINT('',(-32.254124228,-1.158677862,11.777903365));
#3259=CARTESIAN_POINT('',(-33.518917132,-2.761537946,14.));
#3260=CARTESIAN_POINT('',(-33.304913895,-2.577112507,14.));
#3261=CARTESIAN_POINT('',(-33.091023827,-2.392784333,13.939529602));
#3262=CARTESIAN_POINT('',(-32.700734376,-2.056394548,13.70817642));
#3263=CARTESIAN_POINT('',(-32.524541391,-1.904510351,13.537415818));
#3264=CARTESIAN_POINT('',(-32.240756157,-1.659790961,13.115457657));
#3265=CARTESIAN_POINT('',(-32.133313994,-1.567084845,12.864482944));
#3266=CARTESIAN_POINT('',(-32.006050868,-1.457111794,12.326239953));
#3267=CARTESIAN_POINT('',(-31.98629723,-1.439902886,12.039255946));
#3268=CARTESIAN_POINT('',(-32.012143508,-1.461970104,11.759393682));
#3269=CARTESIAN_POINT('',(-32.903127071,-3.387793123,14.));
#3270=CARTESIAN_POINT('',(-32.709576006,-3.179122772,14.));
#3271=CARTESIAN_POINT('',(-32.516130784,-2.970566387,13.938473023));
#3272=CARTESIAN_POINT('',(-32.16371082,-2.590593374,13.703257651));
#3273=CARTESIAN_POINT('',(-32.004928802,-2.419384273,13.529697795));
#3274=CARTESIAN_POINT('',(-31.750341008,-2.144822994,13.101400302));
#3275=CARTESIAN_POINT('',(-31.654674463,-2.041620775,12.84689672));
#3276=CARTESIAN_POINT('',(-31.543539274,-1.921639405,12.30223679));
#3277=CARTESIAN_POINT('',(-31.52813142,-1.904925795,12.012378091));
#3278=CARTESIAN_POINT('',(-31.554248335,-1.932968916,11.730649002));
#3279=CARTESIAN_POINT('',(-32.63061164,-3.628909649,14.));
#3280=CARTESIAN_POINT('',(-32.446342132,-3.410771715,14.));
#3281=CARTESIAN_POINT('',(-32.262174718,-3.192754506,13.938063264));
#3282=CARTESIAN_POINT('',(-31.926868357,-2.795798047,13.701351598));
#3283=CARTESIAN_POINT('',(-31.775915185,-2.617078488,13.526707725));
#3284=CARTESIAN_POINT('',(-31.534313537,-2.33099317,13.095960289));
#3285=CARTESIAN_POINT('',(-31.443798921,-2.223785745,12.840095214));
#3286=CARTESIAN_POINT('',(-31.33947509,-2.10013939,12.29297018));
#3287=CARTESIAN_POINT('',(-31.325723683,-2.083768901,12.002013147));
#3288=CARTESIAN_POINT('',(-31.351608655,-2.114309688,11.71958192));
#3289=CARTESIAN_POINT('',(-32.343059378,-3.849775781,14.));
#3290=CARTESIAN_POINT('',(-32.168798279,-3.622873409,14.));
#3291=CARTESIAN_POINT('',(-31.994634827,-3.396098184,13.937685896));
#3292=CARTESIAN_POINT('',(-31.677716122,-2.983444149,13.699597254));
#3293=CARTESIAN_POINT('',(-31.535138453,-2.797796573,13.523956131));
#3294=CARTESIAN_POINT('',(-31.307298712,-2.501131612,13.090958233));
#3295=CARTESIAN_POINT('',(-31.222164307,-2.390280466,12.833844091));
#3296=CARTESIAN_POINT('',(-31.124723904,-2.263407289,12.284464758));
#3297=CARTESIAN_POINT('',(-31.112472505,-2.247456354,11.992507415));
#3298=CARTESIAN_POINT('',(-31.137787742,-2.280420388,11.709444317));
#3299=B_SPLINE_SURFACE_WITH_KNOTS('',3,3,((#3179,#3180,#3181,#3182,#3183,#3184,#3185,#3186,#3187,#3188),(#3189,#3190,#3191,#3192,#3193,#3194,#3195,#3196,#3197,#3198),(#3199,#3200,#3201,#3202,#3203,#3204,#3205,#3206,#3207,#3208),(#3209,#3210,#3211,#3212,#3213,#3214,#3215,#3216,#3217,#3218),(#3219,#3220,#3221,#3222,#3223,#3224,#3225,#3226,#3227,#3228),(#3229,#3230,#3231,#3232,#3233,#3234,#3235,#3236,#3237,#3238),(#3239,#3240,#3241,#3242,#3243,#3244,#3245,#3246,#3247,#3248),(#3249,#3250,#3251,#3252,#3253,#3254,#3255,#3256,#3257,#3258),(#3259,#3260,#3261,#3262,#3263,#3264,#3265,#3266,#3267,#3268),(#3269,#3270,#3271,#3272,#3273,#3274,#3275,#3276,#3277,#3278),(#3279,#3280,#3281,#3282,#3283,#3284,#3285,#3286,#3287,#3288),(#3289,#3290,#3291,#3292,#3293,#3294,#3295,#3296,#3297,#3298)),.UNSPECIFIED.,.F.,.F.,.U.,(4,2,2,2,2,4),(4,2,2,2,4),(1.570796327,1.767145868,1.963495408,2.159844949,2.35619449,2.494790586),(0.,0.25,0.5,0.75,1.),.UNSPECIFIED.);
#3300=ORIENTED_EDGE('',*,*,#2979,.T.);
#3301=ORIENTED_EDGE('',*,*,#1479,.F.);
#3302=CARTESIAN_POINT('',(-35.4425,2.480508593,12.));
#3303=DIRECTION('',(0.,1.,0.));
#3304=DIRECTION('',(0.,-0.,1.));
#3305=AXIS2_PLACEMENT_3D('',#3302,#3303,#3304);
#3306=CIRCLE('',#3305,2.);
#3307=EDGE_CURVE('',#230,#598,#3306,.T.);
#3308=ORIENTED_EDGE('',*,*,#3307,.F.);
#3309=ORIENTED_EDGE('',*,*,#236,.F.);
#3310=EDGE_LOOP('',(#3300,#3301,#3308,#3309));
#3311=FACE_BOUND('',#3310,.T.);
#3312=ADVANCED_FACE('',(#3311),#3299,.T.);
#3313=CARTESIAN_POINT('',(-35.4425,1.447742305,12.));
#3314=DIRECTION('',(0.,1.,0.));
#3315=DIRECTION('',(0.,-0.,1.));
#3316=AXIS2_PLACEMENT_3D('',#3313,#3314,#3315);
#3317=CYLINDRICAL_SURFACE('',#3316,2.);
#3318=ORIENTED_EDGE('',*,*,#3173,.T.);
#3319=ORIENTED_EDGE('',*,*,#244,.F.);
#3320=ORIENTED_EDGE('',*,*,#3307,.T.);
#3321=ORIENTED_EDGE('',*,*,#603,.F.);
#3322=EDGE_LOOP('',(#3318,#3319,#3320,#3321));
#3323=FACE_BOUND('',#3322,.T.);
#3324=ADVANCED_FACE('',(#3323),#3317,.T.);
#3325=CARTESIAN_POINT('',(24.,4.,-2.));
#3326=DIRECTION('',(0.,0.,1.));
#3327=DIRECTION('',(1.,0.,-0.));
#3328=AXIS2_PLACEMENT_3D('',#3325,#3326,#3327);
#3329=TOROIDAL_SURFACE('',#3328,14.,2.);
#3330=CARTESIAN_POINT('',(38.,4.,-2.));
#3331=DIRECTION('',(0.,1.,0.));
#3332=DIRECTION('',(0.,-0.,1.));
#3333=AXIS2_PLACEMENT_3D('',#3330,#3331,#3332);
#3334=CIRCLE('',#3333,2.);
#3335=EDGE_CURVE('',#397,#307,#3334,.T.);
#3336=ORIENTED_EDGE('',*,*,#3335,.F.);
#3337=ORIENTED_EDGE('',*,*,#403,.F.);
#3338=CARTESIAN_POINT('',(24.,-10.,-2.));
#3339=DIRECTION('',(-1.,0.,0.));
#3340=DIRECTION('',(0.,0.,1.));
#3341=AXIS2_PLACEMENT_3D('',#3338,#3339,#3340);
#3342=CIRCLE('',#3341,2.);
#3343=EDGE_CURVE('',#316,#83,#3342,.T.);
#3344=ORIENTED_EDGE('',*,*,#3343,.F.);
#3345=ORIENTED_EDGE('',*,*,#322,.F.);
#3346=EDGE_LOOP('',(#3336,#3337,#3344,#3345));
#3347=FACE_BOUND('',#3346,.T.);
#3348=ADVANCED_FACE('',(#3347),#3329,.T.);
#3349=CARTESIAN_POINT('',(0.,-10.,-2.));
#3350=DIRECTION('',(1.,0.,0.));
#3351=DIRECTION('',(-0.,1.,0.));
#3352=AXIS2_PLACEMENT_3D('',#3349,#3350,#3351);
#3353=CYLINDRICAL_SURFACE('',#3352,2.);
#3354=ORIENTED_EDGE('',*,*,#3343,.T.);
#3355=ORIENTED_EDGE('',*,*,#88,.F.);
#3356=CARTESIAN_POINT('',(-24.,-10.,-2.));
#3357=DIRECTION('',(-1.,0.,0.));
#3358=DIRECTION('',(0.,0.,1.));
#3359=AXIS2_PLACEMENT_3D('',#3356,#3357,#3358);
#3360=CIRCLE('',#3359,2.);
#3361=EDGE_CURVE('',#279,#75,#3360,.T.);
#3362=ORIENTED_EDGE('',*,*,#3361,.F.);
#3363=ORIENTED_EDGE('',*,*,#328,.F.);
#3364=EDGE_LOOP('',(#3354,#3355,#3362,#3363));
#3365=FACE_BOUND('',#3364,.T.);
#3366=ADVANCED_FACE('',(#3365),#3353,.T.);
#3367=CARTESIAN_POINT('',(24.,4.,-2.));
#3368=DIRECTION('',(0.,0.,1.));
#3369=DIRECTION('',(1.,0.,-0.));
#3370=AXIS2_PLACEMENT_3D('',#3367,#3368,#3369);
#3371=TOROIDAL_SURFACE('',#3370,14.,2.);
#3372=ORIENTED_EDGE('',*,*,#3335,.T.);
#3373=ORIENTED_EDGE('',*,*,#313,.F.);
#3374=CARTESIAN_POINT('',(24.,18.,-2.));
#3375=DIRECTION('',(-1.,0.,0.));
#3376=DIRECTION('',(0.,0.,1.));
#3377=AXIS2_PLACEMENT_3D('',#3374,#3375,#3376);
#3378=CIRCLE('',#3377,2.);
#3379=EDGE_CURVE('',#35,#299,#3378,.T.);
#3380=ORIENTED_EDGE('',*,*,#3379,.F.);
#3381=ORIENTED_EDGE('',*,*,#434,.F.);
#3382=EDGE_LOOP('',(#3372,#3373,#3380,#3381));
#3383=FACE_BOUND('',#3382,.T.);
#3384=ADVANCED_FACE('',(#3383),#3371,.T.);
#3385=CARTESIAN_POINT('',(-24.,4.,-2.));
#3386=DIRECTION('',(0.,0.,1.));
#3387=DIRECTION('',(1.,0.,-0.));
#3388=AXIS2_PLACEMENT_3D('',#3385,#3386,#3387);
#3389=TOROIDAL_SURFACE('',#3388,14.,2.);
#3390=ORIENTED_EDGE('',*,*,#3361,.T.);
#3391=ORIENTED_EDGE('',*,*,#353,.F.);
#3392=CARTESIAN_POINT('',(-38.,4.,-2.));
#3393=DIRECTION('',(0.,1.,0.));
#3394=DIRECTION('',(-1.,0.,0.));
#3395=AXIS2_PLACEMENT_3D('',#3392,#3393,#3394);
#3396=CIRCLE('',#3395,2.);
#3397=EDGE_CURVE('',#281,#339,#3396,.T.);
#3398=ORIENTED_EDGE('',*,*,#3397,.F.);
#3399=ORIENTED_EDGE('',*,*,#287,.F.);
#3400=EDGE_LOOP('',(#3390,#3391,#3398,#3399));
#3401=FACE_BOUND('',#3400,.T.);
#3402=ADVANCED_FACE('',(#3401),#3389,.T.);
#3403=CARTESIAN_POINT('',(0.,18.,-2.));
#3404=DIRECTION('',(-1.,0.,0.));
#3405=DIRECTION('',(0.,0.,1.));
#3406=AXIS2_PLACEMENT_3D('',#3403,#3404,#3405);
#3407=CYLINDRICAL_SURFACE('',#3406,2.);
#3408=ORIENTED_EDGE('',*,*,#3379,.T.);
#3409=ORIENTED_EDGE('',*,*,#304,.F.);
#3410=CARTESIAN_POINT('',(-24.,18.,-2.));
#3411=DIRECTION('',(-1.,0.,0.));
#3412=DIRECTION('',(0.,0.,1.));
#3413=AXIS2_PLACEMENT_3D('',#3410,#3411,#3412);
#3414=CIRCLE('',#3413,2.);
#3415=EDGE_CURVE('',#43,#290,#3414,.T.);
#3416=ORIENTED_EDGE('',*,*,#3415,.F.);
#3417=ORIENTED_EDGE('',*,*,#48,.F.);
#3418=EDGE_LOOP('',(#3408,#3409,#3416,#3417));
#3419=FACE_BOUND('',#3418,.T.);
#3420=ADVANCED_FACE('',(#3419),#3407,.T.);
#3421=CARTESIAN_POINT('',(-24.,4.,-2.));
#3422=DIRECTION('',(0.,0.,1.));
#3423=DIRECTION('',(1.,0.,-0.));
#3424=AXIS2_PLACEMENT_3D('',#3421,#3422,#3423);
#3425=TOROIDAL_SURFACE('',#3424,14.,2.);
#3426=ORIENTED_EDGE('',*,*,#3397,.T.);
#3427=ORIENTED_EDGE('',*,*,#377,.F.);
#3428=ORIENTED_EDGE('',*,*,#3415,.T.);
#3429=ORIENTED_EDGE('',*,*,#296,.F.);
#3430=EDGE_LOOP('',(#3426,#3427,#3428,#3429));
#3431=FACE_BOUND('',#3430,.T.);
#3432=ADVANCED_FACE('',(#3431),#3425,.T.);
#3433=CLOSED_SHELL('',(#66,#106,#272,#332,#365,#389,#422,#446,#486,#519,#550,#583,#614,#656,#714,#1076,#1094,#1111,#1467,#1484,#1828,#1846,#1864,#2202,#2220,#2244,
#2262,#2280,#2298,#2316,#2328,#2468,#2486,#2620,#2814,#2832,#2850,#2984,#3178,#3312,#3324,#3348,#3366,#3384,#3402,#3420,#3432));
#3434=MANIFOLD_SOLID_BREP('K\S\vrper 31',#3433);
#3435=COLOUR_RGB('',0.627451003,0.627451003,0.643137276);
#3436=FILL_AREA_STYLE_COLOUR('',#3435);
#3437=FILL_AREA_STYLE('',(#3436));
#3438=SURFACE_STYLE_FILL_AREA(#3437);
#3439=SURFACE_SIDE_STYLE('',(#3438));
#3440=SURFACE_STYLE_USAGE(.BOTH.,#3439);
#3441=PRESENTATION_STYLE_ASSIGNMENT((#3440));
#26=STYLED_ITEM('',(#3441),#3434);
#16=SHAPE_REPRESENTATION('root',(#15),#10);
#17=ADVANCED_BREP_SHAPE_REPRESENTATION('root',(#3434),#10);
#3449=SHAPE_REPRESENTATION_RELATIONSHIP('','',#16,#17);
#3450=CARTESIAN_POINT('',(0.,0.,0.));
#3451=DIRECTION('',(0.,0.,1.));
#3452=DIRECTION('',(1.,0.,0.));
#3453=AXIS2_PLACEMENT_3D('',#3450,#3451,#3452);
#3455=MAPPED_ITEM('',#3454,#3453);
#3454=REPRESENTATION_MAP(#3453,#16);
#3456=APPLICATION_CONTEXT('Managed model based 3d engineering');
#3457=APPLICATION_PROTOCOL_DEFINITION('international standard','ap242_managed_model_based_3d_engineering',2014,#3456);
#3458=PRODUCT_CONTEXT('',#3456,'mechanical');
#3459=PRODUCT_DEFINITION_CONTEXT('part definition',#3456,'design');
#24=PRODUCT('root','root','',(#3458));
#3460=PRODUCT_RELATED_PRODUCT_CATEGORY('part','',(#24));
#3461=PRODUCT_DEFINITION_FORMATION_WITH_SPECIFIED_SOURCE('','',#24,.NOT_KNOWN.);
#25=PRODUCT_DEFINITION('design','',#3461,#3459);
#23=PRODUCT_DEFINITION_SHAPE('','',#25);
#3462=SHAPE_DEFINITION_REPRESENTATION(#23,#16);
#11=DRAUGHTING_MODEL('',(#3455),#10);
#3463=DESCRIPTIVE_REPRESENTATION_ITEM('KEY','/Users/colinostermann/Library/Containers/com.shapr3d.shapr/Data/tmp/708F08BA-C1E2-4236-95F4-9319A123670D.tmp');
#3464=PROPERTY_DEFINITION('KEY','',#25);
#3465=REPRESENTATION('',(#3463),#10);
#3466=PROPERTY_DEFINITION_REPRESENTATION(#3464,#3465);
#3467=GENERAL_PROPERTY('','KEY','');
#3468=GENERAL_PROPERTY_ASSOCIATION('','',#3467,#3464);
#1=MECHANICAL_DESIGN_GEOMETRIC_PRESENTATION_REPRESENTATION('',(#26),#10);
ENDSEC;
END-ISO-10303-21;
