ISO-10303-21;
HEADER;

/* File generated by Shapr3D Version 26.100.0.11031 */

FILE_DESCRIPTION(('HOOPS Exchange Step'),'2;1');

FILE_NAME('/Users/colinostermann/Library/Containers/com.shapr3d.shapr/Data/tmp/export/temp_export',
'2026-07-13T01:08:49-22:00',
('colinostermann'),
('Shapr3D Limited'),
'HOOPS Exchange 2026.3',
'Shapr3D',
'Authorized');

FILE_SCHEMA( ('AP242_MANAGED_MODEL_BASED_3D_ENGINEERING_MIM_LF {1 0 10303 442 1 1 4}') );

ENDSEC;

DATA;
#3=(NAMED_UNIT(*)PLANE_ANGLE_UNIT()SI_UNIT($,.RADIAN.));
#4=PLANE_ANGLE_MEASURE_WITH_UNIT(PLANE_ANGLE_MEASURE(0.0174532925),#3);
#5=(CONVERSION_BASED_UNIT('DEGREE',#4)NAMED_UNIT(#6)PLANE_ANGLE_UNIT());
#6=DIMENSIONAL_EXPONENTS(0.,0.,0.,0.,0.,0.,0.);
#7=(NAMED_UNIT(*)SI_UNIT($,.STERADIAN.)SOLID_ANGLE_UNIT());
#8=(LENGTH_UNIT()NAMED_UNIT(*)SI_UNIT(.MILLI.,.METRE.));
#9=UNCERTAINTY_MEASURE_WITH_UNIT(LENGTH_MEASURE(1.000000E-05),#8,'DISTANCE_ACCURACY_VALUE','Maximum Tolerance applied to model');
#10=(GEOMETRIC_REPRESENTATION_CONTEXT(3)GLOBAL_UNCERTAINTY_ASSIGNED_CONTEXT((#9))GLOBAL_UNIT_ASSIGNED_CONTEXT((#8,#5,#7))REPRESENTATION_CONTEXT('','root'));
#12=CARTESIAN_POINT('',(0.,0.,0.));
#13=DIRECTION('',(0.,0.,1.));
#14=DIRECTION('',(1.,0.,0.));
#15=AXIS2_PLACEMENT_3D('TS3D_PRODUCT_CSYS',#12,#13,#14);
#27=CARTESIAN_POINT('',(-14.,0.,31.21));
#28=DIRECTION('',(-1.,0.,0.));
#29=DIRECTION('',(0.,0.,1.));
#30=AXIS2_PLACEMENT_3D('',#27,#28,#29);
#31=PLANE('',#30);
#32=CARTESIAN_POINT('',(-14.,-11.5,29.11));
#33=VERTEX_POINT('',#32);
#34=CARTESIAN_POINT('',(-14.,11.5,29.11));
#35=VERTEX_POINT('',#34);
#36=CARTESIAN_POINT('',(-14.,-11.5,29.11));
#37=DIRECTION('',(0.,1.,0.));
#38=VECTOR('',#37,23.);
#39=LINE('',#36,#38);
#40=EDGE_CURVE('',#33,#35,#39,.T.);
#41=ORIENTED_EDGE('',*,*,#40,.T.);
#42=CARTESIAN_POINT('',(-14.,11.5,28.81));
#43=VERTEX_POINT('',#42);
#44=CARTESIAN_POINT('',(-14.,11.5,29.11));
#45=DIRECTION('',(0.,0.,-1.));
#46=VECTOR('',#45,0.3);
#47=LINE('',#44,#46);
#48=EDGE_CURVE('',#35,#43,#47,.T.);
#49=ORIENTED_EDGE('',*,*,#48,.T.);
#50=CARTESIAN_POINT('',(-14.,-11.5,28.81));
#51=VERTEX_POINT('',#50);
#52=CARTESIAN_POINT('',(-14.,11.5,28.81));
#53=DIRECTION('',(-0.,-1.,-0.));
#54=VECTOR('',#53,23.);
#55=LINE('',#52,#54);
#56=EDGE_CURVE('',#43,#51,#55,.T.);
#57=ORIENTED_EDGE('',*,*,#56,.T.);
#58=CARTESIAN_POINT('',(-14.,-11.5,28.81));
#59=DIRECTION('',(-0.,-0.,1.));
#60=VECTOR('',#59,0.3);
#61=LINE('',#58,#60);
#62=EDGE_CURVE('',#51,#33,#61,.T.);
#63=ORIENTED_EDGE('',*,*,#62,.T.);
#64=EDGE_LOOP('',(#41,#49,#57,#63));
#65=FACE_BOUND('',#64,.T.);
#66=ADVANCED_FACE('',(#65),#31,.T.);
#67=CARTESIAN_POINT('',(4.,-12.5,31.21));
#68=DIRECTION('',(0.,-1.,0.));
#69=DIRECTION('',(0.,0.,-1.));
#70=AXIS2_PLACEMENT_3D('',#67,#68,#69);
#71=PLANE('',#70);
#72=CARTESIAN_POINT('',(18.9,-12.5,29.11));
#73=VERTEX_POINT('',#72);
#74=CARTESIAN_POINT('',(-13.,-12.5,29.11));
#75=VERTEX_POINT('',#74);
#76=CARTESIAN_POINT('',(18.9,-12.5,29.11));
#77=DIRECTION('',(-1.,-0.,-0.));
#78=VECTOR('',#77,31.9);
#79=LINE('',#76,#78);
#80=EDGE_CURVE('',#73,#75,#79,.T.);
#81=ORIENTED_EDGE('',*,*,#80,.T.);
#82=CARTESIAN_POINT('',(-13.,-12.5,28.81));
#83=VERTEX_POINT('',#82);
#84=CARTESIAN_POINT('',(-13.,-12.5,29.11));
#85=DIRECTION('',(0.,0.,-1.));
#86=VECTOR('',#85,0.3);
#87=LINE('',#84,#86);
#88=EDGE_CURVE('',#75,#83,#87,.T.);
#89=ORIENTED_EDGE('',*,*,#88,.T.);
#90=CARTESIAN_POINT('',(18.9,-12.5,28.81));
#91=VERTEX_POINT('',#90);
#92=CARTESIAN_POINT('',(-13.,-12.5,28.81));
#93=DIRECTION('',(1.,0.,0.));
#94=VECTOR('',#93,31.9);
#95=LINE('',#92,#94);
#96=EDGE_CURVE('',#83,#91,#95,.T.);
#97=ORIENTED_EDGE('',*,*,#96,.T.);
#98=CARTESIAN_POINT('',(18.9,-12.5,28.81));
#99=DIRECTION('',(-0.,-0.,1.));
#100=VECTOR('',#99,0.3);
#101=LINE('',#98,#100);
#102=EDGE_CURVE('',#91,#73,#101,.T.);
#103=ORIENTED_EDGE('',*,*,#102,.T.);
#104=EDGE_LOOP('',(#81,#89,#97,#103));
#105=FACE_BOUND('',#104,.T.);
#106=ADVANCED_FACE('',(#105),#71,.T.);
#107=CARTESIAN_POINT('',(22.,0.,31.21));
#108=DIRECTION('',(1.,0.,0.));
#109=DIRECTION('',(0.,0.,-1.));
#110=AXIS2_PLACEMENT_3D('',#107,#108,#109);
#111=PLANE('',#110);
#112=CARTESIAN_POINT('',(22.,-9.4,29.11));
#113=VERTEX_POINT('',#112);
#114=CARTESIAN_POINT('',(22.,-9.4,28.81));
#115=VERTEX_POINT('',#114);
#116=CARTESIAN_POINT('',(22.,-9.4,29.11));
#117=DIRECTION('',(0.,0.,-1.));
#118=VECTOR('',#117,0.3);
#119=LINE('',#116,#118);
#120=EDGE_CURVE('',#113,#115,#119,.T.);
#121=ORIENTED_EDGE('',*,*,#120,.T.);
#122=CARTESIAN_POINT('',(22.,9.4,28.81));
#123=VERTEX_POINT('',#122);
#124=CARTESIAN_POINT('',(22.,-9.4,28.81));
#125=DIRECTION('',(-0.,1.,0.));
#126=VECTOR('',#125,18.8);
#127=LINE('',#124,#126);
#128=EDGE_CURVE('',#115,#123,#127,.T.);
#129=ORIENTED_EDGE('',*,*,#128,.T.);
#130=CARTESIAN_POINT('',(22.,9.4,29.11));
#131=VERTEX_POINT('',#130);
#132=CARTESIAN_POINT('',(22.,9.4,28.81));
#133=DIRECTION('',(-0.,-0.,1.));
#134=VECTOR('',#133,0.3);
#135=LINE('',#132,#134);
#136=EDGE_CURVE('',#123,#131,#135,.T.);
#137=ORIENTED_EDGE('',*,*,#136,.T.);
#138=CARTESIAN_POINT('',(22.,9.4,29.11));
#139=DIRECTION('',(0.,-1.,-0.));
#140=VECTOR('',#139,18.8);
#141=LINE('',#138,#140);
#142=EDGE_CURVE('',#131,#113,#141,.T.);
#143=ORIENTED_EDGE('',*,*,#142,.T.);
#144=EDGE_LOOP('',(#121,#129,#137,#143));
#145=FACE_BOUND('',#144,.T.);
#146=ADVANCED_FACE('',(#145),#111,.T.);
#147=CARTESIAN_POINT('',(4.,12.5,31.21));
#148=DIRECTION('',(0.,1.,0.));
#149=DIRECTION('',(0.,0.,1.));
#150=AXIS2_PLACEMENT_3D('',#147,#148,#149);
#151=PLANE('',#150);
#152=CARTESIAN_POINT('',(18.9,12.5,28.81));
#153=VERTEX_POINT('',#152);
#154=CARTESIAN_POINT('',(-13.,12.5,28.81));
#155=VERTEX_POINT('',#154);
#156=CARTESIAN_POINT('',(18.9,12.5,28.81));
#157=DIRECTION('',(-1.,-0.,-0.));
#158=VECTOR('',#157,31.9);
#159=LINE('',#156,#158);
#160=EDGE_CURVE('',#153,#155,#159,.T.);
#161=ORIENTED_EDGE('',*,*,#160,.T.);
#162=CARTESIAN_POINT('',(-13.,12.5,29.11));
#163=VERTEX_POINT('',#162);
#164=CARTESIAN_POINT('',(-13.,12.5,28.81));
#165=DIRECTION('',(-0.,-0.,1.));
#166=VECTOR('',#165,0.3);
#167=LINE('',#164,#166);
#168=EDGE_CURVE('',#155,#163,#167,.T.);
#169=ORIENTED_EDGE('',*,*,#168,.T.);
#170=CARTESIAN_POINT('',(18.9,12.5,29.11));
#171=VERTEX_POINT('',#170);
#172=CARTESIAN_POINT('',(-13.,12.5,29.11));
#173=DIRECTION('',(1.,0.,0.));
#174=VECTOR('',#173,31.9);
#175=LINE('',#172,#174);
#176=EDGE_CURVE('',#163,#171,#175,.T.);
#177=ORIENTED_EDGE('',*,*,#176,.T.);
#178=CARTESIAN_POINT('',(18.9,12.5,29.11));
#179=DIRECTION('',(0.,0.,-1.));
#180=VECTOR('',#179,0.3);
#181=LINE('',#178,#180);
#182=EDGE_CURVE('',#171,#153,#181,.T.);
#183=ORIENTED_EDGE('',*,*,#182,.T.);
#184=EDGE_LOOP('',(#161,#169,#177,#183));
#185=FACE_BOUND('',#184,.T.);
#186=ADVANCED_FACE('',(#185),#151,.T.);
#187=CARTESIAN_POINT('',(4.,0.,31.21));
#188=DIRECTION('',(0.,0.,1.));
#189=DIRECTION('',(-1.,0.,0.));
#190=AXIS2_PLACEMENT_3D('',#187,#188,#189);
#191=PLANE('',#190);
#192=CARTESIAN_POINT('',(18.9,-10.4,31.21));
#193=VERTEX_POINT('',#192);
#194=CARTESIAN_POINT('',(19.9,-9.4,31.21));
#195=VERTEX_POINT('',#194);
#196=CARTESIAN_POINT('',(18.9,-10.4,31.21));
#197=CARTESIAN_POINT('',(19.098628063,-10.4,31.21));
#198=CARTESIAN_POINT('',(19.282683432,-10.323879533,31.21));
#199=CARTESIAN_POINT('',(19.465991152,-10.248068274,31.21));
#200=CARTESIAN_POINT('',(19.607106781,-10.107106781,31.21));
#201=CARTESIAN_POINT('',(19.747449281,-9.966917574,31.21));
#202=CARTESIAN_POINT('',(19.823879533,-9.782683432,31.21));
#203=CARTESIAN_POINT('',(19.9,-9.599196021,31.21));
#204=CARTESIAN_POINT('',(19.9,-9.4,31.21));
#205=B_SPLINE_CURVE_WITH_KNOTS('',2,(#196,#197,#198,#199,#200,#201,#202,#203,#204),.UNSPECIFIED.,.F.,.F.,(3,2,2,2,3),(0.,0.25,0.5,0.75,1.),.UNSPECIFIED.);
#206=EDGE_CURVE('',#193,#195,#205,.T.);
#207=ORIENTED_EDGE('',*,*,#206,.T.);
#208=CARTESIAN_POINT('',(19.9,9.4,31.21));
#209=VERTEX_POINT('',#208);
#210=CARTESIAN_POINT('',(19.9,-9.4,31.21));
#211=DIRECTION('',(-0.,1.,-0.));
#212=VECTOR('',#211,18.8);
#213=LINE('',#210,#212);
#214=EDGE_CURVE('',#195,#209,#213,.T.);
#215=ORIENTED_EDGE('',*,*,#214,.T.);
#216=CARTESIAN_POINT('',(18.9,10.4,31.21));
#217=VERTEX_POINT('',#216);
#218=CARTESIAN_POINT('',(19.9,9.4,31.21));
#219=CARTESIAN_POINT('',(19.9,9.598628063,31.21));
#220=CARTESIAN_POINT('',(19.823879533,9.782683432,31.21));
#221=CARTESIAN_POINT('',(19.748068274,9.965991152,31.21));
#222=CARTESIAN_POINT('',(19.607106781,10.107106781,31.21));
#223=CARTESIAN_POINT('',(19.466917574,10.247449281,31.21));
#224=CARTESIAN_POINT('',(19.282683432,10.323879533,31.21));
#225=CARTESIAN_POINT('',(19.099196021,10.4,31.21));
#226=CARTESIAN_POINT('',(18.9,10.4,31.21));
#227=B_SPLINE_CURVE_WITH_KNOTS('',2,(#218,#219,#220,#221,#222,#223,#224,#225,#226),.UNSPECIFIED.,.F.,.F.,(3,2,2,2,3),(0.,0.25,0.5,0.75,1.),.UNSPECIFIED.);
#228=EDGE_CURVE('',#209,#217,#227,.T.);
#229=ORIENTED_EDGE('',*,*,#228,.T.);
#230=CARTESIAN_POINT('',(-11.9,10.4,31.21));
#231=VERTEX_POINT('',#230);
#232=CARTESIAN_POINT('',(18.9,10.4,31.21));
#233=DIRECTION('',(-1.,0.,0.));
#234=VECTOR('',#233,30.8);
#235=LINE('',#232,#234);
#236=EDGE_CURVE('',#217,#231,#235,.T.);
#237=ORIENTED_EDGE('',*,*,#236,.T.);
#238=CARTESIAN_POINT('',(-11.9,-10.4,31.21));
#239=VERTEX_POINT('',#238);
#240=CARTESIAN_POINT('',(-11.9,10.4,31.21));
#241=DIRECTION('',(0.,-1.,0.));
#242=VECTOR('',#241,20.8);
#243=LINE('',#240,#242);
#244=EDGE_CURVE('',#231,#239,#243,.T.);
#245=ORIENTED_EDGE('',*,*,#244,.T.);
#246=CARTESIAN_POINT('',(-11.9,-10.4,31.21));
#247=DIRECTION('',(1.,-0.,-0.));
#248=VECTOR('',#247,30.8);
#249=LINE('',#246,#248);
#250=EDGE_CURVE('',#239,#193,#249,.T.);
#251=ORIENTED_EDGE('',*,*,#250,.T.);
#252=EDGE_LOOP('',(#207,#215,#229,#237,#245,#251));
#253=FACE_BOUND('',#252,.T.);
#254=ADVANCED_FACE('',(#253),#191,.T.);
#255=CARTESIAN_POINT('',(4.,0.,26.71));
#256=DIRECTION('',(0.,0.,1.));
#257=DIRECTION('',(-1.,0.,0.));
#258=AXIS2_PLACEMENT_3D('',#255,#256,#257);
#259=PLANE('',#258);
#260=CARTESIAN_POINT('',(-11.9,-10.4,26.71));
#261=VERTEX_POINT('',#260);
#262=CARTESIAN_POINT('',(-11.9,10.4,26.71));
#263=VERTEX_POINT('',#262);
#264=CARTESIAN_POINT('',(-11.9,-10.4,26.71));
#265=DIRECTION('',(-0.,1.,-0.));
#266=VECTOR('',#265,20.8);
#267=LINE('',#264,#266);
#268=EDGE_CURVE('',#261,#263,#267,.T.);
#269=ORIENTED_EDGE('',*,*,#268,.T.);
#270=CARTESIAN_POINT('',(18.9,10.4,26.71));
#271=VERTEX_POINT('',#270);
#272=CARTESIAN_POINT('',(-11.9,10.4,26.71));
#273=DIRECTION('',(1.,-0.,-0.));
#274=VECTOR('',#273,30.8);
#275=LINE('',#272,#274);
#276=EDGE_CURVE('',#263,#271,#275,.T.);
#277=ORIENTED_EDGE('',*,*,#276,.T.);
#278=CARTESIAN_POINT('',(19.9,9.4,26.71));
#279=VERTEX_POINT('',#278);
#280=CARTESIAN_POINT('',(18.9,10.4,26.71));
#281=CARTESIAN_POINT('',(19.098628063,10.4,26.71));
#282=CARTESIAN_POINT('',(19.282683432,10.323879533,26.71));
#283=CARTESIAN_POINT('',(19.465991152,10.248068274,26.71));
#284=CARTESIAN_POINT('',(19.607106781,10.107106781,26.71));
#285=CARTESIAN_POINT('',(19.747449281,9.966917574,26.71));
#286=CARTESIAN_POINT('',(19.823879533,9.782683432,26.71));
#287=CARTESIAN_POINT('',(19.9,9.599196021,26.71));
#288=CARTESIAN_POINT('',(19.9,9.4,26.71));
#289=B_SPLINE_CURVE_WITH_KNOTS('',2,(#280,#281,#282,#283,#284,#285,#286,#287,#288),.UNSPECIFIED.,.F.,.F.,(3,2,2,2,3),(0.,0.25,0.5,0.75,1.),.UNSPECIFIED.);
#290=EDGE_CURVE('',#271,#279,#289,.T.);
#291=ORIENTED_EDGE('',*,*,#290,.T.);
#292=CARTESIAN_POINT('',(19.9,-9.4,26.71));
#293=VERTEX_POINT('',#292);
#294=CARTESIAN_POINT('',(19.9,9.4,26.71));
#295=DIRECTION('',(0.,-1.,0.));
#296=VECTOR('',#295,18.8);
#297=LINE('',#294,#296);
#298=EDGE_CURVE('',#279,#293,#297,.T.);
#299=ORIENTED_EDGE('',*,*,#298,.T.);
#300=CARTESIAN_POINT('',(18.9,-10.4,26.71));
#301=VERTEX_POINT('',#300);
#302=CARTESIAN_POINT('',(19.9,-9.4,26.71));
#303=CARTESIAN_POINT('',(19.9,-9.598628063,26.71));
#304=CARTESIAN_POINT('',(19.823879533,-9.782683432,26.71));
#305=CARTESIAN_POINT('',(19.748068274,-9.965991152,26.71));
#306=CARTESIAN_POINT('',(19.607106781,-10.107106781,26.71));
#307=CARTESIAN_POINT('',(19.466917574,-10.247449281,26.71));
#308=CARTESIAN_POINT('',(19.282683432,-10.323879533,26.71));
#309=CARTESIAN_POINT('',(19.099196021,-10.4,26.71));
#310=CARTESIAN_POINT('',(18.9,-10.4,26.71));
#311=B_SPLINE_CURVE_WITH_KNOTS('',2,(#302,#303,#304,#305,#306,#307,#308,#309,#310),.UNSPECIFIED.,.F.,.F.,(3,2,2,2,3),(0.,0.25,0.5,0.75,1.),.UNSPECIFIED.);
#312=EDGE_CURVE('',#293,#301,#311,.T.);
#313=ORIENTED_EDGE('',*,*,#312,.T.);
#314=CARTESIAN_POINT('',(18.9,-10.4,26.71));
#315=DIRECTION('',(-1.,0.,0.));
#316=VECTOR('',#315,30.8);
#317=LINE('',#314,#316);
#318=EDGE_CURVE('',#301,#261,#317,.T.);
#319=ORIENTED_EDGE('',*,*,#318,.T.);
#320=EDGE_LOOP('',(#269,#277,#291,#299,#313,#319));
#321=FACE_BOUND('',#320,.T.);
#322=ADVANCED_FACE('',(#321),#259,.F.);
#323=CARTESIAN_POINT('',(18.9,9.4,31.21));
#324=DIRECTION('',(0.,0.,-1.));
#325=DIRECTION('',(-1.,0.,0.));
#326=AXIS2_PLACEMENT_3D('',#323,#324,#325);
#327=CYLINDRICAL_SURFACE('',#326,3.1);
#328=ORIENTED_EDGE('',*,*,#136,.F.);
#329=CARTESIAN_POINT('',(18.9,9.4,28.81));
#330=DIRECTION('',(-0.,-0.,1.));
#331=DIRECTION('',(-1.,0.,0.));
#332=AXIS2_PLACEMENT_3D('',#329,#330,#331);
#333=CIRCLE('',#332,3.1);
#334=EDGE_CURVE('',#123,#153,#333,.T.);
#335=ORIENTED_EDGE('',*,*,#334,.T.);
#336=ORIENTED_EDGE('',*,*,#182,.F.);
#337=CARTESIAN_POINT('',(18.9,9.4,29.11));
#338=DIRECTION('',(0.,0.,-1.));
#339=DIRECTION('',(-1.,0.,0.));
#340=AXIS2_PLACEMENT_3D('',#337,#338,#339);
#341=CIRCLE('',#340,3.1);
#342=EDGE_CURVE('',#171,#131,#341,.T.);
#343=ORIENTED_EDGE('',*,*,#342,.T.);
#344=EDGE_LOOP('',(#328,#335,#336,#343));
#345=FACE_BOUND('',#344,.T.);
#346=ADVANCED_FACE('',(#345),#327,.T.);
#347=CARTESIAN_POINT('',(18.9,-9.4,31.21));
#348=DIRECTION('',(0.,0.,-1.));
#349=DIRECTION('',(-1.,0.,0.));
#350=AXIS2_PLACEMENT_3D('',#347,#348,#349);
#351=CYLINDRICAL_SURFACE('',#350,3.1);
#352=ORIENTED_EDGE('',*,*,#102,.F.);
#353=CARTESIAN_POINT('',(18.9,-9.4,28.81));
#354=DIRECTION('',(-0.,-0.,1.));
#355=DIRECTION('',(-1.,0.,0.));
#356=AXIS2_PLACEMENT_3D('',#353,#354,#355);
#357=CIRCLE('',#356,3.1);
#358=EDGE_CURVE('',#91,#115,#357,.T.);
#359=ORIENTED_EDGE('',*,*,#358,.T.);
#360=ORIENTED_EDGE('',*,*,#120,.F.);
#361=CARTESIAN_POINT('',(18.9,-9.4,29.11));
#362=DIRECTION('',(0.,0.,-1.));
#363=DIRECTION('',(-1.,0.,0.));
#364=AXIS2_PLACEMENT_3D('',#361,#362,#363);
#365=CIRCLE('',#364,3.1);
#366=EDGE_CURVE('',#113,#73,#365,.T.);
#367=ORIENTED_EDGE('',*,*,#366,.T.);
#368=EDGE_LOOP('',(#352,#359,#360,#367));
#369=FACE_BOUND('',#368,.T.);
#370=ADVANCED_FACE('',(#369),#351,.T.);
#371=CARTESIAN_POINT('',(18.9,-12.5,28.81));
#372=CARTESIAN_POINT('',(19.305862167,-12.5,28.81));
#373=CARTESIAN_POINT('',(19.711418504,-12.419315272,28.81));
#374=CARTESIAN_POINT('',(20.461218777,-12.10873783,28.81));
#375=CARTESIAN_POINT('',(20.80509488,-11.878967164,28.81));
#376=CARTESIAN_POINT('',(21.378967164,-11.30509488,28.81));
#377=CARTESIAN_POINT('',(21.60873783,-10.961218777,28.81));
#378=CARTESIAN_POINT('',(21.919315272,-10.211418504,28.81));
#379=CARTESIAN_POINT('',(22.,-9.805862167,28.81));
#380=CARTESIAN_POINT('',(22.,-9.4,28.81));
#381=CARTESIAN_POINT('',(18.9,-12.5,26.71));
#382=CARTESIAN_POINT('',(19.305862167,-12.5,26.71));
#383=CARTESIAN_POINT('',(19.711418504,-12.419315272,26.71));
#384=CARTESIAN_POINT('',(20.461218777,-12.10873783,26.71));
#385=CARTESIAN_POINT('',(20.80509488,-11.878967164,26.71));
#386=CARTESIAN_POINT('',(21.378967164,-11.30509488,26.71));
#387=CARTESIAN_POINT('',(21.60873783,-10.961218777,26.71));
#388=CARTESIAN_POINT('',(21.919315272,-10.211418504,26.71));
#389=CARTESIAN_POINT('',(22.,-9.805862167,26.71));
#390=CARTESIAN_POINT('',(22.,-9.4,26.71));
#391=CARTESIAN_POINT('',(18.9,-10.4,26.71));
#392=CARTESIAN_POINT('',(19.03092328,-10.4,26.71));
#393=CARTESIAN_POINT('',(19.161747905,-10.373972668,26.71));
#394=CARTESIAN_POINT('',(19.40361896,-10.273786397,26.71));
#395=CARTESIAN_POINT('',(19.514546735,-10.199666827,26.71));
#396=CARTESIAN_POINT('',(19.699666827,-10.014546735,26.71));
#397=CARTESIAN_POINT('',(19.773786397,-9.90361896,26.71));
#398=CARTESIAN_POINT('',(19.873972668,-9.661747905,26.71));
#399=CARTESIAN_POINT('',(19.9,-9.53092328,26.71));
#400=CARTESIAN_POINT('',(19.9,-9.4,26.71));
#401=(BOUNDED_SURFACE()
B_SPLINE_SURFACE(2,3,((#371,#372,#373,#374,#375,#376,#377,#378,#379,#380),(#381,#382,#383,#384,#385,#386,#387,#388,#389,#390),(#391,#392,#393,#394,#395,#396,#397,#398,#399,#400)),.UNSPECIFIED.,.F.,.F.,.U.)
B_SPLINE_SURFACE_WITH_KNOTS((3,3),(4,2,2,2,4),(0.,1.),(-1.570796327,-1.178097245,-0.785398163,-0.392699082,0.),.UNSPECIFIED.)
GEOMETRIC_REPRESENTATION_ITEM()
RATIONAL_B_SPLINE_SURFACE(((1.,1.,1.,1.,1.,1.,1.,1.,1.,1.),(0.797375732,0.797375732,0.797375732,0.797375732,0.797375732,0.797375732,0.797375732,0.797375732,0.797375732,0.797375732),(1.,1.,1.,1.,1.,1.,1.,1.,1.,1.)))
REPRESENTATION_ITEM('')
SURFACE()
);
#402=CARTESIAN_POINT('',(22.,-9.4,28.81));
#403=CARTESIAN_POINT('',(22.,-9.4,28.530918494));
#404=CARTESIAN_POINT('',(21.955248007,-9.4,28.249112022));
#405=CARTESIAN_POINT('',(21.85795699,-9.4,27.988387093));
#406=CARTESIAN_POINT('',(21.760665972,-9.4,27.727662165));
#407=CARTESIAN_POINT('',(21.610543312,-9.4,27.488913376));
#408=CARTESIAN_POINT('',(21.415814968,-9.4,27.294185032));
#409=CARTESIAN_POINT('',(21.221086624,-9.4,27.099456688));
#410=CARTESIAN_POINT('',(20.982337835,-9.4,26.949334028));
#411=CARTESIAN_POINT('',(20.721612907,-9.4,26.85204301));
#412=CARTESIAN_POINT('',(20.460887978,-9.4,26.754751993));
#413=CARTESIAN_POINT('',(20.179081506,-9.4,26.71));
#414=CARTESIAN_POINT('',(19.9,-9.4,26.71));
#415=B_SPLINE_CURVE_WITH_KNOTS('',3,(#402,#403,#404,#405,#406,#407,#408,#409,#410,#411,#412,#413,#414),.UNSPECIFIED.,.F.,.F.,(4,3,3,3,4),(0.,0.25,0.5,0.75,1.),.UNSPECIFIED.);
#416=EDGE_CURVE('',#115,#293,#415,.T.);
#417=ORIENTED_EDGE('',*,*,#416,.F.);
#418=ORIENTED_EDGE('',*,*,#358,.F.);
#419=CARTESIAN_POINT('',(18.9,-10.4,26.71));
#420=CARTESIAN_POINT('',(18.9,-10.679081506,26.71));
#421=CARTESIAN_POINT('',(18.9,-10.960887978,26.754751993));
#422=CARTESIAN_POINT('',(18.9,-11.221612907,26.85204301));
#423=CARTESIAN_POINT('',(18.9,-11.482337835,26.949334028));
#424=CARTESIAN_POINT('',(18.9,-11.721086624,27.099456688));
#425=CARTESIAN_POINT('',(18.9,-11.915814968,27.294185032));
#426=CARTESIAN_POINT('',(18.9,-12.110543312,27.488913376));
#427=CARTESIAN_POINT('',(18.9,-12.260665972,27.727662165));
#428=CARTESIAN_POINT('',(18.9,-12.35795699,27.988387093));
#429=CARTESIAN_POINT('',(18.9,-12.455248007,28.249112022));
#430=CARTESIAN_POINT('',(18.9,-12.5,28.530918494));
#431=CARTESIAN_POINT('',(18.9,-12.5,28.81));
#432=B_SPLINE_CURVE_WITH_KNOTS('',3,(#419,#420,#421,#422,#423,#424,#425,#426,#427,#428,#429,#430,#431),.UNSPECIFIED.,.F.,.F.,(4,3,3,3,4),(0.,0.25,0.5,0.75,1.),.UNSPECIFIED.);
#433=EDGE_CURVE('',#301,#91,#432,.T.);
#434=ORIENTED_EDGE('',*,*,#433,.F.);
#435=ORIENTED_EDGE('',*,*,#312,.F.);
#436=EDGE_LOOP('',(#417,#418,#434,#435));
#437=FACE_BOUND('',#436,.T.);
#438=ADVANCED_FACE('',(#437),#401,.T.);
#439=CARTESIAN_POINT('',(-13.,-12.5,28.81));
#440=CARTESIAN_POINT('',(-12.633333333,-12.5,28.81));
#441=CARTESIAN_POINT('',(-12.266666667,-12.5,28.81));
#442=CARTESIAN_POINT('',(-1.633333333,-12.5,28.81));
#443=CARTESIAN_POINT('',(8.633333333,-12.5,28.81));
#444=CARTESIAN_POINT('',(18.9,-12.5,28.81));
#445=CARTESIAN_POINT('',(-13.,-12.5,26.71));
#446=CARTESIAN_POINT('',(-12.633333333,-12.5,26.71));
#447=CARTESIAN_POINT('',(-12.266666667,-12.5,26.71));
#448=CARTESIAN_POINT('',(-1.633333333,-12.5,26.71));
#449=CARTESIAN_POINT('',(8.633333333,-12.5,26.71));
#450=CARTESIAN_POINT('',(18.9,-12.5,26.71));
#451=CARTESIAN_POINT('',(-13.,-10.4,26.71));
#452=CARTESIAN_POINT('',(-12.633333333,-10.4,26.71));
#453=CARTESIAN_POINT('',(-12.266666667,-10.4,26.71));
#454=CARTESIAN_POINT('',(-1.633333333,-10.4,26.71));
#455=CARTESIAN_POINT('',(8.633333333,-10.4,26.71));
#456=CARTESIAN_POINT('',(18.9,-10.4,26.71));
#457=(BOUNDED_SURFACE()
B_SPLINE_SURFACE(2,3,((#439,#440,#441,#442,#443,#444),(#445,#446,#447,#448,#449,#450),(#451,#452,#453,#454,#455,#456)),.UNSPECIFIED.,.F.,.F.,.U.)
B_SPLINE_SURFACE_WITH_KNOTS((3,3),(4,2,4),(0.,1.),(-0.017,-0.0159,0.0149),.UNSPECIFIED.)
GEOMETRIC_REPRESENTATION_ITEM()
RATIONAL_B_SPLINE_SURFACE(((1.,1.,1.,1.,1.,1.),(0.797375732,0.797375732,0.797375732,0.797375732,0.797375732,0.797375732),(1.,1.,1.,1.,1.,1.)))
REPRESENTATION_ITEM('')
SURFACE()
);
#458=ORIENTED_EDGE('',*,*,#96,.F.);
#459=CARTESIAN_POINT('',(-13.,-12.5,28.81));
#460=CARTESIAN_POINT('',(-13.,-12.5,28.808595336));
#461=CARTESIAN_POINT('',(-12.999998229,-12.499997167,28.805507477));
#462=CARTESIAN_POINT('',(-12.99999468,-12.499991486,28.80325917));
#463=CARTESIAN_POINT('',(-12.999991131,-12.499985805,28.801010862));
#464=CARTESIAN_POINT('',(-12.999985808,-12.499977275,28.79876119));
#465=CARTESIAN_POINT('',(-12.999978698,-12.49996588,28.796510139));
#466=CARTESIAN_POINT('',(-12.999964478,-12.49994309,28.792008038));
#467=CARTESIAN_POINT('',(-12.999943141,-12.499908839,28.787500446));
#468=CARTESIAN_POINT('',(-12.999914607,-12.499862995,28.782987266));
#469=CARTESIAN_POINT('',(-12.999857537,-12.499771305,28.773960907));
#470=CARTESIAN_POINT('',(-12.999771798,-12.499633242,28.76491229));
#471=CARTESIAN_POINT('',(-12.999656891,-12.499447688,28.755840752));
#472=CARTESIAN_POINT('',(-12.999427077,-12.499076582,28.737697677));
#473=CARTESIAN_POINT('',(-12.999080892,-12.498515583,28.71946316));
#474=CARTESIAN_POINT('',(-12.998614803,-12.497755012,28.701132215));
#475=CARTESIAN_POINT('',(-12.997682626,-12.49623387,28.664470323));
#476=CARTESIAN_POINT('',(-12.996270046,-12.493913487,28.627397449));
#477=CARTESIAN_POINT('',(-12.994349861,-12.490709483,28.589950473));
#478=CARTESIAN_POINT('',(-12.990509489,-12.484301476,28.51505652));
#479=CARTESIAN_POINT('',(-12.984701986,-12.474466171,28.439732909));
#480=CARTESIAN_POINT('',(-12.976824612,-12.46065837,28.363868882));
#481=CARTESIAN_POINT('',(-12.968947239,-12.446850569,28.288004856));
#482=CARTESIAN_POINT('',(-12.95900204,-12.429072947,28.211594601));
#483=CARTESIAN_POINT('',(-12.946830568,-12.406545619,28.134647948));
#484=CARTESIAN_POINT('',(-12.934659095,-12.384018292,28.057701294));
#485=CARTESIAN_POINT('',(-12.920223066,-12.356646274,27.980291342));
#486=CARTESIAN_POINT('',(-12.903971368,-12.324829182,27.905145958));
#487=CARTESIAN_POINT('',(-12.887719671,-12.293012091,27.830000574));
#488=CARTESIAN_POINT('',(-12.869559502,-12.256570892,27.7564754));
#489=CARTESIAN_POINT('',(-12.849531616,-12.215347055,27.685142689));
#490=CARTESIAN_POINT('',(-12.829503731,-12.174123219,27.613809977));
#491=CARTESIAN_POINT('',(-12.807483579,-12.127837621,27.544366011));
#492=CARTESIAN_POINT('',(-12.78398428,-12.077724765,27.478971561));
#493=CARTESIAN_POINT('',(-12.736985683,-11.977499054,27.348182661));
#494=CARTESIAN_POINT('',(-12.684715666,-11.863311426,27.235572683));
#495=CARTESIAN_POINT('',(-12.629507632,-11.745366136,27.143372478));
#496=CARTESIAN_POINT('',(-12.574299599,-11.627420846,27.051172274));
#497=CARTESIAN_POINT('',(-12.515188223,-11.504010367,26.97773808));
#498=CARTESIAN_POINT('',(-12.455359892,-11.384614787,26.920986222));
#499=CARTESIAN_POINT('',(-12.395531562,-11.265219206,26.864234364));
#500=CARTESIAN_POINT('',(-12.334876224,-11.149434034,26.823317855));
#501=CARTESIAN_POINT('',(-12.27364335,-11.037150031,26.79264626));
#502=CARTESIAN_POINT('',(-12.212410476,-10.924866029,26.761974665));
#503=CARTESIAN_POINT('',(-12.150580435,-10.816079836,26.741668474));
#504=CARTESIAN_POINT('',(-12.088265182,-10.710105523,26.728659607));
#505=CARTESIAN_POINT('',(-12.057107555,-10.657118366,26.722155174));
#506=CARTESIAN_POINT('',(-12.025826267,-10.604807496,26.71750291));
#507=CARTESIAN_POINT('',(-11.994438912,-10.553124546,26.714463448));
#508=CARTESIAN_POINT('',(-11.963051556,-10.501441596,26.711423986));
#509=CARTESIAN_POINT('',(-11.932033754,-10.45121112,26.71));
#510=CARTESIAN_POINT('',(-11.9,-10.4,26.71));
#511=B_SPLINE_CURVE_WITH_KNOTS('',3,(#459,#460,#461,#462,#463,#464,#465,#466,#467,#468,#469,#470,#471,#472,#473,#474,#475,#476,#477,#478,#479,#480,#481,#482,#483,#484,
#485,#486,#487,#488,#489,#490,#491,#492,#493,#494,#495,#496,#497,#498,#499,#500,#501,#502,#503,#504,#505,#506,#507,#508,#509,
#510),.UNSPECIFIED.,.F.,.F.,(4,3,3,3,3,3,3,3,3,3,3,3,3,3,3,3,3,4),(-0.000008174,-0.000004041,0.000000092,0.000008358,0.00002489,0.000057955,0.000124084,0.000256342,0.0003886,0.000520859,0.000653117,0.000785375,0.001049891,0.001314408,0.001578924,0.00184344,0.001975698,0.002107957),.UNSPECIFIED.);
#512=EDGE_CURVE('',#83,#261,#511,.T.);
#513=ORIENTED_EDGE('',*,*,#512,.T.);
#514=ORIENTED_EDGE('',*,*,#318,.F.);
#515=ORIENTED_EDGE('',*,*,#433,.T.);
#516=EDGE_LOOP('',(#458,#513,#514,#515));
#517=FACE_BOUND('',#516,.T.);
#518=ADVANCED_FACE('',(#517),#457,.T.);
#519=CARTESIAN_POINT('',(22.,-9.4,28.81));
#520=CARTESIAN_POINT('',(22.,-3.133333333,28.81));
#521=CARTESIAN_POINT('',(22.,3.133333333,28.81));
#522=CARTESIAN_POINT('',(22.,9.4,28.81));
#523=CARTESIAN_POINT('',(22.,-9.4,26.71));
#524=CARTESIAN_POINT('',(22.,-3.133333333,26.71));
#525=CARTESIAN_POINT('',(22.,3.133333333,26.71));
#526=CARTESIAN_POINT('',(22.,9.4,26.71));
#527=CARTESIAN_POINT('',(19.9,-9.4,26.71));
#528=CARTESIAN_POINT('',(19.9,-3.133333333,26.71));
#529=CARTESIAN_POINT('',(19.9,3.133333333,26.71));
#530=CARTESIAN_POINT('',(19.9,9.4,26.71));
#531=(BOUNDED_SURFACE()
B_SPLINE_SURFACE(2,3,((#519,#520,#521,#522),(#523,#524,#525,#526),(#527,#528,#529,#530)),.UNSPECIFIED.,.F.,.F.,.U.)
B_SPLINE_SURFACE_WITH_KNOTS((3,3),(4,4),(0.,1.),(-0.0094,0.0094),.UNSPECIFIED.)
GEOMETRIC_REPRESENTATION_ITEM()
RATIONAL_B_SPLINE_SURFACE(((1.,1.,1.,1.),(0.797375732,0.797375732,0.797375732,0.797375732),(1.,1.,1.,1.)))
REPRESENTATION_ITEM('')
SURFACE()
);
#532=ORIENTED_EDGE('',*,*,#416,.T.);
#533=ORIENTED_EDGE('',*,*,#298,.F.);
#534=CARTESIAN_POINT('',(22.,9.4,28.81));
#535=CARTESIAN_POINT('',(22.,9.4,28.530918494));
#536=CARTESIAN_POINT('',(21.955248007,9.4,28.249112022));
#537=CARTESIAN_POINT('',(21.85795699,9.4,27.988387093));
#538=CARTESIAN_POINT('',(21.760665972,9.4,27.727662165));
#539=CARTESIAN_POINT('',(21.610543312,9.4,27.488913376));
#540=CARTESIAN_POINT('',(21.415814968,9.4,27.294185032));
#541=CARTESIAN_POINT('',(21.221086624,9.4,27.099456688));
#542=CARTESIAN_POINT('',(20.982337835,9.4,26.949334028));
#543=CARTESIAN_POINT('',(20.721612907,9.4,26.85204301));
#544=CARTESIAN_POINT('',(20.460887978,9.4,26.754751993));
#545=CARTESIAN_POINT('',(20.179081506,9.4,26.71));
#546=CARTESIAN_POINT('',(19.9,9.4,26.71));
#547=B_SPLINE_CURVE_WITH_KNOTS('',3,(#534,#535,#536,#537,#538,#539,#540,#541,#542,#543,#544,#545,#546),.UNSPECIFIED.,.F.,.F.,(4,3,3,3,4),(0.,0.25,0.5,0.75,1.),.UNSPECIFIED.);
#548=EDGE_CURVE('',#123,#279,#547,.T.);
#549=ORIENTED_EDGE('',*,*,#548,.F.);
#550=ORIENTED_EDGE('',*,*,#128,.F.);
#551=EDGE_LOOP('',(#532,#533,#549,#550));
#552=FACE_BOUND('',#551,.T.);
#553=ADVANCED_FACE('',(#552),#531,.T.);
#554=CARTESIAN_POINT('',(-14.,11.5,28.81));
#555=CARTESIAN_POINT('',(-14.,11.133333333,28.81));
#556=CARTESIAN_POINT('',(-14.,10.766666667,28.81));
#557=CARTESIAN_POINT('',(-14.,3.466666667,28.81));
#558=CARTESIAN_POINT('',(-14.,-3.466666667,28.81));
#559=CARTESIAN_POINT('',(-14.,-10.766666667,28.81));
#560=CARTESIAN_POINT('',(-14.,-11.133333333,28.81));
#561=CARTESIAN_POINT('',(-14.,-11.5,28.81));
#562=CARTESIAN_POINT('',(-14.,11.5,26.71));
#563=CARTESIAN_POINT('',(-14.,11.133333333,26.71));
#564=CARTESIAN_POINT('',(-14.,10.766666667,26.71));
#565=CARTESIAN_POINT('',(-14.,3.466666667,26.71));
#566=CARTESIAN_POINT('',(-14.,-3.466666667,26.71));
#567=CARTESIAN_POINT('',(-14.,-10.766666667,26.71));
#568=CARTESIAN_POINT('',(-14.,-11.133333333,26.71));
#569=CARTESIAN_POINT('',(-14.,-11.5,26.71));
#570=CARTESIAN_POINT('',(-11.9,11.5,26.71));
#571=CARTESIAN_POINT('',(-11.9,11.133333333,26.71));
#572=CARTESIAN_POINT('',(-11.9,10.766666667,26.71));
#573=CARTESIAN_POINT('',(-11.9,3.466666667,26.71));
#574=CARTESIAN_POINT('',(-11.9,-3.466666667,26.71));
#575=CARTESIAN_POINT('',(-11.9,-10.766666667,26.71));
#576=CARTESIAN_POINT('',(-11.9,-11.133333333,26.71));
#577=CARTESIAN_POINT('',(-11.9,-11.5,26.71));
#578=(BOUNDED_SURFACE()
B_SPLINE_SURFACE(2,3,((#554,#555,#556,#557,#558,#559,#560,#561),(#562,#563,#564,#565,#566,#567,#568,#569),(#570,#571,#572,#573,#574,#575,#576,#577)),.UNSPECIFIED.,.F.,.F.,.U.)
B_SPLINE_SURFACE_WITH_KNOTS((3,3),(4,2,2,4),(0.,1.),(-0.0115,-0.0104,0.0104,0.0115),.UNSPECIFIED.)
GEOMETRIC_REPRESENTATION_ITEM()
RATIONAL_B_SPLINE_SURFACE(((1.,1.,1.,1.,1.,1.,1.,1.),(0.797375732,0.797375732,0.797375732,0.797375732,0.797375732,0.797375732,0.797375732,0.797375732),(1.,1.,1.,1.,1.,1.,1.,1.)))
REPRESENTATION_ITEM('')
SURFACE()
);
#579=ORIENTED_EDGE('',*,*,#56,.F.);
#580=CARTESIAN_POINT('',(-14.,11.5,28.81));
#581=CARTESIAN_POINT('',(-14.,11.5,28.808595336));
#582=CARTESIAN_POINT('',(-13.999997167,11.499998229,28.805507477));
#583=CARTESIAN_POINT('',(-13.999991486,11.49999468,28.80325917));
#584=CARTESIAN_POINT('',(-13.999985805,11.499991131,28.801010862));
#585=CARTESIAN_POINT('',(-13.999977275,11.499985808,28.79876119));
#586=CARTESIAN_POINT('',(-13.99996588,11.499978698,28.796510139));
#587=CARTESIAN_POINT('',(-13.99994309,11.499964478,28.792008038));
#588=CARTESIAN_POINT('',(-13.999908839,11.499943141,28.787500446));
#589=CARTESIAN_POINT('',(-13.999862995,11.499914607,28.782987266));
#590=CARTESIAN_POINT('',(-13.999771305,11.499857537,28.773960907));
#591=CARTESIAN_POINT('',(-13.999633242,11.499771798,28.76491229));
#592=CARTESIAN_POINT('',(-13.999447688,11.499656891,28.755840752));
#593=CARTESIAN_POINT('',(-13.999076582,11.499427077,28.737697677));
#594=CARTESIAN_POINT('',(-13.998515583,11.499080892,28.71946316));
#595=CARTESIAN_POINT('',(-13.997755012,11.498614803,28.701132215));
#596=CARTESIAN_POINT('',(-13.99623387,11.497682626,28.664470323));
#597=CARTESIAN_POINT('',(-13.993913487,11.496270046,28.627397449));
#598=CARTESIAN_POINT('',(-13.990709483,11.494349861,28.589950473));
#599=CARTESIAN_POINT('',(-13.984301476,11.490509489,28.51505652));
#600=CARTESIAN_POINT('',(-13.974466171,11.484701986,28.439732909));
#601=CARTESIAN_POINT('',(-13.96065837,11.476824612,28.363868882));
#602=CARTESIAN_POINT('',(-13.946850569,11.468947239,28.288004856));
#603=CARTESIAN_POINT('',(-13.929072947,11.45900204,28.211594601));
#604=CARTESIAN_POINT('',(-13.906545619,11.446830568,28.134647948));
#605=CARTESIAN_POINT('',(-13.884018292,11.434659095,28.057701294));
#606=CARTESIAN_POINT('',(-13.856646274,11.420223066,27.980291342));
#607=CARTESIAN_POINT('',(-13.824829182,11.403971368,27.905145958));
#608=CARTESIAN_POINT('',(-13.793012091,11.387719671,27.830000574));
#609=CARTESIAN_POINT('',(-13.756570892,11.369559502,27.7564754));
#610=CARTESIAN_POINT('',(-13.715347055,11.349531616,27.685142689));
#611=CARTESIAN_POINT('',(-13.674123219,11.329503731,27.613809977));
#612=CARTESIAN_POINT('',(-13.627837621,11.307483579,27.544366011));
#613=CARTESIAN_POINT('',(-13.577724765,11.28398428,27.478971561));
#614=CARTESIAN_POINT('',(-13.477499054,11.236985683,27.348182661));
#615=CARTESIAN_POINT('',(-13.363311426,11.184715666,27.235572683));
#616=CARTESIAN_POINT('',(-13.245366136,11.129507632,27.143372478));
#617=CARTESIAN_POINT('',(-13.127420846,11.074299599,27.051172274));
#618=CARTESIAN_POINT('',(-13.004010367,11.015188223,26.97773808));
#619=CARTESIAN_POINT('',(-12.884614787,10.955359892,26.920986222));
#620=CARTESIAN_POINT('',(-12.765219206,10.895531562,26.864234364));
#621=CARTESIAN_POINT('',(-12.649434034,10.834876224,26.823317855));
#622=CARTESIAN_POINT('',(-12.537150031,10.77364335,26.79264626));
#623=CARTESIAN_POINT('',(-12.424866029,10.712410476,26.761974665));
#624=CARTESIAN_POINT('',(-12.316079836,10.650580435,26.741668474));
#625=CARTESIAN_POINT('',(-12.210105523,10.588265182,26.728659607));
#626=CARTESIAN_POINT('',(-12.157118366,10.557107555,26.722155174));
#627=CARTESIAN_POINT('',(-12.104807496,10.525826267,26.71750291));
#628=CARTESIAN_POINT('',(-12.053124546,10.494438912,26.714463448));
#629=CARTESIAN_POINT('',(-12.001441596,10.463051556,26.711423986));
#630=CARTESIAN_POINT('',(-11.95121112,10.432033754,26.71));
#631=CARTESIAN_POINT('',(-11.9,10.4,26.71));
#632=B_SPLINE_CURVE_WITH_KNOTS('',3,(#580,#581,#582,#583,#584,#585,#586,#587,#588,#589,#590,#591,#592,#593,#594,#595,#596,#597,#598,#599,#600,#601,#602,#603,#604,#605,
#606,#607,#608,#609,#610,#611,#612,#613,#614,#615,#616,#617,#618,#619,#620,#621,#622,#623,#624,#625,#626,#627,#628,#629,#630,
#631),.UNSPECIFIED.,.F.,.F.,(4,3,3,3,3,3,3,3,3,3,3,3,3,3,3,3,3,4),(-0.000008174,-0.000004041,0.000000092,0.000008358,0.00002489,0.000057955,0.000124084,0.000256342,0.0003886,0.000520859,0.000653117,0.000785375,0.001049891,0.001314408,0.001578924,0.00184344,0.001975698,0.002107957),.UNSPECIFIED.);
#633=EDGE_CURVE('',#43,#263,#632,.T.);
#634=ORIENTED_EDGE('',*,*,#633,.T.);
#635=ORIENTED_EDGE('',*,*,#268,.F.);
#636=CARTESIAN_POINT('',(-11.9,-10.4,26.71));
#637=CARTESIAN_POINT('',(-11.949873791,-10.431173525,26.71));
#638=CARTESIAN_POINT('',(-12.001447773,-10.463045358,26.711424347));
#639=CARTESIAN_POINT('',(-12.053124546,-10.494438912,26.714463448));
#640=CARTESIAN_POINT('',(-12.104801319,-10.525832465,26.717502549));
#641=CARTESIAN_POINT('',(-12.157118366,-10.557107554,26.722155174));
#642=CARTESIAN_POINT('',(-12.210105523,-10.588265182,26.728659607));
#643=CARTESIAN_POINT('',(-12.316079836,-10.650580436,26.741668474));
#644=CARTESIAN_POINT('',(-12.424866031,-10.712410474,26.761974665));
#645=CARTESIAN_POINT('',(-12.537150031,-10.77364335,26.79264626));
#646=CARTESIAN_POINT('',(-12.649434031,-10.834876226,26.823317854));
#647=CARTESIAN_POINT('',(-12.765225772,-10.895524054,26.864236346));
#648=CARTESIAN_POINT('',(-12.884614787,-10.955359892,26.920986222));
#649=CARTESIAN_POINT('',(-13.004003802,-11.01519573,26.977736098));
#650=CARTESIAN_POINT('',(-13.127422092,-11.074298139,27.051172547));
#651=CARTESIAN_POINT('',(-13.245366136,-11.129507632,27.143372478));
#652=CARTESIAN_POINT('',(-13.363310181,-11.184717125,27.23557241));
#653=CARTESIAN_POINT('',(-13.477499054,-11.236985683,27.348182661));
#654=CARTESIAN_POINT('',(-13.577724765,-11.28398428,27.478971561));
#655=CARTESIAN_POINT('',(-13.627837621,-11.307483579,27.544366011));
#656=CARTESIAN_POINT('',(-13.674123217,-11.329503733,27.613809978));
#657=CARTESIAN_POINT('',(-13.715347055,-11.349531616,27.685142689));
#658=CARTESIAN_POINT('',(-13.756570894,-11.3695595,27.7564754));
#659=CARTESIAN_POINT('',(-13.793012089,-11.387719671,27.830000574));
#660=CARTESIAN_POINT('',(-13.824829182,-11.403971368,27.905145958));
#661=CARTESIAN_POINT('',(-13.856646275,-11.420223065,27.980291342));
#662=CARTESIAN_POINT('',(-13.884018273,-11.4346591,28.057701298));
#663=CARTESIAN_POINT('',(-13.906545619,-11.446830568,28.134647948));
#664=CARTESIAN_POINT('',(-13.929072965,-11.459002036,28.211594597));
#665=CARTESIAN_POINT('',(-13.946850528,-11.468947243,28.288004863));
#666=CARTESIAN_POINT('',(-13.96065837,-11.476824612,28.363868882));
#667=CARTESIAN_POINT('',(-13.974466212,-11.484701982,28.439732902));
#668=CARTESIAN_POINT('',(-13.984301476,-11.490509489,28.51505652));
#669=CARTESIAN_POINT('',(-13.990709483,-11.494349861,28.589950473));
#670=CARTESIAN_POINT('',(-13.993913487,-11.496270046,28.627397449));
#671=CARTESIAN_POINT('',(-13.996233869,-11.497682626,28.664470323));
#672=CARTESIAN_POINT('',(-13.997755012,-11.498614803,28.701132215));
#673=CARTESIAN_POINT('',(-13.998515583,-11.499080892,28.71946316));
#674=CARTESIAN_POINT('',(-13.999076582,-11.499427077,28.737697677));
#675=CARTESIAN_POINT('',(-13.999447688,-11.499656891,28.755840752));
#676=CARTESIAN_POINT('',(-13.999633242,-11.499771798,28.76491229));
#677=CARTESIAN_POINT('',(-13.999771305,-11.499857537,28.773960907));
#678=CARTESIAN_POINT('',(-13.999862995,-11.499914607,28.782987266));
#679=CARTESIAN_POINT('',(-13.999908839,-11.499943141,28.787500446));
#680=CARTESIAN_POINT('',(-13.99994309,-11.499964478,28.792008038));
#681=CARTESIAN_POINT('',(-13.99996588,-11.499978698,28.796510139));
#682=CARTESIAN_POINT('',(-13.999977275,-11.499985808,28.79876119));
#683=CARTESIAN_POINT('',(-13.999985805,-11.499991131,28.801010862));
#684=CARTESIAN_POINT('',(-13.999991486,-11.49999468,28.80325917));
#685=CARTESIAN_POINT('',(-13.999997167,-11.499998229,28.805507477));
#686=CARTESIAN_POINT('',(-14.,-11.5,28.808595336));
#687=CARTESIAN_POINT('',(-14.,-11.5,28.81));
#688=B_SPLINE_CURVE_WITH_KNOTS('',3,(#636,#637,#638,#639,#640,#641,#642,#643,#644,#645,#646,#647,#648,#649,#650,#651,#652,#653,#654,#655,#656,#657,#658,#659,#660,#661,
#662,#663,#664,#665,#666,#667,#668,#669,#670,#671,#672,#673,#674,#675,#676,#677,#678,#679,#680,#681,#682,#683,#684,#685,#686,
#687),.UNSPECIFIED.,.F.,.F.,(4,3,3,3,3,3,3,3,3,3,3,3,3,3,3,3,3,4),(-0.000008174,0.000124084,0.000256342,0.000520859,0.000785375,0.001049891,0.001314408,0.001446666,0.001578924,0.001711182,0.00184344,0.001975698,0.002041827,0.002074892,0.002091424,0.00209969,0.002103823,0.002107957),.UNSPECIFIED.);
#689=EDGE_CURVE('',#261,#51,#688,.T.);
#690=ORIENTED_EDGE('',*,*,#689,.T.);
#691=EDGE_LOOP('',(#579,#634,#635,#690));
#692=FACE_BOUND('',#691,.T.);
#693=ADVANCED_FACE('',(#692),#578,.T.);
#694=CARTESIAN_POINT('',(22.,9.4,28.81));
#695=CARTESIAN_POINT('',(22.,9.805862167,28.81));
#696=CARTESIAN_POINT('',(21.919315272,10.211418504,28.81));
#697=CARTESIAN_POINT('',(21.60873783,10.961218777,28.81));
#698=CARTESIAN_POINT('',(21.378967164,11.30509488,28.81));
#699=CARTESIAN_POINT('',(20.80509488,11.878967164,28.81));
#700=CARTESIAN_POINT('',(20.461218777,12.10873783,28.81));
#701=CARTESIAN_POINT('',(19.711418504,12.419315272,28.81));
#702=CARTESIAN_POINT('',(19.305862167,12.5,28.81));
#703=CARTESIAN_POINT('',(18.9,12.5,28.81));
#704=CARTESIAN_POINT('',(22.,9.4,26.71));
#705=CARTESIAN_POINT('',(22.,9.805862167,26.71));
#706=CARTESIAN_POINT('',(21.919315272,10.211418504,26.71));
#707=CARTESIAN_POINT('',(21.60873783,10.961218777,26.71));
#708=CARTESIAN_POINT('',(21.378967164,11.30509488,26.71));
#709=CARTESIAN_POINT('',(20.80509488,11.878967164,26.71));
#710=CARTESIAN_POINT('',(20.461218777,12.10873783,26.71));
#711=CARTESIAN_POINT('',(19.711418504,12.419315272,26.71));
#712=CARTESIAN_POINT('',(19.305862167,12.5,26.71));
#713=CARTESIAN_POINT('',(18.9,12.5,26.71));
#714=CARTESIAN_POINT('',(19.9,9.4,26.71));
#715=CARTESIAN_POINT('',(19.9,9.53092328,26.71));
#716=CARTESIAN_POINT('',(19.873972668,9.661747905,26.71));
#717=CARTESIAN_POINT('',(19.773786397,9.90361896,26.71));
#718=CARTESIAN_POINT('',(19.699666827,10.014546735,26.71));
#719=CARTESIAN_POINT('',(19.514546735,10.199666827,26.71));
#720=CARTESIAN_POINT('',(19.40361896,10.273786397,26.71));
#721=CARTESIAN_POINT('',(19.161747905,10.373972668,26.71));
#722=CARTESIAN_POINT('',(19.03092328,10.4,26.71));
#723=CARTESIAN_POINT('',(18.9,10.4,26.71));
#724=(BOUNDED_SURFACE()
B_SPLINE_SURFACE(2,3,((#694,#695,#696,#697,#698,#699,#700,#701,#702,#703),(#704,#705,#706,#707,#708,#709,#710,#711,#712,#713),(#714,#715,#716,#717,#718,#719,#720,#721,#722,#723)),.UNSPECIFIED.,.F.,.F.,.U.)
B_SPLINE_SURFACE_WITH_KNOTS((3,3),(4,2,2,2,4),(0.,1.),(0.,0.392699082,0.785398163,1.178097245,1.570796327),.UNSPECIFIED.)
GEOMETRIC_REPRESENTATION_ITEM()
RATIONAL_B_SPLINE_SURFACE(((1.,1.,1.,1.,1.,1.,1.,1.,1.,1.),(0.797375732,0.797375732,0.797375732,0.797375732,0.797375732,0.797375732,0.797375732,0.797375732,0.797375732,0.797375732),(1.,1.,1.,1.,1.,1.,1.,1.,1.,1.)))
REPRESENTATION_ITEM('')
SURFACE()
);
#725=ORIENTED_EDGE('',*,*,#548,.T.);
#726=ORIENTED_EDGE('',*,*,#290,.F.);
#727=CARTESIAN_POINT('',(18.9,12.5,28.81));
#728=CARTESIAN_POINT('',(18.9,12.5,28.530918494));
#729=CARTESIAN_POINT('',(18.9,12.455248007,28.249112022));
#730=CARTESIAN_POINT('',(18.9,12.35795699,27.988387093));
#731=CARTESIAN_POINT('',(18.9,12.260665972,27.727662165));
#732=CARTESIAN_POINT('',(18.9,12.110543312,27.488913376));
#733=CARTESIAN_POINT('',(18.9,11.915814968,27.294185032));
#734=CARTESIAN_POINT('',(18.9,11.721086624,27.099456688));
#735=CARTESIAN_POINT('',(18.9,11.482337835,26.949334028));
#736=CARTESIAN_POINT('',(18.9,11.221612907,26.85204301));
#737=CARTESIAN_POINT('',(18.9,10.960887978,26.754751993));
#738=CARTESIAN_POINT('',(18.9,10.679081506,26.71));
#739=CARTESIAN_POINT('',(18.9,10.4,26.71));
#740=B_SPLINE_CURVE_WITH_KNOTS('',3,(#727,#728,#729,#730,#731,#732,#733,#734,#735,#736,#737,#738,#739),.UNSPECIFIED.,.F.,.F.,(4,3,3,3,4),(0.,0.25,0.5,0.75,1.),.UNSPECIFIED.);
#741=EDGE_CURVE('',#153,#271,#740,.T.);
#742=ORIENTED_EDGE('',*,*,#741,.F.);
#743=ORIENTED_EDGE('',*,*,#334,.F.);
#744=EDGE_LOOP('',(#725,#726,#742,#743));
#745=FACE_BOUND('',#744,.T.);
#746=ADVANCED_FACE('',(#745),#724,.T.);
#747=CARTESIAN_POINT('',(18.9,12.5,28.81));
#748=CARTESIAN_POINT('',(8.633333333,12.5,28.81));
#749=CARTESIAN_POINT('',(-1.633333333,12.5,28.81));
#750=CARTESIAN_POINT('',(-12.266666667,12.5,28.81));
#751=CARTESIAN_POINT('',(-12.633333333,12.5,28.81));
#752=CARTESIAN_POINT('',(-13.,12.5,28.81));
#753=CARTESIAN_POINT('',(18.9,12.5,26.71));
#754=CARTESIAN_POINT('',(8.633333333,12.5,26.71));
#755=CARTESIAN_POINT('',(-1.633333333,12.5,26.71));
#756=CARTESIAN_POINT('',(-12.266666667,12.5,26.71));
#757=CARTESIAN_POINT('',(-12.633333333,12.5,26.71));
#758=CARTESIAN_POINT('',(-13.,12.5,26.71));
#759=CARTESIAN_POINT('',(18.9,10.4,26.71));
#760=CARTESIAN_POINT('',(8.633333333,10.4,26.71));
#761=CARTESIAN_POINT('',(-1.633333333,10.4,26.71));
#762=CARTESIAN_POINT('',(-12.266666667,10.4,26.71));
#763=CARTESIAN_POINT('',(-12.633333333,10.4,26.71));
#764=CARTESIAN_POINT('',(-13.,10.4,26.71));
#765=(BOUNDED_SURFACE()
B_SPLINE_SURFACE(2,3,((#747,#748,#749,#750,#751,#752),(#753,#754,#755,#756,#757,#758),(#759,#760,#761,#762,#763,#764)),.UNSPECIFIED.,.F.,.F.,.U.)
B_SPLINE_SURFACE_WITH_KNOTS((3,3),(4,2,4),(0.,1.),(-0.0149,0.0159,0.017),.UNSPECIFIED.)
GEOMETRIC_REPRESENTATION_ITEM()
RATIONAL_B_SPLINE_SURFACE(((1.,1.,1.,1.,1.,1.),(0.797375732,0.797375732,0.797375732,0.797375732,0.797375732,0.797375732),(1.,1.,1.,1.,1.,1.)))
REPRESENTATION_ITEM('')
SURFACE()
);
#766=ORIENTED_EDGE('',*,*,#276,.F.);
#767=CARTESIAN_POINT('',(-11.9,10.4,26.71));
#768=CARTESIAN_POINT('',(-11.931173525,10.449873791,26.71));
#769=CARTESIAN_POINT('',(-11.963045358,10.501447773,26.711424347));
#770=CARTESIAN_POINT('',(-11.994438912,10.553124546,26.714463448));
#771=CARTESIAN_POINT('',(-12.025832465,10.604801319,26.717502549));
#772=CARTESIAN_POINT('',(-12.057107554,10.657118366,26.722155174));
#773=CARTESIAN_POINT('',(-12.088265182,10.710105523,26.728659607));
#774=CARTESIAN_POINT('',(-12.150580436,10.816079836,26.741668474));
#775=CARTESIAN_POINT('',(-12.212410474,10.924866031,26.761974665));
#776=CARTESIAN_POINT('',(-12.27364335,11.037150031,26.79264626));
#777=CARTESIAN_POINT('',(-12.334876226,11.149434031,26.823317854));
#778=CARTESIAN_POINT('',(-12.395524054,11.265225772,26.864236346));
#779=CARTESIAN_POINT('',(-12.455359892,11.384614787,26.920986222));
#780=CARTESIAN_POINT('',(-12.51519573,11.504003802,26.977736098));
#781=CARTESIAN_POINT('',(-12.574298139,11.627422092,27.051172547));
#782=CARTESIAN_POINT('',(-12.629507632,11.745366136,27.143372478));
#783=CARTESIAN_POINT('',(-12.684717125,11.863310181,27.23557241));
#784=CARTESIAN_POINT('',(-12.736985683,11.977499054,27.348182661));
#785=CARTESIAN_POINT('',(-12.78398428,12.077724765,27.478971561));
#786=CARTESIAN_POINT('',(-12.807483579,12.127837621,27.544366011));
#787=CARTESIAN_POINT('',(-12.829503733,12.174123217,27.613809978));
#788=CARTESIAN_POINT('',(-12.849531616,12.215347055,27.685142689));
#789=CARTESIAN_POINT('',(-12.8695595,12.256570894,27.7564754));
#790=CARTESIAN_POINT('',(-12.887719671,12.293012089,27.830000574));
#791=CARTESIAN_POINT('',(-12.903971368,12.324829182,27.905145958));
#792=CARTESIAN_POINT('',(-12.920223065,12.356646275,27.980291342));
#793=CARTESIAN_POINT('',(-12.9346591,12.384018273,28.057701299));
#794=CARTESIAN_POINT('',(-12.946830568,12.406545619,28.134647948));
#795=CARTESIAN_POINT('',(-12.959002036,12.429072965,28.211594597));
#796=CARTESIAN_POINT('',(-12.968947243,12.446850528,28.288004863));
#797=CARTESIAN_POINT('',(-12.976824612,12.46065837,28.363868882));
#798=CARTESIAN_POINT('',(-12.984701982,12.474466212,28.439732902));
#799=CARTESIAN_POINT('',(-12.990509489,12.484301476,28.51505652));
#800=CARTESIAN_POINT('',(-12.994349861,12.490709483,28.589950473));
#801=CARTESIAN_POINT('',(-12.996270046,12.493913487,28.627397449));
#802=CARTESIAN_POINT('',(-12.997682626,12.496233869,28.664470323));
#803=CARTESIAN_POINT('',(-12.998614803,12.497755012,28.701132215));
#804=CARTESIAN_POINT('',(-12.999080892,12.498515583,28.71946316));
#805=CARTESIAN_POINT('',(-12.999427077,12.499076582,28.737697677));
#806=CARTESIAN_POINT('',(-12.999656891,12.499447688,28.755840752));
#807=CARTESIAN_POINT('',(-12.999771798,12.499633242,28.76491229));
#808=CARTESIAN_POINT('',(-12.999857537,12.499771305,28.773960907));
#809=CARTESIAN_POINT('',(-12.999914607,12.499862995,28.782987266));
#810=CARTESIAN_POINT('',(-12.999943141,12.499908839,28.787500446));
#811=CARTESIAN_POINT('',(-12.999964478,12.49994309,28.792008038));
#812=CARTESIAN_POINT('',(-12.999978698,12.49996588,28.796510139));
#813=CARTESIAN_POINT('',(-12.999985808,12.499977275,28.79876119));
#814=CARTESIAN_POINT('',(-12.999991131,12.499985805,28.801010862));
#815=CARTESIAN_POINT('',(-12.99999468,12.499991486,28.80325917));
#816=CARTESIAN_POINT('',(-12.999998229,12.499997167,28.805507477));
#817=CARTESIAN_POINT('',(-13.,12.5,28.808595336));
#818=CARTESIAN_POINT('',(-13.,12.5,28.81));
#819=B_SPLINE_CURVE_WITH_KNOTS('',3,(#767,#768,#769,#770,#771,#772,#773,#774,#775,#776,#777,#778,#779,#780,#781,#782,#783,#784,#785,#786,#787,#788,#789,#790,#791,#792,
#793,#794,#795,#796,#797,#798,#799,#800,#801,#802,#803,#804,#805,#806,#807,#808,#809,#810,#811,#812,#813,#814,#815,#816,#817,
#818),.UNSPECIFIED.,.F.,.F.,(4,3,3,3,3,3,3,3,3,3,3,3,3,3,3,3,3,4),(-0.000008174,0.000124084,0.000256342,0.000520859,0.000785375,0.001049891,0.001314408,0.001446666,0.001578924,0.001711182,0.00184344,0.001975698,0.002041827,0.002074892,0.002091424,0.00209969,0.002103823,0.002107957),.UNSPECIFIED.);
#820=EDGE_CURVE('',#263,#155,#819,.T.);
#821=ORIENTED_EDGE('',*,*,#820,.T.);
#822=ORIENTED_EDGE('',*,*,#160,.F.);
#823=ORIENTED_EDGE('',*,*,#741,.T.);
#824=EDGE_LOOP('',(#766,#821,#822,#823));
#825=FACE_BOUND('',#824,.T.);
#826=ADVANCED_FACE('',(#825),#765,.T.);
#827=CARTESIAN_POINT('',(-14.,-11.5,29.11));
#828=CARTESIAN_POINT('',(-14.,-11.133333333,29.11));
#829=CARTESIAN_POINT('',(-14.,-10.766666667,29.11));
#830=CARTESIAN_POINT('',(-14.,-3.466666667,29.11));
#831=CARTESIAN_POINT('',(-14.,3.466666667,29.11));
#832=CARTESIAN_POINT('',(-14.,10.766666667,29.11));
#833=CARTESIAN_POINT('',(-14.,11.133333333,29.11));
#834=CARTESIAN_POINT('',(-14.,11.5,29.11));
#835=CARTESIAN_POINT('',(-14.,-11.5,31.21));
#836=CARTESIAN_POINT('',(-14.,-11.133333333,31.21));
#837=CARTESIAN_POINT('',(-14.,-10.766666667,31.21));
#838=CARTESIAN_POINT('',(-14.,-3.466666667,31.21));
#839=CARTESIAN_POINT('',(-14.,3.466666667,31.21));
#840=CARTESIAN_POINT('',(-14.,10.766666667,31.21));
#841=CARTESIAN_POINT('',(-14.,11.133333333,31.21));
#842=CARTESIAN_POINT('',(-14.,11.5,31.21));
#843=CARTESIAN_POINT('',(-11.9,-11.5,31.21));
#844=CARTESIAN_POINT('',(-11.9,-11.133333333,31.21));
#845=CARTESIAN_POINT('',(-11.9,-10.766666667,31.21));
#846=CARTESIAN_POINT('',(-11.9,-3.466666667,31.21));
#847=CARTESIAN_POINT('',(-11.9,3.466666667,31.21));
#848=CARTESIAN_POINT('',(-11.9,10.766666667,31.21));
#849=CARTESIAN_POINT('',(-11.9,11.133333333,31.21));
#850=CARTESIAN_POINT('',(-11.9,11.5,31.21));
#851=(BOUNDED_SURFACE()
B_SPLINE_SURFACE(2,3,((#827,#828,#829,#830,#831,#832,#833,#834),(#835,#836,#837,#838,#839,#840,#841,#842),(#843,#844,#845,#846,#847,#848,#849,#850)),.UNSPECIFIED.,.F.,.F.,.U.)
B_SPLINE_SURFACE_WITH_KNOTS((3,3),(4,2,2,4),(0.,1.),(-0.0115,-0.0104,0.0104,0.0115),.UNSPECIFIED.)
GEOMETRIC_REPRESENTATION_ITEM()
RATIONAL_B_SPLINE_SURFACE(((1.,1.,1.,1.,1.,1.,1.,1.),(0.797375732,0.797375732,0.797375732,0.797375732,0.797375732,0.797375732,0.797375732,0.797375732),(1.,1.,1.,1.,1.,1.,1.,1.)))
REPRESENTATION_ITEM('')
SURFACE()
);
#852=ORIENTED_EDGE('',*,*,#244,.F.);
#853=CARTESIAN_POINT('',(-11.9,10.4,31.21));
#854=CARTESIAN_POINT('',(-11.949873791,10.431173525,31.21));
#855=CARTESIAN_POINT('',(-12.001441596,10.463051556,31.208576014));
#856=CARTESIAN_POINT('',(-12.053124546,10.494438912,31.205536552));
#857=CARTESIAN_POINT('',(-12.104807496,10.525826267,31.20249709));
#858=CARTESIAN_POINT('',(-12.157118366,10.557107555,31.197844826));
#859=CARTESIAN_POINT('',(-12.210105523,10.588265182,31.191340393));
#860=CARTESIAN_POINT('',(-12.316079836,10.650580435,31.178331526));
#861=CARTESIAN_POINT('',(-12.424866029,10.712410476,31.158025335));
#862=CARTESIAN_POINT('',(-12.537150031,10.77364335,31.12735374));
#863=CARTESIAN_POINT('',(-12.649434034,10.834876224,31.096682145));
#864=CARTESIAN_POINT('',(-12.765219206,10.895531562,31.055765636));
#865=CARTESIAN_POINT('',(-12.884614787,10.955359892,30.999013778));
#866=CARTESIAN_POINT('',(-13.004010367,11.015188223,30.94226192));
#867=CARTESIAN_POINT('',(-13.127420846,11.074299599,30.868827726));
#868=CARTESIAN_POINT('',(-13.245366136,11.129507632,30.776627522));
#869=CARTESIAN_POINT('',(-13.363311426,11.184715666,30.684427317));
#870=CARTESIAN_POINT('',(-13.477499054,11.236985683,30.571817339));
#871=CARTESIAN_POINT('',(-13.577724765,11.28398428,30.441028439));
#872=CARTESIAN_POINT('',(-13.627837621,11.307483579,30.375633989));
#873=CARTESIAN_POINT('',(-13.674123219,11.329503731,30.306190023));
#874=CARTESIAN_POINT('',(-13.715347055,11.349531616,30.234857311));
#875=CARTESIAN_POINT('',(-13.756570892,11.369559502,30.1635246));
#876=CARTESIAN_POINT('',(-13.793012091,11.387719671,30.089999426));
#877=CARTESIAN_POINT('',(-13.824829182,11.403971368,30.014854042));
#878=CARTESIAN_POINT('',(-13.856646274,11.420223066,29.939708658));
#879=CARTESIAN_POINT('',(-13.884018292,11.434659095,29.862298706));
#880=CARTESIAN_POINT('',(-13.906545619,11.446830568,29.785352052));
#881=CARTESIAN_POINT('',(-13.929072947,11.45900204,29.708405399));
#882=CARTESIAN_POINT('',(-13.946850569,11.468947239,29.631995144));
#883=CARTESIAN_POINT('',(-13.96065837,11.476824612,29.556131118));
#884=CARTESIAN_POINT('',(-13.988273971,11.49257936,29.404403065));
#885=CARTESIAN_POINT('',(-14.,11.5,29.253717284));
#886=CARTESIAN_POINT('',(-14.,11.5,29.11));
#887=B_SPLINE_CURVE_WITH_KNOTS('',3,(#853,#854,#855,#856,#857,#858,#859,#860,#861,#862,#863,#864,#865,#866,#867,#868,#869,#870,#871,#872,#873,#874,#875,#876,#877,#878,
#879,#880,#881,#882,#883,#884,#885,#886),.UNSPECIFIED.,.F.,.F.,(4,3,3,3,3,3,3,3,3,3,3,4),(-0.000008174,0.000124084,0.000256342,0.000520859,0.000785375,0.001049891,0.001314408,0.001446666,0.001578924,0.001711182,0.00184344,0.002107957),.UNSPECIFIED.);
#888=EDGE_CURVE('',#231,#35,#887,.T.);
#889=ORIENTED_EDGE('',*,*,#888,.T.);
#890=ORIENTED_EDGE('',*,*,#40,.F.);
#891=CARTESIAN_POINT('',(-14.,-11.5,29.11));
#892=CARTESIAN_POINT('',(-14.,-11.5,29.111404664));
#893=CARTESIAN_POINT('',(-13.999997167,-11.499998229,29.114492523));
#894=CARTESIAN_POINT('',(-13.999991486,-11.49999468,29.11674083));
#895=CARTESIAN_POINT('',(-13.999985805,-11.499991131,29.118989138));
#896=CARTESIAN_POINT('',(-13.999977275,-11.499985808,29.12123881));
#897=CARTESIAN_POINT('',(-13.99996588,-11.499978698,29.123489861));
#898=CARTESIAN_POINT('',(-13.99994309,-11.499964478,29.127991962));
#899=CARTESIAN_POINT('',(-13.999908839,-11.499943141,29.132499554));
#900=CARTESIAN_POINT('',(-13.999862995,-11.499914607,29.137012734));
#901=CARTESIAN_POINT('',(-13.999771305,-11.499857537,29.146039093));
#902=CARTESIAN_POINT('',(-13.999633242,-11.499771798,29.15508771));
#903=CARTESIAN_POINT('',(-13.999447688,-11.499656891,29.164159248));
#904=CARTESIAN_POINT('',(-13.999076582,-11.499427077,29.182302323));
#905=CARTESIAN_POINT('',(-13.998515583,-11.499080892,29.20053684));
#906=CARTESIAN_POINT('',(-13.997755012,-11.498614803,29.218867785));
#907=CARTESIAN_POINT('',(-13.99623387,-11.497682626,29.255529677));
#908=CARTESIAN_POINT('',(-13.993913487,-11.496270046,29.292602551));
#909=CARTESIAN_POINT('',(-13.990709483,-11.494349861,29.330049527));
#910=CARTESIAN_POINT('',(-13.984301476,-11.490509489,29.40494348));
#911=CARTESIAN_POINT('',(-13.974466171,-11.484701986,29.480267091));
#912=CARTESIAN_POINT('',(-13.96065837,-11.476824612,29.556131118));
#913=CARTESIAN_POINT('',(-13.946850569,-11.468947239,29.631995144));
#914=CARTESIAN_POINT('',(-13.929072947,-11.45900204,29.708405399));
#915=CARTESIAN_POINT('',(-13.906545619,-11.446830568,29.785352052));
#916=CARTESIAN_POINT('',(-13.884018292,-11.434659095,29.862298706));
#917=CARTESIAN_POINT('',(-13.856646274,-11.420223066,29.939708658));
#918=CARTESIAN_POINT('',(-13.824829182,-11.403971368,30.014854042));
#919=CARTESIAN_POINT('',(-13.793012091,-11.387719671,30.089999426));
#920=CARTESIAN_POINT('',(-13.756570892,-11.369559502,30.1635246));
#921=CARTESIAN_POINT('',(-13.715347055,-11.349531616,30.234857311));
#922=CARTESIAN_POINT('',(-13.674123219,-11.329503731,30.306190023));
#923=CARTESIAN_POINT('',(-13.627837621,-11.307483579,30.375633989));
#924=CARTESIAN_POINT('',(-13.577724765,-11.28398428,30.441028439));
#925=CARTESIAN_POINT('',(-13.477499054,-11.236985683,30.571817339));
#926=CARTESIAN_POINT('',(-13.363311426,-11.184715666,30.684427317));
#927=CARTESIAN_POINT('',(-13.245366136,-11.129507632,30.776627522));
#928=CARTESIAN_POINT('',(-13.127420846,-11.074299599,30.868827726));
#929=CARTESIAN_POINT('',(-13.004010367,-11.015188223,30.94226192));
#930=CARTESIAN_POINT('',(-12.884614787,-10.955359892,30.999013778));
#931=CARTESIAN_POINT('',(-12.765219206,-10.895531562,31.055765636));
#932=CARTESIAN_POINT('',(-12.649434034,-10.834876224,31.096682145));
#933=CARTESIAN_POINT('',(-12.537150031,-10.77364335,31.12735374));
#934=CARTESIAN_POINT('',(-12.424866029,-10.712410476,31.158025335));
#935=CARTESIAN_POINT('',(-12.316079836,-10.650580435,31.178331526));
#936=CARTESIAN_POINT('',(-12.210105523,-10.588265182,31.191340393));
#937=CARTESIAN_POINT('',(-12.157118366,-10.557107555,31.197844826));
#938=CARTESIAN_POINT('',(-12.104807496,-10.525826267,31.20249709));
#939=CARTESIAN_POINT('',(-12.053124546,-10.494438912,31.205536552));
#940=CARTESIAN_POINT('',(-12.001441596,-10.463051556,31.208576014));
#941=CARTESIAN_POINT('',(-11.95121112,-10.432033754,31.21));
#942=CARTESIAN_POINT('',(-11.9,-10.4,31.21));
#943=B_SPLINE_CURVE_WITH_KNOTS('',3,(#891,#892,#893,#894,#895,#896,#897,#898,#899,#900,#901,#902,#903,#904,#905,#906,#907,#908,#909,#910,#911,#912,#913,#914,#915,#916,
#917,#918,#919,#920,#921,#922,#923,#924,#925,#926,#927,#928,#929,#930,#931,#932,#933,#934,#935,#936,#937,#938,#939,#940,#941,
#942),.UNSPECIFIED.,.F.,.F.,(4,3,3,3,3,3,3,3,3,3,3,3,3,3,3,3,3,4),(-0.000008174,-0.000004041,0.000000092,0.000008358,0.00002489,0.000057955,0.000124084,0.000256342,0.0003886,0.000520859,0.000653117,0.000785375,0.001049891,0.001314408,0.001578924,0.00184344,0.001975698,0.002107957),.UNSPECIFIED.);
#944=EDGE_CURVE('',#33,#239,#943,.T.);
#945=ORIENTED_EDGE('',*,*,#944,.T.);
#946=EDGE_LOOP('',(#852,#889,#890,#945));
#947=FACE_BOUND('',#946,.T.);
#948=ADVANCED_FACE('',(#947),#851,.T.);
#949=CARTESIAN_POINT('',(-13.,12.5,29.11));
#950=CARTESIAN_POINT('',(-12.633333333,12.5,29.11));
#951=CARTESIAN_POINT('',(-12.266666667,12.5,29.11));
#952=CARTESIAN_POINT('',(-1.633333333,12.5,29.11));
#953=CARTESIAN_POINT('',(8.633333333,12.5,29.11));
#954=CARTESIAN_POINT('',(18.9,12.5,29.11));
#955=CARTESIAN_POINT('',(-13.,12.5,31.21));
#956=CARTESIAN_POINT('',(-12.633333333,12.5,31.21));
#957=CARTESIAN_POINT('',(-12.266666667,12.5,31.21));
#958=CARTESIAN_POINT('',(-1.633333333,12.5,31.21));
#959=CARTESIAN_POINT('',(8.633333333,12.5,31.21));
#960=CARTESIAN_POINT('',(18.9,12.5,31.21));
#961=CARTESIAN_POINT('',(-13.,10.4,31.21));
#962=CARTESIAN_POINT('',(-12.633333333,10.4,31.21));
#963=CARTESIAN_POINT('',(-12.266666667,10.4,31.21));
#964=CARTESIAN_POINT('',(-1.633333333,10.4,31.21));
#965=CARTESIAN_POINT('',(8.633333333,10.4,31.21));
#966=CARTESIAN_POINT('',(18.9,10.4,31.21));
#967=(BOUNDED_SURFACE()
B_SPLINE_SURFACE(2,3,((#949,#950,#951,#952,#953,#954),(#955,#956,#957,#958,#959,#960),(#961,#962,#963,#964,#965,#966)),.UNSPECIFIED.,.F.,.F.,.U.)
B_SPLINE_SURFACE_WITH_KNOTS((3,3),(4,2,4),(0.,1.),(-0.017,-0.0159,0.0149),.UNSPECIFIED.)
GEOMETRIC_REPRESENTATION_ITEM()
RATIONAL_B_SPLINE_SURFACE(((1.,1.,1.,1.,1.,1.),(0.797375732,0.797375732,0.797375732,0.797375732,0.797375732,0.797375732),(1.,1.,1.,1.,1.,1.)))
REPRESENTATION_ITEM('')
SURFACE()
);
#968=ORIENTED_EDGE('',*,*,#176,.F.);
#969=CARTESIAN_POINT('',(-13.,12.5,29.11));
#970=CARTESIAN_POINT('',(-13.,12.5,29.111404664));
#971=CARTESIAN_POINT('',(-12.999998229,12.499997167,29.114492523));
#972=CARTESIAN_POINT('',(-12.99999468,12.499991486,29.11674083));
#973=CARTESIAN_POINT('',(-12.999991131,12.499985805,29.118989138));
#974=CARTESIAN_POINT('',(-12.999985808,12.499977275,29.12123881));
#975=CARTESIAN_POINT('',(-12.999978698,12.49996588,29.123489861));
#976=CARTESIAN_POINT('',(-12.999964478,12.49994309,29.127991962));
#977=CARTESIAN_POINT('',(-12.999943141,12.499908839,29.132499554));
#978=CARTESIAN_POINT('',(-12.999914607,12.499862995,29.137012734));
#979=CARTESIAN_POINT('',(-12.999857537,12.499771305,29.146039093));
#980=CARTESIAN_POINT('',(-12.999771798,12.499633242,29.15508771));
#981=CARTESIAN_POINT('',(-12.999656891,12.499447688,29.164159248));
#982=CARTESIAN_POINT('',(-12.999427077,12.499076582,29.182302323));
#983=CARTESIAN_POINT('',(-12.999080892,12.498515583,29.20053684));
#984=CARTESIAN_POINT('',(-12.998614803,12.497755012,29.218867785));
#985=CARTESIAN_POINT('',(-12.997682626,12.496233869,29.255529677));
#986=CARTESIAN_POINT('',(-12.996270046,12.493913487,29.292602551));
#987=CARTESIAN_POINT('',(-12.994349861,12.490709483,29.330049527));
#988=CARTESIAN_POINT('',(-12.990509489,12.484301476,29.40494348));
#989=CARTESIAN_POINT('',(-12.984701982,12.474466212,29.480267098));
#990=CARTESIAN_POINT('',(-12.976824612,12.46065837,29.556131118));
#991=CARTESIAN_POINT('',(-12.968947243,12.446850528,29.631995137));
#992=CARTESIAN_POINT('',(-12.959002036,12.429072965,29.708405403));
#993=CARTESIAN_POINT('',(-12.946830568,12.406545619,29.785352052));
#994=CARTESIAN_POINT('',(-12.9346591,12.384018273,29.862298702));
#995=CARTESIAN_POINT('',(-12.920223065,12.356646275,29.939708658));
#996=CARTESIAN_POINT('',(-12.903971368,12.324829182,30.014854042));
#997=CARTESIAN_POINT('',(-12.887719671,12.293012089,30.089999426));
#998=CARTESIAN_POINT('',(-12.8695595,12.256570894,30.1635246));
#999=CARTESIAN_POINT('',(-12.849531616,12.215347055,30.234857311));
#1000=CARTESIAN_POINT('',(-12.829503733,12.174123217,30.306190022));
#1001=CARTESIAN_POINT('',(-12.807483579,12.127837621,30.375633989));
#1002=CARTESIAN_POINT('',(-12.78398428,12.077724765,30.441028439));
#1003=CARTESIAN_POINT('',(-12.736985683,11.977499054,30.571817339));
#1004=CARTESIAN_POINT('',(-12.684717125,11.863310181,30.68442759));
#1005=CARTESIAN_POINT('',(-12.629507632,11.745366136,30.776627522));
#1006=CARTESIAN_POINT('',(-12.574298139,11.627422092,30.868827453));
#1007=CARTESIAN_POINT('',(-12.51519573,11.504003802,30.942263902));
#1008=CARTESIAN_POINT('',(-12.455359892,11.384614787,30.999013778));
#1009=CARTESIAN_POINT('',(-12.395524054,11.265225772,31.055763654));
#1010=CARTESIAN_POINT('',(-12.334876226,11.149434031,31.096682146));
#1011=CARTESIAN_POINT('',(-12.27364335,11.037150031,31.12735374));
#1012=CARTESIAN_POINT('',(-12.212410474,10.924866031,31.158025335));
#1013=CARTESIAN_POINT('',(-12.150580436,10.816079836,31.178331526));
#1014=CARTESIAN_POINT('',(-12.088265182,10.710105523,31.191340393));
#1015=CARTESIAN_POINT('',(-12.057107554,10.657118366,31.197844826));
#1016=CARTESIAN_POINT('',(-12.025832465,10.604801319,31.202497451));
#1017=CARTESIAN_POINT('',(-11.994438912,10.553124546,31.205536552));
#1018=CARTESIAN_POINT('',(-11.963045358,10.501447773,31.208575653));
#1019=CARTESIAN_POINT('',(-11.932033754,10.45121112,31.21));
#1020=CARTESIAN_POINT('',(-11.9,10.4,31.21));
#1021=B_SPLINE_CURVE_WITH_KNOTS('',3,(#969,#970,#971,#972,#973,#974,#975,#976,#977,#978,#979,#980,#981,#982,#983,#984,#985,#986,#987,#988,#989,#990,#991,#992,#993,#994,
#995,#996,#997,#998,#999,#1000,#1001,#1002,#1003,#1004,#1005,#1006,#1007,#1008,#1009,#1010,#1011,#1012,#1013,#1014,#1015,#1016,#1017,#1018,#1019,
#1020),.UNSPECIFIED.,.F.,.F.,(4,3,3,3,3,3,3,3,3,3,3,3,3,3,3,3,3,4),(-0.000008174,-0.000004041,0.000000092,0.000008358,0.00002489,0.000057955,0.000124084,0.000256342,0.0003886,0.000520859,0.000653117,0.000785375,0.001049891,0.001314408,0.001578924,0.00184344,0.001975698,0.002107957),.UNSPECIFIED.);
#1022=EDGE_CURVE('',#163,#231,#1021,.T.);
#1023=ORIENTED_EDGE('',*,*,#1022,.T.);
#1024=ORIENTED_EDGE('',*,*,#236,.F.);
#1025=CARTESIAN_POINT('',(18.9,12.5,29.11));
#1026=CARTESIAN_POINT('',(18.9,12.5,29.389081506));
#1027=CARTESIAN_POINT('',(18.9,12.455248007,29.670887978));
#1028=CARTESIAN_POINT('',(18.9,12.35795699,29.931612907));
#1029=CARTESIAN_POINT('',(18.9,12.260665972,30.192337835));
#1030=CARTESIAN_POINT('',(18.9,12.110543312,30.431086624));
#1031=CARTESIAN_POINT('',(18.9,11.915814968,30.625814968));
#1032=CARTESIAN_POINT('',(18.9,11.721086624,30.820543312));
#1033=CARTESIAN_POINT('',(18.9,11.482337835,30.970665972));
#1034=CARTESIAN_POINT('',(18.9,11.221612907,31.06795699));
#1035=CARTESIAN_POINT('',(18.9,10.960887978,31.165248007));
#1036=CARTESIAN_POINT('',(18.9,10.679081506,31.21));
#1037=CARTESIAN_POINT('',(18.9,10.4,31.21));
#1038=B_SPLINE_CURVE_WITH_KNOTS('',3,(#1025,#1026,#1027,#1028,#1029,#1030,#1031,#1032,#1033,#1034,#1035,#1036,#1037),.UNSPECIFIED.,.F.,.F.,(4,3,3,3,4),(0.,0.25,0.5,0.75,1.),.UNSPECIFIED.);
#1039=EDGE_CURVE('',#171,#217,#1038,.T.);
#1040=ORIENTED_EDGE('',*,*,#1039,.F.);
#1041=EDGE_LOOP('',(#968,#1023,#1024,#1040));
#1042=FACE_BOUND('',#1041,.T.);
#1043=ADVANCED_FACE('',(#1042),#967,.T.);
#1044=CARTESIAN_POINT('',(18.9,-12.5,29.11));
#1045=CARTESIAN_POINT('',(8.633333333,-12.5,29.11));
#1046=CARTESIAN_POINT('',(-1.633333333,-12.5,29.11));
#1047=CARTESIAN_POINT('',(-12.266666667,-12.5,29.11));
#1048=CARTESIAN_POINT('',(-12.633333333,-12.5,29.11));
#1049=CARTESIAN_POINT('',(-13.,-12.5,29.11));
#1050=CARTESIAN_POINT('',(18.9,-12.5,31.21));
#1051=CARTESIAN_POINT('',(8.633333333,-12.5,31.21));
#1052=CARTESIAN_POINT('',(-1.633333333,-12.5,31.21));
#1053=CARTESIAN_POINT('',(-12.266666667,-12.5,31.21));
#1054=CARTESIAN_POINT('',(-12.633333333,-12.5,31.21));
#1055=CARTESIAN_POINT('',(-13.,-12.5,31.21));
#1056=CARTESIAN_POINT('',(18.9,-10.4,31.21));
#1057=CARTESIAN_POINT('',(8.633333333,-10.4,31.21));
#1058=CARTESIAN_POINT('',(-1.633333333,-10.4,31.21));
#1059=CARTESIAN_POINT('',(-12.266666667,-10.4,31.21));
#1060=CARTESIAN_POINT('',(-12.633333333,-10.4,31.21));
#1061=CARTESIAN_POINT('',(-13.,-10.4,31.21));
#1062=(BOUNDED_SURFACE()
B_SPLINE_SURFACE(2,3,((#1044,#1045,#1046,#1047,#1048,#1049),(#1050,#1051,#1052,#1053,#1054,#1055),(#1056,#1057,#1058,#1059,#1060,#1061)),.UNSPECIFIED.,.F.,.F.,.U.)
B_SPLINE_SURFACE_WITH_KNOTS((3,3),(4,2,4),(0.,1.),(-0.0149,0.0159,0.017),.UNSPECIFIED.)
GEOMETRIC_REPRESENTATION_ITEM()
RATIONAL_B_SPLINE_SURFACE(((1.,1.,1.,1.,1.,1.),(0.797375732,0.797375732,0.797375732,0.797375732,0.797375732,0.797375732),(1.,1.,1.,1.,1.,1.)))
REPRESENTATION_ITEM('')
SURFACE()
);
#1063=ORIENTED_EDGE('',*,*,#250,.F.);
#1064=CARTESIAN_POINT('',(-11.9,-10.4,31.21));
#1065=CARTESIAN_POINT('',(-11.931173525,-10.44987377,31.21));
#1066=CARTESIAN_POINT('',(-11.963045358,-10.501447773,31.208575653));
#1067=CARTESIAN_POINT('',(-11.994438912,-10.553124546,31.205536552));
#1068=CARTESIAN_POINT('',(-12.025832465,-10.604801319,31.202497451));
#1069=CARTESIAN_POINT('',(-12.057107554,-10.657118366,31.197844826));
#1070=CARTESIAN_POINT('',(-12.088265182,-10.710105523,31.191340393));
#1071=CARTESIAN_POINT('',(-12.150580436,-10.816079836,31.178331526));
#1072=CARTESIAN_POINT('',(-12.212410474,-10.924866031,31.158025335));
#1073=CARTESIAN_POINT('',(-12.27364335,-11.037150031,31.12735374));
#1074=CARTESIAN_POINT('',(-12.334876226,-11.149434031,31.096682146));
#1075=CARTESIAN_POINT('',(-12.395524054,-11.265225772,31.055763654));
#1076=CARTESIAN_POINT('',(-12.455359892,-11.384614787,30.999013778));
#1077=CARTESIAN_POINT('',(-12.51519573,-11.504003802,30.942263902));
#1078=CARTESIAN_POINT('',(-12.574298139,-11.627422092,30.868827453));
#1079=CARTESIAN_POINT('',(-12.629507632,-11.745366136,30.776627522));
#1080=CARTESIAN_POINT('',(-12.684717125,-11.863310181,30.68442759));
#1081=CARTESIAN_POINT('',(-12.736985683,-11.977499054,30.571817339));
#1082=CARTESIAN_POINT('',(-12.78398428,-12.077724765,30.441028439));
#1083=CARTESIAN_POINT('',(-12.807483579,-12.127837621,30.375633989));
#1084=CARTESIAN_POINT('',(-12.829503733,-12.174123217,30.306190022));
#1085=CARTESIAN_POINT('',(-12.849531616,-12.215347055,30.234857311));
#1086=CARTESIAN_POINT('',(-12.8695595,-12.256570894,30.1635246));
#1087=CARTESIAN_POINT('',(-12.887719671,-12.293012089,30.089999426));
#1088=CARTESIAN_POINT('',(-12.903971368,-12.324829182,30.014854042));
#1089=CARTESIAN_POINT('',(-12.920223065,-12.356646275,29.939708658));
#1090=CARTESIAN_POINT('',(-12.9346591,-12.384018273,29.862298702));
#1091=CARTESIAN_POINT('',(-12.946830568,-12.406545619,29.785352052));
#1092=CARTESIAN_POINT('',(-12.959002036,-12.429072965,29.708405403));
#1093=CARTESIAN_POINT('',(-12.968947243,-12.446850528,29.631995137));
#1094=CARTESIAN_POINT('',(-12.976824612,-12.46065837,29.556131118));
#1095=CARTESIAN_POINT('',(-12.984701982,-12.474466212,29.480267098));
#1096=CARTESIAN_POINT('',(-12.990509489,-12.484301476,29.40494348));
#1097=CARTESIAN_POINT('',(-12.994349861,-12.490709483,29.330049527));
#1098=CARTESIAN_POINT('',(-12.996270046,-12.493913487,29.292602551));
#1099=CARTESIAN_POINT('',(-12.997682626,-12.496233869,29.255529677));
#1100=CARTESIAN_POINT('',(-12.998614803,-12.497755012,29.218867785));
#1101=CARTESIAN_POINT('',(-12.999080892,-12.498515583,29.20053684));
#1102=CARTESIAN_POINT('',(-12.999427077,-12.499076582,29.182302323));
#1103=CARTESIAN_POINT('',(-12.999656891,-12.499447688,29.164159248));
#1104=CARTESIAN_POINT('',(-12.999771798,-12.499633242,29.15508771));
#1105=CARTESIAN_POINT('',(-12.999857537,-12.499771305,29.146039093));
#1106=CARTESIAN_POINT('',(-12.999914607,-12.499862995,29.137012734));
#1107=CARTESIAN_POINT('',(-12.999943141,-12.499908839,29.132499554));
#1108=CARTESIAN_POINT('',(-12.999964478,-12.49994309,29.127991962));
#1109=CARTESIAN_POINT('',(-12.999978698,-12.49996588,29.123489861));
#1110=CARTESIAN_POINT('',(-12.999985808,-12.499977275,29.12123881));
#1111=CARTESIAN_POINT('',(-12.999991131,-12.499985805,29.118989138));
#1112=CARTESIAN_POINT('',(-12.99999468,-12.499991486,29.11674083));
#1113=CARTESIAN_POINT('',(-12.999998229,-12.499997167,29.114492523));
#1114=CARTESIAN_POINT('',(-13.,-12.5,29.111404664));
#1115=CARTESIAN_POINT('',(-13.,-12.5,29.11));
#1116=B_SPLINE_CURVE_WITH_KNOTS('',3,(#1064,#1065,#1066,#1067,#1068,#1069,#1070,#1071,#1072,#1073,#1074,#1075,#1076,#1077,#1078,#1079,#1080,#1081,#1082,#1083,#1084,#1085,#1086,#1087,#1088,#1089,
#1090,#1091,#1092,#1093,#1094,#1095,#1096,#1097,#1098,#1099,#1100,#1101,#1102,#1103,#1104,#1105,#1106,#1107,#1108,#1109,#1110,#1111,#1112,#1113,#1114,
#1115),.UNSPECIFIED.,.F.,.F.,(4,3,3,3,3,3,3,3,3,3,3,3,3,3,3,3,3,4),(-0.000008174,0.000124084,0.000256342,0.000520859,0.000785375,0.001049891,0.001314408,0.001446666,0.001578924,0.001711182,0.00184344,0.001975698,0.002041827,0.002074892,0.002091424,0.00209969,0.002103823,0.002107957),.UNSPECIFIED.);
#1117=EDGE_CURVE('',#239,#75,#1116,.T.);
#1118=ORIENTED_EDGE('',*,*,#1117,.T.);
#1119=ORIENTED_EDGE('',*,*,#80,.F.);
#1120=CARTESIAN_POINT('',(18.9,-10.4,31.21));
#1121=CARTESIAN_POINT('',(18.9,-10.679081506,31.21));
#1122=CARTESIAN_POINT('',(18.9,-10.960887978,31.165248007));
#1123=CARTESIAN_POINT('',(18.9,-11.221612907,31.06795699));
#1124=CARTESIAN_POINT('',(18.9,-11.482337835,30.970665972));
#1125=CARTESIAN_POINT('',(18.9,-11.721086624,30.820543312));
#1126=CARTESIAN_POINT('',(18.9,-11.915814968,30.625814968));
#1127=CARTESIAN_POINT('',(18.9,-12.110543312,30.431086624));
#1128=CARTESIAN_POINT('',(18.9,-12.260665972,30.192337835));
#1129=CARTESIAN_POINT('',(18.9,-12.35795699,29.931612907));
#1130=CARTESIAN_POINT('',(18.9,-12.455248007,29.670887978));
#1131=CARTESIAN_POINT('',(18.9,-12.5,29.389081506));
#1132=CARTESIAN_POINT('',(18.9,-12.5,29.11));
#1133=B_SPLINE_CURVE_WITH_KNOTS('',3,(#1120,#1121,#1122,#1123,#1124,#1125,#1126,#1127,#1128,#1129,#1130,#1131,#1132),.UNSPECIFIED.,.F.,.F.,(4,3,3,3,4),(0.,0.25,0.5,0.75,1.),.UNSPECIFIED.);
#1134=EDGE_CURVE('',#193,#73,#1133,.T.);
#1135=ORIENTED_EDGE('',*,*,#1134,.F.);
#1136=EDGE_LOOP('',(#1063,#1118,#1119,#1135));
#1137=FACE_BOUND('',#1136,.T.);
#1138=ADVANCED_FACE('',(#1137),#1062,.T.);
#1139=CARTESIAN_POINT('',(19.9,9.4,31.21));
#1140=CARTESIAN_POINT('',(19.9,9.53092328,31.21));
#1141=CARTESIAN_POINT('',(19.873972668,9.661747905,31.21));
#1142=CARTESIAN_POINT('',(19.773786397,9.90361896,31.21));
#1143=CARTESIAN_POINT('',(19.699666827,10.014546735,31.21));
#1144=CARTESIAN_POINT('',(19.514546735,10.199666827,31.21));
#1145=CARTESIAN_POINT('',(19.40361896,10.273786397,31.21));
#1146=CARTESIAN_POINT('',(19.161747905,10.373972668,31.21));
#1147=CARTESIAN_POINT('',(19.03092328,10.4,31.21));
#1148=CARTESIAN_POINT('',(18.9,10.4,31.21));
#1149=CARTESIAN_POINT('',(22.,9.4,31.21));
#1150=CARTESIAN_POINT('',(22.,9.805862167,31.21));
#1151=CARTESIAN_POINT('',(21.919315272,10.211418504,31.21));
#1152=CARTESIAN_POINT('',(21.60873783,10.961218777,31.21));
#1153=CARTESIAN_POINT('',(21.378967164,11.30509488,31.21));
#1154=CARTESIAN_POINT('',(20.80509488,11.878967164,31.21));
#1155=CARTESIAN_POINT('',(20.461218777,12.10873783,31.21));
#1156=CARTESIAN_POINT('',(19.711418504,12.419315272,31.21));
#1157=CARTESIAN_POINT('',(19.305862167,12.5,31.21));
#1158=CARTESIAN_POINT('',(18.9,12.5,31.21));
#1159=CARTESIAN_POINT('',(22.,9.4,29.11));
#1160=CARTESIAN_POINT('',(22.,9.805862167,29.11));
#1161=CARTESIAN_POINT('',(21.919315272,10.211418504,29.11));
#1162=CARTESIAN_POINT('',(21.60873783,10.961218777,29.11));
#1163=CARTESIAN_POINT('',(21.378967164,11.30509488,29.11));
#1164=CARTESIAN_POINT('',(20.80509488,11.878967164,29.11));
#1165=CARTESIAN_POINT('',(20.461218777,12.10873783,29.11));
#1166=CARTESIAN_POINT('',(19.711418504,12.419315272,29.11));
#1167=CARTESIAN_POINT('',(19.305862167,12.5,29.11));
#1168=CARTESIAN_POINT('',(18.9,12.5,29.11));
#1169=(BOUNDED_SURFACE()
B_SPLINE_SURFACE(2,3,((#1139,#1140,#1141,#1142,#1143,#1144,#1145,#1146,#1147,#1148),(#1149,#1150,#1151,#1152,#1153,#1154,#1155,#1156,#1157,#1158),(#1159,#1160,#1161,#1162,#1163,#1164,#1165,#1166,#1167,#1168)),.UNSPECIFIED.,.F.,.F.,.U.)
B_SPLINE_SURFACE_WITH_KNOTS((3,3),(4,2,2,2,4),(0.,1.),(0.,0.392699082,0.785398163,1.178097245,1.570796327),.UNSPECIFIED.)
GEOMETRIC_REPRESENTATION_ITEM()
RATIONAL_B_SPLINE_SURFACE(((1.,1.,1.,1.,1.,1.,1.,1.,1.,1.),(0.797375732,0.797375732,0.797375732,0.797375732,0.797375732,0.797375732,0.797375732,0.797375732,0.797375732,0.797375732),(1.,1.,1.,1.,1.,1.,1.,1.,1.,1.)))
REPRESENTATION_ITEM('')
SURFACE()
);
#1170=ORIENTED_EDGE('',*,*,#1039,.T.);
#1171=ORIENTED_EDGE('',*,*,#228,.F.);
#1172=CARTESIAN_POINT('',(22.,9.4,29.11));
#1173=CARTESIAN_POINT('',(22.,9.4,29.389081506));
#1174=CARTESIAN_POINT('',(21.955248007,9.4,29.670887978));
#1175=CARTESIAN_POINT('',(21.85795699,9.4,29.931612907));
#1176=CARTESIAN_POINT('',(21.760665972,9.4,30.192337835));
#1177=CARTESIAN_POINT('',(21.610543312,9.4,30.431086624));
#1178=CARTESIAN_POINT('',(21.415814968,9.4,30.625814968));
#1179=CARTESIAN_POINT('',(21.221086624,9.4,30.820543312));
#1180=CARTESIAN_POINT('',(20.982337835,9.4,30.970665972));
#1181=CARTESIAN_POINT('',(20.721612907,9.4,31.06795699));
#1182=CARTESIAN_POINT('',(20.460887978,9.4,31.165248007));
#1183=CARTESIAN_POINT('',(20.179081506,9.4,31.21));
#1184=CARTESIAN_POINT('',(19.9,9.4,31.21));
#1185=B_SPLINE_CURVE_WITH_KNOTS('',3,(#1172,#1173,#1174,#1175,#1176,#1177,#1178,#1179,#1180,#1181,#1182,#1183,#1184),.UNSPECIFIED.,.F.,.F.,(4,3,3,3,4),(0.,0.25,0.5,0.75,1.),.UNSPECIFIED.);
#1186=EDGE_CURVE('',#131,#209,#1185,.T.);
#1187=ORIENTED_EDGE('',*,*,#1186,.F.);
#1188=ORIENTED_EDGE('',*,*,#342,.F.);
#1189=EDGE_LOOP('',(#1170,#1171,#1187,#1188));
#1190=FACE_BOUND('',#1189,.T.);
#1191=ADVANCED_FACE('',(#1190),#1169,.T.);
#1192=CARTESIAN_POINT('',(18.9,-10.4,31.21));
#1193=CARTESIAN_POINT('',(19.03092328,-10.4,31.21));
#1194=CARTESIAN_POINT('',(19.161747905,-10.373972668,31.21));
#1195=CARTESIAN_POINT('',(19.40361896,-10.273786397,31.21));
#1196=CARTESIAN_POINT('',(19.514546735,-10.199666827,31.21));
#1197=CARTESIAN_POINT('',(19.699666827,-10.014546735,31.21));
#1198=CARTESIAN_POINT('',(19.773786397,-9.90361896,31.21));
#1199=CARTESIAN_POINT('',(19.873972668,-9.661747905,31.21));
#1200=CARTESIAN_POINT('',(19.9,-9.53092328,31.21));
#1201=CARTESIAN_POINT('',(19.9,-9.4,31.21));
#1202=CARTESIAN_POINT('',(18.9,-12.5,31.21));
#1203=CARTESIAN_POINT('',(19.305862167,-12.5,31.21));
#1204=CARTESIAN_POINT('',(19.711418504,-12.419315272,31.21));
#1205=CARTESIAN_POINT('',(20.461218777,-12.10873783,31.21));
#1206=CARTESIAN_POINT('',(20.80509488,-11.878967164,31.21));
#1207=CARTESIAN_POINT('',(21.378967164,-11.30509488,31.21));
#1208=CARTESIAN_POINT('',(21.60873783,-10.961218777,31.21));
#1209=CARTESIAN_POINT('',(21.919315272,-10.211418504,31.21));
#1210=CARTESIAN_POINT('',(22.,-9.805862167,31.21));
#1211=CARTESIAN_POINT('',(22.,-9.4,31.21));
#1212=CARTESIAN_POINT('',(18.9,-12.5,29.11));
#1213=CARTESIAN_POINT('',(19.305862167,-12.5,29.11));
#1214=CARTESIAN_POINT('',(19.711418504,-12.419315272,29.11));
#1215=CARTESIAN_POINT('',(20.461218777,-12.10873783,29.11));
#1216=CARTESIAN_POINT('',(20.80509488,-11.878967164,29.11));
#1217=CARTESIAN_POINT('',(21.378967164,-11.30509488,29.11));
#1218=CARTESIAN_POINT('',(21.60873783,-10.961218777,29.11));
#1219=CARTESIAN_POINT('',(21.919315272,-10.211418504,29.11));
#1220=CARTESIAN_POINT('',(22.,-9.805862167,29.11));
#1221=CARTESIAN_POINT('',(22.,-9.4,29.11));
#1222=(BOUNDED_SURFACE()
B_SPLINE_SURFACE(2,3,((#1192,#1193,#1194,#1195,#1196,#1197,#1198,#1199,#1200,#1201),(#1202,#1203,#1204,#1205,#1206,#1207,#1208,#1209,#1210,#1211),(#1212,#1213,#1214,#1215,#1216,#1217,#1218,#1219,#1220,#1221)),.UNSPECIFIED.,.F.,.F.,.U.)
B_SPLINE_SURFACE_WITH_KNOTS((3,3),(4,2,2,2,4),(0.,1.),(4.71238898,5.105088062,5.497787144,5.890486225,6.283185307),.UNSPECIFIED.)
GEOMETRIC_REPRESENTATION_ITEM()
RATIONAL_B_SPLINE_SURFACE(((1.,1.,1.,1.,1.,1.,1.,1.,1.,1.),(0.797375732,0.797375732,0.797375732,0.797375732,0.797375732,0.797375732,0.797375732,0.797375732,0.797375732,0.797375732),(1.,1.,1.,1.,1.,1.,1.,1.,1.,1.)))
REPRESENTATION_ITEM('')
SURFACE()
);
#1223=ORIENTED_EDGE('',*,*,#1134,.T.);
#1224=ORIENTED_EDGE('',*,*,#366,.F.);
#1225=CARTESIAN_POINT('',(19.9,-9.4,31.21));
#1226=CARTESIAN_POINT('',(20.179081506,-9.4,31.21));
#1227=CARTESIAN_POINT('',(20.460887978,-9.4,31.165248007));
#1228=CARTESIAN_POINT('',(20.721612907,-9.4,31.06795699));
#1229=CARTESIAN_POINT('',(20.982337835,-9.4,30.970665972));
#1230=CARTESIAN_POINT('',(21.221086624,-9.4,30.820543312));
#1231=CARTESIAN_POINT('',(21.415814968,-9.4,30.625814968));
#1232=CARTESIAN_POINT('',(21.610543312,-9.4,30.431086624));
#1233=CARTESIAN_POINT('',(21.760665972,-9.4,30.192337835));
#1234=CARTESIAN_POINT('',(21.85795699,-9.4,29.931612907));
#1235=CARTESIAN_POINT('',(21.955248007,-9.4,29.670887978));
#1236=CARTESIAN_POINT('',(22.,-9.4,29.389081506));
#1237=CARTESIAN_POINT('',(22.,-9.4,29.11));
#1238=B_SPLINE_CURVE_WITH_KNOTS('',3,(#1225,#1226,#1227,#1228,#1229,#1230,#1231,#1232,#1233,#1234,#1235,#1236,#1237),.UNSPECIFIED.,.F.,.F.,(4,3,3,3,4),(0.,0.25,0.5,0.75,1.),.UNSPECIFIED.);
#1239=EDGE_CURVE('',#195,#113,#1238,.T.);
#1240=ORIENTED_EDGE('',*,*,#1239,.F.);
#1241=ORIENTED_EDGE('',*,*,#206,.F.);
#1242=EDGE_LOOP('',(#1223,#1224,#1240,#1241));
#1243=FACE_BOUND('',#1242,.T.);
#1244=ADVANCED_FACE('',(#1243),#1222,.T.);
#1245=CARTESIAN_POINT('',(22.,9.4,29.11));
#1246=CARTESIAN_POINT('',(22.,3.133333333,29.11));
#1247=CARTESIAN_POINT('',(22.,-3.133333333,29.11));
#1248=CARTESIAN_POINT('',(22.,-9.4,29.11));
#1249=CARTESIAN_POINT('',(22.,9.4,31.21));
#1250=CARTESIAN_POINT('',(22.,3.133333333,31.21));
#1251=CARTESIAN_POINT('',(22.,-3.133333333,31.21));
#1252=CARTESIAN_POINT('',(22.,-9.4,31.21));
#1253=CARTESIAN_POINT('',(19.9,9.4,31.21));
#1254=CARTESIAN_POINT('',(19.9,3.133333333,31.21));
#1255=CARTESIAN_POINT('',(19.9,-3.133333333,31.21));
#1256=CARTESIAN_POINT('',(19.9,-9.4,31.21));
#1257=(BOUNDED_SURFACE()
B_SPLINE_SURFACE(2,3,((#1245,#1246,#1247,#1248),(#1249,#1250,#1251,#1252),(#1253,#1254,#1255,#1256)),.UNSPECIFIED.,.F.,.F.,.U.)
B_SPLINE_SURFACE_WITH_KNOTS((3,3),(4,4),(0.,1.),(-0.0094,0.0094),.UNSPECIFIED.)
GEOMETRIC_REPRESENTATION_ITEM()
RATIONAL_B_SPLINE_SURFACE(((1.,1.,1.,1.),(0.797375732,0.797375732,0.797375732,0.797375732),(1.,1.,1.,1.)))
REPRESENTATION_ITEM('')
SURFACE()
);
#1258=ORIENTED_EDGE('',*,*,#1186,.T.);
#1259=ORIENTED_EDGE('',*,*,#214,.F.);
#1260=ORIENTED_EDGE('',*,*,#1239,.T.);
#1261=ORIENTED_EDGE('',*,*,#142,.F.);
#1262=EDGE_LOOP('',(#1258,#1259,#1260,#1261));
#1263=FACE_BOUND('',#1262,.T.);
#1264=ADVANCED_FACE('',(#1263),#1257,.T.);
#1265=CARTESIAN_POINT('',(-11.9,10.4,26.71));
#1266=CARTESIAN_POINT('',(-11.9,10.4,26.71));
#1267=CARTESIAN_POINT('',(-11.9,10.4,26.71));
#1268=CARTESIAN_POINT('',(-11.9,10.4,26.71));
#1269=CARTESIAN_POINT('',(-11.9,10.4,26.71));
#1270=CARTESIAN_POINT('',(-11.9,10.4,26.71));
#1271=CARTESIAN_POINT('',(-11.9,10.4,26.71));
#1272=CARTESIAN_POINT('',(-11.9,10.4,26.71));
#1273=CARTESIAN_POINT('',(-11.9,10.4,26.71));
#1274=CARTESIAN_POINT('',(-11.9,10.4,26.71));
#1275=CARTESIAN_POINT('',(-11.924936895,10.415586763,26.71));
#1276=CARTESIAN_POINT('',(-11.924936895,10.415586763,26.71));
#1277=CARTESIAN_POINT('',(-11.922599362,10.417924296,26.71));
#1278=CARTESIAN_POINT('',(-11.922599362,10.417924296,26.71));
#1279=CARTESIAN_POINT('',(-11.920261829,10.420261829,26.71));
#1280=CARTESIAN_POINT('',(-11.920261829,10.420261829,26.71));
#1281=CARTESIAN_POINT('',(-11.917924296,10.422599362,26.71));
#1282=CARTESIAN_POINT('',(-11.917924296,10.422599362,26.71));
#1283=CARTESIAN_POINT('',(-11.915586763,10.424936895,26.71));
#1284=CARTESIAN_POINT('',(-11.915586763,10.424936895,26.71));
#1285=CARTESIAN_POINT('',(-11.950535187,10.431509107,26.710355827));
#1286=CARTESIAN_POINT('',(-11.948949552,10.433094704,26.710333647));
#1287=CARTESIAN_POINT('',(-11.947363926,10.4346803,26.710317014));
#1288=CARTESIAN_POINT('',(-11.944192689,10.437851499,26.710294838));
#1289=CARTESIAN_POINT('',(-11.942607077,10.4394371,26.710289296));
#1290=CARTESIAN_POINT('',(-11.939435865,10.442608313,26.710289302));
#1291=CARTESIAN_POINT('',(-11.937850263,10.444193924,26.71029485));
#1292=CARTESIAN_POINT('',(-11.934679065,10.447365161,26.710317037));
#1293=CARTESIAN_POINT('',(-11.933093468,10.448950787,26.710333677));
#1294=CARTESIAN_POINT('',(-11.931507871,10.450536422,26.710355862));
#1295=CARTESIAN_POINT('',(-12.001624922,10.463012011,26.711829064));
#1296=CARTESIAN_POINT('',(-11.998409968,10.466230994,26.711712835));
#1297=CARTESIAN_POINT('',(-11.995194008,10.469449977,26.711625658));
#1298=CARTESIAN_POINT('',(-11.988760576,10.475887439,26.711509419));
#1299=CARTESIAN_POINT('',(-11.985543105,10.479105918,26.711480356));
#1300=CARTESIAN_POINT('',(-11.979107154,10.485541869,26.71148035));
#1301=CARTESIAN_POINT('',(-11.975888675,10.488759341,26.711509407));
#1302=CARTESIAN_POINT('',(-11.969451213,10.495192773,26.711625634));
#1303=CARTESIAN_POINT('',(-11.96623223,10.498408733,26.711712806));
#1304=CARTESIAN_POINT('',(-11.963013247,10.501623687,26.711829028));
#1305=CARTESIAN_POINT('',(-12.027315412,10.47873726,26.712945319));
#1306=CARTESIAN_POINT('',(-12.023272654,10.48278815,26.712757288));
#1307=CARTESIAN_POINT('',(-12.019227863,10.486839041,26.712616253));
#1308=CARTESIAN_POINT('',(-12.011135233,10.494939805,26.712428203));
#1309=CARTESIAN_POINT('',(-12.007087392,10.498989678,26.712381188));
#1310=CARTESIAN_POINT('',(-11.998989678,10.507087392,26.712381188));
#1311=CARTESIAN_POINT('',(-11.994939805,10.511135233,26.712428203));
#1312=CARTESIAN_POINT('',(-11.986839041,10.519227863,26.712616253));
#1313=CARTESIAN_POINT('',(-11.98278815,10.523272654,26.712757288));
#1314=CARTESIAN_POINT('',(-11.97873726,10.527315412,26.712945319));
#1315=CARTESIAN_POINT('',(-12.104830918,10.525827526,26.717504889));
#1316=CARTESIAN_POINT('',(-12.098270238,10.532422615,26.717019441));
#1317=CARTESIAN_POINT('',(-12.091700963,10.539017705,26.716655263));
#1318=CARTESIAN_POINT('',(-12.078549508,10.55220358,26.716169667));
#1319=CARTESIAN_POINT('',(-12.071967329,10.558794365,26.71604825));
#1320=CARTESIAN_POINT('',(-12.058794365,10.571967329,26.71604825));
#1321=CARTESIAN_POINT('',(-12.05220358,10.578549508,26.716169667));
#1322=CARTESIAN_POINT('',(-12.039017705,10.591700962,26.716655263));
#1323=CARTESIAN_POINT('',(-12.032422616,10.598270238,26.717019441));
#1324=CARTESIAN_POINT('',(-12.025827526,10.604830918,26.717504889));
#1325=CARTESIAN_POINT('',(-12.157118366,10.557107555,26.722155174));
#1326=CARTESIAN_POINT('',(-12.148830653,10.565465057,26.721362235));
#1327=CARTESIAN_POINT('',(-12.140525501,10.573822559,26.720767328));
#1328=CARTESIAN_POINT('',(-12.123889027,10.590528836,26.719974063));
#1329=CARTESIAN_POINT('',(-12.115557706,10.59887761,26.719775707));
#1330=CARTESIAN_POINT('',(-12.09887761,10.615557706,26.719775707));
#1331=CARTESIAN_POINT('',(-12.090528835,10.623889027,26.719974063));
#1332=CARTESIAN_POINT('',(-12.073822559,10.640525501,26.720767328));
#1333=CARTESIAN_POINT('',(-12.065465057,10.648830653,26.721362235));
#1334=CARTESIAN_POINT('',(-12.057107554,10.657118366,26.722155174));
#1335=CARTESIAN_POINT('',(-12.316079836,10.650580435,26.741668474));
#1336=CARTESIAN_POINT('',(-12.302497983,10.664477144,26.739552398));
#1337=CARTESIAN_POINT('',(-12.288837664,10.678373851,26.737963594));
#1338=CARTESIAN_POINT('',(-12.261398976,10.706127789,26.735844723));
#1339=CARTESIAN_POINT('',(-12.247620611,10.719985016,26.735314655));
#1340=CARTESIAN_POINT('',(-12.219985016,10.747620611,26.735314655));
#1341=CARTESIAN_POINT('',(-12.206127789,10.761398976,26.735844723));
#1342=CARTESIAN_POINT('',(-12.178373852,10.788837663,26.737963594));
#1343=CARTESIAN_POINT('',(-12.164477145,10.802497982,26.739552398));
#1344=CARTESIAN_POINT('',(-12.150580436,10.816079836,26.741668474));
#1345=CARTESIAN_POINT('',(-12.424866029,10.712410476,26.761974665));
#1346=CARTESIAN_POINT('',(-12.407587543,10.730328235,26.758444623));
#1347=CARTESIAN_POINT('',(-12.390149309,10.748245992,26.755793561));
#1348=CARTESIAN_POINT('',(-12.355033116,10.784001568,26.752257873));
#1349=CARTESIAN_POINT('',(-12.337355158,10.801839384,26.751373246));
#1350=CARTESIAN_POINT('',(-12.301839382,10.83735516,26.751373247));
#1351=CARTESIAN_POINT('',(-12.284001565,10.855033118,26.752257874));
#1352=CARTESIAN_POINT('',(-12.24824599,10.890149312,26.755793561));
#1353=CARTESIAN_POINT('',(-12.230328232,10.907587545,26.758444624));
#1354=CARTESIAN_POINT('',(-12.212410474,10.924866031,26.761974665));
#1355=CARTESIAN_POINT('',(-12.649434034,10.834876224,26.823317855));
#1356=CARTESIAN_POINT('',(-12.624871218,10.861921833,26.815418491));
#1357=CARTESIAN_POINT('',(-12.599696284,10.888967385,26.809466042));
#1358=CARTESIAN_POINT('',(-12.548416138,10.942743974,26.801521955));
#1359=CARTESIAN_POINT('',(-12.522311036,10.969474897,26.799530332));
#1360=CARTESIAN_POINT('',(-12.469474899,11.022311034,26.799530332));
#1361=CARTESIAN_POINT('',(-12.442743977,11.048416136,26.801521955));
#1362=CARTESIAN_POINT('',(-12.388967388,11.099696282,26.809466042));
#1363=CARTESIAN_POINT('',(-12.361921836,11.124871216,26.81541849));
#1364=CARTESIAN_POINT('',(-12.334876226,11.149434031,26.823317854));
#1365=CARTESIAN_POINT('',(-12.765308166,10.895517152,26.864268724));
#1366=CARTESIAN_POINT('',(-12.737134092,10.927666416,26.853390897));
#1367=CARTESIAN_POINT('',(-12.70798088,10.959815582,26.845183044));
#1368=CARTESIAN_POINT('',(-12.648185018,11.023609932,26.834225983));
#1369=CARTESIAN_POINT('',(-12.617542562,11.055254922,26.831476799));
#1370=CARTESIAN_POINT('',(-12.555254922,11.117542562,26.831476799));
#1371=CARTESIAN_POINT('',(-12.523609932,11.148185018,26.834225983));
#1372=CARTESIAN_POINT('',(-12.459815582,11.20798088,26.845183044));
#1373=CARTESIAN_POINT('',(-12.427666415,11.237134092,26.853390897));
#1374=CARTESIAN_POINT('',(-12.395517152,11.265308166,26.864268724));
#1375=CARTESIAN_POINT('',(-12.944394053,10.985270333,26.949404844));
#1376=CARTESIAN_POINT('',(-12.911800715,11.026425757,26.932652249));
#1377=CARTESIAN_POINT('',(-12.8771391,11.067580691,26.91994629));
#1378=CARTESIAN_POINT('',(-12.804611975,11.148784982,26.902966733));
#1379=CARTESIAN_POINT('',(-12.766747333,11.188833371,26.898693335));
#1380=CARTESIAN_POINT('',(-12.688833371,11.266747332,26.898693335));
#1381=CARTESIAN_POINT('',(-12.648784982,11.304611975,26.902966733));
#1382=CARTESIAN_POINT('',(-12.567580691,11.3771391,26.91994629));
#1383=CARTESIAN_POINT('',(-12.526425758,11.411800714,26.932652249));
#1384=CARTESIAN_POINT('',(-12.485270333,11.444394053,26.949404844));
#1385=CARTESIAN_POINT('',(-13.005278714,11.015144391,26.981999992));
#1386=CARTESIAN_POINT('',(-12.971383808,11.059549478,26.963043848));
#1387=CARTESIAN_POINT('',(-12.934961779,11.103953872,26.948643721));
#1388=CARTESIAN_POINT('',(-12.858186084,11.191399736,26.929393962));
#1389=CARTESIAN_POINT('',(-12.817833608,11.234439857,26.924544621));
#1390=CARTESIAN_POINT('',(-12.734439722,11.31783374,26.924544627));
#1391=CARTESIAN_POINT('',(-12.691399599,11.358186213,26.929393974));
#1392=CARTESIAN_POINT('',(-12.603953735,11.434961902,26.948643744));
#1393=CARTESIAN_POINT('',(-12.559549342,11.471383927,26.963043875));
#1394=CARTESIAN_POINT('',(-12.515144257,11.505278829,26.982000025));
#1395=CARTESIAN_POINT('',(-13.126310401,11.073462405,27.055972319));
#1396=CARTESIAN_POINT('',(-13.090484032,11.124822289,27.032316399));
#1397=CARTESIAN_POINT('',(-13.050969535,11.176180821,27.014277045));
#1398=CARTESIAN_POINT('',(-12.966134981,11.276860227,26.990143566));
#1399=CARTESIAN_POINT('',(-12.920817151,11.326178468,26.984050068));
#1400=CARTESIAN_POINT('',(-12.826178604,11.420817019,26.984050063));
#1401=CARTESIAN_POINT('',(-12.776860364,11.466134852,26.990143555));
#1402=CARTESIAN_POINT('',(-12.676180958,11.550969412,27.014277022));
#1403=CARTESIAN_POINT('',(-12.624822424,11.590483913,27.032316372));
#1404=CARTESIAN_POINT('',(-12.573462539,11.626310287,27.055972287));
#1405=CARTESIAN_POINT('',(-13.186413331,11.101893536,27.097286318));
#1406=CARTESIAN_POINT('',(-13.149958245,11.156955199,27.071136353));
#1407=CARTESIAN_POINT('',(-13.109113307,11.212015055,27.051153426));
#1408=CARTESIAN_POINT('',(-13.020472481,11.319680056,27.024408381));
#1409=CARTESIAN_POINT('',(-12.972679531,11.372281665,27.017647133));
#1410=CARTESIAN_POINT('',(-12.872281665,11.472679531,27.017647133));
#1411=CARTESIAN_POINT('',(-12.819680056,11.520472481,27.024408381));
#1412=CARTESIAN_POINT('',(-12.712015055,11.609113307,27.051153426));
#1413=CARTESIAN_POINT('',(-12.656955199,11.649958245,27.071136353));
#1414=CARTESIAN_POINT('',(-12.601893536,11.686413331,27.097286318));
#1415=CARTESIAN_POINT('',(-13.304356882,11.157102672,27.189488297));
#1416=CARTESIAN_POINT('',(-13.267583077,11.220022115,27.15839182));
#1417=CARTESIAN_POINT('',(-13.224737985,11.282938311,27.134516522));
#1418=CARTESIAN_POINT('',(-13.129292321,11.405272311,27.10253089));
#1419=CARTESIAN_POINT('',(-13.076696699,11.464683798,27.094422201));
#1420=CARTESIAN_POINT('',(-12.964683798,11.576696699,27.094422201));
#1421=CARTESIAN_POINT('',(-12.905272311,11.629292321,27.10253089));
#1422=CARTESIAN_POINT('',(-12.782938311,11.724737985,27.134516522));
#1423=CARTESIAN_POINT('',(-12.720022115,11.767583077,27.15839182));
#1424=CARTESIAN_POINT('',(-12.657102672,11.804356882,27.189488297));
#1425=CARTESIAN_POINT('',(-13.362192692,11.183879991,27.240384915));
#1426=CARTESIAN_POINT('',(-13.32573371,11.250957745,27.206836381));
#1427=CARTESIAN_POINT('',(-13.282222427,11.318031272,27.181012144));
#1428=CARTESIAN_POINT('',(-13.183782595,11.448052188,27.146397172));
#1429=CARTESIAN_POINT('',(-13.128860307,11.510991376,27.137608619));
#1430=CARTESIAN_POINT('',(-13.010991376,11.628860307,27.137608619));
#1431=CARTESIAN_POINT('',(-12.948052188,11.683782595,27.146397172));
#1432=CARTESIAN_POINT('',(-12.818031272,11.782222427,27.181012144));
#1433=CARTESIAN_POINT('',(-12.750957745,11.82573371,27.206836381));
#1434=CARTESIAN_POINT('',(-12.683879991,11.862192692,27.240384915));
#1435=CARTESIAN_POINT('',(-13.473708783,11.235514189,27.352263628));
#1436=CARTESIAN_POINT('',(-13.438980737,11.311274207,27.314393653));
#1437=CARTESIAN_POINT('',(-13.394979221,11.387027225,27.285083428));
#1438=CARTESIAN_POINT('',(-13.291699952,11.532913037,27.245751229));
#1439=CARTESIAN_POINT('',(-13.232431793,11.603032346,27.235732888));
#1440=CARTESIAN_POINT('',(-13.103032346,11.732431793,27.235732888));
#1441=CARTESIAN_POINT('',(-13.032913037,11.791699952,27.245751229));
#1442=CARTESIAN_POINT('',(-12.887027225,11.894979221,27.285083428));
#1443=CARTESIAN_POINT('',(-12.811274207,11.938980737,27.314393653));
#1444=CARTESIAN_POINT('',(-12.735514189,11.973708783,27.352263628));
#1445=CARTESIAN_POINT('',(-13.527611909,11.260484981,27.413577111));
#1446=CARTESIAN_POINT('',(-13.494315112,11.3407925,27.373839342));
#1447=CARTESIAN_POINT('',(-13.450497707,11.421091205,27.342992519));
#1448=CARTESIAN_POINT('',(-13.345375347,11.575195832,27.301572798));
#1449=CARTESIAN_POINT('',(-13.284082024,11.64898483,27.291004464));
#1450=CARTESIAN_POINT('',(-13.14898483,11.784082024,27.291004464));
#1451=CARTESIAN_POINT('',(-13.075195832,11.845375347,27.301572798));
#1452=CARTESIAN_POINT('',(-12.921091204,11.950497707,27.342992519));
#1453=CARTESIAN_POINT('',(-12.8407925,11.994315112,27.373839342));
#1454=CARTESIAN_POINT('',(-12.760484981,12.027611909,27.413577111));
#1455=CARTESIAN_POINT('',(-13.627837621,11.307483579,27.544366011));
#1456=CARTESIAN_POINT('',(-13.598346799,11.396883319,27.502169482));
#1457=CARTESIAN_POINT('',(-13.555724159,11.486269675,27.469224263));
#1458=CARTESIAN_POINT('',(-13.448234557,11.656624735,27.424933211));
#1459=CARTESIAN_POINT('',(-13.383383771,11.737567925,27.413594025));
#1460=CARTESIAN_POINT('',(-13.237567925,11.883383771,27.413594025));
#1461=CARTESIAN_POINT('',(-13.156624735,11.948234557,27.424933211));
#1462=CARTESIAN_POINT('',(-12.986269675,12.055724159,27.469224263));
#1463=CARTESIAN_POINT('',(-12.896883319,12.098346799,27.502169482));
#1464=CARTESIAN_POINT('',(-12.807483579,12.127837621,27.544366011));
#1465=CARTESIAN_POINT('',(-13.674123219,11.329503731,27.613809977));
#1466=CARTESIAN_POINT('',(-13.647000231,11.423441387,27.571037131));
#1467=CARTESIAN_POINT('',(-13.605385049,11.517362893,27.537542492));
#1468=CARTESIAN_POINT('',(-13.49737019,11.695737446,27.492484524));
#1469=CARTESIAN_POINT('',(-13.430989184,11.780159824,27.480928987));
#1470=CARTESIAN_POINT('',(-13.280159826,11.930989182,27.480928987));
#1471=CARTESIAN_POINT('',(-13.195737448,11.997370187,27.492484524));
#1472=CARTESIAN_POINT('',(-13.017362894,12.105385047,27.537542492));
#1473=CARTESIAN_POINT('',(-12.923441388,12.147000228,27.571037132));
#1474=CARTESIAN_POINT('',(-12.829503733,12.174123217,27.613809978));
#1475=CARTESIAN_POINT('',(-13.756570892,11.369559502,27.7564754));
#1476=CARTESIAN_POINT('',(-13.734520368,11.472030491,27.714159732));
#1477=CARTESIAN_POINT('',(-13.695369826,11.574479261,27.680845455));
#1478=CARTESIAN_POINT('',(-13.587293725,11.767798295,27.635979257));
#1479=CARTESIAN_POINT('',(-13.518391694,11.858626639,27.624437107));
#1480=CARTESIAN_POINT('',(-13.358626637,12.018391696,27.624437107));
#1481=CARTESIAN_POINT('',(-13.267798293,12.087293727,27.635979257));
#1482=CARTESIAN_POINT('',(-13.074479259,12.195369828,27.680845454));
#1483=CARTESIAN_POINT('',(-12.972030489,12.23452037,27.714159731));
#1484=CARTESIAN_POINT('',(-12.8695595,12.256570894,27.7564754));
#1485=CARTESIAN_POINT('',(-13.793012091,11.387719671,27.830000574));
#1486=CARTESIAN_POINT('',(-13.773667433,11.494206382,27.788708299));
#1487=CARTESIAN_POINT('',(-13.735970331,11.600667562,27.756116193));
#1488=CARTESIAN_POINT('',(-13.628342747,11.800949267,27.712198543));
#1489=CARTESIAN_POINT('',(-13.558438156,11.894721771,27.700883595));
#1490=CARTESIAN_POINT('',(-13.394721772,12.058438155,27.700883595));
#1491=CARTESIAN_POINT('',(-13.300949268,12.128342745,27.712198543));
#1492=CARTESIAN_POINT('',(-13.100667563,12.235970329,27.756116193));
#1493=CARTESIAN_POINT('',(-12.994206382,12.273667432,27.788708299));
#1494=CARTESIAN_POINT('',(-12.887719671,12.293012089,27.830000574));
#1495=CARTESIAN_POINT('',(-13.856646274,11.420223066,27.980291342));
#1496=CARTESIAN_POINT('',(-13.842513389,11.533953529,27.942516754));
#1497=CARTESIAN_POINT('',(-13.807757771,11.647651863,27.912568773));
#1498=CARTESIAN_POINT('',(-13.701468535,11.860411302,27.872175795));
#1499=CARTESIAN_POINT('',(-13.629965026,11.959412302,27.861742271));
#1500=CARTESIAN_POINT('',(-13.459412301,12.129965028,27.861742271));
#1501=CARTESIAN_POINT('',(-13.360411301,12.201468537,27.872175795));
#1502=CARTESIAN_POINT('',(-13.147651862,12.307757772,27.912568773));
#1503=CARTESIAN_POINT('',(-13.033953528,12.342513391,27.942516754));
#1504=CARTESIAN_POINT('',(-12.920223065,12.356646275,27.980291342));
#1505=CARTESIAN_POINT('',(-13.884018292,11.434659095,28.057701294));
#1506=CARTESIAN_POINT('',(-13.872404483,11.551636587,28.022443444));
#1507=CARTESIAN_POINT('',(-13.839143873,11.66857863,27.994435234));
#1508=CARTESIAN_POINT('',(-13.733746609,11.886886087,27.956642431));
#1509=CARTESIAN_POINT('',(-13.661641929,11.988185383,27.94686935));
#1510=CARTESIAN_POINT('',(-13.488185397,12.161641913,27.946869351));
#1511=CARTESIAN_POINT('',(-13.386886099,12.233746592,27.956642432));
#1512=CARTESIAN_POINT('',(-13.168578639,12.339143854,27.994435237));
#1513=CARTESIAN_POINT('',(-13.051636593,12.372404465,28.022443448));
#1514=CARTESIAN_POINT('',(-12.9346591,12.384018273,28.057701299));
#1515=CARTESIAN_POINT('',(-13.929072947,11.45900204,28.211594601));
#1516=CARTESIAN_POINT('',(-13.921790321,11.581383761,28.182308686));
#1517=CARTESIAN_POINT('',(-13.891157767,11.703724216,28.158969054));
#1518=CARTESIAN_POINT('',(-13.787480262,11.931227661,28.127453826));
#1519=CARTESIAN_POINT('',(-13.714470303,12.036313979,28.119288915));
#1520=CARTESIAN_POINT('',(-13.536313965,12.214470319,28.119288914));
#1521=CARTESIAN_POINT('',(-13.431227648,12.28748028,28.127453825));
#1522=CARTESIAN_POINT('',(-13.203724208,12.391157785,28.158969051));
#1523=CARTESIAN_POINT('',(-13.081383754,12.42179034,28.182308683));
#1524=CARTESIAN_POINT('',(-12.959002036,12.429072965,28.211594597));
#1525=CARTESIAN_POINT('',(-13.946850569,11.468947239,28.288004856));
#1526=CARTESIAN_POINT('',(-13.941383764,11.593495053,28.262151211));
#1527=CARTESIAN_POINT('',(-13.911884737,11.717999029,28.241521385));
#1528=CARTESIAN_POINT('',(-13.809031211,11.949166562,28.213657698));
#1529=CARTESIAN_POINT('',(-13.735712866,12.05574891,28.206433672));
#1530=CARTESIAN_POINT('',(-13.555748938,12.235712831,28.206433673));
#1531=CARTESIAN_POINT('',(-13.449166586,12.309031174,28.213657701));
#1532=CARTESIAN_POINT('',(-13.217999043,12.411884696,28.24152139));
#1533=CARTESIAN_POINT('',(-13.093495063,12.441383722,28.262151217));
#1534=CARTESIAN_POINT('',(-12.968947243,12.446850528,28.288004863));
#1535=CARTESIAN_POINT('',(-13.974466171,11.484701986,28.439732909));
#1536=CARTESIAN_POINT('',(-13.971837904,11.612592301,28.421114696));
#1537=CARTESIAN_POINT('',(-13.944126202,11.740434796,28.406228682));
#1538=CARTESIAN_POINT('',(-13.842609109,11.977245775,28.386114198));
#1539=CARTESIAN_POINT('',(-13.768841627,12.086125874,28.380893282));
#1540=CARTESIAN_POINT('',(-13.586125846,12.268841662,28.38089328));
#1541=CARTESIAN_POINT('',(-13.477245751,12.342609147,28.386114196));
#1542=CARTESIAN_POINT('',(-13.240434781,12.444126243,28.406228677));
#1543=CARTESIAN_POINT('',(-13.112592292,12.471837946,28.42111469));
#1544=CARTESIAN_POINT('',(-12.984701982,12.474466212,28.439732902));
#1545=CARTESIAN_POINT('',(-13.984301476,11.490509489,28.51505652));
#1546=CARTESIAN_POINT('',(-13.982699219,11.619578081,28.500240214));
#1547=CARTESIAN_POINT('',(-13.955643729,11.748597474,28.488386863));
#1548=CARTESIAN_POINT('',(-13.854641998,11.987390767,28.472368129));
#1549=CARTESIAN_POINT('',(-13.780734262,12.097073641,28.468208872));
#1550=CARTESIAN_POINT('',(-13.597073641,12.280734262,28.468208872));
#1551=CARTESIAN_POINT('',(-13.487390767,12.354641998,28.472368129));
#1552=CARTESIAN_POINT('',(-13.248597474,12.455643729,28.488386863));
#1553=CARTESIAN_POINT('',(-13.119578081,12.482699219,28.500240214));
#1554=CARTESIAN_POINT('',(-12.990509489,12.484301476,28.51505652));
#1555=CARTESIAN_POINT('',(-13.993913487,11.496270046,28.627397449));
#1556=CARTESIAN_POINT('',(-13.99329938,11.626470509,28.618264975));
#1557=CARTESIAN_POINT('',(-13.966877066,11.756620355,28.61095454));
#1558=CARTESIAN_POINT('',(-13.866375347,11.997316826,28.601073895));
#1559=CARTESIAN_POINT('',(-13.792335015,12.107769878,28.598507532));
#1560=CARTESIAN_POINT('',(-13.607769878,12.292335015,28.598507532));
#1561=CARTESIAN_POINT('',(-13.497316826,12.366375347,28.601073895));
#1562=CARTESIAN_POINT('',(-13.256620355,12.466877066,28.61095454));
#1563=CARTESIAN_POINT('',(-13.126470509,12.49329938,28.618264975));
#1564=CARTESIAN_POINT('',(-12.996270046,12.493913487,28.627397449));
#1565=CARTESIAN_POINT('',(-13.99623387,11.497682626,28.664470323));
#1566=CARTESIAN_POINT('',(-13.995855876,11.628152133,28.657216604));
#1567=CARTESIAN_POINT('',(-13.969585356,11.758570678,28.651409308));
#1568=CARTESIAN_POINT('',(-13.869204692,11.999719154,28.643560049));
#1569=CARTESIAN_POINT('',(-13.795133753,12.110354899,28.641521154));
#1570=CARTESIAN_POINT('',(-13.6103549,12.295133753,28.641521154));
#1571=CARTESIAN_POINT('',(-13.499719155,12.369204691,28.643560049));
#1572=CARTESIAN_POINT('',(-13.258570678,12.469585355,28.651409309));
#1573=CARTESIAN_POINT('',(-13.128152133,12.495855875,28.657216604));
#1574=CARTESIAN_POINT('',(-12.997682626,12.496233869,28.664470323));
#1575=CARTESIAN_POINT('',(-13.998515583,11.499080892,28.71946316));
#1576=CARTESIAN_POINT('',(-13.998367774,11.629812507,28.714973148));
#1577=CARTESIAN_POINT('',(-13.972245303,11.760492829,28.711377978));
#1578=CARTESIAN_POINT('',(-13.871982855,12.002081621,28.706518531));
#1579=CARTESIAN_POINT('',(-13.797882213,12.112895308,28.705256161));
#1580=CARTESIAN_POINT('',(-13.612895308,12.297882214,28.705256161));
#1581=CARTESIAN_POINT('',(-13.502081621,12.371982856,28.706518531));
#1582=CARTESIAN_POINT('',(-13.260492829,12.472245304,28.711377978));
#1583=CARTESIAN_POINT('',(-13.129812507,12.498367774,28.714973148));
#1584=CARTESIAN_POINT('',(-12.999080892,12.498515583,28.71946316));
#1585=CARTESIAN_POINT('',(-13.999076582,11.499427077,28.737697677));
#1586=CARTESIAN_POINT('',(-13.998984907,11.630222538,28.734120237));
#1587=CARTESIAN_POINT('',(-13.972898567,11.760966626,28.731255675));
#1588=CARTESIAN_POINT('',(-13.872665026,12.002662657,28.727383734));
#1589=CARTESIAN_POINT('',(-13.798557194,12.113519672,28.726377876));
#1590=CARTESIAN_POINT('',(-13.613519672,12.298557194,28.726377876));
#1591=CARTESIAN_POINT('',(-13.502662657,12.372665026,28.727383734));
#1592=CARTESIAN_POINT('',(-13.260966626,12.472898566,28.731255675));
#1593=CARTESIAN_POINT('',(-13.130222538,12.498984907,28.734120237));
#1594=CARTESIAN_POINT('',(-12.999427077,12.499076582,28.737697677));
#1595=CARTESIAN_POINT('',(-13.999633242,11.499771798,28.76491229));
#1596=CARTESIAN_POINT('',(-13.999596988,11.63063028,28.762688382));
#1597=CARTESIAN_POINT('',(-13.973546324,11.761437308,28.760907576));
#1598=CARTESIAN_POINT('',(-13.873341343,12.003239184,28.758500497));
#1599=CARTESIAN_POINT('',(-13.799226426,12.11413896,28.757875172));
#1600=CARTESIAN_POINT('',(-13.61413896,12.299226426,28.757875172));
#1601=CARTESIAN_POINT('',(-13.503239184,12.373341343,28.758500497));
#1602=CARTESIAN_POINT('',(-13.261437308,12.473546324,28.760907576));
#1603=CARTESIAN_POINT('',(-13.13063028,12.499596988,28.762688382));
#1604=CARTESIAN_POINT('',(-12.999771798,12.499633242,28.76491229));
#1605=CARTESIAN_POINT('',(-13.999771305,11.499857537,28.773960907));
#1606=CARTESIAN_POINT('',(-13.999748737,11.630731577,28.772185619));
#1607=CARTESIAN_POINT('',(-13.973706883,11.761554146,28.770764036));
#1608=CARTESIAN_POINT('',(-13.873508956,12.003382157,28.768842509));
#1609=CARTESIAN_POINT('',(-13.799392289,12.114292491,28.768343321));
#1610=CARTESIAN_POINT('',(-13.614292491,12.299392289,28.768343321));
#1611=CARTESIAN_POINT('',(-13.503382157,12.373508956,28.768842509));
#1612=CARTESIAN_POINT('',(-13.261554146,12.473706883,28.770764036));
#1613=CARTESIAN_POINT('',(-13.130731577,12.499748737,28.772185619));
#1614=CARTESIAN_POINT('',(-12.999857537,12.499771305,28.773960907));
#1615=CARTESIAN_POINT('',(-13.999908839,11.499943141,28.787500446));
#1616=CARTESIAN_POINT('',(-13.999899863,11.630832632,28.786394012));
#1617=CARTESIAN_POINT('',(-13.97386676,11.761670631,28.785508015));
#1618=CARTESIAN_POINT('',(-13.873675843,12.003524589,28.784310428));
#1619=CARTESIAN_POINT('',(-13.799557443,12.114445405,28.783999309));
#1620=CARTESIAN_POINT('',(-13.614445405,12.299557443,28.783999309));
#1621=CARTESIAN_POINT('',(-13.503524589,12.373675843,28.784310428));
#1622=CARTESIAN_POINT('',(-13.261670631,12.47386676,28.785508015));
#1623=CARTESIAN_POINT('',(-13.130832632,12.499899863,28.786394012));
#1624=CARTESIAN_POINT('',(-12.999943141,12.499908839,28.787500446));
#1625=CARTESIAN_POINT('',(-13.99994309,11.499964478,28.792008038));
#1626=CARTESIAN_POINT('',(-13.999937492,11.630857808,28.791123874));
#1627=CARTESIAN_POINT('',(-13.973906564,11.761699643,28.790415862));
#1628=CARTESIAN_POINT('',(-13.873717388,12.003560052,28.789458853));
#1629=CARTESIAN_POINT('',(-13.799598556,12.114483475,28.789210233));
#1630=CARTESIAN_POINT('',(-13.614483475,12.299598556,28.789210233));
#1631=CARTESIAN_POINT('',(-13.503560052,12.373717388,28.789458853));
#1632=CARTESIAN_POINT('',(-13.261699643,12.473906564,28.790415862));
#1633=CARTESIAN_POINT('',(-13.130857808,12.499937492,28.791123874));
#1634=CARTESIAN_POINT('',(-12.999964478,12.49994309,28.792008038));
#1635=CARTESIAN_POINT('',(-13.999977275,11.499985808,28.79876119));
#1636=CARTESIAN_POINT('',(-13.999975042,11.630882964,28.798209382));
#1637=CARTESIAN_POINT('',(-13.973946281,11.761728619,28.797767511));
#1638=CARTESIAN_POINT('',(-13.873758841,12.003595451,28.797170239));
#1639=CARTESIAN_POINT('',(-13.79963958,12.114521469,28.797015075));
#1640=CARTESIAN_POINT('',(-13.614521469,12.29963958,28.797015075));
#1641=CARTESIAN_POINT('',(-13.503595451,12.373758841,28.797170239));
#1642=CARTESIAN_POINT('',(-13.261728619,12.473946281,28.797767511));
#1643=CARTESIAN_POINT('',(-13.130882964,12.499975042,28.798209382));
#1644=CARTESIAN_POINT('',(-12.999985808,12.499977275,28.79876119));
#1645=CARTESIAN_POINT('',(-13.999985805,11.499991131,28.801010862));
#1646=CARTESIAN_POINT('',(-13.999984411,11.63088924,28.800569664));
#1647=CARTESIAN_POINT('',(-13.97395619,11.761735848,28.800216365));
#1648=CARTESIAN_POINT('',(-13.873769183,12.003604283,28.799738817));
#1649=CARTESIAN_POINT('',(-13.799649814,12.114530947,28.799614755));
#1650=CARTESIAN_POINT('',(-13.614530947,12.299649814,28.799614755));
#1651=CARTESIAN_POINT('',(-13.503604283,12.373769183,28.799738817));
#1652=CARTESIAN_POINT('',(-13.261735848,12.47395619,28.800216365));
#1653=CARTESIAN_POINT('',(-13.13088924,12.499984411,28.800569664));
#1654=CARTESIAN_POINT('',(-12.999991131,12.499985805,28.801010862));
#1655=CARTESIAN_POINT('',(-13.999994327,11.499996455,28.804383323));
#1656=CARTESIAN_POINT('',(-13.99999377,11.630895516,28.804107775));
#1657=CARTESIAN_POINT('',(-13.973966088,11.761743074,28.803887124));
#1658=CARTESIAN_POINT('',(-13.873779513,12.003613107,28.803588873));
#1659=CARTESIAN_POINT('',(-13.799660038,12.114540417,28.803511391));
#1660=CARTESIAN_POINT('',(-13.614540417,12.299660038,28.803511391));
#1661=CARTESIAN_POINT('',(-13.503613107,12.373779513,28.803588873));
#1662=CARTESIAN_POINT('',(-13.261743074,12.473966088,28.803887124));
#1663=CARTESIAN_POINT('',(-13.130895516,12.49999377,28.804107775));
#1664=CARTESIAN_POINT('',(-12.999996455,12.499994327,28.804383323));
#1665=CARTESIAN_POINT('',(-13.999996455,11.499997784,28.805507135));
#1666=CARTESIAN_POINT('',(-13.999996107,11.630897083,28.805286759));
#1667=CARTESIAN_POINT('',(-13.97396856,11.761744878,28.805110288));
#1668=CARTESIAN_POINT('',(-13.873782092,12.00361531,28.804871755));
#1669=CARTESIAN_POINT('',(-13.799662591,12.114542782,28.804809787));
#1670=CARTESIAN_POINT('',(-13.614542782,12.299662591,28.804809787));
#1671=CARTESIAN_POINT('',(-13.50361531,12.373782092,28.804871755));
#1672=CARTESIAN_POINT('',(-13.261744878,12.47396856,28.805110288));
#1673=CARTESIAN_POINT('',(-13.130897083,12.499996107,28.805286759));
#1674=CARTESIAN_POINT('',(-12.999997784,12.499996455,28.805507135));
#1675=CARTESIAN_POINT('',(-13.999999292,11.499999557,28.807754078));
#1676=CARTESIAN_POINT('',(-13.999999222,11.630899172,28.807643957));
#1677=CARTESIAN_POINT('',(-13.973971854,11.761747284,28.807555775));
#1678=CARTESIAN_POINT('',(-13.87378553,12.003618247,28.807436581));
#1679=CARTESIAN_POINT('',(-13.799665993,12.114545933,28.807405616));
#1680=CARTESIAN_POINT('',(-13.614545933,12.299665993,28.807405616));
#1681=CARTESIAN_POINT('',(-13.503618247,12.37378553,28.807436581));
#1682=CARTESIAN_POINT('',(-13.261747284,12.473971854,28.807555775));
#1683=CARTESIAN_POINT('',(-13.130899172,12.499999222,28.807643957));
#1684=CARTESIAN_POINT('',(-12.999999557,12.499999292,28.807754078));
#1685=CARTESIAN_POINT('',(-14.,11.5,28.809297668));
#1686=CARTESIAN_POINT('',(-14.,11.630899694,28.809297668));
#1687=CARTESIAN_POINT('',(-13.973972677,11.761747884,28.809297668));
#1688=CARTESIAN_POINT('',(-13.873786388,12.00361898,28.809297668));
#1689=CARTESIAN_POINT('',(-13.799666842,12.11454672,28.809297668));
#1690=CARTESIAN_POINT('',(-13.61454672,12.299666842,28.809297668));
#1691=CARTESIAN_POINT('',(-13.50361898,12.373786388,28.809297668));
#1692=CARTESIAN_POINT('',(-13.261747884,12.473972677,28.809297668));
#1693=CARTESIAN_POINT('',(-13.130899694,12.5,28.809297668));
#1694=CARTESIAN_POINT('',(-13.,12.5,28.809297668));
#1695=CARTESIAN_POINT('',(-14.,11.5,28.81));
#1696=CARTESIAN_POINT('',(-14.,11.630899694,28.81));
#1697=CARTESIAN_POINT('',(-13.973972677,11.761747884,28.81));
#1698=CARTESIAN_POINT('',(-13.873786388,12.00361898,28.81));
#1699=CARTESIAN_POINT('',(-13.799666842,12.11454672,28.81));
#1700=CARTESIAN_POINT('',(-13.61454672,12.299666842,28.81));
#1701=CARTESIAN_POINT('',(-13.50361898,12.373786388,28.81));
#1702=CARTESIAN_POINT('',(-13.261747884,12.473972677,28.81));
#1703=CARTESIAN_POINT('',(-13.130899694,12.5,28.81));
#1704=CARTESIAN_POINT('',(-13.,12.5,28.81));
#1705=B_SPLINE_SURFACE_WITH_KNOTS('',3,3,((#1265,#1266,#1267,#1268,#1269,#1270,#1271,#1272,#1273,#1274),(#1275,#1276,#1277,#1278,#1279,#1280,#1281,#1282,#1283,#1284),(#1285,#1286,#1287,#1288,#1289,#1290,#1291,#1292,#1293,#1294),(#1295,#1296,#1297,#1298,#1299,#1300,#1301,#1302,#1303,#1304),(#1305,#1306,#1307,#1308,#1309,#1310,#1311,#1312,#1313,#1314),(#1315,#1316,#1317,#1318,#1319,#1320,#1321,#1322,#1323,#1324),(#1325,#1326,#1327,#1328,#1329,#1330,#1331,#1332,#1333,#1334),(#1335,#1336,#1337,#1338,#1339,#1340,#1341,#1342,#1343,#1344),(#1345,#1346,#1347,#1348,#1349,#1350,#1351,#1352,#1353,#1354),(#1355,#1356,#1357,#1358,#1359,#1360,#1361,#1362,#1363,#1364),(#1365,#1366,#1367,#1368,#1369,#1370,#1371,#1372,#1373,#1374),(#1375,#1376,#1377,#1378,#1379,#1380,#1381,#1382,#1383,#1384),(#1385,#1386,#1387,#1388,#1389,#1390,#1391,#1392,#1393,#1394),(#1395,#1396,#1397,#1398,#1399,#1400,#1401,#1402,#1403,#1404),(#1405,#1406,#1407,#1408,#1409,#1410,#1411,#1412,#1413,#1414),(#1415,#1416,#1417,#1418,#1419,#1420,#1421,#1422,#1423,#1424),(#1425,#1426,#1427,#1428,#1429,#1430,#1431,#1432,#1433,#1434),(#1435,#1436,#1437,#1438,#1439,#1440,#1441,#1442,#1443,#1444),(#1445,#1446,#1447,#1448,#1449,#1450,#1451,#1452,#1453,#1454),(#1455,#1456,#1457,#1458,#1459,#1460,#1461,#1462,#1463,#1464),(#1465,#1466,#1467,#1468,#1469,#1470,#1471,#1472,#1473,#1474),(#1475,#1476,#1477,#1478,#1479,#1480,#1481,#1482,#1483,#1484),(#1485,#1486,#1487,#1488,#1489,#1490,#1491,#1492,#1493,#1494),(#1495,#1496,#1497,#1498,#1499,#1500,#1501,#1502,#1503,#1504),(#1505,#1506,#1507,#1508,#1509,#1510,#1511,#1512,#1513,#1514),(#1515,#1516,#1517,#1518,#1519,#1520,#1521,#1522,#1523,#1524),
(#1525,#1526,#1527,#1528,#1529,#1530,#1531,#1532,#1533,#1534),(#1535,#1536,#1537,#1538,#1539,#1540,#1541,#1542,#1543,#1544),(#1545,#1546,#1547,#1548,#1549,#1550,#1551,#1552,#1553,#1554),(#1555,#1556,#1557,#1558,#1559,#1560,#1561,#1562,#1563,#1564),(#1565,#1566,#1567,#1568,#1569,#1570,#1571,#1572,#1573,#1574),(#1575,#1576,#1577,#1578,#1579,#1580,#1581,#1582,#1583,#1584),(#1585,#1586,#1587,#1588,#1589,#1590,#1591,#1592,#1593,#1594),(#1595,#1596,#1597,#1598,#1599,#1600,#1601,#1602,#1603,#1604),(#1605,#1606,#1607,#1608,#1609,#1610,#1611,#1612,#1613,#1614),(#1615,#1616,#1617,#1618,#1619,#1620,#1621,#1622,#1623,#1624),(#1625,#1626,#1627,#1628,#1629,#1630,#1631,#1632,#1633,#1634),(#1635,#1636,#1637,#1638,#1639,#1640,#1641,#1642,#1643,#1644),(#1645,#1646,#1647,#1648,#1649,#1650,#1651,#1652,#1653,#1654),(#1655,#1656,#1657,#1658,#1659,#1660,#1661,#1662,#1663,#1664),(#1665,#1666,#1667,#1668,#1669,#1670,#1671,#1672,#1673,#1674),(#1675,#1676,#1677,#1678,#1679,#1680,#1681,#1682,#1683,#1684),(#1685,#1686,#1687,#1688,#1689,#1690,#1691,#1692,#1693,#1694),(#1695,#1696,#1697,#1698,#1699,#1700,#1701,#1702,#1703,#1704)),.UNSPECIFIED.,.F.,.F.,.U.,(4,2,2,2,2,2,2,2,2,2,2,2,2,2,2,2,2,2,2,2,2,4),(4,2,2,2,4),(-0.000008174,0.000057955,0.000124084,0.000256342,0.000520859,0.000785375,0.000917633,0.001049891,0.001182149,0.001314408,0.001446666,0.001578924,0.001711182,0.00184344,0.001975698,0.002041827,0.002074892,0.002091424,0.00209969,0.002103823,0.00210589,0.002107957),(0.,0.25,0.5,0.75,1.),.UNSPECIFIED.);
#1706=ORIENTED_EDGE('',*,*,#820,.F.);
#1707=ORIENTED_EDGE('',*,*,#633,.F.);
#1708=CARTESIAN_POINT('',(-13.,11.5,28.81));
#1709=DIRECTION('',(-0.,-0.,1.));
#1710=DIRECTION('',(-1.,0.,0.));
#1711=AXIS2_PLACEMENT_3D('',#1708,#1709,#1710);
#1712=CIRCLE('',#1711,1.);
#1713=EDGE_CURVE('',#155,#43,#1712,.T.);
#1714=ORIENTED_EDGE('',*,*,#1713,.F.);
#1715=EDGE_LOOP('',(#1706,#1707,#1714));
#1716=FACE_BOUND('',#1715,.T.);
#1717=ADVANCED_FACE('',(#1716),#1705,.T.);
#1718=CARTESIAN_POINT('',(-13.,11.5,31.21));
#1719=DIRECTION('',(0.,0.,-1.));
#1720=DIRECTION('',(-1.,0.,0.));
#1721=AXIS2_PLACEMENT_3D('',#1718,#1719,#1720);
#1722=CYLINDRICAL_SURFACE('',#1721,1.);
#1723=ORIENTED_EDGE('',*,*,#1713,.T.);
#1724=ORIENTED_EDGE('',*,*,#48,.F.);
#1725=CARTESIAN_POINT('',(-13.,11.5,29.11));
#1726=DIRECTION('',(-0.,-0.,1.));
#1727=DIRECTION('',(-1.,0.,0.));
#1728=AXIS2_PLACEMENT_3D('',#1725,#1726,#1727);
#1729=CIRCLE('',#1728,1.);
#1730=EDGE_CURVE('',#163,#35,#1729,.T.);
#1731=ORIENTED_EDGE('',*,*,#1730,.F.);
#1732=ORIENTED_EDGE('',*,*,#168,.F.);
#1733=EDGE_LOOP('',(#1723,#1724,#1731,#1732));
#1734=FACE_BOUND('',#1733,.T.);
#1735=ADVANCED_FACE('',(#1734),#1722,.T.);
#1736=CARTESIAN_POINT('',(-11.9,10.4,31.21));
#1737=CARTESIAN_POINT('',(-11.9,10.4,31.21));
#1738=CARTESIAN_POINT('',(-11.9,10.4,31.21));
#1739=CARTESIAN_POINT('',(-11.9,10.4,31.21));
#1740=CARTESIAN_POINT('',(-11.9,10.4,31.21));
#1741=CARTESIAN_POINT('',(-11.9,10.4,31.21));
#1742=CARTESIAN_POINT('',(-11.9,10.4,31.21));
#1743=CARTESIAN_POINT('',(-11.9,10.4,31.21));
#1744=CARTESIAN_POINT('',(-11.9,10.4,31.21));
#1745=CARTESIAN_POINT('',(-11.9,10.4,31.21));
#1746=CARTESIAN_POINT('',(-11.916016877,10.42560556,31.21));
#1747=CARTESIAN_POINT('',(-11.916016877,10.42560556,31.21));
#1748=CARTESIAN_POINT('',(-11.918414048,10.423208389,31.21));
#1749=CARTESIAN_POINT('',(-11.918414048,10.423208389,31.21));
#1750=CARTESIAN_POINT('',(-11.920811218,10.420811218,31.21));
#1751=CARTESIAN_POINT('',(-11.920811218,10.420811218,31.21));
#1752=CARTESIAN_POINT('',(-11.923208389,10.418414048,31.21));
#1753=CARTESIAN_POINT('',(-11.923208389,10.418414048,31.21));
#1754=CARTESIAN_POINT('',(-11.92560556,10.416016877,31.21));
#1755=CARTESIAN_POINT('',(-11.92560556,10.416016877,31.21));
#1756=CARTESIAN_POINT('',(-11.931507871,10.450536422,31.209644138));
#1757=CARTESIAN_POINT('',(-11.933093468,10.448950787,31.209666323));
#1758=CARTESIAN_POINT('',(-11.934679065,10.447365161,31.209682963));
#1759=CARTESIAN_POINT('',(-11.937850263,10.444193924,31.20970515));
#1760=CARTESIAN_POINT('',(-11.939435865,10.442608313,31.209710698));
#1761=CARTESIAN_POINT('',(-11.942607078,10.4394371,31.209710704));
#1762=CARTESIAN_POINT('',(-11.944192689,10.437851498,31.209705162));
#1763=CARTESIAN_POINT('',(-11.947363926,10.4346803,31.209682986));
#1764=CARTESIAN_POINT('',(-11.948949552,10.433094704,31.209666353));
#1765=CARTESIAN_POINT('',(-11.950535188,10.431509107,31.209644173));
#1766=CARTESIAN_POINT('',(-11.963013247,10.501623687,31.208170972));
#1767=CARTESIAN_POINT('',(-11.96623223,10.498408733,31.208287194));
#1768=CARTESIAN_POINT('',(-11.969451213,10.495192773,31.208374366));
#1769=CARTESIAN_POINT('',(-11.975888675,10.488759341,31.208490593));
#1770=CARTESIAN_POINT('',(-11.979107154,10.485541869,31.20851965));
#1771=CARTESIAN_POINT('',(-11.985543105,10.479105918,31.208519644));
#1772=CARTESIAN_POINT('',(-11.988760576,10.475887439,31.208490581));
#1773=CARTESIAN_POINT('',(-11.995194008,10.469449977,31.208374342));
#1774=CARTESIAN_POINT('',(-11.998409969,10.466230994,31.208287165));
#1775=CARTESIAN_POINT('',(-12.001624922,10.463012011,31.208170936));
#1776=CARTESIAN_POINT('',(-11.97873726,10.527315412,31.207054681));
#1777=CARTESIAN_POINT('',(-11.98278815,10.523272654,31.207242712));
#1778=CARTESIAN_POINT('',(-11.986839041,10.519227863,31.207383747));
#1779=CARTESIAN_POINT('',(-11.994939805,10.511135233,31.207571797));
#1780=CARTESIAN_POINT('',(-11.998989678,10.507087392,31.207618812));
#1781=CARTESIAN_POINT('',(-12.007087392,10.498989678,31.207618812));
#1782=CARTESIAN_POINT('',(-12.011135233,10.494939805,31.207571797));
#1783=CARTESIAN_POINT('',(-12.019227863,10.486839041,31.207383747));
#1784=CARTESIAN_POINT('',(-12.023272654,10.48278815,31.207242712));
#1785=CARTESIAN_POINT('',(-12.027315412,10.47873726,31.207054681));
#1786=CARTESIAN_POINT('',(-12.025827526,10.604830918,31.202495111));
#1787=CARTESIAN_POINT('',(-12.032422616,10.598270238,31.202980559));
#1788=CARTESIAN_POINT('',(-12.039017705,10.591700962,31.203344737));
#1789=CARTESIAN_POINT('',(-12.05220358,10.578549508,31.203830333));
#1790=CARTESIAN_POINT('',(-12.058794365,10.571967329,31.20395175));
#1791=CARTESIAN_POINT('',(-12.071967329,10.558794365,31.20395175));
#1792=CARTESIAN_POINT('',(-12.078549508,10.55220358,31.203830333));
#1793=CARTESIAN_POINT('',(-12.091700963,10.539017705,31.203344737));
#1794=CARTESIAN_POINT('',(-12.098270238,10.532422615,31.202980559));
#1795=CARTESIAN_POINT('',(-12.104830918,10.525827526,31.202495111));
#1796=CARTESIAN_POINT('',(-12.057107554,10.657118366,31.197844826));
#1797=CARTESIAN_POINT('',(-12.065465057,10.648830653,31.198637765));
#1798=CARTESIAN_POINT('',(-12.073822559,10.640525501,31.199232672));
#1799=CARTESIAN_POINT('',(-12.090528835,10.623889027,31.200025937));
#1800=CARTESIAN_POINT('',(-12.09887761,10.615557706,31.200224293));
#1801=CARTESIAN_POINT('',(-12.115557706,10.59887761,31.200224293));
#1802=CARTESIAN_POINT('',(-12.123889027,10.590528836,31.200025937));
#1803=CARTESIAN_POINT('',(-12.140525501,10.573822559,31.199232672));
#1804=CARTESIAN_POINT('',(-12.148830653,10.565465057,31.198637765));
#1805=CARTESIAN_POINT('',(-12.157118366,10.557107555,31.197844826));
#1806=CARTESIAN_POINT('',(-12.150580436,10.816079836,31.178331526));
#1807=CARTESIAN_POINT('',(-12.164477145,10.802497982,31.180447602));
#1808=CARTESIAN_POINT('',(-12.178373852,10.788837663,31.182036406));
#1809=CARTESIAN_POINT('',(-12.206127789,10.761398976,31.184155277));
#1810=CARTESIAN_POINT('',(-12.219985016,10.747620611,31.184685345));
#1811=CARTESIAN_POINT('',(-12.247620611,10.719985016,31.184685345));
#1812=CARTESIAN_POINT('',(-12.261398976,10.706127789,31.184155277));
#1813=CARTESIAN_POINT('',(-12.288837664,10.678373851,31.182036406));
#1814=CARTESIAN_POINT('',(-12.302497983,10.664477144,31.180447602));
#1815=CARTESIAN_POINT('',(-12.316079836,10.650580435,31.178331526));
#1816=CARTESIAN_POINT('',(-12.212410474,10.924866031,31.158025335));
#1817=CARTESIAN_POINT('',(-12.230328232,10.907587545,31.161555376));
#1818=CARTESIAN_POINT('',(-12.24824599,10.890149312,31.164206439));
#1819=CARTESIAN_POINT('',(-12.284001565,10.855033118,31.167742126));
#1820=CARTESIAN_POINT('',(-12.301839382,10.83735516,31.168626753));
#1821=CARTESIAN_POINT('',(-12.337355158,10.801839384,31.168626754));
#1822=CARTESIAN_POINT('',(-12.355033116,10.784001568,31.167742127));
#1823=CARTESIAN_POINT('',(-12.390149309,10.748245992,31.164206439));
#1824=CARTESIAN_POINT('',(-12.407587543,10.730328235,31.161555377));
#1825=CARTESIAN_POINT('',(-12.424866029,10.712410476,31.158025335));
#1826=CARTESIAN_POINT('',(-12.334876226,11.149434031,31.096682146));
#1827=CARTESIAN_POINT('',(-12.361921836,11.124871216,31.10458151));
#1828=CARTESIAN_POINT('',(-12.388967388,11.099696282,31.110533958));
#1829=CARTESIAN_POINT('',(-12.442743977,11.048416136,31.118478045));
#1830=CARTESIAN_POINT('',(-12.469474899,11.022311034,31.120469668));
#1831=CARTESIAN_POINT('',(-12.522311036,10.969474897,31.120469668));
#1832=CARTESIAN_POINT('',(-12.548416138,10.942743974,31.118478045));
#1833=CARTESIAN_POINT('',(-12.599696284,10.888967385,31.110533958));
#1834=CARTESIAN_POINT('',(-12.624871218,10.861921833,31.104581509));
#1835=CARTESIAN_POINT('',(-12.649434034,10.834876224,31.096682145));
#1836=CARTESIAN_POINT('',(-12.395517152,11.265308166,31.055731276));
#1837=CARTESIAN_POINT('',(-12.427666415,11.237134092,31.066609103));
#1838=CARTESIAN_POINT('',(-12.459815582,11.20798088,31.074816956));
#1839=CARTESIAN_POINT('',(-12.523609932,11.148185018,31.085774017));
#1840=CARTESIAN_POINT('',(-12.555254922,11.117542562,31.088523201));
#1841=CARTESIAN_POINT('',(-12.617542562,11.055254922,31.088523201));
#1842=CARTESIAN_POINT('',(-12.648185018,11.023609932,31.085774017));
#1843=CARTESIAN_POINT('',(-12.70798088,10.959815582,31.074816956));
#1844=CARTESIAN_POINT('',(-12.737134092,10.927666416,31.066609103));
#1845=CARTESIAN_POINT('',(-12.765308166,10.895517152,31.055731276));
#1846=CARTESIAN_POINT('',(-12.485270333,11.444394053,30.970595156));
#1847=CARTESIAN_POINT('',(-12.526425758,11.411800714,30.987347751));
#1848=CARTESIAN_POINT('',(-12.567580691,11.3771391,31.00005371));
#1849=CARTESIAN_POINT('',(-12.648784982,11.304611975,31.017033267));
#1850=CARTESIAN_POINT('',(-12.688833371,11.266747332,31.021306665));
#1851=CARTESIAN_POINT('',(-12.766747333,11.188833371,31.021306665));
#1852=CARTESIAN_POINT('',(-12.804611975,11.148784982,31.017033267));
#1853=CARTESIAN_POINT('',(-12.8771391,11.067580691,31.00005371));
#1854=CARTESIAN_POINT('',(-12.911800715,11.026425757,30.987347751));
#1855=CARTESIAN_POINT('',(-12.944394053,10.985270333,30.970595156));
#1856=CARTESIAN_POINT('',(-12.515144257,11.505278829,30.937999975));
#1857=CARTESIAN_POINT('',(-12.559549342,11.471383927,30.956956125));
#1858=CARTESIAN_POINT('',(-12.603953735,11.434961902,30.971356256));
#1859=CARTESIAN_POINT('',(-12.691399599,11.358186213,30.990606026));
#1860=CARTESIAN_POINT('',(-12.734439722,11.31783374,30.995455373));
#1861=CARTESIAN_POINT('',(-12.817833608,11.234439857,30.995455379));
#1862=CARTESIAN_POINT('',(-12.858186084,11.191399736,30.990606038));
#1863=CARTESIAN_POINT('',(-12.934961779,11.103953872,30.971356279));
#1864=CARTESIAN_POINT('',(-12.971383808,11.059549478,30.956956152));
#1865=CARTESIAN_POINT('',(-13.005278714,11.015144391,30.938000008));
#1866=CARTESIAN_POINT('',(-12.573462539,11.626310287,30.864027713));
#1867=CARTESIAN_POINT('',(-12.624822424,11.590483913,30.887683628));
#1868=CARTESIAN_POINT('',(-12.676180958,11.550969412,30.905722978));
#1869=CARTESIAN_POINT('',(-12.776860364,11.466134852,30.929856445));
#1870=CARTESIAN_POINT('',(-12.826178604,11.420817019,30.935949937));
#1871=CARTESIAN_POINT('',(-12.920817151,11.326178468,30.935949932));
#1872=CARTESIAN_POINT('',(-12.966134981,11.276860227,30.929856434));
#1873=CARTESIAN_POINT('',(-13.050969535,11.176180821,30.905722955));
#1874=CARTESIAN_POINT('',(-13.090484032,11.124822289,30.887683601));
#1875=CARTESIAN_POINT('',(-13.126310401,11.073462405,30.864027681));
#1876=CARTESIAN_POINT('',(-12.601893536,11.686413331,30.822713682));
#1877=CARTESIAN_POINT('',(-12.656955199,11.649958245,30.848863647));
#1878=CARTESIAN_POINT('',(-12.712015055,11.609113307,30.868846574));
#1879=CARTESIAN_POINT('',(-12.819680056,11.520472481,30.895591619));
#1880=CARTESIAN_POINT('',(-12.872281665,11.472679531,30.902352867));
#1881=CARTESIAN_POINT('',(-12.972679531,11.372281665,30.902352867));
#1882=CARTESIAN_POINT('',(-13.020472481,11.319680056,30.895591619));
#1883=CARTESIAN_POINT('',(-13.109113307,11.212015055,30.868846574));
#1884=CARTESIAN_POINT('',(-13.149958245,11.156955199,30.848863647));
#1885=CARTESIAN_POINT('',(-13.186413331,11.101893536,30.822713682));
#1886=CARTESIAN_POINT('',(-12.657102672,11.804356882,30.730511703));
#1887=CARTESIAN_POINT('',(-12.720022115,11.767583077,30.76160818));
#1888=CARTESIAN_POINT('',(-12.782938311,11.724737985,30.785483478));
#1889=CARTESIAN_POINT('',(-12.905272311,11.629292321,30.81746911));
#1890=CARTESIAN_POINT('',(-12.964683798,11.576696699,30.825577799));
#1891=CARTESIAN_POINT('',(-13.076696699,11.464683798,30.825577799));
#1892=CARTESIAN_POINT('',(-13.129292321,11.405272311,30.81746911));
#1893=CARTESIAN_POINT('',(-13.224737985,11.282938311,30.785483478));
#1894=CARTESIAN_POINT('',(-13.267583077,11.220022115,30.76160818));
#1895=CARTESIAN_POINT('',(-13.304356882,11.157102672,30.730511703));
#1896=CARTESIAN_POINT('',(-12.683879991,11.862192692,30.679615085));
#1897=CARTESIAN_POINT('',(-12.750957745,11.82573371,30.713163619));
#1898=CARTESIAN_POINT('',(-12.818031272,11.782222427,30.738987856));
#1899=CARTESIAN_POINT('',(-12.948052188,11.683782595,30.773602828));
#1900=CARTESIAN_POINT('',(-13.010991376,11.628860307,30.782391381));
#1901=CARTESIAN_POINT('',(-13.128860307,11.510991376,30.782391381));
#1902=CARTESIAN_POINT('',(-13.183782595,11.448052188,30.773602828));
#1903=CARTESIAN_POINT('',(-13.282222427,11.318031272,30.738987856));
#1904=CARTESIAN_POINT('',(-13.32573371,11.250957745,30.713163619));
#1905=CARTESIAN_POINT('',(-13.362192692,11.183879991,30.679615085));
#1906=CARTESIAN_POINT('',(-12.735514189,11.973708783,30.567736372));
#1907=CARTESIAN_POINT('',(-12.811274207,11.938980737,30.605606347));
#1908=CARTESIAN_POINT('',(-12.887027225,11.894979221,30.634916572));
#1909=CARTESIAN_POINT('',(-13.032913037,11.791699952,30.674248771));
#1910=CARTESIAN_POINT('',(-13.103032346,11.732431793,30.684267112));
#1911=CARTESIAN_POINT('',(-13.232431793,11.603032346,30.684267112));
#1912=CARTESIAN_POINT('',(-13.291699952,11.532913037,30.674248771));
#1913=CARTESIAN_POINT('',(-13.394979221,11.387027225,30.634916572));
#1914=CARTESIAN_POINT('',(-13.438980737,11.311274207,30.605606347));
#1915=CARTESIAN_POINT('',(-13.473708783,11.235514189,30.567736372));
#1916=CARTESIAN_POINT('',(-12.760484981,12.027611909,30.506422889));
#1917=CARTESIAN_POINT('',(-12.8407925,11.994315112,30.546160658));
#1918=CARTESIAN_POINT('',(-12.921091204,11.950497707,30.577007481));
#1919=CARTESIAN_POINT('',(-13.075195832,11.845375347,30.618427202));
#1920=CARTESIAN_POINT('',(-13.14898483,11.784082024,30.628995536));
#1921=CARTESIAN_POINT('',(-13.284082024,11.64898483,30.628995536));
#1922=CARTESIAN_POINT('',(-13.345375347,11.575195832,30.618427202));
#1923=CARTESIAN_POINT('',(-13.450497707,11.421091205,30.577007481));
#1924=CARTESIAN_POINT('',(-13.494315112,11.3407925,30.546160658));
#1925=CARTESIAN_POINT('',(-13.527611909,11.260484981,30.506422889));
#1926=CARTESIAN_POINT('',(-12.807483579,12.127837621,30.375633989));
#1927=CARTESIAN_POINT('',(-12.896883319,12.098346799,30.417830518));
#1928=CARTESIAN_POINT('',(-12.986269675,12.055724159,30.450775737));
#1929=CARTESIAN_POINT('',(-13.156624735,11.948234557,30.495066789));
#1930=CARTESIAN_POINT('',(-13.237567925,11.883383771,30.506405975));
#1931=CARTESIAN_POINT('',(-13.383383771,11.737567925,30.506405975));
#1932=CARTESIAN_POINT('',(-13.448234557,11.656624735,30.495066789));
#1933=CARTESIAN_POINT('',(-13.555724159,11.486269675,30.450775737));
#1934=CARTESIAN_POINT('',(-13.598346799,11.396883319,30.417830518));
#1935=CARTESIAN_POINT('',(-13.627837621,11.307483579,30.375633989));
#1936=CARTESIAN_POINT('',(-12.829503733,12.174123217,30.306190022));
#1937=CARTESIAN_POINT('',(-12.923441388,12.147000228,30.348962868));
#1938=CARTESIAN_POINT('',(-13.017362894,12.105385047,30.382457508));
#1939=CARTESIAN_POINT('',(-13.195737448,11.997370187,30.427515476));
#1940=CARTESIAN_POINT('',(-13.280159826,11.930989182,30.439071013));
#1941=CARTESIAN_POINT('',(-13.430989184,11.780159824,30.439071013));
#1942=CARTESIAN_POINT('',(-13.49737019,11.695737446,30.427515476));
#1943=CARTESIAN_POINT('',(-13.605385049,11.517362893,30.382457508));
#1944=CARTESIAN_POINT('',(-13.647000231,11.423441387,30.348962869));
#1945=CARTESIAN_POINT('',(-13.674123219,11.329503731,30.306190023));
#1946=CARTESIAN_POINT('',(-12.8695595,12.256570894,30.1635246));
#1947=CARTESIAN_POINT('',(-12.972030489,12.23452037,30.205840269));
#1948=CARTESIAN_POINT('',(-13.074479259,12.195369828,30.239154546));
#1949=CARTESIAN_POINT('',(-13.267798293,12.087293727,30.284020743));
#1950=CARTESIAN_POINT('',(-13.358626637,12.018391696,30.295562893));
#1951=CARTESIAN_POINT('',(-13.518391694,11.858626639,30.295562893));
#1952=CARTESIAN_POINT('',(-13.587293725,11.767798295,30.284020743));
#1953=CARTESIAN_POINT('',(-13.695369826,11.574479261,30.239154545));
#1954=CARTESIAN_POINT('',(-13.734520368,11.472030491,30.205840268));
#1955=CARTESIAN_POINT('',(-13.756570892,11.369559502,30.1635246));
#1956=CARTESIAN_POINT('',(-12.887719671,12.293012089,30.089999426));
#1957=CARTESIAN_POINT('',(-12.994206382,12.273667432,30.131291701));
#1958=CARTESIAN_POINT('',(-13.100667563,12.235970329,30.163883807));
#1959=CARTESIAN_POINT('',(-13.300949268,12.128342745,30.207801457));
#1960=CARTESIAN_POINT('',(-13.394721772,12.058438155,30.219116405));
#1961=CARTESIAN_POINT('',(-13.558438156,11.894721771,30.219116405));
#1962=CARTESIAN_POINT('',(-13.628342747,11.800949267,30.207801457));
#1963=CARTESIAN_POINT('',(-13.735970331,11.600667562,30.163883807));
#1964=CARTESIAN_POINT('',(-13.773667433,11.494206382,30.131291701));
#1965=CARTESIAN_POINT('',(-13.793012091,11.387719671,30.089999426));
#1966=CARTESIAN_POINT('',(-12.920223065,12.356646275,29.939708658));
#1967=CARTESIAN_POINT('',(-13.033953528,12.342513391,29.977483246));
#1968=CARTESIAN_POINT('',(-13.147651862,12.307757772,30.007431227));
#1969=CARTESIAN_POINT('',(-13.360411301,12.201468537,30.047824205));
#1970=CARTESIAN_POINT('',(-13.459412301,12.129965028,30.058257729));
#1971=CARTESIAN_POINT('',(-13.629965026,11.959412302,30.058257729));
#1972=CARTESIAN_POINT('',(-13.701468535,11.860411302,30.047824205));
#1973=CARTESIAN_POINT('',(-13.807757771,11.647651863,30.007431227));
#1974=CARTESIAN_POINT('',(-13.842513389,11.533953529,29.977483246));
#1975=CARTESIAN_POINT('',(-13.856646274,11.420223066,29.939708658));
#1976=CARTESIAN_POINT('',(-12.9346591,12.384018273,29.862298701));
#1977=CARTESIAN_POINT('',(-13.051636593,12.372404465,29.897556552));
#1978=CARTESIAN_POINT('',(-13.168578639,12.339143854,29.925564763));
#1979=CARTESIAN_POINT('',(-13.386886099,12.233746592,29.963357568));
#1980=CARTESIAN_POINT('',(-13.488185397,12.161641913,29.973130649));
#1981=CARTESIAN_POINT('',(-13.661641929,11.988185383,29.97313065));
#1982=CARTESIAN_POINT('',(-13.733746609,11.886886087,29.963357569));
#1983=CARTESIAN_POINT('',(-13.839143873,11.66857863,29.925564766));
#1984=CARTESIAN_POINT('',(-13.872404483,11.551636587,29.897556556));
#1985=CARTESIAN_POINT('',(-13.884018292,11.434659095,29.862298706));
#1986=CARTESIAN_POINT('',(-12.959002036,12.429072965,29.708405403));
#1987=CARTESIAN_POINT('',(-13.081383754,12.42179034,29.737691317));
#1988=CARTESIAN_POINT('',(-13.203724208,12.391157785,29.761030949));
#1989=CARTESIAN_POINT('',(-13.431227648,12.28748028,29.792546175));
#1990=CARTESIAN_POINT('',(-13.536313965,12.214470319,29.800711086));
#1991=CARTESIAN_POINT('',(-13.714470303,12.036313979,29.800711085));
#1992=CARTESIAN_POINT('',(-13.787480262,11.931227661,29.792546174));
#1993=CARTESIAN_POINT('',(-13.891157767,11.703724216,29.761030946));
#1994=CARTESIAN_POINT('',(-13.921790321,11.581383761,29.737691314));
#1995=CARTESIAN_POINT('',(-13.929072947,11.45900204,29.708405399));
#1996=CARTESIAN_POINT('',(-12.968947243,12.446850528,29.631995137));
#1997=CARTESIAN_POINT('',(-13.093495063,12.441383722,29.657848783));
#1998=CARTESIAN_POINT('',(-13.217999043,12.411884696,29.67847861));
#1999=CARTESIAN_POINT('',(-13.449166586,12.309031174,29.706342299));
#2000=CARTESIAN_POINT('',(-13.555748938,12.235712831,29.713566327));
#2001=CARTESIAN_POINT('',(-13.735712866,12.05574891,29.713566328));
#2002=CARTESIAN_POINT('',(-13.809031211,11.949166562,29.706342302));
#2003=CARTESIAN_POINT('',(-13.911884737,11.717999029,29.678478615));
#2004=CARTESIAN_POINT('',(-13.941383764,11.593495053,29.657848789));
#2005=CARTESIAN_POINT('',(-13.946850569,11.468947239,29.631995144));
#2006=CARTESIAN_POINT('',(-12.992579352,12.488274055,29.404403079));
#2007=CARTESIAN_POINT('',(-13.122140906,12.487065058,29.419403573));
#2008=CARTESIAN_POINT('',(-13.251652651,12.460247017,29.431417679));
#2009=CARTESIAN_POINT('',(-13.491285333,12.359398133,29.447657556));
#2010=CARTESIAN_POINT('',(-13.6013143,12.285406077,29.451876916));
#2011=CARTESIAN_POINT('',(-13.785406007,12.101314356,29.451876914));
#2012=CARTESIAN_POINT('',(-13.859398057,11.991285381,29.447657551));
#2013=CARTESIAN_POINT('',(-13.960246935,11.75165268,29.43141767));
#2014=CARTESIAN_POINT('',(-13.987064974,11.622140925,29.419403561));
#2015=CARTESIAN_POINT('',(-13.988273971,11.49257936,29.404403065));
#2016=CARTESIAN_POINT('',(-13.,12.5,29.253717284));
#2017=CARTESIAN_POINT('',(-13.130899694,12.5,29.260762143));
#2018=CARTESIAN_POINT('',(-13.261747884,12.473972677,29.266403472));
#2019=CARTESIAN_POINT('',(-13.50361898,12.373786388,29.274028773));
#2020=CARTESIAN_POINT('',(-13.61454672,12.299666842,29.276009744));
#2021=CARTESIAN_POINT('',(-13.799666842,12.11454672,29.276009744));
#2022=CARTESIAN_POINT('',(-13.873786388,12.00361898,29.274028773));
#2023=CARTESIAN_POINT('',(-13.973972677,11.761747884,29.266403472));
#2024=CARTESIAN_POINT('',(-14.,11.630899694,29.260762143));
#2025=CARTESIAN_POINT('',(-14.,11.5,29.253717284));
#2026=CARTESIAN_POINT('',(-13.,12.5,29.11));
#2027=CARTESIAN_POINT('',(-13.130899694,12.5,29.11));
#2028=CARTESIAN_POINT('',(-13.261747884,12.473972677,29.11));
#2029=CARTESIAN_POINT('',(-13.50361898,12.373786388,29.11));
#2030=CARTESIAN_POINT('',(-13.61454672,12.299666842,29.11));
#2031=CARTESIAN_POINT('',(-13.799666842,12.11454672,29.11));
#2032=CARTESIAN_POINT('',(-13.873786388,12.00361898,29.11));
#2033=CARTESIAN_POINT('',(-13.973972677,11.761747884,29.11));
#2034=CARTESIAN_POINT('',(-14.,11.630899694,29.11));
#2035=CARTESIAN_POINT('',(-14.,11.5,29.11));
#2036=B_SPLINE_SURFACE_WITH_KNOTS('',3,3,((#1736,#1737,#1738,#1739,#1740,#1741,#1742,#1743,#1744,#1745),(#1746,#1747,#1748,#1749,#1750,#1751,#1752,#1753,#1754,#1755),(#1756,#1757,#1758,#1759,#1760,#1761,#1762,#1763,#1764,#1765),(#1766,#1767,#1768,#1769,#1770,#1771,#1772,#1773,#1774,#1775),(#1776,#1777,#1778,#1779,#1780,#1781,#1782,#1783,#1784,#1785),(#1786,#1787,#1788,#1789,#1790,#1791,#1792,#1793,#1794,#1795),(#1796,#1797,#1798,#1799,#1800,#1801,#1802,#1803,#1804,#1805),(#1806,#1807,#1808,#1809,#1810,#1811,#1812,#1813,#1814,#1815),(#1816,#1817,#1818,#1819,#1820,#1821,#1822,#1823,#1824,#1825),(#1826,#1827,#1828,#1829,#1830,#1831,#1832,#1833,#1834,#1835),(#1836,#1837,#1838,#1839,#1840,#1841,#1842,#1843,#1844,#1845),(#1846,#1847,#1848,#1849,#1850,#1851,#1852,#1853,#1854,#1855),(#1856,#1857,#1858,#1859,#1860,#1861,#1862,#1863,#1864,#1865),(#1866,#1867,#1868,#1869,#1870,#1871,#1872,#1873,#1874,#1875),(#1876,#1877,#1878,#1879,#1880,#1881,#1882,#1883,#1884,#1885),(#1886,#1887,#1888,#1889,#1890,#1891,#1892,#1893,#1894,#1895),(#1896,#1897,#1898,#1899,#1900,#1901,#1902,#1903,#1904,#1905),(#1906,#1907,#1908,#1909,#1910,#1911,#1912,#1913,#1914,#1915),(#1916,#1917,#1918,#1919,#1920,#1921,#1922,#1923,#1924,#1925),(#1926,#1927,#1928,#1929,#1930,#1931,#1932,#1933,#1934,#1935),(#1936,#1937,#1938,#1939,#1940,#1941,#1942,#1943,#1944,#1945),(#1946,#1947,#1948,#1949,#1950,#1951,#1952,#1953,#1954,#1955),(#1956,#1957,#1958,#1959,#1960,#1961,#1962,#1963,#1964,#1965),(#1966,#1967,#1968,#1969,#1970,#1971,#1972,#1973,#1974,#1975),(#1976,#1977,#1978,#1979,#1980,#1981,#1982,#1983,#1984,#1985),(#1986,#1987,#1988,#1989,#1990,#1991,#1992,#1993,#1994,#1995),
(#1996,#1997,#1998,#1999,#2000,#2001,#2002,#2003,#2004,#2005),(#2006,#2007,#2008,#2009,#2010,#2011,#2012,#2013,#2014,#2015),(#2016,#2017,#2018,#2019,#2020,#2021,#2022,#2023,#2024,#2025),(#2026,#2027,#2028,#2029,#2030,#2031,#2032,#2033,#2034,#2035)),.UNSPECIFIED.,.F.,.F.,.U.,(4,2,2,2,2,2,2,2,2,2,2,2,2,2,4),(4,2,2,2,4),(-0.000008174,0.000057955,0.000124084,0.000256342,0.000520859,0.000785375,0.000917633,0.001049891,0.001182149,0.001314408,0.001446666,0.001578924,0.001711182,0.00184344,0.002107957),(0.,0.25,0.5,0.75,1.),.UNSPECIFIED.);
#2037=ORIENTED_EDGE('',*,*,#1730,.T.);
#2038=ORIENTED_EDGE('',*,*,#888,.F.);
#2039=ORIENTED_EDGE('',*,*,#1022,.F.);
#2040=EDGE_LOOP('',(#2037,#2038,#2039));
#2041=FACE_BOUND('',#2040,.T.);
#2042=ADVANCED_FACE('',(#2041),#2036,.T.);
#2043=CARTESIAN_POINT('',(-11.9,-10.4,31.21));
#2044=CARTESIAN_POINT('',(-11.9,-10.4,31.21));
#2045=CARTESIAN_POINT('',(-11.9,-10.4,31.21));
#2046=CARTESIAN_POINT('',(-11.9,-10.4,31.21));
#2047=CARTESIAN_POINT('',(-11.9,-10.4,31.21));
#2048=CARTESIAN_POINT('',(-11.9,-10.4,31.21));
#2049=CARTESIAN_POINT('',(-11.9,-10.4,31.21));
#2050=CARTESIAN_POINT('',(-11.9,-10.4,31.21));
#2051=CARTESIAN_POINT('',(-11.9,-10.4,31.21));
#2052=CARTESIAN_POINT('',(-11.9,-10.4,31.21));
#2053=CARTESIAN_POINT('',(-11.92560556,-10.416016877,31.21));
#2054=CARTESIAN_POINT('',(-11.92560556,-10.416016877,31.21));
#2055=CARTESIAN_POINT('',(-11.923208389,-10.418414048,31.21));
#2056=CARTESIAN_POINT('',(-11.923208389,-10.418414048,31.21));
#2057=CARTESIAN_POINT('',(-11.920811218,-10.420811218,31.21));
#2058=CARTESIAN_POINT('',(-11.920811218,-10.420811218,31.21));
#2059=CARTESIAN_POINT('',(-11.918414048,-10.423208389,31.21));
#2060=CARTESIAN_POINT('',(-11.918414048,-10.423208389,31.21));
#2061=CARTESIAN_POINT('',(-11.916016877,-10.42560556,31.21));
#2062=CARTESIAN_POINT('',(-11.916016877,-10.42560556,31.21));
#2063=CARTESIAN_POINT('',(-11.950535188,-10.431509107,31.209644173));
#2064=CARTESIAN_POINT('',(-11.948949552,-10.433094704,31.209666353));
#2065=CARTESIAN_POINT('',(-11.947363926,-10.4346803,31.209682986));
#2066=CARTESIAN_POINT('',(-11.944192689,-10.437851498,31.209705162));
#2067=CARTESIAN_POINT('',(-11.942607078,-10.4394371,31.209710704));
#2068=CARTESIAN_POINT('',(-11.939435865,-10.442608313,31.209710698));
#2069=CARTESIAN_POINT('',(-11.937850263,-10.444193924,31.20970515));
#2070=CARTESIAN_POINT('',(-11.934679065,-10.447365161,31.209682963));
#2071=CARTESIAN_POINT('',(-11.933093468,-10.448950787,31.209666323));
#2072=CARTESIAN_POINT('',(-11.931507871,-10.450536422,31.209644138));
#2073=CARTESIAN_POINT('',(-12.001624922,-10.463012011,31.208170936));
#2074=CARTESIAN_POINT('',(-11.998409969,-10.466230994,31.208287165));
#2075=CARTESIAN_POINT('',(-11.995194008,-10.469449977,31.208374342));
#2076=CARTESIAN_POINT('',(-11.988760576,-10.475887439,31.208490581));
#2077=CARTESIAN_POINT('',(-11.985543105,-10.479105918,31.208519644));
#2078=CARTESIAN_POINT('',(-11.979107154,-10.485541869,31.20851965));
#2079=CARTESIAN_POINT('',(-11.975888675,-10.488759341,31.208490593));
#2080=CARTESIAN_POINT('',(-11.969451213,-10.495192773,31.208374366));
#2081=CARTESIAN_POINT('',(-11.96623223,-10.498408733,31.208287194));
#2082=CARTESIAN_POINT('',(-11.963013247,-10.501623687,31.208170972));
#2083=CARTESIAN_POINT('',(-12.027315412,-10.47873726,31.207054681));
#2084=CARTESIAN_POINT('',(-12.023272654,-10.48278815,31.207242712));
#2085=CARTESIAN_POINT('',(-12.019227863,-10.486839041,31.207383747));
#2086=CARTESIAN_POINT('',(-12.011135233,-10.494939805,31.207571797));
#2087=CARTESIAN_POINT('',(-12.007087392,-10.498989678,31.207618812));
#2088=CARTESIAN_POINT('',(-11.998989678,-10.507087392,31.207618812));
#2089=CARTESIAN_POINT('',(-11.994939805,-10.511135233,31.207571797));
#2090=CARTESIAN_POINT('',(-11.986839041,-10.519227863,31.207383747));
#2091=CARTESIAN_POINT('',(-11.98278815,-10.523272654,31.207242712));
#2092=CARTESIAN_POINT('',(-11.97873726,-10.527315412,31.207054681));
#2093=CARTESIAN_POINT('',(-12.104830918,-10.525827526,31.202495111));
#2094=CARTESIAN_POINT('',(-12.098270238,-10.532422615,31.202980559));
#2095=CARTESIAN_POINT('',(-12.091700963,-10.539017705,31.203344737));
#2096=CARTESIAN_POINT('',(-12.078549508,-10.55220358,31.203830333));
#2097=CARTESIAN_POINT('',(-12.071967329,-10.558794365,31.20395175));
#2098=CARTESIAN_POINT('',(-12.058794365,-10.571967329,31.20395175));
#2099=CARTESIAN_POINT('',(-12.05220358,-10.578549508,31.203830333));
#2100=CARTESIAN_POINT('',(-12.039017705,-10.591700962,31.203344737));
#2101=CARTESIAN_POINT('',(-12.032422616,-10.598270238,31.202980559));
#2102=CARTESIAN_POINT('',(-12.025827526,-10.604830918,31.202495111));
#2103=CARTESIAN_POINT('',(-12.157118366,-10.557107555,31.197844826));
#2104=CARTESIAN_POINT('',(-12.148830653,-10.565465057,31.198637765));
#2105=CARTESIAN_POINT('',(-12.140525501,-10.573822559,31.199232672));
#2106=CARTESIAN_POINT('',(-12.123889027,-10.590528836,31.200025937));
#2107=CARTESIAN_POINT('',(-12.115557706,-10.59887761,31.200224293));
#2108=CARTESIAN_POINT('',(-12.09887761,-10.615557706,31.200224293));
#2109=CARTESIAN_POINT('',(-12.090528835,-10.623889027,31.200025937));
#2110=CARTESIAN_POINT('',(-12.073822559,-10.640525501,31.199232672));
#2111=CARTESIAN_POINT('',(-12.065465057,-10.648830653,31.198637765));
#2112=CARTESIAN_POINT('',(-12.057107554,-10.657118366,31.197844826));
#2113=CARTESIAN_POINT('',(-12.316079836,-10.650580435,31.178331526));
#2114=CARTESIAN_POINT('',(-12.302497983,-10.664477144,31.180447602));
#2115=CARTESIAN_POINT('',(-12.288837664,-10.678373851,31.182036406));
#2116=CARTESIAN_POINT('',(-12.261398976,-10.706127789,31.184155277));
#2117=CARTESIAN_POINT('',(-12.247620611,-10.719985016,31.184685345));
#2118=CARTESIAN_POINT('',(-12.219985016,-10.747620611,31.184685345));
#2119=CARTESIAN_POINT('',(-12.206127789,-10.761398976,31.184155277));
#2120=CARTESIAN_POINT('',(-12.178373852,-10.788837663,31.182036406));
#2121=CARTESIAN_POINT('',(-12.164477145,-10.802497982,31.180447602));
#2122=CARTESIAN_POINT('',(-12.150580436,-10.816079836,31.178331526));
#2123=CARTESIAN_POINT('',(-12.424866029,-10.712410476,31.158025335));
#2124=CARTESIAN_POINT('',(-12.407587543,-10.730328235,31.161555377));
#2125=CARTESIAN_POINT('',(-12.390149309,-10.748245992,31.164206439));
#2126=CARTESIAN_POINT('',(-12.355033116,-10.784001568,31.167742127));
#2127=CARTESIAN_POINT('',(-12.337355158,-10.801839384,31.168626754));
#2128=CARTESIAN_POINT('',(-12.301839382,-10.83735516,31.168626753));
#2129=CARTESIAN_POINT('',(-12.284001565,-10.855033118,31.167742126));
#2130=CARTESIAN_POINT('',(-12.24824599,-10.890149312,31.164206439));
#2131=CARTESIAN_POINT('',(-12.230328232,-10.907587545,31.161555376));
#2132=CARTESIAN_POINT('',(-12.212410474,-10.924866031,31.158025335));
#2133=CARTESIAN_POINT('',(-12.649434034,-10.834876224,31.096682145));
#2134=CARTESIAN_POINT('',(-12.624871218,-10.861921833,31.104581509));
#2135=CARTESIAN_POINT('',(-12.599696284,-10.888967385,31.110533958));
#2136=CARTESIAN_POINT('',(-12.548416138,-10.942743974,31.118478045));
#2137=CARTESIAN_POINT('',(-12.522311036,-10.969474897,31.120469668));
#2138=CARTESIAN_POINT('',(-12.469474899,-11.022311034,31.120469668));
#2139=CARTESIAN_POINT('',(-12.442743977,-11.048416136,31.118478045));
#2140=CARTESIAN_POINT('',(-12.388967388,-11.099696282,31.110533958));
#2141=CARTESIAN_POINT('',(-12.361921836,-11.124871216,31.10458151));
#2142=CARTESIAN_POINT('',(-12.334876226,-11.149434031,31.096682146));
#2143=CARTESIAN_POINT('',(-12.765308166,-10.895517152,31.055731276));
#2144=CARTESIAN_POINT('',(-12.737134092,-10.927666416,31.066609103));
#2145=CARTESIAN_POINT('',(-12.70798088,-10.959815582,31.074816956));
#2146=CARTESIAN_POINT('',(-12.648185018,-11.023609932,31.085774017));
#2147=CARTESIAN_POINT('',(-12.617542562,-11.055254922,31.088523201));
#2148=CARTESIAN_POINT('',(-12.555254922,-11.117542562,31.088523201));
#2149=CARTESIAN_POINT('',(-12.523609932,-11.148185018,31.085774017));
#2150=CARTESIAN_POINT('',(-12.459815582,-11.20798088,31.074816956));
#2151=CARTESIAN_POINT('',(-12.427666415,-11.237134092,31.066609103));
#2152=CARTESIAN_POINT('',(-12.395517152,-11.265308166,31.055731276));
#2153=CARTESIAN_POINT('',(-12.944394053,-10.985270333,30.970595156));
#2154=CARTESIAN_POINT('',(-12.911800715,-11.026425757,30.987347751));
#2155=CARTESIAN_POINT('',(-12.8771391,-11.067580691,31.00005371));
#2156=CARTESIAN_POINT('',(-12.804611975,-11.148784982,31.017033267));
#2157=CARTESIAN_POINT('',(-12.766747333,-11.188833371,31.021306665));
#2158=CARTESIAN_POINT('',(-12.688833371,-11.266747332,31.021306665));
#2159=CARTESIAN_POINT('',(-12.648784982,-11.304611975,31.017033267));
#2160=CARTESIAN_POINT('',(-12.567580691,-11.3771391,31.00005371));
#2161=CARTESIAN_POINT('',(-12.526425758,-11.411800714,30.987347751));
#2162=CARTESIAN_POINT('',(-12.485270333,-11.444394053,30.970595156));
#2163=CARTESIAN_POINT('',(-13.005278714,-11.015144391,30.938000008));
#2164=CARTESIAN_POINT('',(-12.971383808,-11.059549478,30.956956152));
#2165=CARTESIAN_POINT('',(-12.934961779,-11.103953872,30.971356279));
#2166=CARTESIAN_POINT('',(-12.858186084,-11.191399736,30.990606038));
#2167=CARTESIAN_POINT('',(-12.817833608,-11.234439857,30.995455379));
#2168=CARTESIAN_POINT('',(-12.734439722,-11.31783374,30.995455373));
#2169=CARTESIAN_POINT('',(-12.691399599,-11.358186213,30.990606026));
#2170=CARTESIAN_POINT('',(-12.603953735,-11.434961902,30.971356256));
#2171=CARTESIAN_POINT('',(-12.559549342,-11.471383927,30.956956125));
#2172=CARTESIAN_POINT('',(-12.515144257,-11.505278829,30.937999975));
#2173=CARTESIAN_POINT('',(-13.126310401,-11.073462405,30.864027681));
#2174=CARTESIAN_POINT('',(-13.090484032,-11.124822289,30.887683601));
#2175=CARTESIAN_POINT('',(-13.050969535,-11.176180821,30.905722955));
#2176=CARTESIAN_POINT('',(-12.966134981,-11.276860227,30.929856434));
#2177=CARTESIAN_POINT('',(-12.920817151,-11.326178468,30.935949932));
#2178=CARTESIAN_POINT('',(-12.826178604,-11.420817019,30.935949937));
#2179=CARTESIAN_POINT('',(-12.776860364,-11.466134852,30.929856445));
#2180=CARTESIAN_POINT('',(-12.676180958,-11.550969412,30.905722978));
#2181=CARTESIAN_POINT('',(-12.624822424,-11.590483913,30.887683628));
#2182=CARTESIAN_POINT('',(-12.573462539,-11.626310287,30.864027713));
#2183=CARTESIAN_POINT('',(-13.186413331,-11.101893536,30.822713682));
#2184=CARTESIAN_POINT('',(-13.149958245,-11.156955199,30.848863647));
#2185=CARTESIAN_POINT('',(-13.109113307,-11.212015055,30.868846574));
#2186=CARTESIAN_POINT('',(-13.020472481,-11.319680056,30.895591619));
#2187=CARTESIAN_POINT('',(-12.972679531,-11.372281665,30.902352867));
#2188=CARTESIAN_POINT('',(-12.872281665,-11.472679531,30.902352867));
#2189=CARTESIAN_POINT('',(-12.819680056,-11.520472481,30.895591619));
#2190=CARTESIAN_POINT('',(-12.712015055,-11.609113307,30.868846574));
#2191=CARTESIAN_POINT('',(-12.656955199,-11.649958245,30.848863647));
#2192=CARTESIAN_POINT('',(-12.601893536,-11.686413331,30.822713682));
#2193=CARTESIAN_POINT('',(-13.304356882,-11.157102672,30.730511703));
#2194=CARTESIAN_POINT('',(-13.267583077,-11.220022115,30.76160818));
#2195=CARTESIAN_POINT('',(-13.224737985,-11.282938311,30.785483478));
#2196=CARTESIAN_POINT('',(-13.129292321,-11.405272311,30.81746911));
#2197=CARTESIAN_POINT('',(-13.076696699,-11.464683798,30.825577799));
#2198=CARTESIAN_POINT('',(-12.964683798,-11.576696699,30.825577799));
#2199=CARTESIAN_POINT('',(-12.905272311,-11.629292321,30.81746911));
#2200=CARTESIAN_POINT('',(-12.782938311,-11.724737985,30.785483478));
#2201=CARTESIAN_POINT('',(-12.720022115,-11.767583077,30.76160818));
#2202=CARTESIAN_POINT('',(-12.657102672,-11.804356882,30.730511703));
#2203=CARTESIAN_POINT('',(-13.362192692,-11.183879991,30.679615085));
#2204=CARTESIAN_POINT('',(-13.32573371,-11.250957745,30.713163619));
#2205=CARTESIAN_POINT('',(-13.282222427,-11.318031272,30.738987856));
#2206=CARTESIAN_POINT('',(-13.183782595,-11.448052188,30.773602828));
#2207=CARTESIAN_POINT('',(-13.128860307,-11.510991376,30.782391381));
#2208=CARTESIAN_POINT('',(-13.010991376,-11.628860307,30.782391381));
#2209=CARTESIAN_POINT('',(-12.948052188,-11.683782595,30.773602828));
#2210=CARTESIAN_POINT('',(-12.818031272,-11.782222427,30.738987856));
#2211=CARTESIAN_POINT('',(-12.750957745,-11.82573371,30.713163619));
#2212=CARTESIAN_POINT('',(-12.683879991,-11.862192692,30.679615085));
#2213=CARTESIAN_POINT('',(-13.473708783,-11.235514189,30.567736372));
#2214=CARTESIAN_POINT('',(-13.438980737,-11.311274207,30.605606347));
#2215=CARTESIAN_POINT('',(-13.394979221,-11.387027225,30.634916572));
#2216=CARTESIAN_POINT('',(-13.291699952,-11.532913037,30.674248771));
#2217=CARTESIAN_POINT('',(-13.232431793,-11.603032346,30.684267112));
#2218=CARTESIAN_POINT('',(-13.103032346,-11.732431793,30.684267112));
#2219=CARTESIAN_POINT('',(-13.032913037,-11.791699952,30.674248771));
#2220=CARTESIAN_POINT('',(-12.887027225,-11.894979221,30.634916572));
#2221=CARTESIAN_POINT('',(-12.811274207,-11.938980737,30.605606347));
#2222=CARTESIAN_POINT('',(-12.735514189,-11.973708783,30.567736372));
#2223=CARTESIAN_POINT('',(-13.527611909,-11.260484981,30.506422889));
#2224=CARTESIAN_POINT('',(-13.494315112,-11.3407925,30.546160658));
#2225=CARTESIAN_POINT('',(-13.450497707,-11.421091205,30.577007481));
#2226=CARTESIAN_POINT('',(-13.345375347,-11.575195832,30.618427202));
#2227=CARTESIAN_POINT('',(-13.284082024,-11.64898483,30.628995536));
#2228=CARTESIAN_POINT('',(-13.14898483,-11.784082024,30.628995536));
#2229=CARTESIAN_POINT('',(-13.075195832,-11.845375347,30.618427202));
#2230=CARTESIAN_POINT('',(-12.921091204,-11.950497707,30.577007481));
#2231=CARTESIAN_POINT('',(-12.8407925,-11.994315112,30.546160658));
#2232=CARTESIAN_POINT('',(-12.760484981,-12.027611909,30.506422889));
#2233=CARTESIAN_POINT('',(-13.627837621,-11.307483579,30.375633989));
#2234=CARTESIAN_POINT('',(-13.598346799,-11.396883319,30.417830518));
#2235=CARTESIAN_POINT('',(-13.555724159,-11.486269675,30.450775737));
#2236=CARTESIAN_POINT('',(-13.448234557,-11.656624735,30.495066789));
#2237=CARTESIAN_POINT('',(-13.383383771,-11.737567925,30.506405975));
#2238=CARTESIAN_POINT('',(-13.237567925,-11.883383771,30.506405975));
#2239=CARTESIAN_POINT('',(-13.156624735,-11.948234557,30.495066789));
#2240=CARTESIAN_POINT('',(-12.986269675,-12.055724159,30.450775737));
#2241=CARTESIAN_POINT('',(-12.896883319,-12.098346799,30.417830518));
#2242=CARTESIAN_POINT('',(-12.807483579,-12.127837621,30.375633989));
#2243=CARTESIAN_POINT('',(-13.674123219,-11.329503731,30.306190023));
#2244=CARTESIAN_POINT('',(-13.647000231,-11.423441387,30.348962869));
#2245=CARTESIAN_POINT('',(-13.605385049,-11.517362893,30.382457508));
#2246=CARTESIAN_POINT('',(-13.49737019,-11.695737446,30.427515476));
#2247=CARTESIAN_POINT('',(-13.430989184,-11.780159824,30.439071013));
#2248=CARTESIAN_POINT('',(-13.280159826,-11.930989182,30.439071013));
#2249=CARTESIAN_POINT('',(-13.195737448,-11.997370187,30.427515476));
#2250=CARTESIAN_POINT('',(-13.017362894,-12.105385047,30.382457508));
#2251=CARTESIAN_POINT('',(-12.923441388,-12.147000228,30.348962868));
#2252=CARTESIAN_POINT('',(-12.829503733,-12.174123217,30.306190022));
#2253=CARTESIAN_POINT('',(-13.756570892,-11.369559502,30.1635246));
#2254=CARTESIAN_POINT('',(-13.734520368,-11.472030491,30.205840268));
#2255=CARTESIAN_POINT('',(-13.695369826,-11.574479261,30.239154545));
#2256=CARTESIAN_POINT('',(-13.587293725,-11.767798295,30.284020743));
#2257=CARTESIAN_POINT('',(-13.518391694,-11.858626639,30.295562893));
#2258=CARTESIAN_POINT('',(-13.358626637,-12.018391696,30.295562893));
#2259=CARTESIAN_POINT('',(-13.267798293,-12.087293727,30.284020743));
#2260=CARTESIAN_POINT('',(-13.074479259,-12.195369828,30.239154546));
#2261=CARTESIAN_POINT('',(-12.972030489,-12.23452037,30.205840269));
#2262=CARTESIAN_POINT('',(-12.8695595,-12.256570894,30.1635246));
#2263=CARTESIAN_POINT('',(-13.793012091,-11.387719671,30.089999426));
#2264=CARTESIAN_POINT('',(-13.773667433,-11.494206382,30.131291701));
#2265=CARTESIAN_POINT('',(-13.735970331,-11.600667562,30.163883807));
#2266=CARTESIAN_POINT('',(-13.628342747,-11.800949267,30.207801457));
#2267=CARTESIAN_POINT('',(-13.558438156,-11.894721771,30.219116405));
#2268=CARTESIAN_POINT('',(-13.394721772,-12.058438155,30.219116405));
#2269=CARTESIAN_POINT('',(-13.300949268,-12.128342745,30.207801457));
#2270=CARTESIAN_POINT('',(-13.100667563,-12.235970329,30.163883807));
#2271=CARTESIAN_POINT('',(-12.994206382,-12.273667432,30.131291701));
#2272=CARTESIAN_POINT('',(-12.887719671,-12.293012089,30.089999426));
#2273=CARTESIAN_POINT('',(-13.856646274,-11.420223066,29.939708658));
#2274=CARTESIAN_POINT('',(-13.842513389,-11.533953529,29.977483246));
#2275=CARTESIAN_POINT('',(-13.807757771,-11.647651863,30.007431227));
#2276=CARTESIAN_POINT('',(-13.701468535,-11.860411302,30.047824205));
#2277=CARTESIAN_POINT('',(-13.629965026,-11.959412302,30.058257729));
#2278=CARTESIAN_POINT('',(-13.459412301,-12.129965028,30.058257729));
#2279=CARTESIAN_POINT('',(-13.360411301,-12.201468537,30.047824205));
#2280=CARTESIAN_POINT('',(-13.147651862,-12.307757772,30.007431227));
#2281=CARTESIAN_POINT('',(-13.033953528,-12.342513391,29.977483246));
#2282=CARTESIAN_POINT('',(-12.920223065,-12.356646275,29.939708658));
#2283=CARTESIAN_POINT('',(-13.884018292,-11.434659095,29.862298706));
#2284=CARTESIAN_POINT('',(-13.872404483,-11.551636587,29.897556556));
#2285=CARTESIAN_POINT('',(-13.839143873,-11.66857863,29.925564766));
#2286=CARTESIAN_POINT('',(-13.733746609,-11.886886087,29.963357569));
#2287=CARTESIAN_POINT('',(-13.661641929,-11.988185383,29.97313065));
#2288=CARTESIAN_POINT('',(-13.488185397,-12.161641913,29.973130649));
#2289=CARTESIAN_POINT('',(-13.386886099,-12.233746592,29.963357568));
#2290=CARTESIAN_POINT('',(-13.168578639,-12.339143854,29.925564763));
#2291=CARTESIAN_POINT('',(-13.051636593,-12.372404465,29.897556552));
#2292=CARTESIAN_POINT('',(-12.9346591,-12.384018273,29.862298702));
#2293=CARTESIAN_POINT('',(-13.929072947,-11.45900204,29.708405399));
#2294=CARTESIAN_POINT('',(-13.921790321,-11.581383761,29.737691314));
#2295=CARTESIAN_POINT('',(-13.891157767,-11.703724216,29.761030946));
#2296=CARTESIAN_POINT('',(-13.787480262,-11.931227661,29.792546174));
#2297=CARTESIAN_POINT('',(-13.714470303,-12.036313979,29.800711085));
#2298=CARTESIAN_POINT('',(-13.536313965,-12.214470319,29.800711086));
#2299=CARTESIAN_POINT('',(-13.431227648,-12.28748028,29.792546175));
#2300=CARTESIAN_POINT('',(-13.203724208,-12.391157785,29.761030949));
#2301=CARTESIAN_POINT('',(-13.081383754,-12.42179034,29.737691317));
#2302=CARTESIAN_POINT('',(-12.959002036,-12.429072965,29.708405403));
#2303=CARTESIAN_POINT('',(-13.946850569,-11.468947239,29.631995144));
#2304=CARTESIAN_POINT('',(-13.941383764,-11.593495053,29.657848789));
#2305=CARTESIAN_POINT('',(-13.911884737,-11.717999029,29.678478615));
#2306=CARTESIAN_POINT('',(-13.809031211,-11.949166562,29.706342302));
#2307=CARTESIAN_POINT('',(-13.735712866,-12.05574891,29.713566328));
#2308=CARTESIAN_POINT('',(-13.555748938,-12.235712831,29.713566327));
#2309=CARTESIAN_POINT('',(-13.449166586,-12.309031174,29.706342299));
#2310=CARTESIAN_POINT('',(-13.217999043,-12.411884696,29.67847861));
#2311=CARTESIAN_POINT('',(-13.093495063,-12.441383722,29.657848783));
#2312=CARTESIAN_POINT('',(-12.968947243,-12.446850528,29.631995137));
#2313=CARTESIAN_POINT('',(-13.974466171,-11.484701986,29.480267091));
#2314=CARTESIAN_POINT('',(-13.971837904,-11.612592301,29.498885304));
#2315=CARTESIAN_POINT('',(-13.944126202,-11.740434796,29.513771318));
#2316=CARTESIAN_POINT('',(-13.842609109,-11.977245775,29.533885802));
#2317=CARTESIAN_POINT('',(-13.768841627,-12.086125874,29.539106718));
#2318=CARTESIAN_POINT('',(-13.586125846,-12.268841662,29.53910672));
#2319=CARTESIAN_POINT('',(-13.477245751,-12.342609147,29.533885804));
#2320=CARTESIAN_POINT('',(-13.240434781,-12.444126243,29.513771323));
#2321=CARTESIAN_POINT('',(-13.112592292,-12.471837946,29.49888531));
#2322=CARTESIAN_POINT('',(-12.984701982,-12.474466212,29.480267098));
#2323=CARTESIAN_POINT('',(-13.984301476,-11.490509489,29.40494348));
#2324=CARTESIAN_POINT('',(-13.982699219,-11.619578081,29.419759786));
#2325=CARTESIAN_POINT('',(-13.955643729,-11.748597474,29.431613137));
#2326=CARTESIAN_POINT('',(-13.854641998,-11.987390767,29.447631871));
#2327=CARTESIAN_POINT('',(-13.780734262,-12.097073641,29.451791128));
#2328=CARTESIAN_POINT('',(-13.597073641,-12.280734262,29.451791128));
#2329=CARTESIAN_POINT('',(-13.487390767,-12.354641998,29.447631871));
#2330=CARTESIAN_POINT('',(-13.248597474,-12.455643729,29.431613137));
#2331=CARTESIAN_POINT('',(-13.119578081,-12.482699219,29.419759786));
#2332=CARTESIAN_POINT('',(-12.990509489,-12.484301476,29.40494348));
#2333=CARTESIAN_POINT('',(-13.993913487,-11.496270046,29.292602551));
#2334=CARTESIAN_POINT('',(-13.99329938,-11.626470509,29.301735025));
#2335=CARTESIAN_POINT('',(-13.966877066,-11.756620355,29.30904546));
#2336=CARTESIAN_POINT('',(-13.866375347,-11.997316826,29.318926105));
#2337=CARTESIAN_POINT('',(-13.792335015,-12.107769878,29.321492468));
#2338=CARTESIAN_POINT('',(-13.607769878,-12.292335015,29.321492468));
#2339=CARTESIAN_POINT('',(-13.497316826,-12.366375347,29.318926105));
#2340=CARTESIAN_POINT('',(-13.256620355,-12.466877066,29.30904546));
#2341=CARTESIAN_POINT('',(-13.126470509,-12.49329938,29.301735025));
#2342=CARTESIAN_POINT('',(-12.996270046,-12.493913487,29.292602551));
#2343=CARTESIAN_POINT('',(-13.99623387,-11.497682626,29.255529677));
#2344=CARTESIAN_POINT('',(-13.995855876,-11.628152133,29.262783396));
#2345=CARTESIAN_POINT('',(-13.969585356,-11.758570678,29.268590692));
#2346=CARTESIAN_POINT('',(-13.869204692,-11.999719154,29.276439951));
#2347=CARTESIAN_POINT('',(-13.795133753,-12.110354899,29.278478846));
#2348=CARTESIAN_POINT('',(-13.6103549,-12.295133753,29.278478846));
#2349=CARTESIAN_POINT('',(-13.499719155,-12.369204691,29.276439951));
#2350=CARTESIAN_POINT('',(-13.258570678,-12.469585355,29.268590691));
#2351=CARTESIAN_POINT('',(-13.128152133,-12.495855875,29.262783396));
#2352=CARTESIAN_POINT('',(-12.997682626,-12.496233869,29.255529677));
#2353=CARTESIAN_POINT('',(-13.998515583,-11.499080892,29.20053684));
#2354=CARTESIAN_POINT('',(-13.998367774,-11.629812507,29.205026852));
#2355=CARTESIAN_POINT('',(-13.972245303,-11.760492829,29.208622022));
#2356=CARTESIAN_POINT('',(-13.871982855,-12.002081621,29.213481469));
#2357=CARTESIAN_POINT('',(-13.797882213,-12.112895308,29.214743839));
#2358=CARTESIAN_POINT('',(-13.612895308,-12.297882214,29.214743839));
#2359=CARTESIAN_POINT('',(-13.502081621,-12.371982856,29.213481469));
#2360=CARTESIAN_POINT('',(-13.260492829,-12.472245304,29.208622022));
#2361=CARTESIAN_POINT('',(-13.129812507,-12.498367774,29.205026852));
#2362=CARTESIAN_POINT('',(-12.999080892,-12.498515583,29.20053684));
#2363=CARTESIAN_POINT('',(-13.999076582,-11.499427077,29.182302323));
#2364=CARTESIAN_POINT('',(-13.998984907,-11.630222538,29.185879763));
#2365=CARTESIAN_POINT('',(-13.972898567,-11.760966626,29.188744325));
#2366=CARTESIAN_POINT('',(-13.872665026,-12.002662657,29.192616266));
#2367=CARTESIAN_POINT('',(-13.798557194,-12.113519672,29.193622124));
#2368=CARTESIAN_POINT('',(-13.613519672,-12.298557194,29.193622124));
#2369=CARTESIAN_POINT('',(-13.502662657,-12.372665026,29.192616266));
#2370=CARTESIAN_POINT('',(-13.260966626,-12.472898566,29.188744325));
#2371=CARTESIAN_POINT('',(-13.130222538,-12.498984907,29.185879763));
#2372=CARTESIAN_POINT('',(-12.999427077,-12.499076582,29.182302323));
#2373=CARTESIAN_POINT('',(-13.999633242,-11.499771798,29.15508771));
#2374=CARTESIAN_POINT('',(-13.999596988,-11.63063028,29.157311618));
#2375=CARTESIAN_POINT('',(-13.973546324,-11.761437308,29.159092424));
#2376=CARTESIAN_POINT('',(-13.873341343,-12.003239184,29.161499503));
#2377=CARTESIAN_POINT('',(-13.799226426,-12.11413896,29.162124828));
#2378=CARTESIAN_POINT('',(-13.61413896,-12.299226426,29.162124828));
#2379=CARTESIAN_POINT('',(-13.503239184,-12.373341343,29.161499503));
#2380=CARTESIAN_POINT('',(-13.261437308,-12.473546324,29.159092424));
#2381=CARTESIAN_POINT('',(-13.13063028,-12.499596988,29.157311618));
#2382=CARTESIAN_POINT('',(-12.999771798,-12.499633242,29.15508771));
#2383=CARTESIAN_POINT('',(-13.999771305,-11.499857537,29.146039093));
#2384=CARTESIAN_POINT('',(-13.999748737,-11.630731577,29.147814381));
#2385=CARTESIAN_POINT('',(-13.973706883,-11.761554146,29.149235964));
#2386=CARTESIAN_POINT('',(-13.873508956,-12.003382157,29.151157491));
#2387=CARTESIAN_POINT('',(-13.799392289,-12.114292491,29.151656679));
#2388=CARTESIAN_POINT('',(-13.614292491,-12.299392289,29.151656679));
#2389=CARTESIAN_POINT('',(-13.503382157,-12.373508956,29.151157491));
#2390=CARTESIAN_POINT('',(-13.261554146,-12.473706883,29.149235964));
#2391=CARTESIAN_POINT('',(-13.130731577,-12.499748737,29.147814381));
#2392=CARTESIAN_POINT('',(-12.999857537,-12.499771305,29.146039093));
#2393=CARTESIAN_POINT('',(-13.999908839,-11.499943141,29.132499554));
#2394=CARTESIAN_POINT('',(-13.999899863,-11.630832632,29.133605988));
#2395=CARTESIAN_POINT('',(-13.97386676,-11.761670631,29.134491985));
#2396=CARTESIAN_POINT('',(-13.873675843,-12.003524589,29.135689572));
#2397=CARTESIAN_POINT('',(-13.799557443,-12.114445405,29.136000691));
#2398=CARTESIAN_POINT('',(-13.614445405,-12.299557443,29.136000691));
#2399=CARTESIAN_POINT('',(-13.503524589,-12.373675843,29.135689572));
#2400=CARTESIAN_POINT('',(-13.261670631,-12.47386676,29.134491985));
#2401=CARTESIAN_POINT('',(-13.130832632,-12.499899863,29.133605988));
#2402=CARTESIAN_POINT('',(-12.999943141,-12.499908839,29.132499554));
#2403=CARTESIAN_POINT('',(-13.99994309,-11.499964478,29.127991962));
#2404=CARTESIAN_POINT('',(-13.999937492,-11.630857808,29.128876126));
#2405=CARTESIAN_POINT('',(-13.973906564,-11.761699643,29.129584138));
#2406=CARTESIAN_POINT('',(-13.873717388,-12.003560052,29.130541147));
#2407=CARTESIAN_POINT('',(-13.799598556,-12.114483475,29.130789767));
#2408=CARTESIAN_POINT('',(-13.614483475,-12.299598556,29.130789767));
#2409=CARTESIAN_POINT('',(-13.503560052,-12.373717388,29.130541147));
#2410=CARTESIAN_POINT('',(-13.261699643,-12.473906564,29.129584138));
#2411=CARTESIAN_POINT('',(-13.130857808,-12.499937492,29.128876126));
#2412=CARTESIAN_POINT('',(-12.999964478,-12.49994309,29.127991962));
#2413=CARTESIAN_POINT('',(-13.999977275,-11.499985808,29.12123881));
#2414=CARTESIAN_POINT('',(-13.999975042,-11.630882964,29.121790618));
#2415=CARTESIAN_POINT('',(-13.973946281,-11.761728619,29.122232489));
#2416=CARTESIAN_POINT('',(-13.873758841,-12.003595451,29.122829761));
#2417=CARTESIAN_POINT('',(-13.79963958,-12.114521469,29.122984925));
#2418=CARTESIAN_POINT('',(-13.614521469,-12.29963958,29.122984925));
#2419=CARTESIAN_POINT('',(-13.503595451,-12.373758841,29.122829761));
#2420=CARTESIAN_POINT('',(-13.261728619,-12.473946281,29.122232489));
#2421=CARTESIAN_POINT('',(-13.130882964,-12.499975042,29.121790618));
#2422=CARTESIAN_POINT('',(-12.999985808,-12.499977275,29.12123881));
#2423=CARTESIAN_POINT('',(-13.999985805,-11.499991131,29.118989138));
#2424=CARTESIAN_POINT('',(-13.999984411,-11.63088924,29.119430336));
#2425=CARTESIAN_POINT('',(-13.97395619,-11.761735848,29.119783635));
#2426=CARTESIAN_POINT('',(-13.873769183,-12.003604283,29.120261183));
#2427=CARTESIAN_POINT('',(-13.799649814,-12.114530947,29.120385245));
#2428=CARTESIAN_POINT('',(-13.614530947,-12.299649814,29.120385245));
#2429=CARTESIAN_POINT('',(-13.503604283,-12.373769183,29.120261183));
#2430=CARTESIAN_POINT('',(-13.261735848,-12.47395619,29.119783635));
#2431=CARTESIAN_POINT('',(-13.13088924,-12.499984411,29.119430336));
#2432=CARTESIAN_POINT('',(-12.999991131,-12.499985805,29.118989138));
#2433=CARTESIAN_POINT('',(-13.999994327,-11.499996455,29.115616677));
#2434=CARTESIAN_POINT('',(-13.99999377,-11.630895516,29.115892225));
#2435=CARTESIAN_POINT('',(-13.973966088,-11.761743074,29.116112876));
#2436=CARTESIAN_POINT('',(-13.873779513,-12.003613107,29.116411127));
#2437=CARTESIAN_POINT('',(-13.799660038,-12.114540417,29.116488609));
#2438=CARTESIAN_POINT('',(-13.614540417,-12.299660038,29.116488609));
#2439=CARTESIAN_POINT('',(-13.503613107,-12.373779513,29.116411127));
#2440=CARTESIAN_POINT('',(-13.261743074,-12.473966088,29.116112876));
#2441=CARTESIAN_POINT('',(-13.130895516,-12.49999377,29.115892225));
#2442=CARTESIAN_POINT('',(-12.999996455,-12.499994327,29.115616677));
#2443=CARTESIAN_POINT('',(-13.999996455,-11.499997784,29.114492865));
#2444=CARTESIAN_POINT('',(-13.999996107,-11.630897083,29.114713241));
#2445=CARTESIAN_POINT('',(-13.97396856,-11.761744878,29.114889712));
#2446=CARTESIAN_POINT('',(-13.873782092,-12.00361531,29.115128245));
#2447=CARTESIAN_POINT('',(-13.799662591,-12.114542782,29.115190213));
#2448=CARTESIAN_POINT('',(-13.614542782,-12.299662591,29.115190213));
#2449=CARTESIAN_POINT('',(-13.50361531,-12.373782092,29.115128245));
#2450=CARTESIAN_POINT('',(-13.261744878,-12.47396856,29.114889712));
#2451=CARTESIAN_POINT('',(-13.130897083,-12.499996107,29.114713241));
#2452=CARTESIAN_POINT('',(-12.999997784,-12.499996455,29.114492865));
#2453=CARTESIAN_POINT('',(-13.999999292,-11.499999557,29.112245922));
#2454=CARTESIAN_POINT('',(-13.999999222,-11.630899172,29.112356043));
#2455=CARTESIAN_POINT('',(-13.973971854,-11.761747284,29.112444225));
#2456=CARTESIAN_POINT('',(-13.87378553,-12.003618247,29.112563419));
#2457=CARTESIAN_POINT('',(-13.799665993,-12.114545933,29.112594384));
#2458=CARTESIAN_POINT('',(-13.614545933,-12.299665993,29.112594384));
#2459=CARTESIAN_POINT('',(-13.503618247,-12.37378553,29.112563419));
#2460=CARTESIAN_POINT('',(-13.261747284,-12.473971854,29.112444225));
#2461=CARTESIAN_POINT('',(-13.130899172,-12.499999222,29.112356043));
#2462=CARTESIAN_POINT('',(-12.999999557,-12.499999292,29.112245922));
#2463=CARTESIAN_POINT('',(-14.,-11.5,29.110702332));
#2464=CARTESIAN_POINT('',(-14.,-11.630899694,29.110702332));
#2465=CARTESIAN_POINT('',(-13.973972677,-11.761747884,29.110702332));
#2466=CARTESIAN_POINT('',(-13.873786388,-12.00361898,29.110702332));
#2467=CARTESIAN_POINT('',(-13.799666842,-12.11454672,29.110702332));
#2468=CARTESIAN_POINT('',(-13.61454672,-12.299666842,29.110702332));
#2469=CARTESIAN_POINT('',(-13.50361898,-12.373786388,29.110702332));
#2470=CARTESIAN_POINT('',(-13.261747884,-12.473972677,29.110702332));
#2471=CARTESIAN_POINT('',(-13.130899694,-12.5,29.110702332));
#2472=CARTESIAN_POINT('',(-13.,-12.5,29.110702332));
#2473=CARTESIAN_POINT('',(-14.,-11.5,29.11));
#2474=CARTESIAN_POINT('',(-14.,-11.630899694,29.11));
#2475=CARTESIAN_POINT('',(-13.973972677,-11.761747884,29.11));
#2476=CARTESIAN_POINT('',(-13.873786388,-12.00361898,29.11));
#2477=CARTESIAN_POINT('',(-13.799666842,-12.11454672,29.11));
#2478=CARTESIAN_POINT('',(-13.61454672,-12.299666842,29.11));
#2479=CARTESIAN_POINT('',(-13.50361898,-12.373786388,29.11));
#2480=CARTESIAN_POINT('',(-13.261747884,-12.473972677,29.11));
#2481=CARTESIAN_POINT('',(-13.130899694,-12.5,29.11));
#2482=CARTESIAN_POINT('',(-13.,-12.5,29.11));
#2483=B_SPLINE_SURFACE_WITH_KNOTS('',3,3,((#2043,#2044,#2045,#2046,#2047,#2048,#2049,#2050,#2051,#2052),(#2053,#2054,#2055,#2056,#2057,#2058,#2059,#2060,#2061,#2062),(#2063,#2064,#2065,#2066,#2067,#2068,#2069,#2070,#2071,#2072),(#2073,#2074,#2075,#2076,#2077,#2078,#2079,#2080,#2081,#2082),(#2083,#2084,#2085,#2086,#2087,#2088,#2089,#2090,#2091,#2092),(#2093,#2094,#2095,#2096,#2097,#2098,#2099,#2100,#2101,#2102),(#2103,#2104,#2105,#2106,#2107,#2108,#2109,#2110,#2111,#2112),(#2113,#2114,#2115,#2116,#2117,#2118,#2119,#2120,#2121,#2122),(#2123,#2124,#2125,#2126,#2127,#2128,#2129,#2130,#2131,#2132),(#2133,#2134,#2135,#2136,#2137,#2138,#2139,#2140,#2141,#2142),(#2143,#2144,#2145,#2146,#2147,#2148,#2149,#2150,#2151,#2152),(#2153,#2154,#2155,#2156,#2157,#2158,#2159,#2160,#2161,#2162),(#2163,#2164,#2165,#2166,#2167,#2168,#2169,#2170,#2171,#2172),(#2173,#2174,#2175,#2176,#2177,#2178,#2179,#2180,#2181,#2182),(#2183,#2184,#2185,#2186,#2187,#2188,#2189,#2190,#2191,#2192),(#2193,#2194,#2195,#2196,#2197,#2198,#2199,#2200,#2201,#2202),(#2203,#2204,#2205,#2206,#2207,#2208,#2209,#2210,#2211,#2212),(#2213,#2214,#2215,#2216,#2217,#2218,#2219,#2220,#2221,#2222),(#2223,#2224,#2225,#2226,#2227,#2228,#2229,#2230,#2231,#2232),(#2233,#2234,#2235,#2236,#2237,#2238,#2239,#2240,#2241,#2242),(#2243,#2244,#2245,#2246,#2247,#2248,#2249,#2250,#2251,#2252),(#2253,#2254,#2255,#2256,#2257,#2258,#2259,#2260,#2261,#2262),(#2263,#2264,#2265,#2266,#2267,#2268,#2269,#2270,#2271,#2272),(#2273,#2274,#2275,#2276,#2277,#2278,#2279,#2280,#2281,#2282),(#2283,#2284,#2285,#2286,#2287,#2288,#2289,#2290,#2291,#2292),(#2293,#2294,#2295,#2296,#2297,#2298,#2299,#2300,#2301,#2302),
(#2303,#2304,#2305,#2306,#2307,#2308,#2309,#2310,#2311,#2312),(#2313,#2314,#2315,#2316,#2317,#2318,#2319,#2320,#2321,#2322),(#2323,#2324,#2325,#2326,#2327,#2328,#2329,#2330,#2331,#2332),(#2333,#2334,#2335,#2336,#2337,#2338,#2339,#2340,#2341,#2342),(#2343,#2344,#2345,#2346,#2347,#2348,#2349,#2350,#2351,#2352),(#2353,#2354,#2355,#2356,#2357,#2358,#2359,#2360,#2361,#2362),(#2363,#2364,#2365,#2366,#2367,#2368,#2369,#2370,#2371,#2372),(#2373,#2374,#2375,#2376,#2377,#2378,#2379,#2380,#2381,#2382),(#2383,#2384,#2385,#2386,#2387,#2388,#2389,#2390,#2391,#2392),(#2393,#2394,#2395,#2396,#2397,#2398,#2399,#2400,#2401,#2402),(#2403,#2404,#2405,#2406,#2407,#2408,#2409,#2410,#2411,#2412),(#2413,#2414,#2415,#2416,#2417,#2418,#2419,#2420,#2421,#2422),(#2423,#2424,#2425,#2426,#2427,#2428,#2429,#2430,#2431,#2432),(#2433,#2434,#2435,#2436,#2437,#2438,#2439,#2440,#2441,#2442),(#2443,#2444,#2445,#2446,#2447,#2448,#2449,#2450,#2451,#2452),(#2453,#2454,#2455,#2456,#2457,#2458,#2459,#2460,#2461,#2462),(#2463,#2464,#2465,#2466,#2467,#2468,#2469,#2470,#2471,#2472),(#2473,#2474,#2475,#2476,#2477,#2478,#2479,#2480,#2481,#2482)),.UNSPECIFIED.,.F.,.F.,.U.,(4,2,2,2,2,2,2,2,2,2,2,2,2,2,2,2,2,2,2,2,2,4),(4,2,2,2,4),(-0.000008174,0.000057955,0.000124084,0.000256342,0.000520859,0.000785375,0.000917633,0.001049891,0.001182149,0.001314408,0.001446666,0.001578924,0.001711182,0.00184344,0.001975698,0.002041827,0.002074892,0.002091424,0.00209969,0.002103823,0.00210589,0.002107957),(0.,0.25,0.5,0.75,1.),.UNSPECIFIED.);
#2484=ORIENTED_EDGE('',*,*,#1117,.F.);
#2485=ORIENTED_EDGE('',*,*,#944,.F.);
#2486=CARTESIAN_POINT('',(-13.,-11.5,29.11));
#2487=DIRECTION('',(0.,0.,-1.));
#2488=DIRECTION('',(-1.,0.,0.));
#2489=AXIS2_PLACEMENT_3D('',#2486,#2487,#2488);
#2490=CIRCLE('',#2489,1.);
#2491=EDGE_CURVE('',#75,#33,#2490,.T.);
#2492=ORIENTED_EDGE('',*,*,#2491,.F.);
#2493=EDGE_LOOP('',(#2484,#2485,#2492));
#2494=FACE_BOUND('',#2493,.T.);
#2495=ADVANCED_FACE('',(#2494),#2483,.T.);
#2496=CARTESIAN_POINT('',(-13.,-11.5,31.21));
#2497=DIRECTION('',(0.,0.,-1.));
#2498=DIRECTION('',(-1.,0.,0.));
#2499=AXIS2_PLACEMENT_3D('',#2496,#2497,#2498);
#2500=CYLINDRICAL_SURFACE('',#2499,1.);
#2501=ORIENTED_EDGE('',*,*,#2491,.T.);
#2502=ORIENTED_EDGE('',*,*,#62,.F.);
#2503=CARTESIAN_POINT('',(-13.,-11.5,28.81));
#2504=DIRECTION('',(0.,0.,-1.));
#2505=DIRECTION('',(-1.,0.,0.));
#2506=AXIS2_PLACEMENT_3D('',#2503,#2504,#2505);
#2507=CIRCLE('',#2506,1.);
#2508=EDGE_CURVE('',#83,#51,#2507,.T.);
#2509=ORIENTED_EDGE('',*,*,#2508,.F.);
#2510=ORIENTED_EDGE('',*,*,#88,.F.);
#2511=EDGE_LOOP('',(#2501,#2502,#2509,#2510));
#2512=FACE_BOUND('',#2511,.T.);
#2513=ADVANCED_FACE('',(#2512),#2500,.T.);
#2514=CARTESIAN_POINT('',(-11.9,-10.4,26.71));
#2515=CARTESIAN_POINT('',(-11.9,-10.4,26.71));
#2516=CARTESIAN_POINT('',(-11.9,-10.4,26.71));
#2517=CARTESIAN_POINT('',(-11.9,-10.4,26.71));
#2518=CARTESIAN_POINT('',(-11.9,-10.4,26.71));
#2519=CARTESIAN_POINT('',(-11.9,-10.4,26.71));
#2520=CARTESIAN_POINT('',(-11.9,-10.4,26.71));
#2521=CARTESIAN_POINT('',(-11.9,-10.4,26.71));
#2522=CARTESIAN_POINT('',(-11.9,-10.4,26.71));
#2523=CARTESIAN_POINT('',(-11.9,-10.4,26.71));
#2524=CARTESIAN_POINT('',(-11.916016877,-10.42560556,26.71));
#2525=CARTESIAN_POINT('',(-11.916016877,-10.42560556,26.71));
#2526=CARTESIAN_POINT('',(-11.918414048,-10.423208389,26.71));
#2527=CARTESIAN_POINT('',(-11.918414048,-10.423208389,26.71));
#2528=CARTESIAN_POINT('',(-11.920811218,-10.420811218,26.71));
#2529=CARTESIAN_POINT('',(-11.920811218,-10.420811218,26.71));
#2530=CARTESIAN_POINT('',(-11.923208389,-10.418414048,26.71));
#2531=CARTESIAN_POINT('',(-11.923208389,-10.418414048,26.71));
#2532=CARTESIAN_POINT('',(-11.92560556,-10.416016877,26.71));
#2533=CARTESIAN_POINT('',(-11.92560556,-10.416016877,26.71));
#2534=CARTESIAN_POINT('',(-11.931509107,-10.450535187,26.710355827));
#2535=CARTESIAN_POINT('',(-11.933094704,-10.448949552,26.710333647));
#2536=CARTESIAN_POINT('',(-11.934680301,-10.447363926,26.710317014));
#2537=CARTESIAN_POINT('',(-11.937851499,-10.444192689,26.710294838));
#2538=CARTESIAN_POINT('',(-11.9394371,-10.442607077,26.710289296));
#2539=CARTESIAN_POINT('',(-11.942608313,-10.439435864,26.710289302));
#2540=CARTESIAN_POINT('',(-11.944193924,-10.437850263,26.71029485));
#2541=CARTESIAN_POINT('',(-11.947365161,-10.434679064,26.710317037));
#2542=CARTESIAN_POINT('',(-11.948950787,-10.433093468,26.710333677));
#2543=CARTESIAN_POINT('',(-11.950536422,-10.431507871,26.710355862));
#2544=CARTESIAN_POINT('',(-11.963012012,-10.501624921,26.711829064));
#2545=CARTESIAN_POINT('',(-11.966230994,-10.498409968,26.711712835));
#2546=CARTESIAN_POINT('',(-11.969449977,-10.495194008,26.711625658));
#2547=CARTESIAN_POINT('',(-11.975887439,-10.488760576,26.711509419));
#2548=CARTESIAN_POINT('',(-11.979105918,-10.485543104,26.711480356));
#2549=CARTESIAN_POINT('',(-11.985541869,-10.479107154,26.71148035));
#2550=CARTESIAN_POINT('',(-11.988759341,-10.475888675,26.711509407));
#2551=CARTESIAN_POINT('',(-11.995192773,-10.469451213,26.711625634));
#2552=CARTESIAN_POINT('',(-11.998408734,-10.46623223,26.711712806));
#2553=CARTESIAN_POINT('',(-12.001623687,-10.463013247,26.711829028));
#2554=CARTESIAN_POINT('',(-11.97873726,-10.527315412,26.712945319));
#2555=CARTESIAN_POINT('',(-11.98278815,-10.523272654,26.712757288));
#2556=CARTESIAN_POINT('',(-11.986839041,-10.519227863,26.712616253));
#2557=CARTESIAN_POINT('',(-11.994939805,-10.511135233,26.712428203));
#2558=CARTESIAN_POINT('',(-11.998989678,-10.507087392,26.712381188));
#2559=CARTESIAN_POINT('',(-12.007087392,-10.498989678,26.712381188));
#2560=CARTESIAN_POINT('',(-12.011135233,-10.494939805,26.712428203));
#2561=CARTESIAN_POINT('',(-12.019227863,-10.486839041,26.712616253));
#2562=CARTESIAN_POINT('',(-12.023272654,-10.48278815,26.712757288));
#2563=CARTESIAN_POINT('',(-12.027315412,-10.47873726,26.712945319));
#2564=CARTESIAN_POINT('',(-12.025827526,-10.604830918,26.717504889));
#2565=CARTESIAN_POINT('',(-12.032422615,-10.598270238,26.717019441));
#2566=CARTESIAN_POINT('',(-12.039017705,-10.591700963,26.716655263));
#2567=CARTESIAN_POINT('',(-12.05220358,-10.578549508,26.716169667));
#2568=CARTESIAN_POINT('',(-12.058794365,-10.571967329,26.71604825));
#2569=CARTESIAN_POINT('',(-12.071967329,-10.558794365,26.71604825));
#2570=CARTESIAN_POINT('',(-12.078549508,-10.55220358,26.716169667));
#2571=CARTESIAN_POINT('',(-12.091700962,-10.539017705,26.716655263));
#2572=CARTESIAN_POINT('',(-12.098270238,-10.532422616,26.717019441));
#2573=CARTESIAN_POINT('',(-12.104830918,-10.525827526,26.717504889));
#2574=CARTESIAN_POINT('',(-12.057107555,-10.657118366,26.722155174));
#2575=CARTESIAN_POINT('',(-12.065465057,-10.648830653,26.721362235));
#2576=CARTESIAN_POINT('',(-12.073822559,-10.640525501,26.720767328));
#2577=CARTESIAN_POINT('',(-12.090528836,-10.623889027,26.719974063));
#2578=CARTESIAN_POINT('',(-12.09887761,-10.615557706,26.719775707));
#2579=CARTESIAN_POINT('',(-12.115557706,-10.59887761,26.719775707));
#2580=CARTESIAN_POINT('',(-12.123889027,-10.590528835,26.719974063));
#2581=CARTESIAN_POINT('',(-12.140525501,-10.573822559,26.720767328));
#2582=CARTESIAN_POINT('',(-12.148830653,-10.565465057,26.721362235));
#2583=CARTESIAN_POINT('',(-12.157118366,-10.557107554,26.722155174));
#2584=CARTESIAN_POINT('',(-12.150580435,-10.816079836,26.741668474));
#2585=CARTESIAN_POINT('',(-12.164477144,-10.802497983,26.739552398));
#2586=CARTESIAN_POINT('',(-12.178373851,-10.788837664,26.737963594));
#2587=CARTESIAN_POINT('',(-12.206127789,-10.761398976,26.735844723));
#2588=CARTESIAN_POINT('',(-12.219985016,-10.747620611,26.735314655));
#2589=CARTESIAN_POINT('',(-12.247620611,-10.719985016,26.735314655));
#2590=CARTESIAN_POINT('',(-12.261398976,-10.706127789,26.735844723));
#2591=CARTESIAN_POINT('',(-12.288837663,-10.678373852,26.737963594));
#2592=CARTESIAN_POINT('',(-12.302497982,-10.664477145,26.739552398));
#2593=CARTESIAN_POINT('',(-12.316079836,-10.650580436,26.741668474));
#2594=CARTESIAN_POINT('',(-12.212410476,-10.924866029,26.761974665));
#2595=CARTESIAN_POINT('',(-12.230328235,-10.907587543,26.758444623));
#2596=CARTESIAN_POINT('',(-12.248245992,-10.890149309,26.755793561));
#2597=CARTESIAN_POINT('',(-12.284001568,-10.855033116,26.752257873));
#2598=CARTESIAN_POINT('',(-12.301839384,-10.837355158,26.751373246));
#2599=CARTESIAN_POINT('',(-12.33735516,-10.801839382,26.751373247));
#2600=CARTESIAN_POINT('',(-12.355033118,-10.784001565,26.752257874));
#2601=CARTESIAN_POINT('',(-12.390149312,-10.74824599,26.755793561));
#2602=CARTESIAN_POINT('',(-12.407587545,-10.730328232,26.758444624));
#2603=CARTESIAN_POINT('',(-12.424866031,-10.712410474,26.761974665));
#2604=CARTESIAN_POINT('',(-12.334876224,-11.149434034,26.823317855));
#2605=CARTESIAN_POINT('',(-12.361921833,-11.124871218,26.815418491));
#2606=CARTESIAN_POINT('',(-12.388967385,-11.099696284,26.809466042));
#2607=CARTESIAN_POINT('',(-12.442743974,-11.048416138,26.801521955));
#2608=CARTESIAN_POINT('',(-12.469474897,-11.022311036,26.799530332));
#2609=CARTESIAN_POINT('',(-12.522311034,-10.969474899,26.799530332));
#2610=CARTESIAN_POINT('',(-12.548416136,-10.942743977,26.801521955));
#2611=CARTESIAN_POINT('',(-12.599696282,-10.888967388,26.809466042));
#2612=CARTESIAN_POINT('',(-12.624871216,-10.861921836,26.81541849));
#2613=CARTESIAN_POINT('',(-12.649434031,-10.834876226,26.823317854));
#2614=CARTESIAN_POINT('',(-12.395517152,-11.265308166,26.864268724));
#2615=CARTESIAN_POINT('',(-12.427666416,-11.237134092,26.853390897));
#2616=CARTESIAN_POINT('',(-12.459815582,-11.20798088,26.845183044));
#2617=CARTESIAN_POINT('',(-12.523609932,-11.148185018,26.834225983));
#2618=CARTESIAN_POINT('',(-12.555254922,-11.117542562,26.831476799));
#2619=CARTESIAN_POINT('',(-12.617542562,-11.055254922,26.831476799));
#2620=CARTESIAN_POINT('',(-12.648185018,-11.023609932,26.834225983));
#2621=CARTESIAN_POINT('',(-12.70798088,-10.959815582,26.845183044));
#2622=CARTESIAN_POINT('',(-12.737134092,-10.927666415,26.853390897));
#2623=CARTESIAN_POINT('',(-12.765308166,-10.895517152,26.864268724));
#2624=CARTESIAN_POINT('',(-12.485270333,-11.444394053,26.949404844));
#2625=CARTESIAN_POINT('',(-12.526425757,-11.411800715,26.932652249));
#2626=CARTESIAN_POINT('',(-12.567580691,-11.3771391,26.91994629));
#2627=CARTESIAN_POINT('',(-12.648784982,-11.304611975,26.902966733));
#2628=CARTESIAN_POINT('',(-12.688833371,-11.266747333,26.898693335));
#2629=CARTESIAN_POINT('',(-12.766747332,-11.188833371,26.898693335));
#2630=CARTESIAN_POINT('',(-12.804611975,-11.148784982,26.902966733));
#2631=CARTESIAN_POINT('',(-12.8771391,-11.067580691,26.91994629));
#2632=CARTESIAN_POINT('',(-12.911800714,-11.026425758,26.932652249));
#2633=CARTESIAN_POINT('',(-12.944394053,-10.985270333,26.949404844));
#2634=CARTESIAN_POINT('',(-12.515144391,-11.505278714,26.981999992));
#2635=CARTESIAN_POINT('',(-12.559549478,-11.471383808,26.963043848));
#2636=CARTESIAN_POINT('',(-12.603953872,-11.434961779,26.948643721));
#2637=CARTESIAN_POINT('',(-12.691399736,-11.358186084,26.929393962));
#2638=CARTESIAN_POINT('',(-12.734439857,-11.317833608,26.924544621));
#2639=CARTESIAN_POINT('',(-12.81783374,-11.234439722,26.924544627));
#2640=CARTESIAN_POINT('',(-12.858186213,-11.191399599,26.929393974));
#2641=CARTESIAN_POINT('',(-12.934961902,-11.103953735,26.948643744));
#2642=CARTESIAN_POINT('',(-12.971383927,-11.059549342,26.963043875));
#2643=CARTESIAN_POINT('',(-13.005278829,-11.015144257,26.982000025));
#2644=CARTESIAN_POINT('',(-12.573462405,-11.626310401,27.055972319));
#2645=CARTESIAN_POINT('',(-12.624822289,-11.590484032,27.032316399));
#2646=CARTESIAN_POINT('',(-12.676180821,-11.550969535,27.014277045));
#2647=CARTESIAN_POINT('',(-12.776860227,-11.466134981,26.990143566));
#2648=CARTESIAN_POINT('',(-12.826178468,-11.420817151,26.984050068));
#2649=CARTESIAN_POINT('',(-12.920817019,-11.326178604,26.984050063));
#2650=CARTESIAN_POINT('',(-12.966134852,-11.276860364,26.990143555));
#2651=CARTESIAN_POINT('',(-13.050969412,-11.176180958,27.014277022));
#2652=CARTESIAN_POINT('',(-13.090483913,-11.124822424,27.032316372));
#2653=CARTESIAN_POINT('',(-13.126310287,-11.073462539,27.055972287));
#2654=CARTESIAN_POINT('',(-12.601893536,-11.686413331,27.097286318));
#2655=CARTESIAN_POINT('',(-12.656955199,-11.649958245,27.071136353));
#2656=CARTESIAN_POINT('',(-12.712015055,-11.609113307,27.051153426));
#2657=CARTESIAN_POINT('',(-12.819680056,-11.520472481,27.024408381));
#2658=CARTESIAN_POINT('',(-12.872281665,-11.472679531,27.017647133));
#2659=CARTESIAN_POINT('',(-12.972679531,-11.372281665,27.017647133));
#2660=CARTESIAN_POINT('',(-13.020472481,-11.319680056,27.024408381));
#2661=CARTESIAN_POINT('',(-13.109113307,-11.212015055,27.051153426));
#2662=CARTESIAN_POINT('',(-13.149958245,-11.156955199,27.071136353));
#2663=CARTESIAN_POINT('',(-13.186413331,-11.101893536,27.097286318));
#2664=CARTESIAN_POINT('',(-12.657102672,-11.804356882,27.189488297));
#2665=CARTESIAN_POINT('',(-12.720022115,-11.767583077,27.15839182));
#2666=CARTESIAN_POINT('',(-12.782938311,-11.724737985,27.134516522));
#2667=CARTESIAN_POINT('',(-12.905272311,-11.629292321,27.10253089));
#2668=CARTESIAN_POINT('',(-12.964683798,-11.576696699,27.094422201));
#2669=CARTESIAN_POINT('',(-13.076696699,-11.464683798,27.094422201));
#2670=CARTESIAN_POINT('',(-13.129292321,-11.405272311,27.10253089));
#2671=CARTESIAN_POINT('',(-13.224737985,-11.282938311,27.134516522));
#2672=CARTESIAN_POINT('',(-13.267583077,-11.220022115,27.15839182));
#2673=CARTESIAN_POINT('',(-13.304356882,-11.157102672,27.189488297));
#2674=CARTESIAN_POINT('',(-12.683879991,-11.862192692,27.240384915));
#2675=CARTESIAN_POINT('',(-12.750957745,-11.82573371,27.206836381));
#2676=CARTESIAN_POINT('',(-12.818031272,-11.782222427,27.181012144));
#2677=CARTESIAN_POINT('',(-12.948052188,-11.683782595,27.146397172));
#2678=CARTESIAN_POINT('',(-13.010991376,-11.628860307,27.137608619));
#2679=CARTESIAN_POINT('',(-13.128860307,-11.510991376,27.137608619));
#2680=CARTESIAN_POINT('',(-13.183782595,-11.448052188,27.146397172));
#2681=CARTESIAN_POINT('',(-13.282222427,-11.318031272,27.181012144));
#2682=CARTESIAN_POINT('',(-13.32573371,-11.250957745,27.206836381));
#2683=CARTESIAN_POINT('',(-13.362192692,-11.183879991,27.240384915));
#2684=CARTESIAN_POINT('',(-12.735514189,-11.973708783,27.352263628));
#2685=CARTESIAN_POINT('',(-12.811274207,-11.938980737,27.314393653));
#2686=CARTESIAN_POINT('',(-12.887027225,-11.894979221,27.285083428));
#2687=CARTESIAN_POINT('',(-13.032913037,-11.791699952,27.245751229));
#2688=CARTESIAN_POINT('',(-13.103032346,-11.732431793,27.235732888));
#2689=CARTESIAN_POINT('',(-13.232431793,-11.603032346,27.235732888));
#2690=CARTESIAN_POINT('',(-13.291699952,-11.532913037,27.245751229));
#2691=CARTESIAN_POINT('',(-13.394979221,-11.387027225,27.285083428));
#2692=CARTESIAN_POINT('',(-13.438980737,-11.311274207,27.314393653));
#2693=CARTESIAN_POINT('',(-13.473708783,-11.235514189,27.352263628));
#2694=CARTESIAN_POINT('',(-12.760484981,-12.027611909,27.413577111));
#2695=CARTESIAN_POINT('',(-12.8407925,-11.994315112,27.373839342));
#2696=CARTESIAN_POINT('',(-12.921091205,-11.950497707,27.342992519));
#2697=CARTESIAN_POINT('',(-13.075195832,-11.845375347,27.301572798));
#2698=CARTESIAN_POINT('',(-13.14898483,-11.784082024,27.291004464));
#2699=CARTESIAN_POINT('',(-13.284082024,-11.64898483,27.291004464));
#2700=CARTESIAN_POINT('',(-13.345375347,-11.575195832,27.301572798));
#2701=CARTESIAN_POINT('',(-13.450497707,-11.421091204,27.342992519));
#2702=CARTESIAN_POINT('',(-13.494315112,-11.3407925,27.373839342));
#2703=CARTESIAN_POINT('',(-13.527611909,-11.260484981,27.413577111));
#2704=CARTESIAN_POINT('',(-12.807483579,-12.127837621,27.544366011));
#2705=CARTESIAN_POINT('',(-12.896883319,-12.098346799,27.502169482));
#2706=CARTESIAN_POINT('',(-12.986269675,-12.055724159,27.469224263));
#2707=CARTESIAN_POINT('',(-13.156624735,-11.948234557,27.424933211));
#2708=CARTESIAN_POINT('',(-13.237567925,-11.883383771,27.413594025));
#2709=CARTESIAN_POINT('',(-13.383383771,-11.737567925,27.413594025));
#2710=CARTESIAN_POINT('',(-13.448234557,-11.656624735,27.424933211));
#2711=CARTESIAN_POINT('',(-13.555724159,-11.486269675,27.469224263));
#2712=CARTESIAN_POINT('',(-13.598346799,-11.396883319,27.502169482));
#2713=CARTESIAN_POINT('',(-13.627837621,-11.307483579,27.544366011));
#2714=CARTESIAN_POINT('',(-12.829503731,-12.174123219,27.613809977));
#2715=CARTESIAN_POINT('',(-12.923441387,-12.147000231,27.571037131));
#2716=CARTESIAN_POINT('',(-13.017362893,-12.105385049,27.537542492));
#2717=CARTESIAN_POINT('',(-13.195737446,-11.99737019,27.492484524));
#2718=CARTESIAN_POINT('',(-13.280159824,-11.930989184,27.480928987));
#2719=CARTESIAN_POINT('',(-13.430989182,-11.780159826,27.480928987));
#2720=CARTESIAN_POINT('',(-13.497370187,-11.695737448,27.492484524));
#2721=CARTESIAN_POINT('',(-13.605385047,-11.517362894,27.537542492));
#2722=CARTESIAN_POINT('',(-13.647000228,-11.423441388,27.571037132));
#2723=CARTESIAN_POINT('',(-13.674123217,-11.329503733,27.613809978));
#2724=CARTESIAN_POINT('',(-12.869559502,-12.256570892,27.7564754));
#2725=CARTESIAN_POINT('',(-12.972030491,-12.234520368,27.714159732));
#2726=CARTESIAN_POINT('',(-13.074479261,-12.195369826,27.680845455));
#2727=CARTESIAN_POINT('',(-13.267798295,-12.087293725,27.635979257));
#2728=CARTESIAN_POINT('',(-13.358626639,-12.018391694,27.624437107));
#2729=CARTESIAN_POINT('',(-13.518391696,-11.858626637,27.624437107));
#2730=CARTESIAN_POINT('',(-13.587293727,-11.767798293,27.635979257));
#2731=CARTESIAN_POINT('',(-13.695369828,-11.574479259,27.680845454));
#2732=CARTESIAN_POINT('',(-13.73452037,-11.472030489,27.714159731));
#2733=CARTESIAN_POINT('',(-13.756570894,-11.3695595,27.7564754));
#2734=CARTESIAN_POINT('',(-12.887719671,-12.293012091,27.830000574));
#2735=CARTESIAN_POINT('',(-12.994206382,-12.273667433,27.788708299));
#2736=CARTESIAN_POINT('',(-13.100667562,-12.235970331,27.756116193));
#2737=CARTESIAN_POINT('',(-13.300949267,-12.128342747,27.712198543));
#2738=CARTESIAN_POINT('',(-13.394721771,-12.058438156,27.700883595));
#2739=CARTESIAN_POINT('',(-13.558438155,-11.894721772,27.700883595));
#2740=CARTESIAN_POINT('',(-13.628342745,-11.800949268,27.712198543));
#2741=CARTESIAN_POINT('',(-13.735970329,-11.600667563,27.756116193));
#2742=CARTESIAN_POINT('',(-13.773667432,-11.494206382,27.788708299));
#2743=CARTESIAN_POINT('',(-13.793012089,-11.387719671,27.830000574));
#2744=CARTESIAN_POINT('',(-12.920223066,-12.356646274,27.980291342));
#2745=CARTESIAN_POINT('',(-13.033953529,-12.342513389,27.942516754));
#2746=CARTESIAN_POINT('',(-13.147651863,-12.307757771,27.912568773));
#2747=CARTESIAN_POINT('',(-13.360411302,-12.201468535,27.872175795));
#2748=CARTESIAN_POINT('',(-13.459412302,-12.129965026,27.861742271));
#2749=CARTESIAN_POINT('',(-13.629965028,-11.959412301,27.861742271));
#2750=CARTESIAN_POINT('',(-13.701468537,-11.860411301,27.872175795));
#2751=CARTESIAN_POINT('',(-13.807757772,-11.647651862,27.912568773));
#2752=CARTESIAN_POINT('',(-13.842513391,-11.533953528,27.942516754));
#2753=CARTESIAN_POINT('',(-13.856646275,-11.420223065,27.980291342));
#2754=CARTESIAN_POINT('',(-12.934659095,-12.384018292,28.057701294));
#2755=CARTESIAN_POINT('',(-13.051636587,-12.372404483,28.022443444));
#2756=CARTESIAN_POINT('',(-13.16857863,-12.339143873,27.994435234));
#2757=CARTESIAN_POINT('',(-13.386886087,-12.233746609,27.956642431));
#2758=CARTESIAN_POINT('',(-13.488185383,-12.161641929,27.94686935));
#2759=CARTESIAN_POINT('',(-13.661641913,-11.988185397,27.946869351));
#2760=CARTESIAN_POINT('',(-13.733746592,-11.886886099,27.956642432));
#2761=CARTESIAN_POINT('',(-13.839143854,-11.668578639,27.994435237));
#2762=CARTESIAN_POINT('',(-13.872404465,-11.551636593,28.022443448));
#2763=CARTESIAN_POINT('',(-13.884018273,-11.4346591,28.057701298));
#2764=CARTESIAN_POINT('',(-12.95900204,-12.429072947,28.211594601));
#2765=CARTESIAN_POINT('',(-13.081383761,-12.421790321,28.182308686));
#2766=CARTESIAN_POINT('',(-13.203724216,-12.391157767,28.158969054));
#2767=CARTESIAN_POINT('',(-13.431227661,-12.287480262,28.127453826));
#2768=CARTESIAN_POINT('',(-13.536313979,-12.214470303,28.119288915));
#2769=CARTESIAN_POINT('',(-13.714470319,-12.036313965,28.119288914));
#2770=CARTESIAN_POINT('',(-13.78748028,-11.931227648,28.127453825));
#2771=CARTESIAN_POINT('',(-13.891157785,-11.703724208,28.158969051));
#2772=CARTESIAN_POINT('',(-13.92179034,-11.581383754,28.182308683));
#2773=CARTESIAN_POINT('',(-13.929072965,-11.459002036,28.211594597));
#2774=CARTESIAN_POINT('',(-12.968947239,-12.446850569,28.288004856));
#2775=CARTESIAN_POINT('',(-13.093495053,-12.441383764,28.262151211));
#2776=CARTESIAN_POINT('',(-13.217999029,-12.411884737,28.241521385));
#2777=CARTESIAN_POINT('',(-13.449166562,-12.309031211,28.213657698));
#2778=CARTESIAN_POINT('',(-13.55574891,-12.235712866,28.206433672));
#2779=CARTESIAN_POINT('',(-13.735712831,-12.055748938,28.206433673));
#2780=CARTESIAN_POINT('',(-13.809031174,-11.949166586,28.213657701));
#2781=CARTESIAN_POINT('',(-13.911884696,-11.717999043,28.24152139));
#2782=CARTESIAN_POINT('',(-13.941383722,-11.593495063,28.262151217));
#2783=CARTESIAN_POINT('',(-13.946850528,-11.468947243,28.288004863));
#2784=CARTESIAN_POINT('',(-12.984701986,-12.474466171,28.439732909));
#2785=CARTESIAN_POINT('',(-13.112592301,-12.471837904,28.421114696));
#2786=CARTESIAN_POINT('',(-13.240434796,-12.444126202,28.406228682));
#2787=CARTESIAN_POINT('',(-13.477245775,-12.342609109,28.386114198));
#2788=CARTESIAN_POINT('',(-13.586125874,-12.268841627,28.380893282));
#2789=CARTESIAN_POINT('',(-13.768841662,-12.086125846,28.38089328));
#2790=CARTESIAN_POINT('',(-13.842609147,-11.977245751,28.386114196));
#2791=CARTESIAN_POINT('',(-13.944126243,-11.740434781,28.406228677));
#2792=CARTESIAN_POINT('',(-13.971837946,-11.612592292,28.42111469));
#2793=CARTESIAN_POINT('',(-13.974466212,-11.484701982,28.439732902));
#2794=CARTESIAN_POINT('',(-12.990509489,-12.484301476,28.51505652));
#2795=CARTESIAN_POINT('',(-13.119578081,-12.482699219,28.500240214));
#2796=CARTESIAN_POINT('',(-13.248597474,-12.455643729,28.488386863));
#2797=CARTESIAN_POINT('',(-13.487390767,-12.354641998,28.472368129));
#2798=CARTESIAN_POINT('',(-13.597073641,-12.280734262,28.468208872));
#2799=CARTESIAN_POINT('',(-13.780734262,-12.097073641,28.468208872));
#2800=CARTESIAN_POINT('',(-13.854641998,-11.987390767,28.472368129));
#2801=CARTESIAN_POINT('',(-13.955643729,-11.748597474,28.488386863));
#2802=CARTESIAN_POINT('',(-13.982699219,-11.619578081,28.500240214));
#2803=CARTESIAN_POINT('',(-13.984301476,-11.490509489,28.51505652));
#2804=CARTESIAN_POINT('',(-12.996270046,-12.493913487,28.627397449));
#2805=CARTESIAN_POINT('',(-13.126470509,-12.49329938,28.618264975));
#2806=CARTESIAN_POINT('',(-13.256620355,-12.466877066,28.61095454));
#2807=CARTESIAN_POINT('',(-13.497316826,-12.366375347,28.601073895));
#2808=CARTESIAN_POINT('',(-13.607769878,-12.292335015,28.598507532));
#2809=CARTESIAN_POINT('',(-13.792335015,-12.107769878,28.598507532));
#2810=CARTESIAN_POINT('',(-13.866375347,-11.997316826,28.601073895));
#2811=CARTESIAN_POINT('',(-13.966877066,-11.756620355,28.61095454));
#2812=CARTESIAN_POINT('',(-13.99329938,-11.626470509,28.618264975));
#2813=CARTESIAN_POINT('',(-13.993913487,-11.496270046,28.627397449));
#2814=CARTESIAN_POINT('',(-12.997682626,-12.49623387,28.664470323));
#2815=CARTESIAN_POINT('',(-13.128152133,-12.495855876,28.657216604));
#2816=CARTESIAN_POINT('',(-13.258570678,-12.469585356,28.651409308));
#2817=CARTESIAN_POINT('',(-13.499719154,-12.369204692,28.643560049));
#2818=CARTESIAN_POINT('',(-13.610354899,-12.295133753,28.641521154));
#2819=CARTESIAN_POINT('',(-13.795133753,-12.1103549,28.641521154));
#2820=CARTESIAN_POINT('',(-13.869204691,-11.999719155,28.643560049));
#2821=CARTESIAN_POINT('',(-13.969585355,-11.758570678,28.651409309));
#2822=CARTESIAN_POINT('',(-13.995855875,-11.628152133,28.657216604));
#2823=CARTESIAN_POINT('',(-13.996233869,-11.497682626,28.664470323));
#2824=CARTESIAN_POINT('',(-12.999080892,-12.498515583,28.71946316));
#2825=CARTESIAN_POINT('',(-13.129812507,-12.498367774,28.714973148));
#2826=CARTESIAN_POINT('',(-13.260492829,-12.472245303,28.711377978));
#2827=CARTESIAN_POINT('',(-13.502081621,-12.371982855,28.706518531));
#2828=CARTESIAN_POINT('',(-13.612895308,-12.297882213,28.705256161));
#2829=CARTESIAN_POINT('',(-13.797882214,-12.112895308,28.705256161));
#2830=CARTESIAN_POINT('',(-13.871982856,-12.002081621,28.706518531));
#2831=CARTESIAN_POINT('',(-13.972245304,-11.760492829,28.711377978));
#2832=CARTESIAN_POINT('',(-13.998367774,-11.629812507,28.714973148));
#2833=CARTESIAN_POINT('',(-13.998515583,-11.499080892,28.71946316));
#2834=CARTESIAN_POINT('',(-12.999427077,-12.499076582,28.737697677));
#2835=CARTESIAN_POINT('',(-13.130222538,-12.498984907,28.734120237));
#2836=CARTESIAN_POINT('',(-13.260966626,-12.472898567,28.731255675));
#2837=CARTESIAN_POINT('',(-13.502662657,-12.372665026,28.727383734));
#2838=CARTESIAN_POINT('',(-13.613519672,-12.298557194,28.726377876));
#2839=CARTESIAN_POINT('',(-13.798557194,-12.113519672,28.726377876));
#2840=CARTESIAN_POINT('',(-13.872665026,-12.002662657,28.727383734));
#2841=CARTESIAN_POINT('',(-13.972898566,-11.760966626,28.731255675));
#2842=CARTESIAN_POINT('',(-13.998984907,-11.630222538,28.734120237));
#2843=CARTESIAN_POINT('',(-13.999076582,-11.499427077,28.737697677));
#2844=CARTESIAN_POINT('',(-12.999771798,-12.499633242,28.76491229));
#2845=CARTESIAN_POINT('',(-13.13063028,-12.499596988,28.762688382));
#2846=CARTESIAN_POINT('',(-13.261437308,-12.473546324,28.760907576));
#2847=CARTESIAN_POINT('',(-13.503239184,-12.373341343,28.758500497));
#2848=CARTESIAN_POINT('',(-13.61413896,-12.299226426,28.757875172));
#2849=CARTESIAN_POINT('',(-13.799226426,-12.11413896,28.757875172));
#2850=CARTESIAN_POINT('',(-13.873341343,-12.003239184,28.758500497));
#2851=CARTESIAN_POINT('',(-13.973546324,-11.761437308,28.760907576));
#2852=CARTESIAN_POINT('',(-13.999596988,-11.63063028,28.762688382));
#2853=CARTESIAN_POINT('',(-13.999633242,-11.499771798,28.76491229));
#2854=CARTESIAN_POINT('',(-12.999857537,-12.499771305,28.773960907));
#2855=CARTESIAN_POINT('',(-13.130731577,-12.499748737,28.772185619));
#2856=CARTESIAN_POINT('',(-13.261554146,-12.473706883,28.770764036));
#2857=CARTESIAN_POINT('',(-13.503382157,-12.373508956,28.768842509));
#2858=CARTESIAN_POINT('',(-13.614292491,-12.299392289,28.768343321));
#2859=CARTESIAN_POINT('',(-13.799392289,-12.114292491,28.768343321));
#2860=CARTESIAN_POINT('',(-13.873508956,-12.003382157,28.768842509));
#2861=CARTESIAN_POINT('',(-13.973706883,-11.761554146,28.770764036));
#2862=CARTESIAN_POINT('',(-13.999748737,-11.630731577,28.772185619));
#2863=CARTESIAN_POINT('',(-13.999771305,-11.499857537,28.773960907));
#2864=CARTESIAN_POINT('',(-12.999943141,-12.499908839,28.787500446));
#2865=CARTESIAN_POINT('',(-13.130832632,-12.499899863,28.786394012));
#2866=CARTESIAN_POINT('',(-13.261670631,-12.47386676,28.785508015));
#2867=CARTESIAN_POINT('',(-13.503524589,-12.373675843,28.784310428));
#2868=CARTESIAN_POINT('',(-13.614445405,-12.299557443,28.783999309));
#2869=CARTESIAN_POINT('',(-13.799557443,-12.114445405,28.783999309));
#2870=CARTESIAN_POINT('',(-13.873675843,-12.003524589,28.784310428));
#2871=CARTESIAN_POINT('',(-13.97386676,-11.761670631,28.785508015));
#2872=CARTESIAN_POINT('',(-13.999899863,-11.630832632,28.786394012));
#2873=CARTESIAN_POINT('',(-13.999908839,-11.499943141,28.787500446));
#2874=CARTESIAN_POINT('',(-12.999964478,-12.49994309,28.792008038));
#2875=CARTESIAN_POINT('',(-13.130857808,-12.499937492,28.791123874));
#2876=CARTESIAN_POINT('',(-13.261699643,-12.473906564,28.790415862));
#2877=CARTESIAN_POINT('',(-13.503560052,-12.373717388,28.789458853));
#2878=CARTESIAN_POINT('',(-13.614483475,-12.299598556,28.789210233));
#2879=CARTESIAN_POINT('',(-13.799598556,-12.114483475,28.789210233));
#2880=CARTESIAN_POINT('',(-13.873717388,-12.003560052,28.789458853));
#2881=CARTESIAN_POINT('',(-13.973906564,-11.761699643,28.790415862));
#2882=CARTESIAN_POINT('',(-13.999937492,-11.630857808,28.791123874));
#2883=CARTESIAN_POINT('',(-13.99994309,-11.499964478,28.792008038));
#2884=CARTESIAN_POINT('',(-12.999985808,-12.499977275,28.79876119));
#2885=CARTESIAN_POINT('',(-13.130882964,-12.499975042,28.798209382));
#2886=CARTESIAN_POINT('',(-13.261728619,-12.473946281,28.797767511));
#2887=CARTESIAN_POINT('',(-13.503595451,-12.373758841,28.797170239));
#2888=CARTESIAN_POINT('',(-13.614521469,-12.29963958,28.797015075));
#2889=CARTESIAN_POINT('',(-13.79963958,-12.114521469,28.797015075));
#2890=CARTESIAN_POINT('',(-13.873758841,-12.003595451,28.797170239));
#2891=CARTESIAN_POINT('',(-13.973946281,-11.761728619,28.797767511));
#2892=CARTESIAN_POINT('',(-13.999975042,-11.630882964,28.798209382));
#2893=CARTESIAN_POINT('',(-13.999977275,-11.499985808,28.79876119));
#2894=CARTESIAN_POINT('',(-12.999991131,-12.499985805,28.801010862));
#2895=CARTESIAN_POINT('',(-13.13088924,-12.499984411,28.800569664));
#2896=CARTESIAN_POINT('',(-13.261735848,-12.47395619,28.800216365));
#2897=CARTESIAN_POINT('',(-13.503604283,-12.373769183,28.799738817));
#2898=CARTESIAN_POINT('',(-13.614530947,-12.299649814,28.799614755));
#2899=CARTESIAN_POINT('',(-13.799649814,-12.114530947,28.799614755));
#2900=CARTESIAN_POINT('',(-13.873769183,-12.003604283,28.799738817));
#2901=CARTESIAN_POINT('',(-13.97395619,-11.761735848,28.800216365));
#2902=CARTESIAN_POINT('',(-13.999984411,-11.63088924,28.800569664));
#2903=CARTESIAN_POINT('',(-13.999985805,-11.499991131,28.801010862));
#2904=CARTESIAN_POINT('',(-12.999996455,-12.499994327,28.804383323));
#2905=CARTESIAN_POINT('',(-13.130895516,-12.49999377,28.804107775));
#2906=CARTESIAN_POINT('',(-13.261743074,-12.473966088,28.803887124));
#2907=CARTESIAN_POINT('',(-13.503613107,-12.373779513,28.803588873));
#2908=CARTESIAN_POINT('',(-13.614540417,-12.299660038,28.803511391));
#2909=CARTESIAN_POINT('',(-13.799660038,-12.114540417,28.803511391));
#2910=CARTESIAN_POINT('',(-13.873779513,-12.003613107,28.803588873));
#2911=CARTESIAN_POINT('',(-13.973966088,-11.761743074,28.803887124));
#2912=CARTESIAN_POINT('',(-13.99999377,-11.630895516,28.804107775));
#2913=CARTESIAN_POINT('',(-13.999994327,-11.499996455,28.804383323));
#2914=CARTESIAN_POINT('',(-12.999997784,-12.499996455,28.805507135));
#2915=CARTESIAN_POINT('',(-13.130897083,-12.499996107,28.805286759));
#2916=CARTESIAN_POINT('',(-13.261744878,-12.47396856,28.805110288));
#2917=CARTESIAN_POINT('',(-13.50361531,-12.373782092,28.804871755));
#2918=CARTESIAN_POINT('',(-13.614542782,-12.299662591,28.804809787));
#2919=CARTESIAN_POINT('',(-13.799662591,-12.114542782,28.804809787));
#2920=CARTESIAN_POINT('',(-13.873782092,-12.00361531,28.804871755));
#2921=CARTESIAN_POINT('',(-13.97396856,-11.761744878,28.805110288));
#2922=CARTESIAN_POINT('',(-13.999996107,-11.630897083,28.805286759));
#2923=CARTESIAN_POINT('',(-13.999996455,-11.499997784,28.805507135));
#2924=CARTESIAN_POINT('',(-12.999999557,-12.499999292,28.807754078));
#2925=CARTESIAN_POINT('',(-13.130899172,-12.499999222,28.807643957));
#2926=CARTESIAN_POINT('',(-13.261747284,-12.473971854,28.807555775));
#2927=CARTESIAN_POINT('',(-13.503618247,-12.37378553,28.807436581));
#2928=CARTESIAN_POINT('',(-13.614545933,-12.299665993,28.807405616));
#2929=CARTESIAN_POINT('',(-13.799665993,-12.114545933,28.807405616));
#2930=CARTESIAN_POINT('',(-13.87378553,-12.003618247,28.807436581));
#2931=CARTESIAN_POINT('',(-13.973971854,-11.761747284,28.807555775));
#2932=CARTESIAN_POINT('',(-13.999999222,-11.630899172,28.807643957));
#2933=CARTESIAN_POINT('',(-13.999999292,-11.499999557,28.807754078));
#2934=CARTESIAN_POINT('',(-13.,-12.5,28.809297668));
#2935=CARTESIAN_POINT('',(-13.130899694,-12.5,28.809297668));
#2936=CARTESIAN_POINT('',(-13.261747884,-12.473972677,28.809297668));
#2937=CARTESIAN_POINT('',(-13.50361898,-12.373786388,28.809297668));
#2938=CARTESIAN_POINT('',(-13.61454672,-12.299666842,28.809297668));
#2939=CARTESIAN_POINT('',(-13.799666842,-12.11454672,28.809297668));
#2940=CARTESIAN_POINT('',(-13.873786388,-12.00361898,28.809297668));
#2941=CARTESIAN_POINT('',(-13.973972677,-11.761747884,28.809297668));
#2942=CARTESIAN_POINT('',(-14.,-11.630899694,28.809297668));
#2943=CARTESIAN_POINT('',(-14.,-11.5,28.809297668));
#2944=CARTESIAN_POINT('',(-13.,-12.5,28.81));
#2945=CARTESIAN_POINT('',(-13.130899694,-12.5,28.81));
#2946=CARTESIAN_POINT('',(-13.261747884,-12.473972677,28.81));
#2947=CARTESIAN_POINT('',(-13.50361898,-12.373786388,28.81));
#2948=CARTESIAN_POINT('',(-13.61454672,-12.299666842,28.81));
#2949=CARTESIAN_POINT('',(-13.799666842,-12.11454672,28.81));
#2950=CARTESIAN_POINT('',(-13.873786388,-12.00361898,28.81));
#2951=CARTESIAN_POINT('',(-13.973972677,-11.761747884,28.81));
#2952=CARTESIAN_POINT('',(-14.,-11.630899694,28.81));
#2953=CARTESIAN_POINT('',(-14.,-11.5,28.81));
#2954=B_SPLINE_SURFACE_WITH_KNOTS('',3,3,((#2514,#2515,#2516,#2517,#2518,#2519,#2520,#2521,#2522,#2523),(#2524,#2525,#2526,#2527,#2528,#2529,#2530,#2531,#2532,#2533),(#2534,#2535,#2536,#2537,#2538,#2539,#2540,#2541,#2542,#2543),(#2544,#2545,#2546,#2547,#2548,#2549,#2550,#2551,#2552,#2553),(#2554,#2555,#2556,#2557,#2558,#2559,#2560,#2561,#2562,#2563),(#2564,#2565,#2566,#2567,#2568,#2569,#2570,#2571,#2572,#2573),(#2574,#2575,#2576,#2577,#2578,#2579,#2580,#2581,#2582,#2583),(#2584,#2585,#2586,#2587,#2588,#2589,#2590,#2591,#2592,#2593),(#2594,#2595,#2596,#2597,#2598,#2599,#2600,#2601,#2602,#2603),(#2604,#2605,#2606,#2607,#2608,#2609,#2610,#2611,#2612,#2613),(#2614,#2615,#2616,#2617,#2618,#2619,#2620,#2621,#2622,#2623),(#2624,#2625,#2626,#2627,#2628,#2629,#2630,#2631,#2632,#2633),(#2634,#2635,#2636,#2637,#2638,#2639,#2640,#2641,#2642,#2643),(#2644,#2645,#2646,#2647,#2648,#2649,#2650,#2651,#2652,#2653),(#2654,#2655,#2656,#2657,#2658,#2659,#2660,#2661,#2662,#2663),(#2664,#2665,#2666,#2667,#2668,#2669,#2670,#2671,#2672,#2673),(#2674,#2675,#2676,#2677,#2678,#2679,#2680,#2681,#2682,#2683),(#2684,#2685,#2686,#2687,#2688,#2689,#2690,#2691,#2692,#2693),(#2694,#2695,#2696,#2697,#2698,#2699,#2700,#2701,#2702,#2703),(#2704,#2705,#2706,#2707,#2708,#2709,#2710,#2711,#2712,#2713),(#2714,#2715,#2716,#2717,#2718,#2719,#2720,#2721,#2722,#2723),(#2724,#2725,#2726,#2727,#2728,#2729,#2730,#2731,#2732,#2733),(#2734,#2735,#2736,#2737,#2738,#2739,#2740,#2741,#2742,#2743),(#2744,#2745,#2746,#2747,#2748,#2749,#2750,#2751,#2752,#2753),(#2754,#2755,#2756,#2757,#2758,#2759,#2760,#2761,#2762,#2763),(#2764,#2765,#2766,#2767,#2768,#2769,#2770,#2771,#2772,#2773),
(#2774,#2775,#2776,#2777,#2778,#2779,#2780,#2781,#2782,#2783),(#2784,#2785,#2786,#2787,#2788,#2789,#2790,#2791,#2792,#2793),(#2794,#2795,#2796,#2797,#2798,#2799,#2800,#2801,#2802,#2803),(#2804,#2805,#2806,#2807,#2808,#2809,#2810,#2811,#2812,#2813),(#2814,#2815,#2816,#2817,#2818,#2819,#2820,#2821,#2822,#2823),(#2824,#2825,#2826,#2827,#2828,#2829,#2830,#2831,#2832,#2833),(#2834,#2835,#2836,#2837,#2838,#2839,#2840,#2841,#2842,#2843),(#2844,#2845,#2846,#2847,#2848,#2849,#2850,#2851,#2852,#2853),(#2854,#2855,#2856,#2857,#2858,#2859,#2860,#2861,#2862,#2863),(#2864,#2865,#2866,#2867,#2868,#2869,#2870,#2871,#2872,#2873),(#2874,#2875,#2876,#2877,#2878,#2879,#2880,#2881,#2882,#2883),(#2884,#2885,#2886,#2887,#2888,#2889,#2890,#2891,#2892,#2893),(#2894,#2895,#2896,#2897,#2898,#2899,#2900,#2901,#2902,#2903),(#2904,#2905,#2906,#2907,#2908,#2909,#2910,#2911,#2912,#2913),(#2914,#2915,#2916,#2917,#2918,#2919,#2920,#2921,#2922,#2923),(#2924,#2925,#2926,#2927,#2928,#2929,#2930,#2931,#2932,#2933),(#2934,#2935,#2936,#2937,#2938,#2939,#2940,#2941,#2942,#2943),(#2944,#2945,#2946,#2947,#2948,#2949,#2950,#2951,#2952,#2953)),.UNSPECIFIED.,.F.,.F.,.U.,(4,2,2,2,2,2,2,2,2,2,2,2,2,2,2,2,2,2,2,2,2,4),(4,2,2,2,4),(-0.000008174,0.000057955,0.000124084,0.000256342,0.000520859,0.000785375,0.000917633,0.001049891,0.001182149,0.001314408,0.001446666,0.001578924,0.001711182,0.00184344,0.001975698,0.002041827,0.002074892,0.002091424,0.00209969,0.002103823,0.00210589,0.002107957),(0.,0.25,0.5,0.75,1.),.UNSPECIFIED.);
#2955=ORIENTED_EDGE('',*,*,#689,.F.);
#2956=ORIENTED_EDGE('',*,*,#512,.F.);
#2957=ORIENTED_EDGE('',*,*,#2508,.T.);
#2958=EDGE_LOOP('',(#2955,#2956,#2957));
#2959=FACE_BOUND('',#2958,.T.);
#2960=ADVANCED_FACE('',(#2959),#2954,.T.);
#2961=CLOSED_SHELL('',(#66,#106,#146,#186,#254,#322,#346,#370,#438,#518,#553,#693,#746,#826,#948,#1043,#1138,#1191,#1244,#1264,#1717,#1735,#2042,#2495,#2513,#2960));
#2962=MANIFOLD_SOLID_BREP('Akku',#2961);
#2963=COLOUR_RGB('',0.627451003,0.627451003,0.643137276);
#2964=FILL_AREA_STYLE_COLOUR('',#2963);
#2965=FILL_AREA_STYLE('',(#2964));
#2966=SURFACE_STYLE_FILL_AREA(#2965);
#2967=SURFACE_SIDE_STYLE('',(#2966));
#2968=SURFACE_STYLE_USAGE(.BOTH.,#2967);
#2969=PRESENTATION_STYLE_ASSIGNMENT((#2968));
#26=STYLED_ITEM('',(#2969),#2962);
#16=SHAPE_REPRESENTATION('root',(#15),#10);
#17=ADVANCED_BREP_SHAPE_REPRESENTATION('root',(#2962),#10);
#2977=SHAPE_REPRESENTATION_RELATIONSHIP('','',#16,#17);
#2978=CARTESIAN_POINT('',(0.,0.,0.));
#2979=DIRECTION('',(0.,0.,1.));
#2980=DIRECTION('',(1.,0.,0.));
#2981=AXIS2_PLACEMENT_3D('',#2978,#2979,#2980);
#2983=MAPPED_ITEM('',#2982,#2981);
#2982=REPRESENTATION_MAP(#2981,#16);
#2984=APPLICATION_CONTEXT('Managed model based 3d engineering');
#2985=APPLICATION_PROTOCOL_DEFINITION('international standard','ap242_managed_model_based_3d_engineering',2014,#2984);
#2986=PRODUCT_CONTEXT('',#2984,'mechanical');
#2987=PRODUCT_DEFINITION_CONTEXT('part definition',#2984,'design');
#24=PRODUCT('root','root','',(#2986));
#2988=PRODUCT_RELATED_PRODUCT_CATEGORY('part','',(#24));
#2989=PRODUCT_DEFINITION_FORMATION_WITH_SPECIFIED_SOURCE('','',#24,.NOT_KNOWN.);
#25=PRODUCT_DEFINITION('design','',#2989,#2987);
#23=PRODUCT_DEFINITION_SHAPE('','',#25);
#2990=SHAPE_DEFINITION_REPRESENTATION(#23,#16);
#11=DRAUGHTING_MODEL('',(#2983),#10);
#2991=DESCRIPTIVE_REPRESENTATION_ITEM('KEY','/Users/colinostermann/Library/Containers/com.shapr3d.shapr/Data/tmp/567EAEFB-99E1-4BA5-9320-501504E81FCB.tmp');
#2992=PROPERTY_DEFINITION('KEY','',#25);
#2993=REPRESENTATION('',(#2991),#10);
#2994=PROPERTY_DEFINITION_REPRESENTATION(#2992,#2993);
#2995=GENERAL_PROPERTY('','KEY','');
#2996=GENERAL_PROPERTY_ASSOCIATION('','',#2995,#2992);
#1=MECHANICAL_DESIGN_GEOMETRIC_PRESENTATION_REPRESENTATION('',(#26),#10);
ENDSEC;
END-ISO-10303-21;
