ISO-10303-21;
HEADER;

/* File generated by Shapr3D Version 26.100.0.11031 */

FILE_DESCRIPTION(('HOOPS Exchange Step'),'2;1');

FILE_NAME('/Users/colinostermann/Library/Containers/com.shapr3d.shapr/Data/tmp/export/temp_export',
'2026-07-13T01:08:16-22:00',
('colinostermann'),
('Shapr3D Limited'),
'HOOPS Exchange 2026.3',
'Shapr3D',
'Authorized');

FILE_SCHEMA( ('AP242_MANAGED_MODEL_BASED_3D_ENGINEERING_MIM_LF {1 0 10303 442 1 1 4}') );

ENDSEC;

DATA;
#3=(NAMED_UNIT(*)PLANE_ANGLE_UNIT()SI_UNIT($,.RADIAN.));
#4=PLANE_ANGLE_MEASURE_WITH_UNIT(PLANE_ANGLE_MEASURE(0.0174532925),#3);
#5=(CONVERSION_BASED_UNIT('DEGREE',#4)NAMED_UNIT(#6)PLANE_ANGLE_UNIT());
#6=DIMENSIONAL_EXPONENTS(0.,0.,0.,0.,0.,0.,0.);
#7=(NAMED_UNIT(*)SI_UNIT($,.STERADIAN.)SOLID_ANGLE_UNIT());
#8=(LENGTH_UNIT()NAMED_UNIT(*)SI_UNIT(.MILLI.,.METRE.));
#9=UNCERTAINTY_MEASURE_WITH_UNIT(LENGTH_MEASURE(1.000000E-05),#8,'DISTANCE_ACCURACY_VALUE','Maximum Tolerance applied to model');
#10=(GEOMETRIC_REPRESENTATION_CONTEXT(3)GLOBAL_UNCERTAINTY_ASSIGNED_CONTEXT((#9))GLOBAL_UNIT_ASSIGNED_CONTEXT((#8,#5,#7))REPRESENTATION_CONTEXT('','root'));
#12=CARTESIAN_POINT('',(0.,0.,0.));
#13=DIRECTION('',(0.,0.,1.));
#14=DIRECTION('',(1.,0.,0.));
#15=AXIS2_PLACEMENT_3D('TS3D_PRODUCT_CSYS',#12,#13,#14);
#27=CARTESIAN_POINT('',(0.75,-6.,50.8));
#28=DIRECTION('',(-1.,0.,0.));
#29=DIRECTION('',(0.,0.,1.));
#30=AXIS2_PLACEMENT_3D('',#27,#28,#29);
#31=PLANE('',#30);
#32=CARTESIAN_POINT('',(0.75,-10.6,49.8));
#33=VERTEX_POINT('',#32);
#34=CARTESIAN_POINT('',(0.75,-1.4,49.8));
#35=VERTEX_POINT('',#34);
#36=CARTESIAN_POINT('',(0.75,-10.6,49.8));
#37=DIRECTION('',(0.,1.,0.));
#38=VECTOR('',#37,9.2);
#39=LINE('',#36,#38);
#40=EDGE_CURVE('',#33,#35,#39,.T.);
#41=ORIENTED_EDGE('',*,*,#40,.T.);
#42=CARTESIAN_POINT('',(0.75,-1.4,50.8));
#43=VERTEX_POINT('',#42);
#44=CARTESIAN_POINT('',(0.75,-1.4,50.8));
#45=DIRECTION('',(-0.,0.,-1.));
#46=VECTOR('',#45,1.);
#47=LINE('',#44,#46);
#48=EDGE_CURVE('',#43,#35,#47,.T.);
#49=ORIENTED_EDGE('',*,*,#48,.F.);
#50=CARTESIAN_POINT('',(0.75,-10.6,50.8));
#51=VERTEX_POINT('',#50);
#52=CARTESIAN_POINT('',(0.75,-10.6,50.8));
#53=DIRECTION('',(0.,1.,0.));
#54=VECTOR('',#53,9.2);
#55=LINE('',#52,#54);
#56=EDGE_CURVE('',#51,#43,#55,.T.);
#57=ORIENTED_EDGE('',*,*,#56,.F.);
#58=CARTESIAN_POINT('',(0.75,-10.6,50.8));
#59=DIRECTION('',(-0.,0.,-1.));
#60=VECTOR('',#59,1.);
#61=LINE('',#58,#60);
#62=EDGE_CURVE('',#51,#33,#61,.T.);
#63=ORIENTED_EDGE('',*,*,#62,.T.);
#64=EDGE_LOOP('',(#41,#49,#57,#63));
#65=FACE_BOUND('',#64,.T.);
#66=CARTESIAN_POINT('',(0.75,-1.6,50.7));
#67=VERTEX_POINT('',#66);
#68=CARTESIAN_POINT('',(0.75,-1.6,49.9));
#69=VERTEX_POINT('',#68);
#70=CARTESIAN_POINT('',(0.75,-1.6,50.7));
#71=DIRECTION('',(-0.,0.,-1.));
#72=VECTOR('',#71,0.8);
#73=LINE('',#70,#72);
#74=EDGE_CURVE('',#67,#69,#73,.T.);
#75=ORIENTED_EDGE('',*,*,#74,.T.);
#76=CARTESIAN_POINT('',(0.75,-10.4,49.9));
#77=VERTEX_POINT('',#76);
#78=CARTESIAN_POINT('',(0.75,-1.6,49.9));
#79=DIRECTION('',(0.,-1.,0.));
#80=VECTOR('',#79,8.8);
#81=LINE('',#78,#80);
#82=EDGE_CURVE('',#69,#77,#81,.T.);
#83=ORIENTED_EDGE('',*,*,#82,.T.);
#84=CARTESIAN_POINT('',(0.75,-10.4,50.7));
#85=VERTEX_POINT('',#84);
#86=CARTESIAN_POINT('',(0.75,-10.4,49.9));
#87=DIRECTION('',(0.,0.,1.));
#88=VECTOR('',#87,0.8);
#89=LINE('',#86,#88);
#90=EDGE_CURVE('',#77,#85,#89,.T.);
#91=ORIENTED_EDGE('',*,*,#90,.T.);
#92=CARTESIAN_POINT('',(0.75,-10.4,50.7));
#93=DIRECTION('',(0.,1.,0.));
#94=VECTOR('',#93,8.8);
#95=LINE('',#92,#94);
#96=EDGE_CURVE('',#85,#67,#95,.T.);
#97=ORIENTED_EDGE('',*,*,#96,.T.);
#98=EDGE_LOOP('',(#75,#83,#91,#97));
#99=FACE_BOUND('',#98,.T.);
#100=ADVANCED_FACE('',(#65,#99),#31,.F.);
#101=CARTESIAN_POINT('',(-1.25,0.,49.8));
#102=DIRECTION('',(-0.,0.,-1.));
#103=DIRECTION('',(-1.,0.,0.));
#104=AXIS2_PLACEMENT_3D('',#101,#102,#103);
#105=PLANE('',#104);
#106=CARTESIAN_POINT('',(-4.35,8.,49.8));
#107=VERTEX_POINT('',#106);
#108=CARTESIAN_POINT('',(-5.15,8.,49.8));
#109=VERTEX_POINT('',#108);
#110=CARTESIAN_POINT('',(-4.35,8.,49.8));
#111=DIRECTION('',(-1.,0.,0.));
#112=VECTOR('',#111,0.8);
#113=LINE('',#110,#112);
#114=EDGE_CURVE('',#107,#109,#113,.T.);
#115=ORIENTED_EDGE('',*,*,#114,.T.);
#116=CARTESIAN_POINT('',(-5.15,7.4,49.8));
#117=VERTEX_POINT('',#116);
#118=CARTESIAN_POINT('',(-5.15,8.,49.8));
#119=DIRECTION('',(0.,-1.,0.));
#120=VECTOR('',#119,0.6);
#121=LINE('',#118,#120);
#122=EDGE_CURVE('',#109,#117,#121,.T.);
#123=ORIENTED_EDGE('',*,*,#122,.T.);
#124=CARTESIAN_POINT('',(-5.35,7.4,49.8));
#125=VERTEX_POINT('',#124);
#126=CARTESIAN_POINT('',(-5.15,7.4,49.8));
#127=DIRECTION('',(-1.,0.,0.));
#128=VECTOR('',#127,0.2);
#129=LINE('',#126,#128);
#130=EDGE_CURVE('',#117,#125,#129,.T.);
#131=ORIENTED_EDGE('',*,*,#130,.T.);
#132=CARTESIAN_POINT('',(-5.35,8.,49.8));
#133=VERTEX_POINT('',#132);
#134=CARTESIAN_POINT('',(-5.35,7.4,49.8));
#135=DIRECTION('',(0.,1.,0.));
#136=VECTOR('',#135,0.6);
#137=LINE('',#134,#136);
#138=EDGE_CURVE('',#125,#133,#137,.T.);
#139=ORIENTED_EDGE('',*,*,#138,.T.);
#140=CARTESIAN_POINT('',(-6.15,8.,49.8));
#141=VERTEX_POINT('',#140);
#142=CARTESIAN_POINT('',(-5.35,8.,49.8));
#143=DIRECTION('',(-1.,0.,0.));
#144=VECTOR('',#143,0.8);
#145=LINE('',#142,#144);
#146=EDGE_CURVE('',#133,#141,#145,.T.);
#147=ORIENTED_EDGE('',*,*,#146,.T.);
#148=CARTESIAN_POINT('',(-6.15,7.4,49.8));
#149=VERTEX_POINT('',#148);
#150=CARTESIAN_POINT('',(-6.15,8.,49.8));
#151=DIRECTION('',(0.,-1.,0.));
#152=VECTOR('',#151,0.6);
#153=LINE('',#150,#152);
#154=EDGE_CURVE('',#141,#149,#153,.T.);
#155=ORIENTED_EDGE('',*,*,#154,.T.);
#156=CARTESIAN_POINT('',(-6.35,7.4,49.8));
#157=VERTEX_POINT('',#156);
#158=CARTESIAN_POINT('',(-6.15,7.4,49.8));
#159=DIRECTION('',(-1.,0.,0.));
#160=VECTOR('',#159,0.2);
#161=LINE('',#158,#160);
#162=EDGE_CURVE('',#149,#157,#161,.T.);
#163=ORIENTED_EDGE('',*,*,#162,.T.);
#164=CARTESIAN_POINT('',(-6.35,8.,49.8));
#165=VERTEX_POINT('',#164);
#166=CARTESIAN_POINT('',(-6.35,7.4,49.8));
#167=DIRECTION('',(0.,1.,0.));
#168=VECTOR('',#167,0.6);
#169=LINE('',#166,#168);
#170=EDGE_CURVE('',#157,#165,#169,.T.);
#171=ORIENTED_EDGE('',*,*,#170,.T.);
#172=CARTESIAN_POINT('',(-7.25,8.,49.8));
#173=VERTEX_POINT('',#172);
#174=CARTESIAN_POINT('',(-6.35,8.,49.8));
#175=DIRECTION('',(-1.,0.,0.));
#176=VECTOR('',#175,0.9);
#177=LINE('',#174,#176);
#178=EDGE_CURVE('',#165,#173,#177,.T.);
#179=ORIENTED_EDGE('',*,*,#178,.T.);
#180=CARTESIAN_POINT('',(-7.25,13.,49.8));
#181=VERTEX_POINT('',#180);
#182=CARTESIAN_POINT('',(-7.25,8.,49.8));
#183=DIRECTION('',(0.,1.,0.));
#184=VECTOR('',#183,5.);
#185=LINE('',#182,#184);
#186=EDGE_CURVE('',#173,#181,#185,.T.);
#187=ORIENTED_EDGE('',*,*,#186,.T.);
#188=CARTESIAN_POINT('',(-6.35,13.,49.8));
#189=VERTEX_POINT('',#188);
#190=CARTESIAN_POINT('',(-7.25,13.,49.8));
#191=DIRECTION('',(1.,0.,-0.));
#192=VECTOR('',#191,0.9);
#193=LINE('',#190,#192);
#194=EDGE_CURVE('',#181,#189,#193,.T.);
#195=ORIENTED_EDGE('',*,*,#194,.T.);
#196=CARTESIAN_POINT('',(-6.35,13.6,49.8));
#197=VERTEX_POINT('',#196);
#198=CARTESIAN_POINT('',(-6.35,13.,49.8));
#199=DIRECTION('',(0.,1.,0.));
#200=VECTOR('',#199,0.6);
#201=LINE('',#198,#200);
#202=EDGE_CURVE('',#189,#197,#201,.T.);
#203=ORIENTED_EDGE('',*,*,#202,.T.);
#204=CARTESIAN_POINT('',(-6.15,13.6,49.8));
#205=VERTEX_POINT('',#204);
#206=CARTESIAN_POINT('',(-6.35,13.6,49.8));
#207=DIRECTION('',(1.,0.,-0.));
#208=VECTOR('',#207,0.2);
#209=LINE('',#206,#208);
#210=EDGE_CURVE('',#197,#205,#209,.T.);
#211=ORIENTED_EDGE('',*,*,#210,.T.);
#212=CARTESIAN_POINT('',(-6.15,13.,49.8));
#213=VERTEX_POINT('',#212);
#214=CARTESIAN_POINT('',(-6.15,13.6,49.8));
#215=DIRECTION('',(0.,-1.,0.));
#216=VECTOR('',#215,0.6);
#217=LINE('',#214,#216);
#218=EDGE_CURVE('',#205,#213,#217,.T.);
#219=ORIENTED_EDGE('',*,*,#218,.T.);
#220=CARTESIAN_POINT('',(-5.35,13.,49.8));
#221=VERTEX_POINT('',#220);
#222=CARTESIAN_POINT('',(-6.15,13.,49.8));
#223=DIRECTION('',(1.,0.,-0.));
#224=VECTOR('',#223,0.8);
#225=LINE('',#222,#224);
#226=EDGE_CURVE('',#213,#221,#225,.T.);
#227=ORIENTED_EDGE('',*,*,#226,.T.);
#228=CARTESIAN_POINT('',(-5.35,13.6,49.8));
#229=VERTEX_POINT('',#228);
#230=CARTESIAN_POINT('',(-5.35,13.,49.8));
#231=DIRECTION('',(0.,1.,0.));
#232=VECTOR('',#231,0.6);
#233=LINE('',#230,#232);
#234=EDGE_CURVE('',#221,#229,#233,.T.);
#235=ORIENTED_EDGE('',*,*,#234,.T.);
#236=CARTESIAN_POINT('',(-5.15,13.6,49.8));
#237=VERTEX_POINT('',#236);
#238=CARTESIAN_POINT('',(-5.35,13.6,49.8));
#239=DIRECTION('',(1.,0.,-0.));
#240=VECTOR('',#239,0.2);
#241=LINE('',#238,#240);
#242=EDGE_CURVE('',#229,#237,#241,.T.);
#243=ORIENTED_EDGE('',*,*,#242,.T.);
#244=CARTESIAN_POINT('',(-5.15,13.,49.8));
#245=VERTEX_POINT('',#244);
#246=CARTESIAN_POINT('',(-5.15,13.6,49.8));
#247=DIRECTION('',(0.,-1.,0.));
#248=VECTOR('',#247,0.6);
#249=LINE('',#246,#248);
#250=EDGE_CURVE('',#237,#245,#249,.T.);
#251=ORIENTED_EDGE('',*,*,#250,.T.);
#252=CARTESIAN_POINT('',(-4.35,13.,49.8));
#253=VERTEX_POINT('',#252);
#254=CARTESIAN_POINT('',(-5.15,13.,49.8));
#255=DIRECTION('',(1.,0.,-0.));
#256=VECTOR('',#255,0.8);
#257=LINE('',#254,#256);
#258=EDGE_CURVE('',#245,#253,#257,.T.);
#259=ORIENTED_EDGE('',*,*,#258,.T.);
#260=CARTESIAN_POINT('',(-4.35,13.6,49.8));
#261=VERTEX_POINT('',#260);
#262=CARTESIAN_POINT('',(-4.35,13.,49.8));
#263=DIRECTION('',(0.,1.,0.));
#264=VECTOR('',#263,0.6);
#265=LINE('',#262,#264);
#266=EDGE_CURVE('',#253,#261,#265,.T.);
#267=ORIENTED_EDGE('',*,*,#266,.T.);
#268=CARTESIAN_POINT('',(-4.15,13.6,49.8));
#269=VERTEX_POINT('',#268);
#270=CARTESIAN_POINT('',(-4.35,13.6,49.8));
#271=DIRECTION('',(1.,0.,-0.));
#272=VECTOR('',#271,0.2);
#273=LINE('',#270,#272);
#274=EDGE_CURVE('',#261,#269,#273,.T.);
#275=ORIENTED_EDGE('',*,*,#274,.T.);
#276=CARTESIAN_POINT('',(-4.15,13.,49.8));
#277=VERTEX_POINT('',#276);
#278=CARTESIAN_POINT('',(-4.15,13.6,49.8));
#279=DIRECTION('',(0.,-1.,0.));
#280=VECTOR('',#279,0.6);
#281=LINE('',#278,#280);
#282=EDGE_CURVE('',#269,#277,#281,.T.);
#283=ORIENTED_EDGE('',*,*,#282,.T.);
#284=CARTESIAN_POINT('',(-3.35,13.,49.8));
#285=VERTEX_POINT('',#284);
#286=CARTESIAN_POINT('',(-4.15,13.,49.8));
#287=DIRECTION('',(1.,0.,-0.));
#288=VECTOR('',#287,0.8);
#289=LINE('',#286,#288);
#290=EDGE_CURVE('',#277,#285,#289,.T.);
#291=ORIENTED_EDGE('',*,*,#290,.T.);
#292=CARTESIAN_POINT('',(-3.35,13.6,49.8));
#293=VERTEX_POINT('',#292);
#294=CARTESIAN_POINT('',(-3.35,13.,49.8));
#295=DIRECTION('',(0.,1.,0.));
#296=VECTOR('',#295,0.6);
#297=LINE('',#294,#296);
#298=EDGE_CURVE('',#285,#293,#297,.T.);
#299=ORIENTED_EDGE('',*,*,#298,.T.);
#300=CARTESIAN_POINT('',(-3.15,13.6,49.8));
#301=VERTEX_POINT('',#300);
#302=CARTESIAN_POINT('',(-3.35,13.6,49.8));
#303=DIRECTION('',(1.,0.,-0.));
#304=VECTOR('',#303,0.2);
#305=LINE('',#302,#304);
#306=EDGE_CURVE('',#293,#301,#305,.T.);
#307=ORIENTED_EDGE('',*,*,#306,.T.);
#308=CARTESIAN_POINT('',(-3.15,13.,49.8));
#309=VERTEX_POINT('',#308);
#310=CARTESIAN_POINT('',(-3.15,13.6,49.8));
#311=DIRECTION('',(0.,-1.,0.));
#312=VECTOR('',#311,0.6);
#313=LINE('',#310,#312);
#314=EDGE_CURVE('',#301,#309,#313,.T.);
#315=ORIENTED_EDGE('',*,*,#314,.T.);
#316=CARTESIAN_POINT('',(-2.25,13.,49.8));
#317=VERTEX_POINT('',#316);
#318=CARTESIAN_POINT('',(-3.15,13.,49.8));
#319=DIRECTION('',(1.,0.,-0.));
#320=VECTOR('',#319,0.9);
#321=LINE('',#318,#320);
#322=EDGE_CURVE('',#309,#317,#321,.T.);
#323=ORIENTED_EDGE('',*,*,#322,.T.);
#324=CARTESIAN_POINT('',(-2.25,8.,49.8));
#325=VERTEX_POINT('',#324);
#326=CARTESIAN_POINT('',(-2.25,13.,49.8));
#327=DIRECTION('',(0.,-1.,0.));
#328=VECTOR('',#327,5.);
#329=LINE('',#326,#328);
#330=EDGE_CURVE('',#317,#325,#329,.T.);
#331=ORIENTED_EDGE('',*,*,#330,.T.);
#332=CARTESIAN_POINT('',(-3.15,8.,49.8));
#333=VERTEX_POINT('',#332);
#334=CARTESIAN_POINT('',(-2.25,8.,49.8));
#335=DIRECTION('',(-1.,0.,0.));
#336=VECTOR('',#335,0.9);
#337=LINE('',#334,#336);
#338=EDGE_CURVE('',#325,#333,#337,.T.);
#339=ORIENTED_EDGE('',*,*,#338,.T.);
#340=CARTESIAN_POINT('',(-3.15,7.4,49.8));
#341=VERTEX_POINT('',#340);
#342=CARTESIAN_POINT('',(-3.15,8.,49.8));
#343=DIRECTION('',(0.,-1.,0.));
#344=VECTOR('',#343,0.6);
#345=LINE('',#342,#344);
#346=EDGE_CURVE('',#333,#341,#345,.T.);
#347=ORIENTED_EDGE('',*,*,#346,.T.);
#348=CARTESIAN_POINT('',(-3.35,7.4,49.8));
#349=VERTEX_POINT('',#348);
#350=CARTESIAN_POINT('',(-3.15,7.4,49.8));
#351=DIRECTION('',(-1.,0.,0.));
#352=VECTOR('',#351,0.2);
#353=LINE('',#350,#352);
#354=EDGE_CURVE('',#341,#349,#353,.T.);
#355=ORIENTED_EDGE('',*,*,#354,.T.);
#356=CARTESIAN_POINT('',(-3.35,8.,49.8));
#357=VERTEX_POINT('',#356);
#358=CARTESIAN_POINT('',(-3.35,7.4,49.8));
#359=DIRECTION('',(0.,1.,0.));
#360=VECTOR('',#359,0.6);
#361=LINE('',#358,#360);
#362=EDGE_CURVE('',#349,#357,#361,.T.);
#363=ORIENTED_EDGE('',*,*,#362,.T.);
#364=CARTESIAN_POINT('',(-4.15,8.,49.8));
#365=VERTEX_POINT('',#364);
#366=CARTESIAN_POINT('',(-3.35,8.,49.8));
#367=DIRECTION('',(-1.,0.,0.));
#368=VECTOR('',#367,0.8);
#369=LINE('',#366,#368);
#370=EDGE_CURVE('',#357,#365,#369,.T.);
#371=ORIENTED_EDGE('',*,*,#370,.T.);
#372=CARTESIAN_POINT('',(-4.15,7.4,49.8));
#373=VERTEX_POINT('',#372);
#374=CARTESIAN_POINT('',(-4.15,8.,49.8));
#375=DIRECTION('',(0.,-1.,0.));
#376=VECTOR('',#375,0.6);
#377=LINE('',#374,#376);
#378=EDGE_CURVE('',#365,#373,#377,.T.);
#379=ORIENTED_EDGE('',*,*,#378,.T.);
#380=CARTESIAN_POINT('',(-4.35,7.4,49.8));
#381=VERTEX_POINT('',#380);
#382=CARTESIAN_POINT('',(-4.15,7.4,49.8));
#383=DIRECTION('',(-1.,0.,0.));
#384=VECTOR('',#383,0.2);
#385=LINE('',#382,#384);
#386=EDGE_CURVE('',#373,#381,#385,.T.);
#387=ORIENTED_EDGE('',*,*,#386,.T.);
#388=CARTESIAN_POINT('',(-4.35,7.4,49.8));
#389=DIRECTION('',(0.,1.,0.));
#390=VECTOR('',#389,0.6);
#391=LINE('',#388,#390);
#392=EDGE_CURVE('',#381,#107,#391,.T.);
#393=ORIENTED_EDGE('',*,*,#392,.T.);
#394=EDGE_LOOP('',(#115,#123,#131,#139,#147,#155,#163,#171,#179,#187,#195,#203,#211,#219,#227,#235,#243,#251,#259,#267,#275,#283,#291,#299,#307,#315,
#323,#331,#339,#347,#355,#363,#371,#379,#387,#393));
#395=FACE_BOUND('',#394,.T.);
#396=CARTESIAN_POINT('',(22.25,0.,49.8));
#397=VERTEX_POINT('',#396);
#398=CARTESIAN_POINT('',(-24.75,-0.,49.8));
#399=VERTEX_POINT('',#398);
#400=CARTESIAN_POINT('',(-1.25,0.,49.8));
#401=DIRECTION('',(-0.,0.,-1.));
#402=DIRECTION('',(-1.,-0.,0.));
#403=AXIS2_PLACEMENT_3D('',#400,#401,#402);
#404=CIRCLE('',#403,23.5);
#405=EDGE_CURVE('',#397,#399,#404,.T.);
#406=ORIENTED_EDGE('',*,*,#405,.F.);
#407=CARTESIAN_POINT('',(-1.25,0.,49.8));
#408=DIRECTION('',(-0.,0.,-1.));
#409=DIRECTION('',(-1.,-0.,0.));
#410=AXIS2_PLACEMENT_3D('',#407,#408,#409);
#411=CIRCLE('',#410,23.5);
#412=EDGE_CURVE('',#399,#397,#411,.T.);
#413=ORIENTED_EDGE('',*,*,#412,.F.);
#414=EDGE_LOOP('',(#406,#413));
#415=FACE_BOUND('',#414,.T.);
#416=CARTESIAN_POINT('',(-23.,-2.351047471,49.8));
#417=VERTEX_POINT('',#416);
#418=CARTESIAN_POINT('',(-23.,7.5,49.8));
#419=VERTEX_POINT('',#418);
#420=CARTESIAN_POINT('',(-23.,-2.351047471,49.8));
#421=DIRECTION('',(0.,1.,0.));
#422=VECTOR('',#421,9.851047471);
#423=LINE('',#420,#422);
#424=EDGE_CURVE('',#417,#419,#423,.T.);
#425=ORIENTED_EDGE('',*,*,#424,.T.);
#426=CARTESIAN_POINT('',(-8.5,7.5,49.8));
#427=VERTEX_POINT('',#426);
#428=CARTESIAN_POINT('',(-23.,7.5,49.8));
#429=DIRECTION('',(1.,0.,-0.));
#430=VECTOR('',#429,14.5);
#431=LINE('',#428,#430);
#432=EDGE_CURVE('',#419,#427,#431,.T.);
#433=ORIENTED_EDGE('',*,*,#432,.T.);
#434=CARTESIAN_POINT('',(-8.5,-7.5,49.8));
#435=VERTEX_POINT('',#434);
#436=CARTESIAN_POINT('',(-8.5,7.5,49.8));
#437=DIRECTION('',(0.,-1.,0.));
#438=VECTOR('',#437,15.);
#439=LINE('',#436,#438);
#440=EDGE_CURVE('',#427,#435,#439,.T.);
#441=ORIENTED_EDGE('',*,*,#440,.T.);
#442=CARTESIAN_POINT('',(-23.5,-7.5,49.8));
#443=VERTEX_POINT('',#442);
#444=CARTESIAN_POINT('',(-8.5,-7.5,49.8));
#445=DIRECTION('',(-1.,0.,0.));
#446=VECTOR('',#445,15.);
#447=LINE('',#444,#446);
#448=EDGE_CURVE('',#435,#443,#447,.T.);
#449=ORIENTED_EDGE('',*,*,#448,.T.);
#450=CARTESIAN_POINT('',(-23.5,-4.,49.8));
#451=VERTEX_POINT('',#450);
#452=CARTESIAN_POINT('',(-23.5,-7.5,49.8));
#453=DIRECTION('',(0.,1.,0.));
#454=VECTOR('',#453,3.5);
#455=LINE('',#452,#454);
#456=EDGE_CURVE('',#443,#451,#455,.T.);
#457=ORIENTED_EDGE('',*,*,#456,.T.);
#458=CARTESIAN_POINT('',(-23.5,-4.,49.8));
#459=DIRECTION('',(0.29017611,0.956973262,-0.));
#460=VECTOR('',#459,1.723091536);
#461=LINE('',#458,#460);
#462=EDGE_CURVE('',#451,#417,#461,.T.);
#463=ORIENTED_EDGE('',*,*,#462,.T.);
#464=EDGE_LOOP('',(#425,#433,#441,#449,#457,#463));
#465=FACE_BOUND('',#464,.T.);
#466=CARTESIAN_POINT('',(-1.05,-1.2,49.8));
#467=VERTEX_POINT('',#466);
#468=CARTESIAN_POINT('',(-1.25,-1.2,49.8));
#469=VERTEX_POINT('',#468);
#470=CARTESIAN_POINT('',(-1.05,-1.2,49.8));
#471=DIRECTION('',(-1.,0.,0.));
#472=VECTOR('',#471,0.2);
#473=LINE('',#470,#472);
#474=EDGE_CURVE('',#467,#469,#473,.T.);
#475=ORIENTED_EDGE('',*,*,#474,.F.);
#476=CARTESIAN_POINT('',(-1.05,-1.,49.8));
#477=VERTEX_POINT('',#476);
#478=CARTESIAN_POINT('',(-1.05,-1.,49.8));
#479=DIRECTION('',(0.,-1.,0.));
#480=VECTOR('',#479,0.2);
#481=LINE('',#478,#480);
#482=EDGE_CURVE('',#477,#467,#481,.T.);
#483=ORIENTED_EDGE('',*,*,#482,.F.);
#484=CARTESIAN_POINT('',(-0.25,-1.,49.8));
#485=VERTEX_POINT('',#484);
#486=CARTESIAN_POINT('',(-0.25,-1.,49.8));
#487=DIRECTION('',(-1.,0.,0.));
#488=VECTOR('',#487,0.8);
#489=LINE('',#486,#488);
#490=EDGE_CURVE('',#485,#477,#489,.T.);
#491=ORIENTED_EDGE('',*,*,#490,.F.);
#492=CARTESIAN_POINT('',(-0.25,-1.4,49.8));
#493=VERTEX_POINT('',#492);
#494=CARTESIAN_POINT('',(-0.25,-1.,49.8));
#495=DIRECTION('',(0.,-1.,0.));
#496=VECTOR('',#495,0.4);
#497=LINE('',#494,#496);
#498=EDGE_CURVE('',#485,#493,#497,.T.);
#499=ORIENTED_EDGE('',*,*,#498,.T.);
#500=CARTESIAN_POINT('',(-0.25,-1.4,49.8));
#501=DIRECTION('',(1.,0.,-0.));
#502=VECTOR('',#501,1.);
#503=LINE('',#500,#502);
#504=EDGE_CURVE('',#493,#35,#503,.T.);
#505=ORIENTED_EDGE('',*,*,#504,.T.);
#506=ORIENTED_EDGE('',*,*,#40,.F.);
#507=CARTESIAN_POINT('',(-0.25,-10.6,49.8));
#508=VERTEX_POINT('',#507);
#509=CARTESIAN_POINT('',(-0.25,-10.6,49.8));
#510=DIRECTION('',(1.,0.,-0.));
#511=VECTOR('',#510,1.);
#512=LINE('',#509,#511);
#513=EDGE_CURVE('',#508,#33,#512,.T.);
#514=ORIENTED_EDGE('',*,*,#513,.F.);
#515=CARTESIAN_POINT('',(-0.25,-11.,49.8));
#516=VERTEX_POINT('',#515);
#517=CARTESIAN_POINT('',(-0.25,-11.,49.8));
#518=DIRECTION('',(0.,1.,0.));
#519=VECTOR('',#518,0.4);
#520=LINE('',#517,#519);
#521=EDGE_CURVE('',#516,#508,#520,.T.);
#522=ORIENTED_EDGE('',*,*,#521,.F.);
#523=CARTESIAN_POINT('',(-1.05,-11.,49.8));
#524=VERTEX_POINT('',#523);
#525=CARTESIAN_POINT('',(-1.05,-11.,49.8));
#526=DIRECTION('',(1.,0.,-0.));
#527=VECTOR('',#526,0.8);
#528=LINE('',#525,#527);
#529=EDGE_CURVE('',#524,#516,#528,.T.);
#530=ORIENTED_EDGE('',*,*,#529,.F.);
#531=CARTESIAN_POINT('',(-1.05,-10.8,49.8));
#532=VERTEX_POINT('',#531);
#533=CARTESIAN_POINT('',(-1.05,-10.8,49.8));
#534=DIRECTION('',(0.,-1.,0.));
#535=VECTOR('',#534,0.2);
#536=LINE('',#533,#535);
#537=EDGE_CURVE('',#532,#524,#536,.T.);
#538=ORIENTED_EDGE('',*,*,#537,.F.);
#539=CARTESIAN_POINT('',(-1.25,-10.8,49.8));
#540=VERTEX_POINT('',#539);
#541=CARTESIAN_POINT('',(-1.25,-10.8,49.8));
#542=DIRECTION('',(1.,0.,-0.));
#543=VECTOR('',#542,0.2);
#544=LINE('',#541,#543);
#545=EDGE_CURVE('',#540,#532,#544,.T.);
#546=ORIENTED_EDGE('',*,*,#545,.F.);
#547=CARTESIAN_POINT('',(-1.25,-1.2,49.8));
#548=DIRECTION('',(0.,-1.,0.));
#549=VECTOR('',#548,9.6);
#550=LINE('',#547,#549);
#551=EDGE_CURVE('',#469,#540,#550,.T.);
#552=ORIENTED_EDGE('',*,*,#551,.F.);
#553=EDGE_LOOP('',(#475,#483,#491,#499,#505,#506,#514,#522,#530,#538,#546,#552));
#554=FACE_BOUND('',#553,.T.);
#555=ADVANCED_FACE('',(#395,#415,#465,#554),#105,.F.);
#556=CARTESIAN_POINT('',(-23.,-2.,52.8));
#557=DIRECTION('',(-1.,0.,0.));
#558=DIRECTION('',(0.,0.,1.));
#559=AXIS2_PLACEMENT_3D('',#556,#557,#558);
#560=PLANE('',#559);
#561=CARTESIAN_POINT('',(-23.,7.,50.3));
#562=VERTEX_POINT('',#561);
#563=CARTESIAN_POINT('',(-23.,7.,52.7));
#564=VERTEX_POINT('',#563);
#565=CARTESIAN_POINT('',(-23.,7.,50.3));
#566=DIRECTION('',(0.,0.,1.));
#567=VECTOR('',#566,2.4);
#568=LINE('',#565,#567);
#569=EDGE_CURVE('',#562,#564,#568,.T.);
#570=ORIENTED_EDGE('',*,*,#569,.T.);
#571=CARTESIAN_POINT('',(-23.,-2.351047471,52.7));
#572=VERTEX_POINT('',#571);
#573=CARTESIAN_POINT('',(-23.,7.,52.7));
#574=DIRECTION('',(0.,-1.,0.));
#575=VECTOR('',#574,9.351047471);
#576=LINE('',#573,#575);
#577=EDGE_CURVE('',#564,#572,#576,.T.);
#578=ORIENTED_EDGE('',*,*,#577,.T.);
#579=CARTESIAN_POINT('',(-23.,-2.351047471,52.8));
#580=VERTEX_POINT('',#579);
#581=CARTESIAN_POINT('',(-23.,-2.351047471,52.8));
#582=DIRECTION('',(-0.,0.,-1.));
#583=VECTOR('',#582,0.1);
#584=LINE('',#581,#583);
#585=EDGE_CURVE('',#580,#572,#584,.T.);
#586=ORIENTED_EDGE('',*,*,#585,.F.);
#587=CARTESIAN_POINT('',(-23.,7.5,52.8));
#588=VERTEX_POINT('',#587);
#589=CARTESIAN_POINT('',(-23.,-2.351047471,52.8));
#590=DIRECTION('',(0.,1.,0.));
#591=VECTOR('',#590,9.851047471);
#592=LINE('',#589,#591);
#593=EDGE_CURVE('',#580,#588,#592,.T.);
#594=ORIENTED_EDGE('',*,*,#593,.T.);
#595=CARTESIAN_POINT('',(-23.,7.5,52.8));
#596=DIRECTION('',(-0.,0.,-1.));
#597=VECTOR('',#596,3.);
#598=LINE('',#595,#597);
#599=EDGE_CURVE('',#588,#419,#598,.T.);
#600=ORIENTED_EDGE('',*,*,#599,.T.);
#601=ORIENTED_EDGE('',*,*,#424,.F.);
#602=CARTESIAN_POINT('',(-23.,-2.351047471,50.3));
#603=VERTEX_POINT('',#602);
#604=CARTESIAN_POINT('',(-23.,-2.351047471,50.3));
#605=DIRECTION('',(-0.,0.,-1.));
#606=VECTOR('',#605,0.5);
#607=LINE('',#604,#606);
#608=EDGE_CURVE('',#603,#417,#607,.T.);
#609=ORIENTED_EDGE('',*,*,#608,.F.);
#610=CARTESIAN_POINT('',(-23.,-2.351047471,50.3));
#611=DIRECTION('',(0.,1.,0.));
#612=VECTOR('',#611,9.351047471);
#613=LINE('',#610,#612);
#614=EDGE_CURVE('',#603,#562,#613,.T.);
#615=ORIENTED_EDGE('',*,*,#614,.T.);
#616=EDGE_LOOP('',(#570,#578,#586,#594,#600,#601,#609,#615));
#617=FACE_BOUND('',#616,.T.);
#618=ADVANCED_FACE('',(#617),#560,.T.);
#619=CARTESIAN_POINT('',(-23.25,-3.175523736,52.8));
#620=DIRECTION('',(-0.956973262,0.29017611,0.));
#621=DIRECTION('',(0.29017611,0.956973262,-0.));
#622=AXIS2_PLACEMENT_3D('',#619,#620,#621);
#623=PLANE('',#622);
#624=ORIENTED_EDGE('',*,*,#585,.T.);
#625=CARTESIAN_POINT('',(-23.5,-4.,52.7));
#626=VERTEX_POINT('',#625);
#627=CARTESIAN_POINT('',(-23.,-2.351047471,52.7));
#628=DIRECTION('',(-0.29017611,-0.956973262,0.));
#629=VECTOR('',#628,1.723091536);
#630=LINE('',#627,#629);
#631=EDGE_CURVE('',#572,#626,#630,.T.);
#632=ORIENTED_EDGE('',*,*,#631,.T.);
#633=CARTESIAN_POINT('',(-23.5,-4.,52.8));
#634=VERTEX_POINT('',#633);
#635=CARTESIAN_POINT('',(-23.5,-4.,52.8));
#636=DIRECTION('',(-0.,0.,-1.));
#637=VECTOR('',#636,0.1);
#638=LINE('',#635,#637);
#639=EDGE_CURVE('',#634,#626,#638,.T.);
#640=ORIENTED_EDGE('',*,*,#639,.F.);
#641=CARTESIAN_POINT('',(-23.5,-4.,52.8));
#642=DIRECTION('',(0.29017611,0.956973262,-0.));
#643=VECTOR('',#642,1.723091536);
#644=LINE('',#641,#643);
#645=EDGE_CURVE('',#634,#580,#644,.T.);
#646=ORIENTED_EDGE('',*,*,#645,.T.);
#647=EDGE_LOOP('',(#624,#632,#640,#646));
#648=FACE_BOUND('',#647,.T.);
#649=ADVANCED_FACE('',(#648),#623,.T.);
#650=CARTESIAN_POINT('',(-23.25,-3.175523736,52.8));
#651=DIRECTION('',(-0.956973262,0.29017611,0.));
#652=DIRECTION('',(0.29017611,0.956973262,-0.));
#653=AXIS2_PLACEMENT_3D('',#650,#651,#652);
#654=PLANE('',#653);
#655=CARTESIAN_POINT('',(-23.5,-4.,50.3));
#656=VERTEX_POINT('',#655);
#657=CARTESIAN_POINT('',(-23.5,-4.,50.3));
#658=DIRECTION('',(-0.,0.,-1.));
#659=VECTOR('',#658,0.5);
#660=LINE('',#657,#659);
#661=EDGE_CURVE('',#656,#451,#660,.T.);
#662=ORIENTED_EDGE('',*,*,#661,.F.);
#663=CARTESIAN_POINT('',(-23.5,-4.,50.3));
#664=DIRECTION('',(0.29017611,0.956973262,-0.));
#665=VECTOR('',#664,1.723091536);
#666=LINE('',#663,#665);
#667=EDGE_CURVE('',#656,#603,#666,.T.);
#668=ORIENTED_EDGE('',*,*,#667,.T.);
#669=ORIENTED_EDGE('',*,*,#608,.T.);
#670=ORIENTED_EDGE('',*,*,#462,.F.);
#671=EDGE_LOOP('',(#662,#668,#669,#670));
#672=FACE_BOUND('',#671,.T.);
#673=ADVANCED_FACE('',(#672),#654,.T.);
#674=CARTESIAN_POINT('',(11.75,0.,45.));
#675=DIRECTION('',(-0.,0.,-1.));
#676=DIRECTION('',(-1.,0.,0.));
#677=AXIS2_PLACEMENT_3D('',#674,#675,#676);
#678=PLANE('',#677);
#679=CARTESIAN_POINT('',(1.25,-15.037052989,45.));
#680=VERTEX_POINT('',#679);
#681=CARTESIAN_POINT('',(3.25,-15.037052989,45.));
#682=VERTEX_POINT('',#681);
#683=CARTESIAN_POINT('',(1.25,-15.037052989,45.));
#684=DIRECTION('',(1.,0.,-0.));
#685=VECTOR('',#684,2.);
#686=LINE('',#683,#685);
#687=EDGE_CURVE('',#680,#682,#686,.T.);
#688=ORIENTED_EDGE('',*,*,#687,.T.);
#689=CARTESIAN_POINT('',(3.25,-15.787052989,45.));
#690=VERTEX_POINT('',#689);
#691=CARTESIAN_POINT('',(3.25,-15.787052989,45.));
#692=DIRECTION('',(0.,1.,0.));
#693=VECTOR('',#692,0.75);
#694=LINE('',#691,#693);
#695=EDGE_CURVE('',#690,#682,#694,.T.);
#696=ORIENTED_EDGE('',*,*,#695,.F.);
#697=CARTESIAN_POINT('',(2.75,-15.787052989,45.));
#698=VERTEX_POINT('',#697);
#699=CARTESIAN_POINT('',(3.25,-15.787052989,45.));
#700=DIRECTION('',(-1.,0.,0.));
#701=VECTOR('',#700,0.5);
#702=LINE('',#699,#701);
#703=EDGE_CURVE('',#690,#698,#702,.T.);
#704=ORIENTED_EDGE('',*,*,#703,.T.);
#705=CARTESIAN_POINT('',(2.75,-18.287052989,45.));
#706=VERTEX_POINT('',#705);
#707=CARTESIAN_POINT('',(2.75,-15.787052989,45.));
#708=DIRECTION('',(0.,-1.,0.));
#709=VECTOR('',#708,2.5);
#710=LINE('',#707,#709);
#711=EDGE_CURVE('',#698,#706,#710,.T.);
#712=ORIENTED_EDGE('',*,*,#711,.T.);
#713=CARTESIAN_POINT('',(7.75,-18.287052989,45.));
#714=VERTEX_POINT('',#713);
#715=CARTESIAN_POINT('',(2.75,-18.287052989,45.));
#716=DIRECTION('',(1.,0.,-0.));
#717=VECTOR('',#716,5.);
#718=LINE('',#715,#717);
#719=EDGE_CURVE('',#706,#714,#718,.T.);
#720=ORIENTED_EDGE('',*,*,#719,.T.);
#721=CARTESIAN_POINT('',(7.75,-15.787052989,45.));
#722=VERTEX_POINT('',#721);
#723=CARTESIAN_POINT('',(7.75,-18.287052989,45.));
#724=DIRECTION('',(0.,1.,0.));
#725=VECTOR('',#724,2.5);
#726=LINE('',#723,#725);
#727=EDGE_CURVE('',#714,#722,#726,.T.);
#728=ORIENTED_EDGE('',*,*,#727,.T.);
#729=CARTESIAN_POINT('',(7.25,-15.787052989,45.));
#730=VERTEX_POINT('',#729);
#731=CARTESIAN_POINT('',(7.75,-15.787052989,45.));
#732=DIRECTION('',(-1.,0.,0.));
#733=VECTOR('',#732,0.5);
#734=LINE('',#731,#733);
#735=EDGE_CURVE('',#722,#730,#734,.T.);
#736=ORIENTED_EDGE('',*,*,#735,.T.);
#737=CARTESIAN_POINT('',(7.25,-15.037052989,45.));
#738=VERTEX_POINT('',#737);
#739=CARTESIAN_POINT('',(7.25,-15.787052989,45.));
#740=DIRECTION('',(0.,1.,0.));
#741=VECTOR('',#740,0.75);
#742=LINE('',#739,#741);
#743=EDGE_CURVE('',#730,#738,#742,.T.);
#744=ORIENTED_EDGE('',*,*,#743,.T.);
#745=CARTESIAN_POINT('',(9.25,-15.037052989,45.));
#746=VERTEX_POINT('',#745);
#747=CARTESIAN_POINT('',(7.25,-15.037052989,45.));
#748=DIRECTION('',(1.,0.,-0.));
#749=VECTOR('',#748,2.);
#750=LINE('',#747,#749);
#751=EDGE_CURVE('',#738,#746,#750,.T.);
#752=ORIENTED_EDGE('',*,*,#751,.T.);
#753=CARTESIAN_POINT('',(9.25,-19.037052989,45.));
#754=VERTEX_POINT('',#753);
#755=CARTESIAN_POINT('',(9.25,-15.037052989,45.));
#756=DIRECTION('',(0.,-1.,0.));
#757=VECTOR('',#756,4.);
#758=LINE('',#755,#757);
#759=EDGE_CURVE('',#746,#754,#758,.T.);
#760=ORIENTED_EDGE('',*,*,#759,.T.);
#761=CARTESIAN_POINT('',(1.25,-19.037052989,45.));
#762=VERTEX_POINT('',#761);
#763=CARTESIAN_POINT('',(9.25,-19.037052989,45.));
#764=DIRECTION('',(-1.,0.,0.));
#765=VECTOR('',#764,8.);
#766=LINE('',#763,#765);
#767=EDGE_CURVE('',#754,#762,#766,.T.);
#768=ORIENTED_EDGE('',*,*,#767,.T.);
#769=CARTESIAN_POINT('',(1.25,-19.037052989,45.));
#770=DIRECTION('',(0.,1.,0.));
#771=VECTOR('',#770,4.);
#772=LINE('',#769,#771);
#773=EDGE_CURVE('',#762,#680,#772,.T.);
#774=ORIENTED_EDGE('',*,*,#773,.T.);
#775=EDGE_LOOP('',(#688,#696,#704,#712,#720,#728,#736,#744,#752,#760,#768,#774));
#776=FACE_BOUND('',#775,.T.);
#777=ADVANCED_FACE('',(#776),#678,.T.);
#778=CARTESIAN_POINT('',(5.85,-17.4,46.5));
#779=DIRECTION('',(-0.,0.,-1.));
#780=DIRECTION('',(-1.,0.,0.));
#781=AXIS2_PLACEMENT_3D('',#778,#779,#780);
#782=CYLINDRICAL_SURFACE('',#781,0.25);
#783=CARTESIAN_POINT('',(5.6,-17.4,43.));
#784=VERTEX_POINT('',#783);
#785=CARTESIAN_POINT('',(5.6,-17.4,46.5));
#786=VERTEX_POINT('',#785);
#787=CARTESIAN_POINT('',(5.6,-17.4,43.));
#788=DIRECTION('',(0.,-0.,1.));
#789=VECTOR('',#788,3.5);
#790=LINE('',#787,#789);
#791=EDGE_CURVE('',#784,#786,#790,.T.);
#792=ORIENTED_EDGE('',*,*,#791,.T.);
#793=CARTESIAN_POINT('',(5.85,-17.4,46.5));
#794=DIRECTION('',(-0.,0.,-1.));
#795=DIRECTION('',(-1.,0.,0.));
#796=AXIS2_PLACEMENT_3D('',#793,#794,#795);
#797=CIRCLE('',#796,0.25);
#798=EDGE_CURVE('',#786,#786,#797,.T.);
#799=ORIENTED_EDGE('',*,*,#798,.T.);
#800=ORIENTED_EDGE('',*,*,#791,.F.);
#801=CARTESIAN_POINT('',(5.85,-17.4,43.));
#802=DIRECTION('',(-0.,0.,-1.));
#803=DIRECTION('',(-1.,0.,0.));
#804=AXIS2_PLACEMENT_3D('',#801,#802,#803);
#805=CIRCLE('',#804,0.25);
#806=EDGE_CURVE('',#784,#784,#805,.T.);
#807=ORIENTED_EDGE('',*,*,#806,.F.);
#808=EDGE_LOOP('',(#792,#799,#800,#807));
#809=FACE_BOUND('',#808,.T.);
#810=ADVANCED_FACE('',(#809),#782,.T.);
#811=CARTESIAN_POINT('',(1.25,-17.037052989,43.));
#812=DIRECTION('',(1.,0.,-0.));
#813=DIRECTION('',(-0.,0.,-1.));
#814=AXIS2_PLACEMENT_3D('',#811,#812,#813);
#815=PLANE('',#814);
#816=ORIENTED_EDGE('',*,*,#773,.F.);
#817=CARTESIAN_POINT('',(1.25,-19.037052989,48.));
#818=VERTEX_POINT('',#817);
#819=CARTESIAN_POINT('',(1.25,-19.037052989,45.));
#820=DIRECTION('',(0.,0.,1.));
#821=VECTOR('',#820,3.);
#822=LINE('',#819,#821);
#823=EDGE_CURVE('',#762,#818,#822,.T.);
#824=ORIENTED_EDGE('',*,*,#823,.T.);
#825=CARTESIAN_POINT('',(1.25,-15.037052989,48.));
#826=VERTEX_POINT('',#825);
#827=CARTESIAN_POINT('',(1.25,-15.037052989,48.));
#828=DIRECTION('',(0.,-1.,0.));
#829=VECTOR('',#828,4.);
#830=LINE('',#827,#829);
#831=EDGE_CURVE('',#826,#818,#830,.T.);
#832=ORIENTED_EDGE('',*,*,#831,.F.);
#833=CARTESIAN_POINT('',(1.25,-15.037052989,45.));
#834=DIRECTION('',(0.,0.,1.));
#835=VECTOR('',#834,3.);
#836=LINE('',#833,#835);
#837=EDGE_CURVE('',#680,#826,#836,.T.);
#838=ORIENTED_EDGE('',*,*,#837,.F.);
#839=EDGE_LOOP('',(#816,#824,#832,#838));
#840=FACE_BOUND('',#839,.T.);
#841=ADVANCED_FACE('',(#840),#815,.F.);
#842=CARTESIAN_POINT('',(5.25,-15.037052989,43.));
#843=DIRECTION('',(0.,-1.,0.));
#844=DIRECTION('',(0.,0.,1.));
#845=AXIS2_PLACEMENT_3D('',#842,#843,#844);
#846=PLANE('',#845);
#847=ORIENTED_EDGE('',*,*,#687,.F.);
#848=ORIENTED_EDGE('',*,*,#837,.T.);
#849=CARTESIAN_POINT('',(9.25,-15.037052989,48.));
#850=VERTEX_POINT('',#849);
#851=CARTESIAN_POINT('',(1.25,-15.037052989,48.));
#852=DIRECTION('',(1.,0.,-0.));
#853=VECTOR('',#852,8.);
#854=LINE('',#851,#853);
#855=EDGE_CURVE('',#826,#850,#854,.T.);
#856=ORIENTED_EDGE('',*,*,#855,.T.);
#857=CARTESIAN_POINT('',(9.25,-15.037052989,45.));
#858=DIRECTION('',(0.,0.,1.));
#859=VECTOR('',#858,3.);
#860=LINE('',#857,#859);
#861=EDGE_CURVE('',#746,#850,#860,.T.);
#862=ORIENTED_EDGE('',*,*,#861,.F.);
#863=ORIENTED_EDGE('',*,*,#751,.F.);
#864=CARTESIAN_POINT('',(7.25,-15.037052989,43.));
#865=VERTEX_POINT('',#864);
#866=CARTESIAN_POINT('',(7.25,-15.037052989,45.));
#867=DIRECTION('',(-0.,0.,-1.));
#868=VECTOR('',#867,2.);
#869=LINE('',#866,#868);
#870=EDGE_CURVE('',#738,#865,#869,.T.);
#871=ORIENTED_EDGE('',*,*,#870,.T.);
#872=CARTESIAN_POINT('',(6.95,-15.037052989,43.));
#873=VERTEX_POINT('',#872);
#874=CARTESIAN_POINT('',(6.95,-15.037052989,43.));
#875=DIRECTION('',(1.,0.,-0.));
#876=VECTOR('',#875,0.3);
#877=LINE('',#874,#876);
#878=EDGE_CURVE('',#873,#865,#877,.T.);
#879=ORIENTED_EDGE('',*,*,#878,.F.);
#880=CARTESIAN_POINT('',(6.95,-15.037052989,46.5));
#881=VERTEX_POINT('',#880);
#882=CARTESIAN_POINT('',(6.95,-15.037052989,46.5));
#883=DIRECTION('',(-0.,0.,-1.));
#884=VECTOR('',#883,3.5);
#885=LINE('',#882,#884);
#886=EDGE_CURVE('',#881,#873,#885,.T.);
#887=ORIENTED_EDGE('',*,*,#886,.F.);
#888=CARTESIAN_POINT('',(3.55,-15.037052989,46.5));
#889=VERTEX_POINT('',#888);
#890=CARTESIAN_POINT('',(3.55,-15.037052989,46.5));
#891=DIRECTION('',(1.,0.,-0.));
#892=VECTOR('',#891,3.4);
#893=LINE('',#890,#892);
#894=EDGE_CURVE('',#889,#881,#893,.T.);
#895=ORIENTED_EDGE('',*,*,#894,.F.);
#896=CARTESIAN_POINT('',(3.55,-15.037052989,43.));
#897=VERTEX_POINT('',#896);
#898=CARTESIAN_POINT('',(3.55,-15.037052989,46.5));
#899=DIRECTION('',(-0.,0.,-1.));
#900=VECTOR('',#899,3.5);
#901=LINE('',#898,#900);
#902=EDGE_CURVE('',#889,#897,#901,.T.);
#903=ORIENTED_EDGE('',*,*,#902,.T.);
#904=CARTESIAN_POINT('',(3.25,-15.037052989,43.));
#905=VERTEX_POINT('',#904);
#906=CARTESIAN_POINT('',(3.25,-15.037052989,43.));
#907=DIRECTION('',(1.,0.,-0.));
#908=VECTOR('',#907,0.3);
#909=LINE('',#906,#908);
#910=EDGE_CURVE('',#905,#897,#909,.T.);
#911=ORIENTED_EDGE('',*,*,#910,.F.);
#912=CARTESIAN_POINT('',(3.25,-15.037052989,45.));
#913=DIRECTION('',(-0.,0.,-1.));
#914=VECTOR('',#913,2.);
#915=LINE('',#912,#914);
#916=EDGE_CURVE('',#682,#905,#915,.T.);
#917=ORIENTED_EDGE('',*,*,#916,.F.);
#918=EDGE_LOOP('',(#847,#848,#856,#862,#863,#871,#879,#887,#895,#903,#911,#917));
#919=FACE_BOUND('',#918,.T.);
#920=ADVANCED_FACE('',(#919),#846,.F.);
#921=CARTESIAN_POINT('',(7.25,-15.562052989,45.));
#922=DIRECTION('',(-1.,0.,0.));
#923=DIRECTION('',(0.,0.,1.));
#924=AXIS2_PLACEMENT_3D('',#921,#922,#923);
#925=PLANE('',#924);
#926=CARTESIAN_POINT('',(7.25,-15.787052989,43.));
#927=VERTEX_POINT('',#926);
#928=CARTESIAN_POINT('',(7.25,-15.787052989,43.));
#929=DIRECTION('',(0.,1.,0.));
#930=VECTOR('',#929,0.75);
#931=LINE('',#928,#930);
#932=EDGE_CURVE('',#927,#865,#931,.T.);
#933=ORIENTED_EDGE('',*,*,#932,.T.);
#934=ORIENTED_EDGE('',*,*,#870,.F.);
#935=ORIENTED_EDGE('',*,*,#743,.F.);
#936=CARTESIAN_POINT('',(7.25,-15.787052989,45.));
#937=DIRECTION('',(-0.,0.,-1.));
#938=VECTOR('',#937,2.);
#939=LINE('',#936,#938);
#940=EDGE_CURVE('',#730,#927,#939,.T.);
#941=ORIENTED_EDGE('',*,*,#940,.T.);
#942=EDGE_LOOP('',(#933,#934,#935,#941));
#943=FACE_BOUND('',#942,.T.);
#944=ADVANCED_FACE('',(#943),#925,.F.);
#945=CARTESIAN_POINT('',(11.75,0.,46.5));
#946=DIRECTION('',(-0.,0.,-1.));
#947=DIRECTION('',(-1.,0.,0.));
#948=AXIS2_PLACEMENT_3D('',#945,#946,#947);
#949=PLANE('',#948);
#950=CARTESIAN_POINT('',(3.55,-15.337052989,46.5));
#951=VERTEX_POINT('',#950);
#952=CARTESIAN_POINT('',(3.55,-15.037052989,46.5));
#953=DIRECTION('',(0.,-1.,0.));
#954=VECTOR('',#953,0.3);
#955=LINE('',#952,#954);
#956=EDGE_CURVE('',#889,#951,#955,.T.);
#957=ORIENTED_EDGE('',*,*,#956,.F.);
#958=ORIENTED_EDGE('',*,*,#894,.T.);
#959=CARTESIAN_POINT('',(6.95,-15.337052989,46.5));
#960=VERTEX_POINT('',#959);
#961=CARTESIAN_POINT('',(6.95,-15.037052989,46.5));
#962=DIRECTION('',(0.,-1.,0.));
#963=VECTOR('',#962,0.3);
#964=LINE('',#961,#963);
#965=EDGE_CURVE('',#881,#960,#964,.T.);
#966=ORIENTED_EDGE('',*,*,#965,.T.);
#967=CARTESIAN_POINT('',(7.2,-15.337052989,46.5));
#968=VERTEX_POINT('',#967);
#969=CARTESIAN_POINT('',(6.95,-15.337052989,46.5));
#970=DIRECTION('',(1.,0.,-0.));
#971=VECTOR('',#970,0.25);
#972=LINE('',#969,#971);
#973=EDGE_CURVE('',#960,#968,#972,.T.);
#974=ORIENTED_EDGE('',*,*,#973,.T.);
#975=CARTESIAN_POINT('',(7.2,-16.037052989,46.5));
#976=VERTEX_POINT('',#975);
#977=CARTESIAN_POINT('',(7.2,-15.337052989,46.5));
#978=DIRECTION('',(0.,-1.,0.));
#979=VECTOR('',#978,0.7);
#980=LINE('',#977,#979);
#981=EDGE_CURVE('',#968,#976,#980,.T.);
#982=ORIENTED_EDGE('',*,*,#981,.T.);
#983=CARTESIAN_POINT('',(7.25,-16.037052989,46.5));
#984=VERTEX_POINT('',#983);
#985=CARTESIAN_POINT('',(7.25,-16.037052989,46.5));
#986=DIRECTION('',(-1.,0.,0.));
#987=VECTOR('',#986,0.05);
#988=LINE('',#985,#987);
#989=EDGE_CURVE('',#984,#976,#988,.T.);
#990=ORIENTED_EDGE('',*,*,#989,.F.);
#991=CARTESIAN_POINT('',(7.25,-18.037052989,46.5));
#992=VERTEX_POINT('',#991);
#993=CARTESIAN_POINT('',(7.25,-18.037052989,46.5));
#994=DIRECTION('',(0.,1.,0.));
#995=VECTOR('',#994,2.);
#996=LINE('',#993,#995);
#997=EDGE_CURVE('',#992,#984,#996,.T.);
#998=ORIENTED_EDGE('',*,*,#997,.F.);
#999=CARTESIAN_POINT('',(3.25,-18.037052989,46.5));
#1000=VERTEX_POINT('',#999);
#1001=CARTESIAN_POINT('',(3.25,-18.037052989,46.5));
#1002=DIRECTION('',(1.,0.,-0.));
#1003=VECTOR('',#1002,4.);
#1004=LINE('',#1001,#1003);
#1005=EDGE_CURVE('',#1000,#992,#1004,.T.);
#1006=ORIENTED_EDGE('',*,*,#1005,.F.);
#1007=CARTESIAN_POINT('',(3.25,-16.037052989,46.5));
#1008=VERTEX_POINT('',#1007);
#1009=CARTESIAN_POINT('',(3.25,-16.037052989,46.5));
#1010=DIRECTION('',(0.,-1.,0.));
#1011=VECTOR('',#1010,2.);
#1012=LINE('',#1009,#1011);
#1013=EDGE_CURVE('',#1008,#1000,#1012,.T.);
#1014=ORIENTED_EDGE('',*,*,#1013,.F.);
#1015=CARTESIAN_POINT('',(3.3,-16.037052989,46.5));
#1016=VERTEX_POINT('',#1015);
#1017=CARTESIAN_POINT('',(3.3,-16.037052989,46.5));
#1018=DIRECTION('',(-1.,0.,0.));
#1019=VECTOR('',#1018,0.05);
#1020=LINE('',#1017,#1019);
#1021=EDGE_CURVE('',#1016,#1008,#1020,.T.);
#1022=ORIENTED_EDGE('',*,*,#1021,.F.);
#1023=CARTESIAN_POINT('',(3.3,-15.337052989,46.5));
#1024=VERTEX_POINT('',#1023);
#1025=CARTESIAN_POINT('',(3.3,-15.337052989,46.5));
#1026=DIRECTION('',(0.,-1.,0.));
#1027=VECTOR('',#1026,0.7);
#1028=LINE('',#1025,#1027);
#1029=EDGE_CURVE('',#1024,#1016,#1028,.T.);
#1030=ORIENTED_EDGE('',*,*,#1029,.F.);
#1031=CARTESIAN_POINT('',(3.55,-15.337052989,46.5));
#1032=DIRECTION('',(-1.,0.,0.));
#1033=VECTOR('',#1032,0.25);
#1034=LINE('',#1031,#1033);
#1035=EDGE_CURVE('',#951,#1024,#1034,.T.);
#1036=ORIENTED_EDGE('',*,*,#1035,.F.);
#1037=EDGE_LOOP('',(#957,#958,#966,#974,#982,#990,#998,#1006,#1014,#1022,#1030,#1036));
#1038=FACE_BOUND('',#1037,.T.);
#1039=CARTESIAN_POINT('',(4.400029952,-17.399981882,46.5));
#1040=VERTEX_POINT('',#1039);
#1041=CARTESIAN_POINT('',(4.650029952,-17.399981882,46.5));
#1042=DIRECTION('',(-0.,0.,-1.));
#1043=DIRECTION('',(-1.,0.,0.));
#1044=AXIS2_PLACEMENT_3D('',#1041,#1042,#1043);
#1045=CIRCLE('',#1044,0.25);
#1046=EDGE_CURVE('',#1040,#1040,#1045,.T.);
#1047=ORIENTED_EDGE('',*,*,#1046,.F.);
#1048=EDGE_LOOP('',(#1047));
#1049=FACE_BOUND('',#1048,.T.);
#1050=ORIENTED_EDGE('',*,*,#798,.F.);
#1051=EDGE_LOOP('',(#1050));
#1052=FACE_BOUND('',#1051,.T.);
#1053=ADVANCED_FACE('',(#1038,#1049,#1052),#949,.T.);
#1054=CARTESIAN_POINT('',(11.75,0.,43.));
#1055=DIRECTION('',(-0.,0.,-1.));
#1056=DIRECTION('',(0.,1.,0.));
#1057=AXIS2_PLACEMENT_3D('',#1054,#1055,#1056);
#1058=PLANE('',#1057);
#1059=CARTESIAN_POINT('',(3.25,-15.787052989,43.));
#1060=VERTEX_POINT('',#1059);
#1061=CARTESIAN_POINT('',(2.75,-15.787052989,43.));
#1062=VERTEX_POINT('',#1061);
#1063=CARTESIAN_POINT('',(3.25,-15.787052989,43.));
#1064=DIRECTION('',(-1.,0.,0.));
#1065=VECTOR('',#1064,0.5);
#1066=LINE('',#1063,#1065);
#1067=EDGE_CURVE('',#1060,#1062,#1066,.T.);
#1068=ORIENTED_EDGE('',*,*,#1067,.F.);
#1069=CARTESIAN_POINT('',(3.25,-15.787052989,43.));
#1070=DIRECTION('',(0.,1.,0.));
#1071=VECTOR('',#1070,0.75);
#1072=LINE('',#1069,#1071);
#1073=EDGE_CURVE('',#1060,#905,#1072,.T.);
#1074=ORIENTED_EDGE('',*,*,#1073,.T.);
#1075=ORIENTED_EDGE('',*,*,#910,.T.);
#1076=CARTESIAN_POINT('',(3.55,-15.337052989,43.));
#1077=VERTEX_POINT('',#1076);
#1078=CARTESIAN_POINT('',(3.55,-15.037052989,43.));
#1079=DIRECTION('',(0.,-1.,0.));
#1080=VECTOR('',#1079,0.3);
#1081=LINE('',#1078,#1080);
#1082=EDGE_CURVE('',#897,#1077,#1081,.T.);
#1083=ORIENTED_EDGE('',*,*,#1082,.T.);
#1084=CARTESIAN_POINT('',(3.3,-15.337052989,43.));
#1085=VERTEX_POINT('',#1084);
#1086=CARTESIAN_POINT('',(3.55,-15.337052989,43.));
#1087=DIRECTION('',(-1.,0.,0.));
#1088=VECTOR('',#1087,0.25);
#1089=LINE('',#1086,#1088);
#1090=EDGE_CURVE('',#1077,#1085,#1089,.T.);
#1091=ORIENTED_EDGE('',*,*,#1090,.T.);
#1092=CARTESIAN_POINT('',(3.3,-16.037052989,43.));
#1093=VERTEX_POINT('',#1092);
#1094=CARTESIAN_POINT('',(3.3,-15.337052989,43.));
#1095=DIRECTION('',(0.,-1.,0.));
#1096=VECTOR('',#1095,0.7);
#1097=LINE('',#1094,#1096);
#1098=EDGE_CURVE('',#1085,#1093,#1097,.T.);
#1099=ORIENTED_EDGE('',*,*,#1098,.T.);
#1100=CARTESIAN_POINT('',(3.25,-16.037052989,43.));
#1101=VERTEX_POINT('',#1100);
#1102=CARTESIAN_POINT('',(3.3,-16.037052989,43.));
#1103=DIRECTION('',(-1.,0.,0.));
#1104=VECTOR('',#1103,0.05);
#1105=LINE('',#1102,#1104);
#1106=EDGE_CURVE('',#1093,#1101,#1105,.T.);
#1107=ORIENTED_EDGE('',*,*,#1106,.T.);
#1108=CARTESIAN_POINT('',(3.25,-18.037052989,43.));
#1109=VERTEX_POINT('',#1108);
#1110=CARTESIAN_POINT('',(3.25,-16.037052989,43.));
#1111=DIRECTION('',(0.,-1.,0.));
#1112=VECTOR('',#1111,2.);
#1113=LINE('',#1110,#1112);
#1114=EDGE_CURVE('',#1101,#1109,#1113,.T.);
#1115=ORIENTED_EDGE('',*,*,#1114,.T.);
#1116=CARTESIAN_POINT('',(7.25,-18.037052989,43.));
#1117=VERTEX_POINT('',#1116);
#1118=CARTESIAN_POINT('',(3.25,-18.037052989,43.));
#1119=DIRECTION('',(1.,0.,-0.));
#1120=VECTOR('',#1119,4.);
#1121=LINE('',#1118,#1120);
#1122=EDGE_CURVE('',#1109,#1117,#1121,.T.);
#1123=ORIENTED_EDGE('',*,*,#1122,.T.);
#1124=CARTESIAN_POINT('',(7.25,-16.037052989,43.));
#1125=VERTEX_POINT('',#1124);
#1126=CARTESIAN_POINT('',(7.25,-18.037052989,43.));
#1127=DIRECTION('',(0.,1.,0.));
#1128=VECTOR('',#1127,2.);
#1129=LINE('',#1126,#1128);
#1130=EDGE_CURVE('',#1117,#1125,#1129,.T.);
#1131=ORIENTED_EDGE('',*,*,#1130,.T.);
#1132=CARTESIAN_POINT('',(7.2,-16.037052989,43.));
#1133=VERTEX_POINT('',#1132);
#1134=CARTESIAN_POINT('',(7.25,-16.037052989,43.));
#1135=DIRECTION('',(-1.,0.,0.));
#1136=VECTOR('',#1135,0.05);
#1137=LINE('',#1134,#1136);
#1138=EDGE_CURVE('',#1125,#1133,#1137,.T.);
#1139=ORIENTED_EDGE('',*,*,#1138,.T.);
#1140=CARTESIAN_POINT('',(7.2,-15.337052989,43.));
#1141=VERTEX_POINT('',#1140);
#1142=CARTESIAN_POINT('',(7.2,-15.337052989,43.));
#1143=DIRECTION('',(0.,-1.,0.));
#1144=VECTOR('',#1143,0.7);
#1145=LINE('',#1142,#1144);
#1146=EDGE_CURVE('',#1141,#1133,#1145,.T.);
#1147=ORIENTED_EDGE('',*,*,#1146,.F.);
#1148=CARTESIAN_POINT('',(6.95,-15.337052989,43.));
#1149=VERTEX_POINT('',#1148);
#1150=CARTESIAN_POINT('',(6.95,-15.337052989,43.));
#1151=DIRECTION('',(1.,0.,-0.));
#1152=VECTOR('',#1151,0.25);
#1153=LINE('',#1150,#1152);
#1154=EDGE_CURVE('',#1149,#1141,#1153,.T.);
#1155=ORIENTED_EDGE('',*,*,#1154,.F.);
#1156=CARTESIAN_POINT('',(6.95,-15.037052989,43.));
#1157=DIRECTION('',(0.,-1.,0.));
#1158=VECTOR('',#1157,0.3);
#1159=LINE('',#1156,#1158);
#1160=EDGE_CURVE('',#873,#1149,#1159,.T.);
#1161=ORIENTED_EDGE('',*,*,#1160,.F.);
#1162=ORIENTED_EDGE('',*,*,#878,.T.);
#1163=ORIENTED_EDGE('',*,*,#932,.F.);
#1164=CARTESIAN_POINT('',(7.75,-15.787052989,43.));
#1165=VERTEX_POINT('',#1164);
#1166=CARTESIAN_POINT('',(7.75,-15.787052989,43.));
#1167=DIRECTION('',(-1.,0.,0.));
#1168=VECTOR('',#1167,0.5);
#1169=LINE('',#1166,#1168);
#1170=EDGE_CURVE('',#1165,#927,#1169,.T.);
#1171=ORIENTED_EDGE('',*,*,#1170,.F.);
#1172=CARTESIAN_POINT('',(7.75,-18.287052989,43.));
#1173=VERTEX_POINT('',#1172);
#1174=CARTESIAN_POINT('',(7.75,-18.287052989,43.));
#1175=DIRECTION('',(0.,1.,0.));
#1176=VECTOR('',#1175,2.5);
#1177=LINE('',#1174,#1176);
#1178=EDGE_CURVE('',#1173,#1165,#1177,.T.);
#1179=ORIENTED_EDGE('',*,*,#1178,.F.);
#1180=CARTESIAN_POINT('',(2.75,-18.287052989,43.));
#1181=VERTEX_POINT('',#1180);
#1182=CARTESIAN_POINT('',(2.75,-18.287052989,43.));
#1183=DIRECTION('',(1.,0.,-0.));
#1184=VECTOR('',#1183,5.);
#1185=LINE('',#1182,#1184);
#1186=EDGE_CURVE('',#1181,#1173,#1185,.T.);
#1187=ORIENTED_EDGE('',*,*,#1186,.F.);
#1188=CARTESIAN_POINT('',(2.75,-15.787052989,43.));
#1189=DIRECTION('',(0.,-1.,0.));
#1190=VECTOR('',#1189,2.5);
#1191=LINE('',#1188,#1190);
#1192=EDGE_CURVE('',#1062,#1181,#1191,.T.);
#1193=ORIENTED_EDGE('',*,*,#1192,.F.);
#1194=EDGE_LOOP('',(#1068,#1074,#1075,#1083,#1091,#1099,#1107,#1115,#1123,#1131,#1139,#1147,#1155,#1161,#1162,#1163,#1171,#1179,#1187,#1193));
#1195=FACE_BOUND('',#1194,.T.);
#1196=ADVANCED_FACE('',(#1195),#1058,.T.);
#1197=CARTESIAN_POINT('',(3.55,-15.187052989,46.5));
#1198=DIRECTION('',(1.,0.,-0.));
#1199=DIRECTION('',(-0.,0.,-1.));
#1200=AXIS2_PLACEMENT_3D('',#1197,#1198,#1199);
#1201=PLANE('',#1200);
#1202=ORIENTED_EDGE('',*,*,#1082,.F.);
#1203=ORIENTED_EDGE('',*,*,#902,.F.);
#1204=ORIENTED_EDGE('',*,*,#956,.T.);
#1205=CARTESIAN_POINT('',(3.55,-15.337052989,46.5));
#1206=DIRECTION('',(-0.,0.,-1.));
#1207=VECTOR('',#1206,3.5);
#1208=LINE('',#1205,#1207);
#1209=EDGE_CURVE('',#951,#1077,#1208,.T.);
#1210=ORIENTED_EDGE('',*,*,#1209,.T.);
#1211=EDGE_LOOP('',(#1202,#1203,#1204,#1210));
#1212=FACE_BOUND('',#1211,.T.);
#1213=ADVANCED_FACE('',(#1212),#1201,.T.);
#1214=CARTESIAN_POINT('',(2.75,-17.037052989,45.));
#1215=DIRECTION('',(1.,0.,-0.));
#1216=DIRECTION('',(-0.,0.,-1.));
#1217=AXIS2_PLACEMENT_3D('',#1214,#1215,#1216);
#1218=PLANE('',#1217);
#1219=ORIENTED_EDGE('',*,*,#1192,.T.);
#1220=CARTESIAN_POINT('',(2.75,-18.287052989,45.));
#1221=DIRECTION('',(-0.,0.,-1.));
#1222=VECTOR('',#1221,2.);
#1223=LINE('',#1220,#1222);
#1224=EDGE_CURVE('',#706,#1181,#1223,.T.);
#1225=ORIENTED_EDGE('',*,*,#1224,.F.);
#1226=ORIENTED_EDGE('',*,*,#711,.F.);
#1227=CARTESIAN_POINT('',(2.75,-15.787052989,45.));
#1228=DIRECTION('',(-0.,0.,-1.));
#1229=VECTOR('',#1228,2.);
#1230=LINE('',#1227,#1229);
#1231=EDGE_CURVE('',#698,#1062,#1230,.T.);
#1232=ORIENTED_EDGE('',*,*,#1231,.T.);
#1233=EDGE_LOOP('',(#1219,#1225,#1226,#1232));
#1234=FACE_BOUND('',#1233,.T.);
#1235=ADVANCED_FACE('',(#1234),#1218,.F.);
#1236=CARTESIAN_POINT('',(3.25,-15.187052989,45.));
#1237=DIRECTION('',(-1.,0.,0.));
#1238=DIRECTION('',(0.,0.,1.));
#1239=AXIS2_PLACEMENT_3D('',#1236,#1237,#1238);
#1240=PLANE('',#1239);
#1241=ORIENTED_EDGE('',*,*,#1073,.F.);
#1242=CARTESIAN_POINT('',(3.25,-15.787052989,45.));
#1243=DIRECTION('',(-0.,0.,-1.));
#1244=VECTOR('',#1243,2.);
#1245=LINE('',#1242,#1244);
#1246=EDGE_CURVE('',#690,#1060,#1245,.T.);
#1247=ORIENTED_EDGE('',*,*,#1246,.F.);
#1248=ORIENTED_EDGE('',*,*,#695,.T.);
#1249=ORIENTED_EDGE('',*,*,#916,.T.);
#1250=EDGE_LOOP('',(#1241,#1247,#1248,#1249));
#1251=FACE_BOUND('',#1250,.T.);
#1252=ADVANCED_FACE('',(#1251),#1240,.T.);
#1253=CARTESIAN_POINT('',(9.25,-17.037052989,43.));
#1254=DIRECTION('',(-1.,0.,0.));
#1255=DIRECTION('',(0.,0.,1.));
#1256=AXIS2_PLACEMENT_3D('',#1253,#1254,#1255);
#1257=PLANE('',#1256);
#1258=ORIENTED_EDGE('',*,*,#759,.F.);
#1259=ORIENTED_EDGE('',*,*,#861,.T.);
#1260=CARTESIAN_POINT('',(9.25,-19.037052989,48.));
#1261=VERTEX_POINT('',#1260);
#1262=CARTESIAN_POINT('',(9.25,-15.037052989,48.));
#1263=DIRECTION('',(0.,-1.,0.));
#1264=VECTOR('',#1263,4.);
#1265=LINE('',#1262,#1264);
#1266=EDGE_CURVE('',#850,#1261,#1265,.T.);
#1267=ORIENTED_EDGE('',*,*,#1266,.T.);
#1268=CARTESIAN_POINT('',(9.25,-19.037052989,45.));
#1269=DIRECTION('',(0.,0.,1.));
#1270=VECTOR('',#1269,3.);
#1271=LINE('',#1268,#1270);
#1272=EDGE_CURVE('',#754,#1261,#1271,.T.);
#1273=ORIENTED_EDGE('',*,*,#1272,.F.);
#1274=EDGE_LOOP('',(#1258,#1259,#1267,#1273));
#1275=FACE_BOUND('',#1274,.T.);
#1276=ADVANCED_FACE('',(#1275),#1257,.F.);
#1277=CARTESIAN_POINT('',(6.95,-15.187052989,46.5));
#1278=DIRECTION('',(1.,0.,-0.));
#1279=DIRECTION('',(-0.,0.,-1.));
#1280=AXIS2_PLACEMENT_3D('',#1277,#1278,#1279);
#1281=PLANE('',#1280);
#1282=ORIENTED_EDGE('',*,*,#1160,.T.);
#1283=CARTESIAN_POINT('',(6.95,-15.337052989,46.5));
#1284=DIRECTION('',(-0.,0.,-1.));
#1285=VECTOR('',#1284,3.5);
#1286=LINE('',#1283,#1285);
#1287=EDGE_CURVE('',#960,#1149,#1286,.T.);
#1288=ORIENTED_EDGE('',*,*,#1287,.F.);
#1289=ORIENTED_EDGE('',*,*,#965,.F.);
#1290=ORIENTED_EDGE('',*,*,#886,.T.);
#1291=EDGE_LOOP('',(#1282,#1288,#1289,#1290));
#1292=FACE_BOUND('',#1291,.T.);
#1293=ADVANCED_FACE('',(#1292),#1281,.F.);
#1294=CARTESIAN_POINT('',(5.25,-18.037052989,46.5));
#1295=DIRECTION('',(0.,1.,0.));
#1296=DIRECTION('',(-0.,0.,-1.));
#1297=AXIS2_PLACEMENT_3D('',#1294,#1295,#1296);
#1298=PLANE('',#1297);
#1299=ORIENTED_EDGE('',*,*,#1122,.F.);
#1300=CARTESIAN_POINT('',(3.25,-18.037052989,46.5));
#1301=DIRECTION('',(-0.,0.,-1.));
#1302=VECTOR('',#1301,3.5);
#1303=LINE('',#1300,#1302);
#1304=EDGE_CURVE('',#1000,#1109,#1303,.T.);
#1305=ORIENTED_EDGE('',*,*,#1304,.F.);
#1306=ORIENTED_EDGE('',*,*,#1005,.T.);
#1307=CARTESIAN_POINT('',(7.25,-18.037052989,46.5));
#1308=DIRECTION('',(-0.,0.,-1.));
#1309=VECTOR('',#1308,3.5);
#1310=LINE('',#1307,#1309);
#1311=EDGE_CURVE('',#992,#1117,#1310,.T.);
#1312=ORIENTED_EDGE('',*,*,#1311,.T.);
#1313=EDGE_LOOP('',(#1299,#1305,#1306,#1312));
#1314=FACE_BOUND('',#1313,.T.);
#1315=ADVANCED_FACE('',(#1314),#1298,.T.);
#1316=CARTESIAN_POINT('',(3.,-15.787052989,45.));
#1317=DIRECTION('',(0.,-1.,0.));
#1318=DIRECTION('',(0.,0.,1.));
#1319=AXIS2_PLACEMENT_3D('',#1316,#1317,#1318);
#1320=PLANE('',#1319);
#1321=ORIENTED_EDGE('',*,*,#1067,.T.);
#1322=ORIENTED_EDGE('',*,*,#1231,.F.);
#1323=ORIENTED_EDGE('',*,*,#703,.F.);
#1324=ORIENTED_EDGE('',*,*,#1246,.T.);
#1325=EDGE_LOOP('',(#1321,#1322,#1323,#1324));
#1326=FACE_BOUND('',#1325,.T.);
#1327=ADVANCED_FACE('',(#1326),#1320,.F.);
#1328=CARTESIAN_POINT('',(7.2,-15.562052989,46.5));
#1329=DIRECTION('',(1.,0.,-0.));
#1330=DIRECTION('',(-0.,0.,-1.));
#1331=AXIS2_PLACEMENT_3D('',#1328,#1329,#1330);
#1332=PLANE('',#1331);
#1333=ORIENTED_EDGE('',*,*,#1146,.T.);
#1334=CARTESIAN_POINT('',(7.2,-16.037052989,46.5));
#1335=DIRECTION('',(-0.,0.,-1.));
#1336=VECTOR('',#1335,3.5);
#1337=LINE('',#1334,#1336);
#1338=EDGE_CURVE('',#976,#1133,#1337,.T.);
#1339=ORIENTED_EDGE('',*,*,#1338,.F.);
#1340=ORIENTED_EDGE('',*,*,#981,.F.);
#1341=CARTESIAN_POINT('',(7.2,-15.337052989,46.5));
#1342=DIRECTION('',(-0.,0.,-1.));
#1343=VECTOR('',#1342,3.5);
#1344=LINE('',#1341,#1343);
#1345=EDGE_CURVE('',#968,#1141,#1344,.T.);
#1346=ORIENTED_EDGE('',*,*,#1345,.T.);
#1347=EDGE_LOOP('',(#1333,#1339,#1340,#1346));
#1348=FACE_BOUND('',#1347,.T.);
#1349=ADVANCED_FACE('',(#1348),#1332,.F.);
#1350=CARTESIAN_POINT('',(5.25,-18.287052989,45.));
#1351=DIRECTION('',(0.,1.,0.));
#1352=DIRECTION('',(-0.,0.,-1.));
#1353=AXIS2_PLACEMENT_3D('',#1350,#1351,#1352);
#1354=PLANE('',#1353);
#1355=ORIENTED_EDGE('',*,*,#1186,.T.);
#1356=CARTESIAN_POINT('',(7.75,-18.287052989,45.));
#1357=DIRECTION('',(-0.,0.,-1.));
#1358=VECTOR('',#1357,2.);
#1359=LINE('',#1356,#1358);
#1360=EDGE_CURVE('',#714,#1173,#1359,.T.);
#1361=ORIENTED_EDGE('',*,*,#1360,.F.);
#1362=ORIENTED_EDGE('',*,*,#719,.F.);
#1363=ORIENTED_EDGE('',*,*,#1224,.T.);
#1364=EDGE_LOOP('',(#1355,#1361,#1362,#1363));
#1365=FACE_BOUND('',#1364,.T.);
#1366=ADVANCED_FACE('',(#1365),#1354,.F.);
#1367=CARTESIAN_POINT('',(11.75,0.,43.));
#1368=DIRECTION('',(-0.,0.,-1.));
#1369=DIRECTION('',(0.,1.,0.));
#1370=AXIS2_PLACEMENT_3D('',#1367,#1368,#1369);
#1371=PLANE('',#1370);
#1372=CARTESIAN_POINT('',(4.400029952,-17.399981882,43.));
#1373=VERTEX_POINT('',#1372);
#1374=CARTESIAN_POINT('',(4.650029952,-17.399981882,43.));
#1375=DIRECTION('',(-0.,0.,-1.));
#1376=DIRECTION('',(-1.,0.,0.));
#1377=AXIS2_PLACEMENT_3D('',#1374,#1375,#1376);
#1378=CIRCLE('',#1377,0.25);
#1379=EDGE_CURVE('',#1373,#1373,#1378,.T.);
#1380=ORIENTED_EDGE('',*,*,#1379,.T.);
#1381=EDGE_LOOP('',(#1380));
#1382=FACE_BOUND('',#1381,.T.);
#1383=ADVANCED_FACE('',(#1382),#1371,.T.);
#1384=CARTESIAN_POINT('',(5.25,-19.037052989,43.));
#1385=DIRECTION('',(0.,1.,0.));
#1386=DIRECTION('',(-0.,0.,-1.));
#1387=AXIS2_PLACEMENT_3D('',#1384,#1385,#1386);
#1388=PLANE('',#1387);
#1389=ORIENTED_EDGE('',*,*,#767,.F.);
#1390=ORIENTED_EDGE('',*,*,#1272,.T.);
#1391=CARTESIAN_POINT('',(9.25,-19.037052989,48.));
#1392=DIRECTION('',(-1.,0.,0.));
#1393=VECTOR('',#1392,8.);
#1394=LINE('',#1391,#1393);
#1395=EDGE_CURVE('',#1261,#818,#1394,.T.);
#1396=ORIENTED_EDGE('',*,*,#1395,.T.);
#1397=ORIENTED_EDGE('',*,*,#823,.F.);
#1398=EDGE_LOOP('',(#1389,#1390,#1396,#1397));
#1399=FACE_BOUND('',#1398,.T.);
#1400=ADVANCED_FACE('',(#1399),#1388,.F.);
#1401=CARTESIAN_POINT('',(7.75,-17.037052989,45.));
#1402=DIRECTION('',(-1.,0.,0.));
#1403=DIRECTION('',(0.,0.,1.));
#1404=AXIS2_PLACEMENT_3D('',#1401,#1402,#1403);
#1405=PLANE('',#1404);
#1406=ORIENTED_EDGE('',*,*,#1178,.T.);
#1407=CARTESIAN_POINT('',(7.75,-15.787052989,45.));
#1408=DIRECTION('',(-0.,0.,-1.));
#1409=VECTOR('',#1408,2.);
#1410=LINE('',#1407,#1409);
#1411=EDGE_CURVE('',#722,#1165,#1410,.T.);
#1412=ORIENTED_EDGE('',*,*,#1411,.F.);
#1413=ORIENTED_EDGE('',*,*,#727,.F.);
#1414=ORIENTED_EDGE('',*,*,#1360,.T.);
#1415=EDGE_LOOP('',(#1406,#1412,#1413,#1414));
#1416=FACE_BOUND('',#1415,.T.);
#1417=ADVANCED_FACE('',(#1416),#1405,.F.);
#1418=CARTESIAN_POINT('',(7.5,-15.787052989,45.));
#1419=DIRECTION('',(0.,-1.,0.));
#1420=DIRECTION('',(0.,0.,1.));
#1421=AXIS2_PLACEMENT_3D('',#1418,#1419,#1420);
#1422=PLANE('',#1421);
#1423=ORIENTED_EDGE('',*,*,#1170,.T.);
#1424=ORIENTED_EDGE('',*,*,#940,.F.);
#1425=ORIENTED_EDGE('',*,*,#735,.F.);
#1426=ORIENTED_EDGE('',*,*,#1411,.T.);
#1427=EDGE_LOOP('',(#1423,#1424,#1425,#1426));
#1428=FACE_BOUND('',#1427,.T.);
#1429=ADVANCED_FACE('',(#1428),#1422,.F.);
#1430=CARTESIAN_POINT('',(5.25,-16.037052989,46.5));
#1431=DIRECTION('',(0.,-1.,0.));
#1432=DIRECTION('',(0.,0.,1.));
#1433=AXIS2_PLACEMENT_3D('',#1430,#1431,#1432);
#1434=PLANE('',#1433);
#1435=ORIENTED_EDGE('',*,*,#1106,.F.);
#1436=CARTESIAN_POINT('',(3.3,-16.037052989,46.5));
#1437=DIRECTION('',(-0.,0.,-1.));
#1438=VECTOR('',#1437,3.5);
#1439=LINE('',#1436,#1438);
#1440=EDGE_CURVE('',#1016,#1093,#1439,.T.);
#1441=ORIENTED_EDGE('',*,*,#1440,.F.);
#1442=ORIENTED_EDGE('',*,*,#1021,.T.);
#1443=CARTESIAN_POINT('',(3.25,-16.037052989,46.5));
#1444=DIRECTION('',(-0.,0.,-1.));
#1445=VECTOR('',#1444,3.5);
#1446=LINE('',#1443,#1445);
#1447=EDGE_CURVE('',#1008,#1101,#1446,.T.);
#1448=ORIENTED_EDGE('',*,*,#1447,.T.);
#1449=EDGE_LOOP('',(#1435,#1441,#1442,#1448));
#1450=FACE_BOUND('',#1449,.T.);
#1451=ADVANCED_FACE('',(#1450),#1434,.T.);
#1452=CARTESIAN_POINT('',(3.425,-15.337052989,46.5));
#1453=DIRECTION('',(0.,-1.,0.));
#1454=DIRECTION('',(0.,0.,1.));
#1455=AXIS2_PLACEMENT_3D('',#1452,#1453,#1454);
#1456=PLANE('',#1455);
#1457=ORIENTED_EDGE('',*,*,#1090,.F.);
#1458=ORIENTED_EDGE('',*,*,#1209,.F.);
#1459=ORIENTED_EDGE('',*,*,#1035,.T.);
#1460=CARTESIAN_POINT('',(3.3,-15.337052989,46.5));
#1461=DIRECTION('',(-0.,0.,-1.));
#1462=VECTOR('',#1461,3.5);
#1463=LINE('',#1460,#1462);
#1464=EDGE_CURVE('',#1024,#1085,#1463,.T.);
#1465=ORIENTED_EDGE('',*,*,#1464,.T.);
#1466=EDGE_LOOP('',(#1457,#1458,#1459,#1465));
#1467=FACE_BOUND('',#1466,.T.);
#1468=ADVANCED_FACE('',(#1467),#1456,.T.);
#1469=CARTESIAN_POINT('',(3.25,-17.037052989,46.5));
#1470=DIRECTION('',(1.,0.,-0.));
#1471=DIRECTION('',(-0.,0.,-1.));
#1472=AXIS2_PLACEMENT_3D('',#1469,#1470,#1471);
#1473=PLANE('',#1472);
#1474=ORIENTED_EDGE('',*,*,#1114,.F.);
#1475=ORIENTED_EDGE('',*,*,#1447,.F.);
#1476=ORIENTED_EDGE('',*,*,#1013,.T.);
#1477=ORIENTED_EDGE('',*,*,#1304,.T.);
#1478=EDGE_LOOP('',(#1474,#1475,#1476,#1477));
#1479=FACE_BOUND('',#1478,.T.);
#1480=ADVANCED_FACE('',(#1479),#1473,.T.);
#1481=CARTESIAN_POINT('',(3.3,-15.562052989,46.5));
#1482=DIRECTION('',(1.,0.,-0.));
#1483=DIRECTION('',(-0.,0.,-1.));
#1484=AXIS2_PLACEMENT_3D('',#1481,#1482,#1483);
#1485=PLANE('',#1484);
#1486=ORIENTED_EDGE('',*,*,#1098,.F.);
#1487=ORIENTED_EDGE('',*,*,#1464,.F.);
#1488=ORIENTED_EDGE('',*,*,#1029,.T.);
#1489=ORIENTED_EDGE('',*,*,#1440,.T.);
#1490=EDGE_LOOP('',(#1486,#1487,#1488,#1489));
#1491=FACE_BOUND('',#1490,.T.);
#1492=ADVANCED_FACE('',(#1491),#1485,.T.);
#1493=CARTESIAN_POINT('',(7.25,-17.037052989,46.5));
#1494=DIRECTION('',(-1.,0.,0.));
#1495=DIRECTION('',(0.,0.,1.));
#1496=AXIS2_PLACEMENT_3D('',#1493,#1494,#1495);
#1497=PLANE('',#1496);
#1498=ORIENTED_EDGE('',*,*,#1130,.F.);
#1499=ORIENTED_EDGE('',*,*,#1311,.F.);
#1500=ORIENTED_EDGE('',*,*,#997,.T.);
#1501=CARTESIAN_POINT('',(7.25,-16.037052989,46.5));
#1502=DIRECTION('',(-0.,0.,-1.));
#1503=VECTOR('',#1502,3.5);
#1504=LINE('',#1501,#1503);
#1505=EDGE_CURVE('',#984,#1125,#1504,.T.);
#1506=ORIENTED_EDGE('',*,*,#1505,.T.);
#1507=EDGE_LOOP('',(#1498,#1499,#1500,#1506));
#1508=FACE_BOUND('',#1507,.T.);
#1509=ADVANCED_FACE('',(#1508),#1497,.T.);
#1510=CARTESIAN_POINT('',(5.25,-16.037052989,46.5));
#1511=DIRECTION('',(0.,-1.,0.));
#1512=DIRECTION('',(0.,0.,1.));
#1513=AXIS2_PLACEMENT_3D('',#1510,#1511,#1512);
#1514=PLANE('',#1513);
#1515=ORIENTED_EDGE('',*,*,#1138,.F.);
#1516=ORIENTED_EDGE('',*,*,#1505,.F.);
#1517=ORIENTED_EDGE('',*,*,#989,.T.);
#1518=ORIENTED_EDGE('',*,*,#1338,.T.);
#1519=EDGE_LOOP('',(#1515,#1516,#1517,#1518));
#1520=FACE_BOUND('',#1519,.T.);
#1521=ADVANCED_FACE('',(#1520),#1514,.T.);
#1522=CARTESIAN_POINT('',(7.075,-15.337052989,46.5));
#1523=DIRECTION('',(0.,1.,0.));
#1524=DIRECTION('',(-0.,0.,-1.));
#1525=AXIS2_PLACEMENT_3D('',#1522,#1523,#1524);
#1526=PLANE('',#1525);
#1527=ORIENTED_EDGE('',*,*,#1154,.T.);
#1528=ORIENTED_EDGE('',*,*,#1345,.F.);
#1529=ORIENTED_EDGE('',*,*,#973,.F.);
#1530=ORIENTED_EDGE('',*,*,#1287,.T.);
#1531=EDGE_LOOP('',(#1527,#1528,#1529,#1530));
#1532=FACE_BOUND('',#1531,.T.);
#1533=ADVANCED_FACE('',(#1532),#1526,.F.);
#1534=CARTESIAN_POINT('',(4.650029952,-17.399981882,46.5));
#1535=DIRECTION('',(-0.,0.,-1.));
#1536=DIRECTION('',(-1.,0.,0.));
#1537=AXIS2_PLACEMENT_3D('',#1534,#1535,#1536);
#1538=CYLINDRICAL_SURFACE('',#1537,0.25);
#1539=CARTESIAN_POINT('',(4.400029952,-17.399981882,43.));
#1540=DIRECTION('',(0.,-0.,1.));
#1541=VECTOR('',#1540,3.5);
#1542=LINE('',#1539,#1541);
#1543=EDGE_CURVE('',#1373,#1040,#1542,.T.);
#1544=ORIENTED_EDGE('',*,*,#1543,.T.);
#1545=ORIENTED_EDGE('',*,*,#1046,.T.);
#1546=ORIENTED_EDGE('',*,*,#1543,.F.);
#1547=ORIENTED_EDGE('',*,*,#1379,.F.);
#1548=EDGE_LOOP('',(#1544,#1545,#1546,#1547));
#1549=FACE_BOUND('',#1548,.T.);
#1550=ADVANCED_FACE('',(#1549),#1538,.T.);
#1551=CARTESIAN_POINT('',(11.75,0.,43.));
#1552=DIRECTION('',(-0.,0.,-1.));
#1553=DIRECTION('',(0.,1.,0.));
#1554=AXIS2_PLACEMENT_3D('',#1551,#1552,#1553);
#1555=PLANE('',#1554);
#1556=ORIENTED_EDGE('',*,*,#806,.T.);
#1557=EDGE_LOOP('',(#1556));
#1558=FACE_BOUND('',#1557,.T.);
#1559=ADVANCED_FACE('',(#1558),#1555,.T.);
#1560=CARTESIAN_POINT('',(-3.75,-17.037052989,43.));
#1561=DIRECTION('',(-1.,0.,0.));
#1562=DIRECTION('',(0.,0.,1.));
#1563=AXIS2_PLACEMENT_3D('',#1560,#1561,#1562);
#1564=PLANE('',#1563);
#1565=CARTESIAN_POINT('',(-3.75,-15.037052989,45.));
#1566=VERTEX_POINT('',#1565);
#1567=CARTESIAN_POINT('',(-3.75,-19.037052989,45.));
#1568=VERTEX_POINT('',#1567);
#1569=CARTESIAN_POINT('',(-3.75,-15.037052989,45.));
#1570=DIRECTION('',(0.,-1.,0.));
#1571=VECTOR('',#1570,4.);
#1572=LINE('',#1569,#1571);
#1573=EDGE_CURVE('',#1566,#1568,#1572,.T.);
#1574=ORIENTED_EDGE('',*,*,#1573,.F.);
#1575=CARTESIAN_POINT('',(-3.75,-15.037052989,48.));
#1576=VERTEX_POINT('',#1575);
#1577=CARTESIAN_POINT('',(-3.75,-15.037052989,45.));
#1578=DIRECTION('',(0.,0.,1.));
#1579=VECTOR('',#1578,3.);
#1580=LINE('',#1577,#1579);
#1581=EDGE_CURVE('',#1566,#1576,#1580,.T.);
#1582=ORIENTED_EDGE('',*,*,#1581,.T.);
#1583=CARTESIAN_POINT('',(-3.75,-19.037052989,48.));
#1584=VERTEX_POINT('',#1583);
#1585=CARTESIAN_POINT('',(-3.75,-15.037052989,48.));
#1586=DIRECTION('',(0.,-1.,0.));
#1587=VECTOR('',#1586,4.);
#1588=LINE('',#1585,#1587);
#1589=EDGE_CURVE('',#1576,#1584,#1588,.T.);
#1590=ORIENTED_EDGE('',*,*,#1589,.T.);
#1591=CARTESIAN_POINT('',(-3.75,-19.037052989,45.));
#1592=DIRECTION('',(0.,0.,1.));
#1593=VECTOR('',#1592,3.);
#1594=LINE('',#1591,#1593);
#1595=EDGE_CURVE('',#1568,#1584,#1594,.T.);
#1596=ORIENTED_EDGE('',*,*,#1595,.F.);
#1597=EDGE_LOOP('',(#1574,#1582,#1590,#1596));
#1598=FACE_BOUND('',#1597,.T.);
#1599=ADVANCED_FACE('',(#1598),#1564,.F.);
#1600=CARTESIAN_POINT('',(-7.75,-19.037052989,43.));
#1601=DIRECTION('',(0.,1.,0.));
#1602=DIRECTION('',(-0.,0.,-1.));
#1603=AXIS2_PLACEMENT_3D('',#1600,#1601,#1602);
#1604=PLANE('',#1603);
#1605=CARTESIAN_POINT('',(-11.75,-19.037052989,45.));
#1606=VERTEX_POINT('',#1605);
#1607=CARTESIAN_POINT('',(-3.75,-19.037052989,45.));
#1608=DIRECTION('',(-1.,0.,0.));
#1609=VECTOR('',#1608,8.);
#1610=LINE('',#1607,#1609);
#1611=EDGE_CURVE('',#1568,#1606,#1610,.T.);
#1612=ORIENTED_EDGE('',*,*,#1611,.F.);
#1613=ORIENTED_EDGE('',*,*,#1595,.T.);
#1614=CARTESIAN_POINT('',(-11.75,-19.037052989,48.));
#1615=VERTEX_POINT('',#1614);
#1616=CARTESIAN_POINT('',(-3.75,-19.037052989,48.));
#1617=DIRECTION('',(-1.,0.,0.));
#1618=VECTOR('',#1617,8.);
#1619=LINE('',#1616,#1618);
#1620=EDGE_CURVE('',#1584,#1615,#1619,.T.);
#1621=ORIENTED_EDGE('',*,*,#1620,.T.);
#1622=CARTESIAN_POINT('',(-11.75,-19.037052989,45.));
#1623=DIRECTION('',(0.,0.,1.));
#1624=VECTOR('',#1623,3.);
#1625=LINE('',#1622,#1624);
#1626=EDGE_CURVE('',#1606,#1615,#1625,.T.);
#1627=ORIENTED_EDGE('',*,*,#1626,.F.);
#1628=EDGE_LOOP('',(#1612,#1613,#1621,#1627));
#1629=FACE_BOUND('',#1628,.T.);
#1630=ADVANCED_FACE('',(#1629),#1604,.F.);
#1631=CARTESIAN_POINT('',(-11.75,-17.037052989,43.));
#1632=DIRECTION('',(1.,0.,-0.));
#1633=DIRECTION('',(-0.,0.,-1.));
#1634=AXIS2_PLACEMENT_3D('',#1631,#1632,#1633);
#1635=PLANE('',#1634);
#1636=CARTESIAN_POINT('',(-11.75,-15.037052989,45.));
#1637=VERTEX_POINT('',#1636);
#1638=CARTESIAN_POINT('',(-11.75,-19.037052989,45.));
#1639=DIRECTION('',(0.,1.,0.));
#1640=VECTOR('',#1639,4.);
#1641=LINE('',#1638,#1640);
#1642=EDGE_CURVE('',#1606,#1637,#1641,.T.);
#1643=ORIENTED_EDGE('',*,*,#1642,.F.);
#1644=ORIENTED_EDGE('',*,*,#1626,.T.);
#1645=CARTESIAN_POINT('',(-11.75,-15.037052989,48.));
#1646=VERTEX_POINT('',#1645);
#1647=CARTESIAN_POINT('',(-11.75,-19.037052989,48.));
#1648=DIRECTION('',(0.,1.,0.));
#1649=VECTOR('',#1648,4.);
#1650=LINE('',#1647,#1649);
#1651=EDGE_CURVE('',#1615,#1646,#1650,.T.);
#1652=ORIENTED_EDGE('',*,*,#1651,.T.);
#1653=CARTESIAN_POINT('',(-11.75,-15.037052989,45.));
#1654=DIRECTION('',(0.,0.,1.));
#1655=VECTOR('',#1654,3.);
#1656=LINE('',#1653,#1655);
#1657=EDGE_CURVE('',#1637,#1646,#1656,.T.);
#1658=ORIENTED_EDGE('',*,*,#1657,.F.);
#1659=EDGE_LOOP('',(#1643,#1644,#1652,#1658));
#1660=FACE_BOUND('',#1659,.T.);
#1661=ADVANCED_FACE('',(#1660),#1635,.F.);
#1662=CARTESIAN_POINT('',(-1.25,0.,43.));
#1663=DIRECTION('',(-0.,0.,-1.));
#1664=DIRECTION('',(0.,1.,0.));
#1665=AXIS2_PLACEMENT_3D('',#1662,#1663,#1664);
#1666=PLANE('',#1665);
#1667=CARTESIAN_POINT('',(-9.75,-15.787052989,43.));
#1668=VERTEX_POINT('',#1667);
#1669=CARTESIAN_POINT('',(-10.25,-15.787052989,43.));
#1670=VERTEX_POINT('',#1669);
#1671=CARTESIAN_POINT('',(-9.75,-15.787052989,43.));
#1672=DIRECTION('',(-1.,0.,0.));
#1673=VECTOR('',#1672,0.5);
#1674=LINE('',#1671,#1673);
#1675=EDGE_CURVE('',#1668,#1670,#1674,.T.);
#1676=ORIENTED_EDGE('',*,*,#1675,.F.);
#1677=CARTESIAN_POINT('',(-9.75,-15.037052989,43.));
#1678=VERTEX_POINT('',#1677);
#1679=CARTESIAN_POINT('',(-9.75,-15.787052989,43.));
#1680=DIRECTION('',(0.,1.,0.));
#1681=VECTOR('',#1680,0.75);
#1682=LINE('',#1679,#1681);
#1683=EDGE_CURVE('',#1668,#1678,#1682,.T.);
#1684=ORIENTED_EDGE('',*,*,#1683,.T.);
#1685=CARTESIAN_POINT('',(-9.45,-15.037052989,43.));
#1686=VERTEX_POINT('',#1685);
#1687=CARTESIAN_POINT('',(-9.75,-15.037052989,43.));
#1688=DIRECTION('',(1.,0.,-0.));
#1689=VECTOR('',#1688,0.3);
#1690=LINE('',#1687,#1689);
#1691=EDGE_CURVE('',#1678,#1686,#1690,.T.);
#1692=ORIENTED_EDGE('',*,*,#1691,.T.);
#1693=CARTESIAN_POINT('',(-9.45,-15.337052989,43.));
#1694=VERTEX_POINT('',#1693);
#1695=CARTESIAN_POINT('',(-9.45,-15.037052989,43.));
#1696=DIRECTION('',(0.,-1.,0.));
#1697=VECTOR('',#1696,0.3);
#1698=LINE('',#1695,#1697);
#1699=EDGE_CURVE('',#1686,#1694,#1698,.T.);
#1700=ORIENTED_EDGE('',*,*,#1699,.T.);
#1701=CARTESIAN_POINT('',(-9.7,-15.337052989,43.));
#1702=VERTEX_POINT('',#1701);
#1703=CARTESIAN_POINT('',(-9.45,-15.337052989,43.));
#1704=DIRECTION('',(-1.,0.,0.));
#1705=VECTOR('',#1704,0.25);
#1706=LINE('',#1703,#1705);
#1707=EDGE_CURVE('',#1694,#1702,#1706,.T.);
#1708=ORIENTED_EDGE('',*,*,#1707,.T.);
#1709=CARTESIAN_POINT('',(-9.7,-16.037052989,43.));
#1710=VERTEX_POINT('',#1709);
#1711=CARTESIAN_POINT('',(-9.7,-15.337052989,43.));
#1712=DIRECTION('',(0.,-1.,0.));
#1713=VECTOR('',#1712,0.7);
#1714=LINE('',#1711,#1713);
#1715=EDGE_CURVE('',#1702,#1710,#1714,.T.);
#1716=ORIENTED_EDGE('',*,*,#1715,.T.);
#1717=CARTESIAN_POINT('',(-9.75,-16.037052989,43.));
#1718=VERTEX_POINT('',#1717);
#1719=CARTESIAN_POINT('',(-9.7,-16.037052989,43.));
#1720=DIRECTION('',(-1.,0.,0.));
#1721=VECTOR('',#1720,0.05);
#1722=LINE('',#1719,#1721);
#1723=EDGE_CURVE('',#1710,#1718,#1722,.T.);
#1724=ORIENTED_EDGE('',*,*,#1723,.T.);
#1725=CARTESIAN_POINT('',(-9.75,-18.037052989,43.));
#1726=VERTEX_POINT('',#1725);
#1727=CARTESIAN_POINT('',(-9.75,-16.037052989,43.));
#1728=DIRECTION('',(0.,-1.,0.));
#1729=VECTOR('',#1728,2.);
#1730=LINE('',#1727,#1729);
#1731=EDGE_CURVE('',#1718,#1726,#1730,.T.);
#1732=ORIENTED_EDGE('',*,*,#1731,.T.);
#1733=CARTESIAN_POINT('',(-5.75,-18.037052989,43.));
#1734=VERTEX_POINT('',#1733);
#1735=CARTESIAN_POINT('',(-9.75,-18.037052989,43.));
#1736=DIRECTION('',(1.,0.,-0.));
#1737=VECTOR('',#1736,4.);
#1738=LINE('',#1735,#1737);
#1739=EDGE_CURVE('',#1726,#1734,#1738,.T.);
#1740=ORIENTED_EDGE('',*,*,#1739,.T.);
#1741=CARTESIAN_POINT('',(-5.75,-16.037052989,43.));
#1742=VERTEX_POINT('',#1741);
#1743=CARTESIAN_POINT('',(-5.75,-18.037052989,43.));
#1744=DIRECTION('',(0.,1.,0.));
#1745=VECTOR('',#1744,2.);
#1746=LINE('',#1743,#1745);
#1747=EDGE_CURVE('',#1734,#1742,#1746,.T.);
#1748=ORIENTED_EDGE('',*,*,#1747,.T.);
#1749=CARTESIAN_POINT('',(-5.8,-16.037052989,43.));
#1750=VERTEX_POINT('',#1749);
#1751=CARTESIAN_POINT('',(-5.75,-16.037052989,43.));
#1752=DIRECTION('',(-1.,0.,0.));
#1753=VECTOR('',#1752,0.05);
#1754=LINE('',#1751,#1753);
#1755=EDGE_CURVE('',#1742,#1750,#1754,.T.);
#1756=ORIENTED_EDGE('',*,*,#1755,.T.);
#1757=CARTESIAN_POINT('',(-5.8,-15.337052989,43.));
#1758=VERTEX_POINT('',#1757);
#1759=CARTESIAN_POINT('',(-5.8,-15.337052989,43.));
#1760=DIRECTION('',(0.,-1.,0.));
#1761=VECTOR('',#1760,0.7);
#1762=LINE('',#1759,#1761);
#1763=EDGE_CURVE('',#1758,#1750,#1762,.T.);
#1764=ORIENTED_EDGE('',*,*,#1763,.F.);
#1765=CARTESIAN_POINT('',(-6.05,-15.337052989,43.));
#1766=VERTEX_POINT('',#1765);
#1767=CARTESIAN_POINT('',(-6.05,-15.337052989,43.));
#1768=DIRECTION('',(1.,0.,-0.));
#1769=VECTOR('',#1768,0.25);
#1770=LINE('',#1767,#1769);
#1771=EDGE_CURVE('',#1766,#1758,#1770,.T.);
#1772=ORIENTED_EDGE('',*,*,#1771,.F.);
#1773=CARTESIAN_POINT('',(-6.05,-15.037052989,43.));
#1774=VERTEX_POINT('',#1773);
#1775=CARTESIAN_POINT('',(-6.05,-15.037052989,43.));
#1776=DIRECTION('',(0.,-1.,0.));
#1777=VECTOR('',#1776,0.3);
#1778=LINE('',#1775,#1777);
#1779=EDGE_CURVE('',#1774,#1766,#1778,.T.);
#1780=ORIENTED_EDGE('',*,*,#1779,.F.);
#1781=CARTESIAN_POINT('',(-5.75,-15.037052989,43.));
#1782=VERTEX_POINT('',#1781);
#1783=CARTESIAN_POINT('',(-6.05,-15.037052989,43.));
#1784=DIRECTION('',(1.,0.,-0.));
#1785=VECTOR('',#1784,0.3);
#1786=LINE('',#1783,#1785);
#1787=EDGE_CURVE('',#1774,#1782,#1786,.T.);
#1788=ORIENTED_EDGE('',*,*,#1787,.T.);
#1789=CARTESIAN_POINT('',(-5.75,-15.787052989,43.));
#1790=VERTEX_POINT('',#1789);
#1791=CARTESIAN_POINT('',(-5.75,-15.787052989,43.));
#1792=DIRECTION('',(0.,1.,0.));
#1793=VECTOR('',#1792,0.75);
#1794=LINE('',#1791,#1793);
#1795=EDGE_CURVE('',#1790,#1782,#1794,.T.);
#1796=ORIENTED_EDGE('',*,*,#1795,.F.);
#1797=CARTESIAN_POINT('',(-5.25,-15.787052989,43.));
#1798=VERTEX_POINT('',#1797);
#1799=CARTESIAN_POINT('',(-5.25,-15.787052989,43.));
#1800=DIRECTION('',(-1.,0.,0.));
#1801=VECTOR('',#1800,0.5);
#1802=LINE('',#1799,#1801);
#1803=EDGE_CURVE('',#1798,#1790,#1802,.T.);
#1804=ORIENTED_EDGE('',*,*,#1803,.F.);
#1805=CARTESIAN_POINT('',(-5.25,-18.287052989,43.));
#1806=VERTEX_POINT('',#1805);
#1807=CARTESIAN_POINT('',(-5.25,-18.287052989,43.));
#1808=DIRECTION('',(0.,1.,0.));
#1809=VECTOR('',#1808,2.5);
#1810=LINE('',#1807,#1809);
#1811=EDGE_CURVE('',#1806,#1798,#1810,.T.);
#1812=ORIENTED_EDGE('',*,*,#1811,.F.);
#1813=CARTESIAN_POINT('',(-10.25,-18.287052989,43.));
#1814=VERTEX_POINT('',#1813);
#1815=CARTESIAN_POINT('',(-10.25,-18.287052989,43.));
#1816=DIRECTION('',(1.,0.,-0.));
#1817=VECTOR('',#1816,5.);
#1818=LINE('',#1815,#1817);
#1819=EDGE_CURVE('',#1814,#1806,#1818,.T.);
#1820=ORIENTED_EDGE('',*,*,#1819,.F.);
#1821=CARTESIAN_POINT('',(-10.25,-15.787052989,43.));
#1822=DIRECTION('',(0.,-1.,0.));
#1823=VECTOR('',#1822,2.5);
#1824=LINE('',#1821,#1823);
#1825=EDGE_CURVE('',#1670,#1814,#1824,.T.);
#1826=ORIENTED_EDGE('',*,*,#1825,.F.);
#1827=EDGE_LOOP('',(#1676,#1684,#1692,#1700,#1708,#1716,#1724,#1732,#1740,#1748,#1756,#1764,#1772,#1780,#1788,#1796,#1804,#1812,#1820,#1826));
#1828=FACE_BOUND('',#1827,.T.);
#1829=ADVANCED_FACE('',(#1828),#1666,.T.);
#1830=CARTESIAN_POINT('',(-7.75,-15.037052989,43.));
#1831=DIRECTION('',(0.,-1.,0.));
#1832=DIRECTION('',(0.,0.,1.));
#1833=AXIS2_PLACEMENT_3D('',#1830,#1831,#1832);
#1834=PLANE('',#1833);
#1835=CARTESIAN_POINT('',(-9.75,-15.037052989,45.));
#1836=VERTEX_POINT('',#1835);
#1837=CARTESIAN_POINT('',(-11.75,-15.037052989,45.));
#1838=DIRECTION('',(1.,0.,-0.));
#1839=VECTOR('',#1838,2.);
#1840=LINE('',#1837,#1839);
#1841=EDGE_CURVE('',#1637,#1836,#1840,.T.);
#1842=ORIENTED_EDGE('',*,*,#1841,.F.);
#1843=ORIENTED_EDGE('',*,*,#1657,.T.);
#1844=CARTESIAN_POINT('',(-11.75,-15.037052989,48.));
#1845=DIRECTION('',(1.,0.,-0.));
#1846=VECTOR('',#1845,8.);
#1847=LINE('',#1844,#1846);
#1848=EDGE_CURVE('',#1646,#1576,#1847,.T.);
#1849=ORIENTED_EDGE('',*,*,#1848,.T.);
#1850=ORIENTED_EDGE('',*,*,#1581,.F.);
#1851=CARTESIAN_POINT('',(-5.75,-15.037052989,45.));
#1852=VERTEX_POINT('',#1851);
#1853=CARTESIAN_POINT('',(-5.75,-15.037052989,45.));
#1854=DIRECTION('',(1.,0.,-0.));
#1855=VECTOR('',#1854,2.);
#1856=LINE('',#1853,#1855);
#1857=EDGE_CURVE('',#1852,#1566,#1856,.T.);
#1858=ORIENTED_EDGE('',*,*,#1857,.F.);
#1859=CARTESIAN_POINT('',(-5.75,-15.037052989,45.));
#1860=DIRECTION('',(-0.,0.,-1.));
#1861=VECTOR('',#1860,2.);
#1862=LINE('',#1859,#1861);
#1863=EDGE_CURVE('',#1852,#1782,#1862,.T.);
#1864=ORIENTED_EDGE('',*,*,#1863,.T.);
#1865=ORIENTED_EDGE('',*,*,#1787,.F.);
#1866=CARTESIAN_POINT('',(-6.05,-15.037052989,46.5));
#1867=VERTEX_POINT('',#1866);
#1868=CARTESIAN_POINT('',(-6.05,-15.037052989,46.5));
#1869=DIRECTION('',(-0.,0.,-1.));
#1870=VECTOR('',#1869,3.5);
#1871=LINE('',#1868,#1870);
#1872=EDGE_CURVE('',#1867,#1774,#1871,.T.);
#1873=ORIENTED_EDGE('',*,*,#1872,.F.);
#1874=CARTESIAN_POINT('',(-9.45,-15.037052989,46.5));
#1875=VERTEX_POINT('',#1874);
#1876=CARTESIAN_POINT('',(-9.45,-15.037052989,46.5));
#1877=DIRECTION('',(1.,0.,-0.));
#1878=VECTOR('',#1877,3.4);
#1879=LINE('',#1876,#1878);
#1880=EDGE_CURVE('',#1875,#1867,#1879,.T.);
#1881=ORIENTED_EDGE('',*,*,#1880,.F.);
#1882=CARTESIAN_POINT('',(-9.45,-15.037052989,46.5));
#1883=DIRECTION('',(-0.,0.,-1.));
#1884=VECTOR('',#1883,3.5);
#1885=LINE('',#1882,#1884);
#1886=EDGE_CURVE('',#1875,#1686,#1885,.T.);
#1887=ORIENTED_EDGE('',*,*,#1886,.T.);
#1888=ORIENTED_EDGE('',*,*,#1691,.F.);
#1889=CARTESIAN_POINT('',(-9.75,-15.037052989,45.));
#1890=DIRECTION('',(-0.,0.,-1.));
#1891=VECTOR('',#1890,2.);
#1892=LINE('',#1889,#1891);
#1893=EDGE_CURVE('',#1836,#1678,#1892,.T.);
#1894=ORIENTED_EDGE('',*,*,#1893,.F.);
#1895=EDGE_LOOP('',(#1842,#1843,#1849,#1850,#1858,#1864,#1865,#1873,#1881,#1887,#1888,#1894));
#1896=FACE_BOUND('',#1895,.T.);
#1897=ADVANCED_FACE('',(#1896),#1834,.F.);
#1898=CARTESIAN_POINT('',(23.5,-0.,45.));
#1899=DIRECTION('',(1.,-0.,-0.));
#1900=DIRECTION('',(-0.,-1.,0.));
#1901=AXIS2_PLACEMENT_3D('',#1898,#1899,#1900);
#1902=PLANE('',#1901);
#1903=CARTESIAN_POINT('',(23.5,-3.9,46.5));
#1904=VERTEX_POINT('',#1903);
#1905=CARTESIAN_POINT('',(23.5,-2.5,45.1));
#1906=VERTEX_POINT('',#1905);
#1907=CARTESIAN_POINT('',(23.5,-2.5,46.5));
#1908=DIRECTION('',(1.,-0.,-0.));
#1909=DIRECTION('',(-0.,-1.,-0.));
#1910=AXIS2_PLACEMENT_3D('',#1907,#1908,#1909);
#1911=CIRCLE('',#1910,1.4);
#1912=EDGE_CURVE('',#1904,#1906,#1911,.T.);
#1913=ORIENTED_EDGE('',*,*,#1912,.F.);
#1914=CARTESIAN_POINT('',(23.5,-3.9,47.9));
#1915=VERTEX_POINT('',#1914);
#1916=CARTESIAN_POINT('',(23.5,-3.9,46.5));
#1917=DIRECTION('',(0.,0.,1.));
#1918=VECTOR('',#1917,1.4);
#1919=LINE('',#1916,#1918);
#1920=EDGE_CURVE('',#1904,#1915,#1919,.T.);
#1921=ORIENTED_EDGE('',*,*,#1920,.T.);
#1922=CARTESIAN_POINT('',(23.5,3.9,47.9));
#1923=VERTEX_POINT('',#1922);
#1924=CARTESIAN_POINT('',(23.5,3.9,47.9));
#1925=DIRECTION('',(-0.,-1.,0.));
#1926=VECTOR('',#1925,7.8);
#1927=LINE('',#1924,#1926);
#1928=EDGE_CURVE('',#1923,#1915,#1927,.T.);
#1929=ORIENTED_EDGE('',*,*,#1928,.F.);
#1930=CARTESIAN_POINT('',(23.5,3.9,46.5));
#1931=VERTEX_POINT('',#1930);
#1932=CARTESIAN_POINT('',(23.5,3.9,46.5));
#1933=DIRECTION('',(0.,0.,1.));
#1934=VECTOR('',#1933,1.4);
#1935=LINE('',#1932,#1934);
#1936=EDGE_CURVE('',#1931,#1923,#1935,.T.);
#1937=ORIENTED_EDGE('',*,*,#1936,.F.);
#1938=CARTESIAN_POINT('',(23.5,2.5,45.1));
#1939=VERTEX_POINT('',#1938);
#1940=CARTESIAN_POINT('',(23.5,2.5,46.5));
#1941=DIRECTION('',(1.,-0.,-0.));
#1942=DIRECTION('',(-0.,0.,-1.));
#1943=AXIS2_PLACEMENT_3D('',#1940,#1941,#1942);
#1944=CIRCLE('',#1943,1.4);
#1945=EDGE_CURVE('',#1939,#1931,#1944,.T.);
#1946=ORIENTED_EDGE('',*,*,#1945,.F.);
#1947=CARTESIAN_POINT('',(23.5,-2.5,45.1));
#1948=DIRECTION('',(0.,1.,-0.));
#1949=VECTOR('',#1948,5.);
#1950=LINE('',#1947,#1949);
#1951=EDGE_CURVE('',#1906,#1939,#1950,.T.);
#1952=ORIENTED_EDGE('',*,*,#1951,.F.);
#1953=EDGE_LOOP('',(#1913,#1921,#1929,#1937,#1946,#1952));
#1954=FACE_BOUND('',#1953,.T.);
#1955=CARTESIAN_POINT('',(23.5,-4.,46.5));
#1956=VERTEX_POINT('',#1955);
#1957=CARTESIAN_POINT('',(23.5,-4.,48.));
#1958=VERTEX_POINT('',#1957);
#1959=CARTESIAN_POINT('',(23.5,-4.,46.5));
#1960=DIRECTION('',(0.,0.,1.));
#1961=VECTOR('',#1960,1.5);
#1962=LINE('',#1959,#1961);
#1963=EDGE_CURVE('',#1956,#1958,#1962,.T.);
#1964=ORIENTED_EDGE('',*,*,#1963,.F.);
#1965=CARTESIAN_POINT('',(23.5,-2.5,45.));
#1966=VERTEX_POINT('',#1965);
#1967=CARTESIAN_POINT('',(23.5,-2.5,46.5));
#1968=DIRECTION('',(1.,-0.,-0.));
#1969=DIRECTION('',(-0.,-1.,0.));
#1970=AXIS2_PLACEMENT_3D('',#1967,#1968,#1969);
#1971=CIRCLE('',#1970,1.5);
#1972=EDGE_CURVE('',#1956,#1966,#1971,.T.);
#1973=ORIENTED_EDGE('',*,*,#1972,.T.);
#1974=CARTESIAN_POINT('',(23.5,2.5,45.));
#1975=VERTEX_POINT('',#1974);
#1976=CARTESIAN_POINT('',(23.5,-2.5,45.));
#1977=DIRECTION('',(0.,1.,-0.));
#1978=VECTOR('',#1977,5.);
#1979=LINE('',#1976,#1978);
#1980=EDGE_CURVE('',#1966,#1975,#1979,.T.);
#1981=ORIENTED_EDGE('',*,*,#1980,.T.);
#1982=CARTESIAN_POINT('',(23.5,4.,46.5));
#1983=VERTEX_POINT('',#1982);
#1984=CARTESIAN_POINT('',(23.5,2.5,46.5));
#1985=DIRECTION('',(1.,-0.,-0.));
#1986=DIRECTION('',(-0.,-1.,0.));
#1987=AXIS2_PLACEMENT_3D('',#1984,#1985,#1986);
#1988=CIRCLE('',#1987,1.5);
#1989=EDGE_CURVE('',#1975,#1983,#1988,.T.);
#1990=ORIENTED_EDGE('',*,*,#1989,.T.);
#1991=CARTESIAN_POINT('',(23.5,4.,48.));
#1992=VERTEX_POINT('',#1991);
#1993=CARTESIAN_POINT('',(23.5,4.,46.5));
#1994=DIRECTION('',(0.,0.,1.));
#1995=VECTOR('',#1994,1.5);
#1996=LINE('',#1993,#1995);
#1997=EDGE_CURVE('',#1983,#1992,#1996,.T.);
#1998=ORIENTED_EDGE('',*,*,#1997,.T.);
#1999=CARTESIAN_POINT('',(23.5,-4.,48.));
#2000=DIRECTION('',(0.,1.,-0.));
#2001=VECTOR('',#2000,8.);
#2002=LINE('',#1999,#2001);
#2003=EDGE_CURVE('',#1958,#1992,#2002,.T.);
#2004=ORIENTED_EDGE('',*,*,#2003,.F.);
#2005=EDGE_LOOP('',(#1964,#1973,#1981,#1990,#1998,#2004));
#2006=FACE_BOUND('',#2005,.T.);
#2007=ADVANCED_FACE('',(#1954,#2006),#1902,.T.);
#2008=CARTESIAN_POINT('',(-1.25,0.,45.));
#2009=DIRECTION('',(-0.,0.,-1.));
#2010=DIRECTION('',(0.,1.,0.));
#2011=AXIS2_PLACEMENT_3D('',#2008,#2009,#2010);
#2012=PLANE('',#2011);
#2013=CARTESIAN_POINT('',(14.,-2.001488534,45.));
#2014=VERTEX_POINT('',#2013);
#2015=CARTESIAN_POINT('',(14.,-2.5,45.));
#2016=VERTEX_POINT('',#2015);
#2017=CARTESIAN_POINT('',(14.,-2.001488534,45.));
#2018=DIRECTION('',(-0.,-1.,0.));
#2019=VECTOR('',#2018,0.498511466);
#2020=LINE('',#2017,#2019);
#2021=EDGE_CURVE('',#2014,#2016,#2020,.T.);
#2022=ORIENTED_EDGE('',*,*,#2021,.F.);
#2023=CARTESIAN_POINT('',(14.5,-2.001488534,45.));
#2024=VERTEX_POINT('',#2023);
#2025=CARTESIAN_POINT('',(14.,-2.001488534,45.));
#2026=DIRECTION('',(1.,0.,-0.));
#2027=VECTOR('',#2026,0.5);
#2028=LINE('',#2025,#2027);
#2029=EDGE_CURVE('',#2014,#2024,#2028,.T.);
#2030=ORIENTED_EDGE('',*,*,#2029,.T.);
#2031=CARTESIAN_POINT('',(14.5,-1.001488534,45.));
#2032=VERTEX_POINT('',#2031);
#2033=CARTESIAN_POINT('',(14.5,-2.001488534,45.));
#2034=DIRECTION('',(0.,1.,0.));
#2035=VECTOR('',#2034,1.);
#2036=LINE('',#2033,#2035);
#2037=EDGE_CURVE('',#2024,#2032,#2036,.T.);
#2038=ORIENTED_EDGE('',*,*,#2037,.T.);
#2039=CARTESIAN_POINT('',(14.,-1.001488534,45.));
#2040=VERTEX_POINT('',#2039);
#2041=CARTESIAN_POINT('',(14.5,-1.001488534,45.));
#2042=DIRECTION('',(-1.,0.,0.));
#2043=VECTOR('',#2042,0.5);
#2044=LINE('',#2041,#2043);
#2045=EDGE_CURVE('',#2032,#2040,#2044,.T.);
#2046=ORIENTED_EDGE('',*,*,#2045,.T.);
#2047=CARTESIAN_POINT('',(14.,0.994446105,45.));
#2048=VERTEX_POINT('',#2047);
#2049=CARTESIAN_POINT('',(14.,0.994446105,45.));
#2050=DIRECTION('',(-0.,-1.,0.));
#2051=VECTOR('',#2050,1.995934639);
#2052=LINE('',#2049,#2051);
#2053=EDGE_CURVE('',#2048,#2040,#2052,.T.);
#2054=ORIENTED_EDGE('',*,*,#2053,.F.);
#2055=CARTESIAN_POINT('',(14.5,0.994446105,45.));
#2056=VERTEX_POINT('',#2055);
#2057=CARTESIAN_POINT('',(14.5,0.994446105,45.));
#2058=DIRECTION('',(-1.,0.,0.));
#2059=VECTOR('',#2058,0.5);
#2060=LINE('',#2057,#2059);
#2061=EDGE_CURVE('',#2056,#2048,#2060,.T.);
#2062=ORIENTED_EDGE('',*,*,#2061,.F.);
#2063=CARTESIAN_POINT('',(14.5,1.994446105,45.));
#2064=VERTEX_POINT('',#2063);
#2065=CARTESIAN_POINT('',(14.5,1.994446105,45.));
#2066=DIRECTION('',(0.,-1.,0.));
#2067=VECTOR('',#2066,1.);
#2068=LINE('',#2065,#2067);
#2069=EDGE_CURVE('',#2064,#2056,#2068,.T.);
#2070=ORIENTED_EDGE('',*,*,#2069,.F.);
#2071=CARTESIAN_POINT('',(14.,1.994446105,45.));
#2072=VERTEX_POINT('',#2071);
#2073=CARTESIAN_POINT('',(14.,1.994446105,45.));
#2074=DIRECTION('',(1.,0.,-0.));
#2075=VECTOR('',#2074,0.5);
#2076=LINE('',#2073,#2075);
#2077=EDGE_CURVE('',#2072,#2064,#2076,.T.);
#2078=ORIENTED_EDGE('',*,*,#2077,.F.);
#2079=CARTESIAN_POINT('',(14.,2.5,45.));
#2080=VERTEX_POINT('',#2079);
#2081=CARTESIAN_POINT('',(14.,2.5,45.));
#2082=DIRECTION('',(-0.,-1.,0.));
#2083=VECTOR('',#2082,0.505553895);
#2084=LINE('',#2081,#2083);
#2085=EDGE_CURVE('',#2080,#2072,#2084,.T.);
#2086=ORIENTED_EDGE('',*,*,#2085,.F.);
#2087=CARTESIAN_POINT('',(14.,2.5,45.));
#2088=DIRECTION('',(1.,-0.,-0.));
#2089=VECTOR('',#2088,9.5);
#2090=LINE('',#2087,#2089);
#2091=EDGE_CURVE('',#2080,#1975,#2090,.T.);
#2092=ORIENTED_EDGE('',*,*,#2091,.T.);
#2093=ORIENTED_EDGE('',*,*,#1980,.F.);
#2094=CARTESIAN_POINT('',(23.5,-2.5,45.));
#2095=DIRECTION('',(-1.,0.,0.));
#2096=VECTOR('',#2095,9.5);
#2097=LINE('',#2094,#2096);
#2098=EDGE_CURVE('',#1966,#2016,#2097,.T.);
#2099=ORIENTED_EDGE('',*,*,#2098,.T.);
#2100=EDGE_LOOP('',(#2022,#2030,#2038,#2046,#2054,#2062,#2070,#2078,#2086,#2092,#2093,#2099));
#2101=FACE_BOUND('',#2100,.T.);
#2102=CARTESIAN_POINT('',(15.25,0.2,45.));
#2103=VERTEX_POINT('',#2102);
#2104=CARTESIAN_POINT('',(15.25,-0.2,45.));
#2105=VERTEX_POINT('',#2104);
#2106=CARTESIAN_POINT('',(15.25,0.2,45.));
#2107=DIRECTION('',(0.,-1.,0.));
#2108=VECTOR('',#2107,0.4);
#2109=LINE('',#2106,#2108);
#2110=EDGE_CURVE('',#2103,#2105,#2109,.T.);
#2111=ORIENTED_EDGE('',*,*,#2110,.T.);
#2112=CARTESIAN_POINT('',(15.65,-0.2,45.));
#2113=VERTEX_POINT('',#2112);
#2114=CARTESIAN_POINT('',(15.25,-0.2,45.));
#2115=DIRECTION('',(1.,0.,-0.));
#2116=VECTOR('',#2115,0.4);
#2117=LINE('',#2114,#2116);
#2118=EDGE_CURVE('',#2105,#2113,#2117,.T.);
#2119=ORIENTED_EDGE('',*,*,#2118,.T.);
#2120=CARTESIAN_POINT('',(15.65,0.2,45.));
#2121=VERTEX_POINT('',#2120);
#2122=CARTESIAN_POINT('',(15.65,-0.2,45.));
#2123=DIRECTION('',(0.,1.,0.));
#2124=VECTOR('',#2123,0.4);
#2125=LINE('',#2122,#2124);
#2126=EDGE_CURVE('',#2113,#2121,#2125,.T.);
#2127=ORIENTED_EDGE('',*,*,#2126,.T.);
#2128=CARTESIAN_POINT('',(15.65,0.2,45.));
#2129=DIRECTION('',(-1.,0.,0.));
#2130=VECTOR('',#2129,0.4);
#2131=LINE('',#2128,#2130);
#2132=EDGE_CURVE('',#2121,#2103,#2131,.T.);
#2133=ORIENTED_EDGE('',*,*,#2132,.T.);
#2134=EDGE_LOOP('',(#2111,#2119,#2127,#2133));
#2135=FACE_BOUND('',#2134,.T.);
#2136=ADVANCED_FACE('',(#2101,#2135),#2012,.T.);
#2137=CARTESIAN_POINT('',(14.,-0.,45.));
#2138=DIRECTION('',(-1.,0.,0.));
#2139=DIRECTION('',(0.,1.,-0.));
#2140=AXIS2_PLACEMENT_3D('',#2137,#2138,#2139);
#2141=PLANE('',#2140);
#2142=CARTESIAN_POINT('',(14.,-1.001488534,45.7));
#2143=VERTEX_POINT('',#2142);
#2144=CARTESIAN_POINT('',(14.,-2.001488534,45.7));
#2145=VERTEX_POINT('',#2144);
#2146=CARTESIAN_POINT('',(14.,-1.001488534,45.7));
#2147=DIRECTION('',(0.,-1.,0.));
#2148=VECTOR('',#2147,1.);
#2149=LINE('',#2146,#2148);
#2150=EDGE_CURVE('',#2143,#2145,#2149,.T.);
#2151=ORIENTED_EDGE('',*,*,#2150,.T.);
#2152=CARTESIAN_POINT('',(14.,-2.001488534,45.7));
#2153=DIRECTION('',(-0.,0.,-1.));
#2154=VECTOR('',#2153,0.7);
#2155=LINE('',#2152,#2154);
#2156=EDGE_CURVE('',#2145,#2014,#2155,.T.);
#2157=ORIENTED_EDGE('',*,*,#2156,.T.);
#2158=ORIENTED_EDGE('',*,*,#2021,.T.);
#2159=CARTESIAN_POINT('',(14.,-4.,46.5));
#2160=VERTEX_POINT('',#2159);
#2161=CARTESIAN_POINT('',(14.,-2.5,46.5));
#2162=DIRECTION('',(-1.,0.,0.));
#2163=DIRECTION('',(0.,1.,-0.));
#2164=AXIS2_PLACEMENT_3D('',#2161,#2162,#2163);
#2165=CIRCLE('',#2164,1.5);
#2166=EDGE_CURVE('',#2016,#2160,#2165,.T.);
#2167=ORIENTED_EDGE('',*,*,#2166,.T.);
#2168=CARTESIAN_POINT('',(14.,-4.,48.));
#2169=VERTEX_POINT('',#2168);
#2170=CARTESIAN_POINT('',(14.,-4.,46.5));
#2171=DIRECTION('',(0.,0.,1.));
#2172=VECTOR('',#2171,1.5);
#2173=LINE('',#2170,#2172);
#2174=EDGE_CURVE('',#2160,#2169,#2173,.T.);
#2175=ORIENTED_EDGE('',*,*,#2174,.T.);
#2176=CARTESIAN_POINT('',(14.,4.,48.));
#2177=VERTEX_POINT('',#2176);
#2178=CARTESIAN_POINT('',(14.,4.,48.));
#2179=DIRECTION('',(-0.,-1.,0.));
#2180=VECTOR('',#2179,8.);
#2181=LINE('',#2178,#2180);
#2182=EDGE_CURVE('',#2177,#2169,#2181,.T.);
#2183=ORIENTED_EDGE('',*,*,#2182,.F.);
#2184=CARTESIAN_POINT('',(14.,4.,46.5));
#2185=VERTEX_POINT('',#2184);
#2186=CARTESIAN_POINT('',(14.,4.,46.5));
#2187=DIRECTION('',(0.,0.,1.));
#2188=VECTOR('',#2187,1.5);
#2189=LINE('',#2186,#2188);
#2190=EDGE_CURVE('',#2185,#2177,#2189,.T.);
#2191=ORIENTED_EDGE('',*,*,#2190,.F.);
#2192=CARTESIAN_POINT('',(14.,2.5,46.5));
#2193=DIRECTION('',(-1.,0.,0.));
#2194=DIRECTION('',(0.,1.,-0.));
#2195=AXIS2_PLACEMENT_3D('',#2192,#2193,#2194);
#2196=CIRCLE('',#2195,1.5);
#2197=EDGE_CURVE('',#2185,#2080,#2196,.T.);
#2198=ORIENTED_EDGE('',*,*,#2197,.T.);
#2199=ORIENTED_EDGE('',*,*,#2085,.T.);
#2200=CARTESIAN_POINT('',(14.,1.994446105,45.7));
#2201=VERTEX_POINT('',#2200);
#2202=CARTESIAN_POINT('',(14.,1.994446105,45.7));
#2203=DIRECTION('',(-0.,0.,-1.));
#2204=VECTOR('',#2203,0.7);
#2205=LINE('',#2202,#2204);
#2206=EDGE_CURVE('',#2201,#2072,#2205,.T.);
#2207=ORIENTED_EDGE('',*,*,#2206,.F.);
#2208=CARTESIAN_POINT('',(14.,0.994446105,45.7));
#2209=VERTEX_POINT('',#2208);
#2210=CARTESIAN_POINT('',(14.,0.994446105,45.7));
#2211=DIRECTION('',(0.,1.,0.));
#2212=VECTOR('',#2211,1.);
#2213=LINE('',#2210,#2212);
#2214=EDGE_CURVE('',#2209,#2201,#2213,.T.);
#2215=ORIENTED_EDGE('',*,*,#2214,.F.);
#2216=CARTESIAN_POINT('',(14.,0.994446105,45.7));
#2217=DIRECTION('',(-0.,0.,-1.));
#2218=VECTOR('',#2217,0.7);
#2219=LINE('',#2216,#2218);
#2220=EDGE_CURVE('',#2209,#2048,#2219,.T.);
#2221=ORIENTED_EDGE('',*,*,#2220,.T.);
#2222=ORIENTED_EDGE('',*,*,#2053,.T.);
#2223=CARTESIAN_POINT('',(14.,-1.001488534,45.7));
#2224=DIRECTION('',(-0.,0.,-1.));
#2225=VECTOR('',#2224,0.7);
#2226=LINE('',#2223,#2225);
#2227=EDGE_CURVE('',#2143,#2040,#2226,.T.);
#2228=ORIENTED_EDGE('',*,*,#2227,.F.);
#2229=EDGE_LOOP('',(#2151,#2157,#2158,#2167,#2175,#2183,#2191,#2198,#2199,#2207,#2215,#2221,#2222,#2228));
#2230=FACE_BOUND('',#2229,.T.);
#2231=ADVANCED_FACE('',(#2230),#2141,.T.);
#2232=CARTESIAN_POINT('',(-21.795193398,-5.529962842,45.5));
#2233=DIRECTION('',(-0.485642931,0.874157276,0.));
#2234=DIRECTION('',(0.874157276,0.485642931,-0.));
#2235=AXIS2_PLACEMENT_3D('',#2232,#2233,#2234);
#2236=PLANE('',#2235);
#2237=CARTESIAN_POINT('',(-21.35811476,-5.287141376,48.));
#2238=VERTEX_POINT('',#2237);
#2239=CARTESIAN_POINT('',(-23.106429312,-6.258427239,48.));
#2240=VERTEX_POINT('',#2239);
#2241=CARTESIAN_POINT('',(-21.35811476,-5.287141376,48.));
#2242=DIRECTION('',(-0.874157276,-0.485642931,0.));
#2243=VECTOR('',#2242,2.);
#2244=LINE('',#2241,#2243);
#2245=EDGE_CURVE('',#2238,#2240,#2244,.T.);
#2246=ORIENTED_EDGE('',*,*,#2245,.F.);
#2247=CARTESIAN_POINT('',(-21.35811476,-5.287141376,45.5));
#2248=VERTEX_POINT('',#2247);
#2249=CARTESIAN_POINT('',(-21.35811476,-5.287141376,48.));
#2250=DIRECTION('',(-0.,0.,-1.));
#2251=VECTOR('',#2250,2.5);
#2252=LINE('',#2249,#2251);
#2253=EDGE_CURVE('',#2238,#2248,#2252,.T.);
#2254=ORIENTED_EDGE('',*,*,#2253,.T.);
#2255=CARTESIAN_POINT('',(-23.106429312,-6.258427239,45.5));
#2256=VERTEX_POINT('',#2255);
#2257=CARTESIAN_POINT('',(-21.35811476,-5.287141376,45.5));
#2258=DIRECTION('',(-0.874157276,-0.485642931,0.));
#2259=VECTOR('',#2258,2.);
#2260=LINE('',#2257,#2259);
#2261=EDGE_CURVE('',#2248,#2256,#2260,.T.);
#2262=ORIENTED_EDGE('',*,*,#2261,.T.);
#2263=CARTESIAN_POINT('',(-23.106429312,-6.258427239,45.5));
#2264=DIRECTION('',(0.,0.,1.));
#2265=VECTOR('',#2264,2.5);
#2266=LINE('',#2263,#2265);
#2267=EDGE_CURVE('',#2256,#2240,#2266,.T.);
#2268=ORIENTED_EDGE('',*,*,#2267,.T.);
#2269=EDGE_LOOP('',(#2246,#2254,#2262,#2268));
#2270=FACE_BOUND('',#2269,.T.);
#2271=ADVANCED_FACE('',(#2270),#2236,.T.);
#2272=CARTESIAN_POINT('',(-1.25,0.,45.5));
#2273=DIRECTION('',(-0.,0.,-1.));
#2274=DIRECTION('',(0.,1.,0.));
#2275=AXIS2_PLACEMENT_3D('',#2272,#2273,#2274);
#2276=PLANE('',#2275);
#2277=ORIENTED_EDGE('',*,*,#2261,.F.);
#2278=CARTESIAN_POINT('',(-20.872471828,-6.161298653,45.5));
#2279=VERTEX_POINT('',#2278);
#2280=CARTESIAN_POINT('',(-21.35811476,-5.287141376,45.5));
#2281=DIRECTION('',(0.485642931,-0.874157276,-0.));
#2282=VECTOR('',#2281,1.);
#2283=LINE('',#2280,#2282);
#2284=EDGE_CURVE('',#2248,#2279,#2283,.T.);
#2285=ORIENTED_EDGE('',*,*,#2284,.T.);
#2286=CARTESIAN_POINT('',(-19.998314552,-5.675655721,45.5));
#2287=VERTEX_POINT('',#2286);
#2288=CARTESIAN_POINT('',(-20.872471828,-6.161298653,45.5));
#2289=DIRECTION('',(0.874157276,0.485642931,-0.));
#2290=VECTOR('',#2289,1.);
#2291=LINE('',#2288,#2290);
#2292=EDGE_CURVE('',#2279,#2287,#2291,.T.);
#2293=ORIENTED_EDGE('',*,*,#2292,.T.);
#2294=CARTESIAN_POINT('',(-16.113171103,-12.66891393,45.5));
#2295=VERTEX_POINT('',#2294);
#2296=CARTESIAN_POINT('',(-16.113171103,-12.66891393,45.5));
#2297=DIRECTION('',(-0.485642931,0.874157276,0.));
#2298=VECTOR('',#2297,8.);
#2299=LINE('',#2296,#2298);
#2300=EDGE_CURVE('',#2295,#2287,#2299,.T.);
#2301=ORIENTED_EDGE('',*,*,#2300,.F.);
#2302=CARTESIAN_POINT('',(-16.987328379,-13.154556862,45.5));
#2303=VERTEX_POINT('',#2302);
#2304=CARTESIAN_POINT('',(-16.987328379,-13.154556862,45.5));
#2305=DIRECTION('',(0.874157276,0.485642931,-0.));
#2306=VECTOR('',#2305,1.);
#2307=LINE('',#2304,#2306);
#2308=EDGE_CURVE('',#2303,#2295,#2307,.T.);
#2309=ORIENTED_EDGE('',*,*,#2308,.F.);
#2310=CARTESIAN_POINT('',(-16.501685448,-14.028714138,45.5));
#2311=VERTEX_POINT('',#2310);
#2312=CARTESIAN_POINT('',(-16.501685448,-14.028714138,45.5));
#2313=DIRECTION('',(-0.485642931,0.874157276,0.));
#2314=VECTOR('',#2313,1.);
#2315=LINE('',#2312,#2314);
#2316=EDGE_CURVE('',#2311,#2303,#2315,.T.);
#2317=ORIENTED_EDGE('',*,*,#2316,.F.);
#2318=CARTESIAN_POINT('',(-18.25,-15.,45.5));
#2319=VERTEX_POINT('',#2318);
#2320=CARTESIAN_POINT('',(-18.25,-15.,45.5));
#2321=DIRECTION('',(0.874157276,0.485642931,-0.));
#2322=VECTOR('',#2321,2.);
#2323=LINE('',#2320,#2322);
#2324=EDGE_CURVE('',#2319,#2311,#2323,.T.);
#2325=ORIENTED_EDGE('',*,*,#2324,.F.);
#2326=CARTESIAN_POINT('',(-23.106429312,-6.258427239,45.5));
#2327=DIRECTION('',(0.485642931,-0.874157276,-0.));
#2328=VECTOR('',#2327,10.);
#2329=LINE('',#2326,#2328);
#2330=EDGE_CURVE('',#2256,#2319,#2329,.T.);
#2331=ORIENTED_EDGE('',*,*,#2330,.F.);
#2332=EDGE_LOOP('',(#2277,#2285,#2293,#2301,#2309,#2317,#2325,#2331));
#2333=FACE_BOUND('',#2332,.T.);
#2334=ADVANCED_FACE('',(#2333),#2276,.T.);
#2335=CARTESIAN_POINT('',(-16.938764086,-11.182846561,45.5));
#2336=DIRECTION('',(0.874157276,0.485642931,-0.));
#2337=DIRECTION('',(0.485642931,-0.874157276,-0.));
#2338=AXIS2_PLACEMENT_3D('',#2335,#2336,#2337);
#2339=PLANE('',#2338);
#2340=CARTESIAN_POINT('',(-19.998314552,-5.675655721,48.));
#2341=VERTEX_POINT('',#2340);
#2342=CARTESIAN_POINT('',(-19.998314552,-5.675655721,48.));
#2343=DIRECTION('',(-0.,0.,-1.));
#2344=VECTOR('',#2343,2.5);
#2345=LINE('',#2342,#2344);
#2346=EDGE_CURVE('',#2341,#2287,#2345,.T.);
#2347=ORIENTED_EDGE('',*,*,#2346,.F.);
#2348=CARTESIAN_POINT('',(-16.113171103,-12.66891393,48.));
#2349=VERTEX_POINT('',#2348);
#2350=CARTESIAN_POINT('',(-16.113171103,-12.66891393,48.));
#2351=DIRECTION('',(-0.485642931,0.874157276,0.));
#2352=VECTOR('',#2351,8.);
#2353=LINE('',#2350,#2352);
#2354=EDGE_CURVE('',#2349,#2341,#2353,.T.);
#2355=ORIENTED_EDGE('',*,*,#2354,.F.);
#2356=CARTESIAN_POINT('',(-16.113171103,-12.66891393,48.));
#2357=DIRECTION('',(-0.,0.,-1.));
#2358=VECTOR('',#2357,2.5);
#2359=LINE('',#2356,#2358);
#2360=EDGE_CURVE('',#2349,#2295,#2359,.T.);
#2361=ORIENTED_EDGE('',*,*,#2360,.T.);
#2362=ORIENTED_EDGE('',*,*,#2300,.T.);
#2363=EDGE_LOOP('',(#2347,#2355,#2361,#2362));
#2364=FACE_BOUND('',#2363,.T.);
#2365=ADVANCED_FACE('',(#2364),#2339,.T.);
#2366=CARTESIAN_POINT('',(-16.938764086,14.271535603,45.5));
#2367=DIRECTION('',(0.485642931,0.874157276,-0.));
#2368=DIRECTION('',(0.874157276,-0.485642931,-0.));
#2369=AXIS2_PLACEMENT_3D('',#2366,#2367,#2368);
#2370=PLANE('',#2369);
#2371=CARTESIAN_POINT('',(-16.501685448,14.028714138,48.));
#2372=VERTEX_POINT('',#2371);
#2373=CARTESIAN_POINT('',(-18.25,15.,48.));
#2374=VERTEX_POINT('',#2373);
#2375=CARTESIAN_POINT('',(-16.501685448,14.028714138,48.));
#2376=DIRECTION('',(-0.874157276,0.485642931,0.));
#2377=VECTOR('',#2376,2.);
#2378=LINE('',#2375,#2377);
#2379=EDGE_CURVE('',#2372,#2374,#2378,.T.);
#2380=ORIENTED_EDGE('',*,*,#2379,.F.);
#2381=CARTESIAN_POINT('',(-16.501685448,14.028714138,45.5));
#2382=VERTEX_POINT('',#2381);
#2383=CARTESIAN_POINT('',(-16.501685448,14.028714138,48.));
#2384=DIRECTION('',(-0.,0.,-1.));
#2385=VECTOR('',#2384,2.5);
#2386=LINE('',#2383,#2385);
#2387=EDGE_CURVE('',#2372,#2382,#2386,.T.);
#2388=ORIENTED_EDGE('',*,*,#2387,.T.);
#2389=CARTESIAN_POINT('',(-18.25,15.,45.5));
#2390=VERTEX_POINT('',#2389);
#2391=CARTESIAN_POINT('',(-16.501685448,14.028714138,45.5));
#2392=DIRECTION('',(-0.874157276,0.485642931,0.));
#2393=VECTOR('',#2392,2.);
#2394=LINE('',#2391,#2393);
#2395=EDGE_CURVE('',#2382,#2390,#2394,.T.);
#2396=ORIENTED_EDGE('',*,*,#2395,.T.);
#2397=CARTESIAN_POINT('',(-18.25,15.,45.5));
#2398=DIRECTION('',(0.,0.,1.));
#2399=VECTOR('',#2398,2.5);
#2400=LINE('',#2397,#2399);
#2401=EDGE_CURVE('',#2390,#2374,#2400,.T.);
#2402=ORIENTED_EDGE('',*,*,#2401,.T.);
#2403=EDGE_LOOP('',(#2380,#2388,#2396,#2402));
#2404=FACE_BOUND('',#2403,.T.);
#2405=ADVANCED_FACE('',(#2404),#2370,.T.);
#2406=CARTESIAN_POINT('',(-1.25,0.,45.5));
#2407=DIRECTION('',(-0.,0.,-1.));
#2408=DIRECTION('',(0.,1.,0.));
#2409=AXIS2_PLACEMENT_3D('',#2406,#2407,#2408);
#2410=PLANE('',#2409);
#2411=CARTESIAN_POINT('',(-16.987328379,13.154556862,45.5));
#2412=VERTEX_POINT('',#2411);
#2413=CARTESIAN_POINT('',(-16.501685448,14.028714138,45.5));
#2414=DIRECTION('',(-0.485642931,-0.874157276,0.));
#2415=VECTOR('',#2414,1.);
#2416=LINE('',#2413,#2415);
#2417=EDGE_CURVE('',#2382,#2412,#2416,.T.);
#2418=ORIENTED_EDGE('',*,*,#2417,.T.);
#2419=CARTESIAN_POINT('',(-16.113171103,12.66891393,45.5));
#2420=VERTEX_POINT('',#2419);
#2421=CARTESIAN_POINT('',(-16.987328379,13.154556862,45.5));
#2422=DIRECTION('',(0.874157276,-0.485642931,-0.));
#2423=VECTOR('',#2422,1.);
#2424=LINE('',#2421,#2423);
#2425=EDGE_CURVE('',#2412,#2420,#2424,.T.);
#2426=ORIENTED_EDGE('',*,*,#2425,.T.);
#2427=CARTESIAN_POINT('',(-19.998314552,5.675655721,45.5));
#2428=VERTEX_POINT('',#2427);
#2429=CARTESIAN_POINT('',(-19.998314552,5.675655721,45.5));
#2430=DIRECTION('',(0.485642931,0.874157276,-0.));
#2431=VECTOR('',#2430,8.);
#2432=LINE('',#2429,#2431);
#2433=EDGE_CURVE('',#2428,#2420,#2432,.T.);
#2434=ORIENTED_EDGE('',*,*,#2433,.F.);
#2435=CARTESIAN_POINT('',(-20.872471828,6.161298653,45.5));
#2436=VERTEX_POINT('',#2435);
#2437=CARTESIAN_POINT('',(-20.872471828,6.161298653,45.5));
#2438=DIRECTION('',(0.874157276,-0.485642931,-0.));
#2439=VECTOR('',#2438,1.);
#2440=LINE('',#2437,#2439);
#2441=EDGE_CURVE('',#2436,#2428,#2440,.T.);
#2442=ORIENTED_EDGE('',*,*,#2441,.F.);
#2443=CARTESIAN_POINT('',(-21.35811476,5.287141376,45.5));
#2444=VERTEX_POINT('',#2443);
#2445=CARTESIAN_POINT('',(-21.35811476,5.287141376,45.5));
#2446=DIRECTION('',(0.485642931,0.874157276,-0.));
#2447=VECTOR('',#2446,1.);
#2448=LINE('',#2445,#2447);
#2449=EDGE_CURVE('',#2444,#2436,#2448,.T.);
#2450=ORIENTED_EDGE('',*,*,#2449,.F.);
#2451=CARTESIAN_POINT('',(-23.106429312,6.258427239,45.5));
#2452=VERTEX_POINT('',#2451);
#2453=CARTESIAN_POINT('',(-23.106429312,6.258427239,45.5));
#2454=DIRECTION('',(0.874157276,-0.485642931,-0.));
#2455=VECTOR('',#2454,2.);
#2456=LINE('',#2453,#2455);
#2457=EDGE_CURVE('',#2452,#2444,#2456,.T.);
#2458=ORIENTED_EDGE('',*,*,#2457,.F.);
#2459=CARTESIAN_POINT('',(-18.25,15.,45.5));
#2460=DIRECTION('',(-0.485642931,-0.874157276,0.));
#2461=VECTOR('',#2460,10.);
#2462=LINE('',#2459,#2461);
#2463=EDGE_CURVE('',#2390,#2452,#2462,.T.);
#2464=ORIENTED_EDGE('',*,*,#2463,.F.);
#2465=ORIENTED_EDGE('',*,*,#2395,.F.);
#2466=EDGE_LOOP('',(#2418,#2426,#2434,#2442,#2450,#2458,#2464,#2465));
#2467=FACE_BOUND('',#2466,.T.);
#2468=ADVANCED_FACE('',(#2467),#2410,.T.);
#2469=CARTESIAN_POINT('',(-16.938764086,11.182846561,45.5));
#2470=DIRECTION('',(0.874157276,-0.485642931,-0.));
#2471=DIRECTION('',(-0.485642931,-0.874157276,0.));
#2472=AXIS2_PLACEMENT_3D('',#2469,#2470,#2471);
#2473=PLANE('',#2472);
#2474=CARTESIAN_POINT('',(-16.113171103,12.66891393,48.));
#2475=VERTEX_POINT('',#2474);
#2476=CARTESIAN_POINT('',(-16.113171103,12.66891393,48.));
#2477=DIRECTION('',(-0.,0.,-1.));
#2478=VECTOR('',#2477,2.5);
#2479=LINE('',#2476,#2478);
#2480=EDGE_CURVE('',#2475,#2420,#2479,.T.);
#2481=ORIENTED_EDGE('',*,*,#2480,.F.);
#2482=CARTESIAN_POINT('',(-19.998314552,5.675655721,48.));
#2483=VERTEX_POINT('',#2482);
#2484=CARTESIAN_POINT('',(-19.998314552,5.675655721,48.));
#2485=DIRECTION('',(0.485642931,0.874157276,-0.));
#2486=VECTOR('',#2485,8.);
#2487=LINE('',#2484,#2486);
#2488=EDGE_CURVE('',#2483,#2475,#2487,.T.);
#2489=ORIENTED_EDGE('',*,*,#2488,.F.);
#2490=CARTESIAN_POINT('',(-19.998314552,5.675655721,48.));
#2491=DIRECTION('',(-0.,0.,-1.));
#2492=VECTOR('',#2491,2.5);
#2493=LINE('',#2490,#2492);
#2494=EDGE_CURVE('',#2483,#2428,#2493,.T.);
#2495=ORIENTED_EDGE('',*,*,#2494,.T.);
#2496=ORIENTED_EDGE('',*,*,#2433,.T.);
#2497=EDGE_LOOP('',(#2481,#2489,#2495,#2496));
#2498=FACE_BOUND('',#2497,.T.);
#2499=ADVANCED_FACE('',(#2498),#2473,.T.);
#2500=CARTESIAN_POINT('',(-1.25,0.,41.));
#2501=DIRECTION('',(-0.,0.,-1.));
#2502=DIRECTION('',(0.,1.,0.));
#2503=AXIS2_PLACEMENT_3D('',#2500,#2501,#2502);
#2504=PLANE('',#2503);
#2505=CARTESIAN_POINT('',(1.125,20.125,41.));
#2506=VERTEX_POINT('',#2505);
#2507=CARTESIAN_POINT('',(-1.125,20.125,41.));
#2508=VERTEX_POINT('',#2507);
#2509=CARTESIAN_POINT('',(1.125,20.125,41.));
#2510=DIRECTION('',(-1.,0.,0.));
#2511=VECTOR('',#2510,2.25);
#2512=LINE('',#2509,#2511);
#2513=EDGE_CURVE('',#2506,#2508,#2512,.T.);
#2514=ORIENTED_EDGE('',*,*,#2513,.T.);
#2515=CARTESIAN_POINT('',(-1.125,17.875,41.));
#2516=VERTEX_POINT('',#2515);
#2517=CARTESIAN_POINT('',(-1.125,20.125,41.));
#2518=DIRECTION('',(0.,-1.,0.));
#2519=VECTOR('',#2518,2.25);
#2520=LINE('',#2517,#2519);
#2521=EDGE_CURVE('',#2508,#2516,#2520,.T.);
#2522=ORIENTED_EDGE('',*,*,#2521,.T.);
#2523=CARTESIAN_POINT('',(1.125,17.875,41.));
#2524=VERTEX_POINT('',#2523);
#2525=CARTESIAN_POINT('',(-1.125,17.875,41.));
#2526=DIRECTION('',(1.,0.,-0.));
#2527=VECTOR('',#2526,2.25);
#2528=LINE('',#2525,#2527);
#2529=EDGE_CURVE('',#2516,#2524,#2528,.T.);
#2530=ORIENTED_EDGE('',*,*,#2529,.T.);
#2531=CARTESIAN_POINT('',(1.125,17.875,41.));
#2532=DIRECTION('',(0.,1.,0.));
#2533=VECTOR('',#2532,2.25);
#2534=LINE('',#2531,#2533);
#2535=EDGE_CURVE('',#2524,#2506,#2534,.T.);
#2536=ORIENTED_EDGE('',*,*,#2535,.T.);
#2537=EDGE_LOOP('',(#2514,#2522,#2530,#2536));
#2538=FACE_BOUND('',#2537,.T.);
#2539=CARTESIAN_POINT('',(-3.875,20.125,41.));
#2540=VERTEX_POINT('',#2539);
#2541=CARTESIAN_POINT('',(-6.125,20.125,41.));
#2542=VERTEX_POINT('',#2541);
#2543=CARTESIAN_POINT('',(-3.875,20.125,41.));
#2544=DIRECTION('',(-1.,0.,0.));
#2545=VECTOR('',#2544,2.25);
#2546=LINE('',#2543,#2545);
#2547=EDGE_CURVE('',#2540,#2542,#2546,.T.);
#2548=ORIENTED_EDGE('',*,*,#2547,.T.);
#2549=CARTESIAN_POINT('',(-6.125,17.875,41.));
#2550=VERTEX_POINT('',#2549);
#2551=CARTESIAN_POINT('',(-6.125,20.125,41.));
#2552=DIRECTION('',(0.,-1.,0.));
#2553=VECTOR('',#2552,2.25);
#2554=LINE('',#2551,#2553);
#2555=EDGE_CURVE('',#2542,#2550,#2554,.T.);
#2556=ORIENTED_EDGE('',*,*,#2555,.T.);
#2557=CARTESIAN_POINT('',(-3.875,17.875,41.));
#2558=VERTEX_POINT('',#2557);
#2559=CARTESIAN_POINT('',(-6.125,17.875,41.));
#2560=DIRECTION('',(1.,0.,-0.));
#2561=VECTOR('',#2560,2.25);
#2562=LINE('',#2559,#2561);
#2563=EDGE_CURVE('',#2550,#2558,#2562,.T.);
#2564=ORIENTED_EDGE('',*,*,#2563,.T.);
#2565=CARTESIAN_POINT('',(-3.875,17.875,41.));
#2566=DIRECTION('',(0.,1.,0.));
#2567=VECTOR('',#2566,2.25);
#2568=LINE('',#2565,#2567);
#2569=EDGE_CURVE('',#2558,#2540,#2568,.T.);
#2570=ORIENTED_EDGE('',*,*,#2569,.T.);
#2571=EDGE_LOOP('',(#2548,#2556,#2564,#2570));
#2572=FACE_BOUND('',#2571,.T.);
#2573=CARTESIAN_POINT('',(-1.375,17.875,41.));
#2574=VERTEX_POINT('',#2573);
#2575=CARTESIAN_POINT('',(-1.375,20.125,41.));
#2576=VERTEX_POINT('',#2575);
#2577=CARTESIAN_POINT('',(-1.375,17.875,41.));
#2578=DIRECTION('',(0.,1.,0.));
#2579=VECTOR('',#2578,2.25);
#2580=LINE('',#2577,#2579);
#2581=EDGE_CURVE('',#2574,#2576,#2580,.T.);
#2582=ORIENTED_EDGE('',*,*,#2581,.T.);
#2583=CARTESIAN_POINT('',(-3.625,20.125,41.));
#2584=VERTEX_POINT('',#2583);
#2585=CARTESIAN_POINT('',(-1.375,20.125,41.));
#2586=DIRECTION('',(-1.,0.,0.));
#2587=VECTOR('',#2586,2.25);
#2588=LINE('',#2585,#2587);
#2589=EDGE_CURVE('',#2576,#2584,#2588,.T.);
#2590=ORIENTED_EDGE('',*,*,#2589,.T.);
#2591=CARTESIAN_POINT('',(-3.625,17.875,41.));
#2592=VERTEX_POINT('',#2591);
#2593=CARTESIAN_POINT('',(-3.625,20.125,41.));
#2594=DIRECTION('',(0.,-1.,0.));
#2595=VECTOR('',#2594,2.25);
#2596=LINE('',#2593,#2595);
#2597=EDGE_CURVE('',#2584,#2592,#2596,.T.);
#2598=ORIENTED_EDGE('',*,*,#2597,.T.);
#2599=CARTESIAN_POINT('',(-3.625,17.875,41.));
#2600=DIRECTION('',(1.,0.,-0.));
#2601=VECTOR('',#2600,2.25);
#2602=LINE('',#2599,#2601);
#2603=EDGE_CURVE('',#2592,#2574,#2602,.T.);
#2604=ORIENTED_EDGE('',*,*,#2603,.T.);
#2605=EDGE_LOOP('',(#2582,#2590,#2598,#2604));
#2606=FACE_BOUND('',#2605,.T.);
#2607=CARTESIAN_POINT('',(-6.375,17.875,41.));
#2608=VERTEX_POINT('',#2607);
#2609=CARTESIAN_POINT('',(-6.375,20.125,41.));
#2610=VERTEX_POINT('',#2609);
#2611=CARTESIAN_POINT('',(-6.375,17.875,41.));
#2612=DIRECTION('',(0.,1.,0.));
#2613=VECTOR('',#2612,2.25);
#2614=LINE('',#2611,#2613);
#2615=EDGE_CURVE('',#2608,#2610,#2614,.T.);
#2616=ORIENTED_EDGE('',*,*,#2615,.T.);
#2617=CARTESIAN_POINT('',(-8.625,20.125,41.));
#2618=VERTEX_POINT('',#2617);
#2619=CARTESIAN_POINT('',(-6.375,20.125,41.));
#2620=DIRECTION('',(-1.,0.,0.));
#2621=VECTOR('',#2620,2.25);
#2622=LINE('',#2619,#2621);
#2623=EDGE_CURVE('',#2610,#2618,#2622,.T.);
#2624=ORIENTED_EDGE('',*,*,#2623,.T.);
#2625=CARTESIAN_POINT('',(-8.625,17.875,41.));
#2626=VERTEX_POINT('',#2625);
#2627=CARTESIAN_POINT('',(-8.625,20.125,41.));
#2628=DIRECTION('',(0.,-1.,0.));
#2629=VECTOR('',#2628,2.25);
#2630=LINE('',#2627,#2629);
#2631=EDGE_CURVE('',#2618,#2626,#2630,.T.);
#2632=ORIENTED_EDGE('',*,*,#2631,.T.);
#2633=CARTESIAN_POINT('',(-8.625,17.875,41.));
#2634=DIRECTION('',(1.,0.,-0.));
#2635=VECTOR('',#2634,2.25);
#2636=LINE('',#2633,#2635);
#2637=EDGE_CURVE('',#2626,#2608,#2636,.T.);
#2638=ORIENTED_EDGE('',*,*,#2637,.T.);
#2639=EDGE_LOOP('',(#2616,#2624,#2632,#2638));
#2640=FACE_BOUND('',#2639,.T.);
#2641=CARTESIAN_POINT('',(-8.875,17.875,41.));
#2642=VERTEX_POINT('',#2641);
#2643=CARTESIAN_POINT('',(-8.875,20.125,41.));
#2644=VERTEX_POINT('',#2643);
#2645=CARTESIAN_POINT('',(-8.875,17.875,41.));
#2646=DIRECTION('',(0.,1.,0.));
#2647=VECTOR('',#2646,2.25);
#2648=LINE('',#2645,#2647);
#2649=EDGE_CURVE('',#2642,#2644,#2648,.T.);
#2650=ORIENTED_EDGE('',*,*,#2649,.T.);
#2651=CARTESIAN_POINT('',(-11.125,20.125,41.));
#2652=VERTEX_POINT('',#2651);
#2653=CARTESIAN_POINT('',(-8.875,20.125,41.));
#2654=DIRECTION('',(-1.,0.,0.));
#2655=VECTOR('',#2654,2.25);
#2656=LINE('',#2653,#2655);
#2657=EDGE_CURVE('',#2644,#2652,#2656,.T.);
#2658=ORIENTED_EDGE('',*,*,#2657,.T.);
#2659=CARTESIAN_POINT('',(-11.125,17.875,41.));
#2660=VERTEX_POINT('',#2659);
#2661=CARTESIAN_POINT('',(-11.125,20.125,41.));
#2662=DIRECTION('',(0.,-1.,0.));
#2663=VECTOR('',#2662,2.25);
#2664=LINE('',#2661,#2663);
#2665=EDGE_CURVE('',#2652,#2660,#2664,.T.);
#2666=ORIENTED_EDGE('',*,*,#2665,.T.);
#2667=CARTESIAN_POINT('',(-11.125,17.875,41.));
#2668=DIRECTION('',(1.,0.,-0.));
#2669=VECTOR('',#2668,2.25);
#2670=LINE('',#2667,#2669);
#2671=EDGE_CURVE('',#2660,#2642,#2670,.T.);
#2672=ORIENTED_EDGE('',*,*,#2671,.T.);
#2673=EDGE_LOOP('',(#2650,#2658,#2666,#2672));
#2674=FACE_BOUND('',#2673,.T.);
#2675=CARTESIAN_POINT('',(3.875,17.875,41.));
#2676=VERTEX_POINT('',#2675);
#2677=CARTESIAN_POINT('',(6.125,17.875,41.));
#2678=VERTEX_POINT('',#2677);
#2679=CARTESIAN_POINT('',(3.875,17.875,41.));
#2680=DIRECTION('',(1.,0.,-0.));
#2681=VECTOR('',#2680,2.25);
#2682=LINE('',#2679,#2681);
#2683=EDGE_CURVE('',#2676,#2678,#2682,.T.);
#2684=ORIENTED_EDGE('',*,*,#2683,.T.);
#2685=CARTESIAN_POINT('',(6.125,20.125,41.));
#2686=VERTEX_POINT('',#2685);
#2687=CARTESIAN_POINT('',(6.125,17.875,41.));
#2688=DIRECTION('',(0.,1.,0.));
#2689=VECTOR('',#2688,2.25);
#2690=LINE('',#2687,#2689);
#2691=EDGE_CURVE('',#2678,#2686,#2690,.T.);
#2692=ORIENTED_EDGE('',*,*,#2691,.T.);
#2693=CARTESIAN_POINT('',(3.875,20.125,41.));
#2694=VERTEX_POINT('',#2693);
#2695=CARTESIAN_POINT('',(6.125,20.125,41.));
#2696=DIRECTION('',(-1.,0.,0.));
#2697=VECTOR('',#2696,2.25);
#2698=LINE('',#2695,#2697);
#2699=EDGE_CURVE('',#2686,#2694,#2698,.T.);
#2700=ORIENTED_EDGE('',*,*,#2699,.T.);
#2701=CARTESIAN_POINT('',(3.875,20.125,41.));
#2702=DIRECTION('',(0.,-1.,0.));
#2703=VECTOR('',#2702,2.25);
#2704=LINE('',#2701,#2703);
#2705=EDGE_CURVE('',#2694,#2676,#2704,.T.);
#2706=ORIENTED_EDGE('',*,*,#2705,.T.);
#2707=EDGE_LOOP('',(#2684,#2692,#2700,#2706));
#2708=FACE_BOUND('',#2707,.T.);
#2709=CARTESIAN_POINT('',(8.625,20.125,41.));
#2710=VERTEX_POINT('',#2709);
#2711=CARTESIAN_POINT('',(6.375,20.125,41.));
#2712=VERTEX_POINT('',#2711);
#2713=CARTESIAN_POINT('',(8.625,20.125,41.));
#2714=DIRECTION('',(-1.,0.,0.));
#2715=VECTOR('',#2714,2.25);
#2716=LINE('',#2713,#2715);
#2717=EDGE_CURVE('',#2710,#2712,#2716,.T.);
#2718=ORIENTED_EDGE('',*,*,#2717,.T.);
#2719=CARTESIAN_POINT('',(6.375,17.875,41.));
#2720=VERTEX_POINT('',#2719);
#2721=CARTESIAN_POINT('',(6.375,20.125,41.));
#2722=DIRECTION('',(0.,-1.,0.));
#2723=VECTOR('',#2722,2.25);
#2724=LINE('',#2721,#2723);
#2725=EDGE_CURVE('',#2712,#2720,#2724,.T.);
#2726=ORIENTED_EDGE('',*,*,#2725,.T.);
#2727=CARTESIAN_POINT('',(8.625,17.875,41.));
#2728=VERTEX_POINT('',#2727);
#2729=CARTESIAN_POINT('',(6.375,17.875,41.));
#2730=DIRECTION('',(1.,0.,-0.));
#2731=VECTOR('',#2730,2.25);
#2732=LINE('',#2729,#2731);
#2733=EDGE_CURVE('',#2720,#2728,#2732,.T.);
#2734=ORIENTED_EDGE('',*,*,#2733,.T.);
#2735=CARTESIAN_POINT('',(8.625,17.875,41.));
#2736=DIRECTION('',(0.,1.,0.));
#2737=VECTOR('',#2736,2.25);
#2738=LINE('',#2735,#2737);
#2739=EDGE_CURVE('',#2728,#2710,#2738,.T.);
#2740=ORIENTED_EDGE('',*,*,#2739,.T.);
#2741=EDGE_LOOP('',(#2718,#2726,#2734,#2740));
#2742=FACE_BOUND('',#2741,.T.);
#2743=CARTESIAN_POINT('',(1.375,20.125,41.));
#2744=VERTEX_POINT('',#2743);
#2745=CARTESIAN_POINT('',(1.375,17.875,41.));
#2746=VERTEX_POINT('',#2745);
#2747=CARTESIAN_POINT('',(1.375,20.125,41.));
#2748=DIRECTION('',(0.,-1.,0.));
#2749=VECTOR('',#2748,2.25);
#2750=LINE('',#2747,#2749);
#2751=EDGE_CURVE('',#2744,#2746,#2750,.T.);
#2752=ORIENTED_EDGE('',*,*,#2751,.T.);
#2753=CARTESIAN_POINT('',(3.625,17.875,41.));
#2754=VERTEX_POINT('',#2753);
#2755=CARTESIAN_POINT('',(1.375,17.875,41.));
#2756=DIRECTION('',(1.,0.,-0.));
#2757=VECTOR('',#2756,2.25);
#2758=LINE('',#2755,#2757);
#2759=EDGE_CURVE('',#2746,#2754,#2758,.T.);
#2760=ORIENTED_EDGE('',*,*,#2759,.T.);
#2761=CARTESIAN_POINT('',(3.625,20.125,41.));
#2762=VERTEX_POINT('',#2761);
#2763=CARTESIAN_POINT('',(3.625,17.875,41.));
#2764=DIRECTION('',(0.,1.,0.));
#2765=VECTOR('',#2764,2.25);
#2766=LINE('',#2763,#2765);
#2767=EDGE_CURVE('',#2754,#2762,#2766,.T.);
#2768=ORIENTED_EDGE('',*,*,#2767,.T.);
#2769=CARTESIAN_POINT('',(3.625,20.125,41.));
#2770=DIRECTION('',(-1.,0.,0.));
#2771=VECTOR('',#2770,2.25);
#2772=LINE('',#2769,#2771);
#2773=EDGE_CURVE('',#2762,#2744,#2772,.T.);
#2774=ORIENTED_EDGE('',*,*,#2773,.T.);
#2775=EDGE_LOOP('',(#2752,#2760,#2768,#2774));
#2776=FACE_BOUND('',#2775,.T.);
#2777=CARTESIAN_POINT('',(9.25,17.5,41.));
#2778=VERTEX_POINT('',#2777);
#2779=CARTESIAN_POINT('',(9.25,20.5,41.));
#2780=VERTEX_POINT('',#2779);
#2781=CARTESIAN_POINT('',(9.25,17.5,41.));
#2782=DIRECTION('',(0.,1.,0.));
#2783=VECTOR('',#2782,3.);
#2784=LINE('',#2781,#2783);
#2785=EDGE_CURVE('',#2778,#2780,#2784,.T.);
#2786=ORIENTED_EDGE('',*,*,#2785,.F.);
#2787=CARTESIAN_POINT('',(-11.75,17.5,41.));
#2788=VERTEX_POINT('',#2787);
#2789=CARTESIAN_POINT('',(-11.75,17.5,41.));
#2790=DIRECTION('',(1.,0.,-0.));
#2791=VECTOR('',#2790,21.);
#2792=LINE('',#2789,#2791);
#2793=EDGE_CURVE('',#2788,#2778,#2792,.T.);
#2794=ORIENTED_EDGE('',*,*,#2793,.F.);
#2795=CARTESIAN_POINT('',(-11.75,20.5,41.));
#2796=VERTEX_POINT('',#2795);
#2797=CARTESIAN_POINT('',(-11.75,20.5,41.));
#2798=DIRECTION('',(0.,-1.,0.));
#2799=VECTOR('',#2798,3.);
#2800=LINE('',#2797,#2799);
#2801=EDGE_CURVE('',#2796,#2788,#2800,.T.);
#2802=ORIENTED_EDGE('',*,*,#2801,.F.);
#2803=CARTESIAN_POINT('',(9.25,20.5,41.));
#2804=DIRECTION('',(-1.,0.,0.));
#2805=VECTOR('',#2804,21.);
#2806=LINE('',#2803,#2805);
#2807=EDGE_CURVE('',#2780,#2796,#2806,.T.);
#2808=ORIENTED_EDGE('',*,*,#2807,.F.);
#2809=EDGE_LOOP('',(#2786,#2794,#2802,#2808));
#2810=FACE_BOUND('',#2809,.T.);
#2811=ADVANCED_FACE('',(#2538,#2572,#2606,#2640,#2674,#2708,#2742,#2776,#2810),#2504,.T.);
#2812=CARTESIAN_POINT('',(-1.25,0.,48.));
#2813=DIRECTION('',(-0.,0.,-1.));
#2814=DIRECTION('',(-1.,0.,0.));
#2815=AXIS2_PLACEMENT_3D('',#2812,#2813,#2814);
#2816=PLANE('',#2815);
#2817=ORIENTED_EDGE('',*,*,#831,.T.);
#2818=ORIENTED_EDGE('',*,*,#1395,.F.);
#2819=ORIENTED_EDGE('',*,*,#1266,.F.);
#2820=ORIENTED_EDGE('',*,*,#855,.F.);
#2821=EDGE_LOOP('',(#2817,#2818,#2819,#2820));
#2822=FACE_BOUND('',#2821,.T.);
#2823=CARTESIAN_POINT('',(-16.987328379,-13.154556862,48.));
#2824=VERTEX_POINT('',#2823);
#2825=CARTESIAN_POINT('',(-16.987328379,-13.154556862,48.));
#2826=DIRECTION('',(0.874157276,0.485642931,-0.));
#2827=VECTOR('',#2826,1.);
#2828=LINE('',#2825,#2827);
#2829=EDGE_CURVE('',#2824,#2349,#2828,.T.);
#2830=ORIENTED_EDGE('',*,*,#2829,.T.);
#2831=ORIENTED_EDGE('',*,*,#2354,.T.);
#2832=CARTESIAN_POINT('',(-20.872471828,-6.161298653,48.));
#2833=VERTEX_POINT('',#2832);
#2834=CARTESIAN_POINT('',(-20.872471828,-6.161298653,48.));
#2835=DIRECTION('',(0.874157276,0.485642931,-0.));
#2836=VECTOR('',#2835,1.);
#2837=LINE('',#2834,#2836);
#2838=EDGE_CURVE('',#2833,#2341,#2837,.T.);
#2839=ORIENTED_EDGE('',*,*,#2838,.F.);
#2840=CARTESIAN_POINT('',(-21.35811476,-5.287141376,48.));
#2841=DIRECTION('',(0.485642931,-0.874157276,-0.));
#2842=VECTOR('',#2841,1.);
#2843=LINE('',#2840,#2842);
#2844=EDGE_CURVE('',#2238,#2833,#2843,.T.);
#2845=ORIENTED_EDGE('',*,*,#2844,.F.);
#2846=ORIENTED_EDGE('',*,*,#2245,.T.);
#2847=CARTESIAN_POINT('',(-18.25,-15.,48.));
#2848=VERTEX_POINT('',#2847);
#2849=CARTESIAN_POINT('',(-23.106429312,-6.258427239,48.));
#2850=DIRECTION('',(0.485642931,-0.874157276,-0.));
#2851=VECTOR('',#2850,10.);
#2852=LINE('',#2849,#2851);
#2853=EDGE_CURVE('',#2240,#2848,#2852,.T.);
#2854=ORIENTED_EDGE('',*,*,#2853,.T.);
#2855=CARTESIAN_POINT('',(-16.501685448,-14.028714138,48.));
#2856=VERTEX_POINT('',#2855);
#2857=CARTESIAN_POINT('',(-18.25,-15.,48.));
#2858=DIRECTION('',(0.874157276,0.485642931,-0.));
#2859=VECTOR('',#2858,2.);
#2860=LINE('',#2857,#2859);
#2861=EDGE_CURVE('',#2848,#2856,#2860,.T.);
#2862=ORIENTED_EDGE('',*,*,#2861,.T.);
#2863=CARTESIAN_POINT('',(-16.501685448,-14.028714138,48.));
#2864=DIRECTION('',(-0.485642931,0.874157276,0.));
#2865=VECTOR('',#2864,1.);
#2866=LINE('',#2863,#2865);
#2867=EDGE_CURVE('',#2856,#2824,#2866,.T.);
#2868=ORIENTED_EDGE('',*,*,#2867,.T.);
#2869=EDGE_LOOP('',(#2830,#2831,#2839,#2845,#2846,#2854,#2862,#2868));
#2870=FACE_BOUND('',#2869,.T.);
#2871=CARTESIAN_POINT('',(-20.872471828,6.161298653,48.));
#2872=VERTEX_POINT('',#2871);
#2873=CARTESIAN_POINT('',(-20.872471828,6.161298653,48.));
#2874=DIRECTION('',(0.874157276,-0.485642931,-0.));
#2875=VECTOR('',#2874,1.);
#2876=LINE('',#2873,#2875);
#2877=EDGE_CURVE('',#2872,#2483,#2876,.T.);
#2878=ORIENTED_EDGE('',*,*,#2877,.T.);
#2879=ORIENTED_EDGE('',*,*,#2488,.T.);
#2880=CARTESIAN_POINT('',(-16.987328379,13.154556862,48.));
#2881=VERTEX_POINT('',#2880);
#2882=CARTESIAN_POINT('',(-16.987328379,13.154556862,48.));
#2883=DIRECTION('',(0.874157276,-0.485642931,-0.));
#2884=VECTOR('',#2883,1.);
#2885=LINE('',#2882,#2884);
#2886=EDGE_CURVE('',#2881,#2475,#2885,.T.);
#2887=ORIENTED_EDGE('',*,*,#2886,.F.);
#2888=CARTESIAN_POINT('',(-16.501685448,14.028714138,48.));
#2889=DIRECTION('',(-0.485642931,-0.874157276,0.));
#2890=VECTOR('',#2889,1.);
#2891=LINE('',#2888,#2890);
#2892=EDGE_CURVE('',#2372,#2881,#2891,.T.);
#2893=ORIENTED_EDGE('',*,*,#2892,.F.);
#2894=ORIENTED_EDGE('',*,*,#2379,.T.);
#2895=CARTESIAN_POINT('',(-23.106429312,6.258427239,48.));
#2896=VERTEX_POINT('',#2895);
#2897=CARTESIAN_POINT('',(-18.25,15.,48.));
#2898=DIRECTION('',(-0.485642931,-0.874157276,0.));
#2899=VECTOR('',#2898,10.);
#2900=LINE('',#2897,#2899);
#2901=EDGE_CURVE('',#2374,#2896,#2900,.T.);
#2902=ORIENTED_EDGE('',*,*,#2901,.T.);
#2903=CARTESIAN_POINT('',(-21.35811476,5.287141376,48.));
#2904=VERTEX_POINT('',#2903);
#2905=CARTESIAN_POINT('',(-23.106429312,6.258427239,48.));
#2906=DIRECTION('',(0.874157276,-0.485642931,-0.));
#2907=VECTOR('',#2906,2.);
#2908=LINE('',#2905,#2907);
#2909=EDGE_CURVE('',#2896,#2904,#2908,.T.);
#2910=ORIENTED_EDGE('',*,*,#2909,.T.);
#2911=CARTESIAN_POINT('',(-21.35811476,5.287141376,48.));
#2912=DIRECTION('',(0.485642931,0.874157276,-0.));
#2913=VECTOR('',#2912,1.);
#2914=LINE('',#2911,#2913);
#2915=EDGE_CURVE('',#2904,#2872,#2914,.T.);
#2916=ORIENTED_EDGE('',*,*,#2915,.T.);
#2917=EDGE_LOOP('',(#2878,#2879,#2887,#2893,#2894,#2902,#2910,#2916));
#2918=FACE_BOUND('',#2917,.T.);
#2919=CARTESIAN_POINT('',(0.65,-21.,48.));
#2920=VERTEX_POINT('',#2919);
#2921=CARTESIAN_POINT('',(-1.25,-19.1,48.));
#2922=VERTEX_POINT('',#2921);
#2923=CARTESIAN_POINT('',(-1.25,-21.,48.));
#2924=DIRECTION('',(-0.,0.,-1.));
#2925=DIRECTION('',(-0.,1.,0.));
#2926=AXIS2_PLACEMENT_3D('',#2923,#2924,#2925);
#2927=CIRCLE('',#2926,1.9);
#2928=EDGE_CURVE('',#2920,#2922,#2927,.T.);
#2929=ORIENTED_EDGE('',*,*,#2928,.F.);
#2930=CARTESIAN_POINT('',(-1.25,-21.,48.));
#2931=DIRECTION('',(-0.,0.,-1.));
#2932=DIRECTION('',(-0.,1.,0.));
#2933=AXIS2_PLACEMENT_3D('',#2930,#2931,#2932);
#2934=CIRCLE('',#2933,1.9);
#2935=EDGE_CURVE('',#2922,#2920,#2934,.T.);
#2936=ORIENTED_EDGE('',*,*,#2935,.F.);
#2937=EDGE_LOOP('',(#2929,#2936));
#2938=FACE_BOUND('',#2937,.T.);
#2939=CARTESIAN_POINT('',(-12.35,15.,48.));
#2940=VERTEX_POINT('',#2939);
#2941=CARTESIAN_POINT('',(-13.030426923,13.543071206,48.));
#2942=VERTEX_POINT('',#2941);
#2943=CARTESIAN_POINT('',(-14.25,15.,48.));
#2944=DIRECTION('',(-0.,0.,-1.));
#2945=DIRECTION('',(0.641880567,-0.766804628,-0.));
#2946=AXIS2_PLACEMENT_3D('',#2943,#2944,#2945);
#2947=CIRCLE('',#2946,1.9);
#2948=EDGE_CURVE('',#2940,#2942,#2947,.T.);
#2949=ORIENTED_EDGE('',*,*,#2948,.F.);
#2950=CARTESIAN_POINT('',(-14.25,15.,48.));
#2951=DIRECTION('',(-0.,0.,-1.));
#2952=DIRECTION('',(0.641880567,-0.766804628,-0.));
#2953=AXIS2_PLACEMENT_3D('',#2950,#2951,#2952);
#2954=CIRCLE('',#2953,1.9);
#2955=EDGE_CURVE('',#2942,#2940,#2954,.T.);
#2956=ORIENTED_EDGE('',*,*,#2955,.F.);
#2957=EDGE_LOOP('',(#2949,#2956));
#2958=FACE_BOUND('',#2957,.T.);
#2959=CARTESIAN_POINT('',(13.65,15.,48.));
#2960=VERTEX_POINT('',#2959);
#2961=CARTESIAN_POINT('',(12.969573077,13.543071206,48.));
#2962=VERTEX_POINT('',#2961);
#2963=CARTESIAN_POINT('',(11.75,15.,48.));
#2964=DIRECTION('',(-0.,0.,-1.));
#2965=DIRECTION('',(0.641880567,-0.766804628,-0.));
#2966=AXIS2_PLACEMENT_3D('',#2963,#2964,#2965);
#2967=CIRCLE('',#2966,1.9);
#2968=EDGE_CURVE('',#2960,#2962,#2967,.T.);
#2969=ORIENTED_EDGE('',*,*,#2968,.F.);
#2970=CARTESIAN_POINT('',(11.75,15.,48.));
#2971=DIRECTION('',(-0.,0.,-1.));
#2972=DIRECTION('',(0.641880567,-0.766804628,-0.));
#2973=AXIS2_PLACEMENT_3D('',#2970,#2971,#2972);
#2974=CIRCLE('',#2973,1.9);
#2975=EDGE_CURVE('',#2962,#2960,#2974,.T.);
#2976=ORIENTED_EDGE('',*,*,#2975,.F.);
#2977=EDGE_LOOP('',(#2969,#2976));
#2978=FACE_BOUND('',#2977,.T.);
#2979=CARTESIAN_POINT('',(4.75,-4.,48.));
#2980=VERTEX_POINT('',#2979);
#2981=CARTESIAN_POINT('',(1.75,-4.,48.));
#2982=VERTEX_POINT('',#2981);
#2983=CARTESIAN_POINT('',(4.75,-4.,48.));
#2984=DIRECTION('',(-1.,0.,0.));
#2985=VECTOR('',#2984,3.);
#2986=LINE('',#2983,#2985);
#2987=EDGE_CURVE('',#2980,#2982,#2986,.T.);
#2988=ORIENTED_EDGE('',*,*,#2987,.T.);
#2989=CARTESIAN_POINT('',(1.75,-7.,48.));
#2990=VERTEX_POINT('',#2989);
#2991=CARTESIAN_POINT('',(1.75,-4.,48.));
#2992=DIRECTION('',(0.,-1.,0.));
#2993=VECTOR('',#2992,3.);
#2994=LINE('',#2991,#2993);
#2995=EDGE_CURVE('',#2982,#2990,#2994,.T.);
#2996=ORIENTED_EDGE('',*,*,#2995,.T.);
#2997=CARTESIAN_POINT('',(4.75,-7.,48.));
#2998=VERTEX_POINT('',#2997);
#2999=CARTESIAN_POINT('',(1.75,-7.,48.));
#3000=DIRECTION('',(1.,0.,-0.));
#3001=VECTOR('',#3000,3.);
#3002=LINE('',#2999,#3001);
#3003=EDGE_CURVE('',#2990,#2998,#3002,.T.);
#3004=ORIENTED_EDGE('',*,*,#3003,.T.);
#3005=CARTESIAN_POINT('',(4.75,-7.,48.));
#3006=DIRECTION('',(0.,1.,0.));
#3007=VECTOR('',#3006,3.);
#3008=LINE('',#3005,#3007);
#3009=EDGE_CURVE('',#2998,#2980,#3008,.T.);
#3010=ORIENTED_EDGE('',*,*,#3009,.T.);
#3011=EDGE_LOOP('',(#2988,#2996,#3004,#3010));
#3012=FACE_BOUND('',#3011,.T.);
#3013=CARTESIAN_POINT('',(-10.25,11.,48.));
#3014=VERTEX_POINT('',#3013);
#3015=CARTESIAN_POINT('',(-12.25,11.,48.));
#3016=VERTEX_POINT('',#3015);
#3017=CARTESIAN_POINT('',(-10.25,11.,48.));
#3018=DIRECTION('',(-1.,0.,0.));
#3019=VECTOR('',#3018,2.);
#3020=LINE('',#3017,#3019);
#3021=EDGE_CURVE('',#3014,#3016,#3020,.T.);
#3022=ORIENTED_EDGE('',*,*,#3021,.T.);
#3023=CARTESIAN_POINT('',(-12.25,9.,48.));
#3024=VERTEX_POINT('',#3023);
#3025=CARTESIAN_POINT('',(-12.25,11.,48.));
#3026=DIRECTION('',(0.,-1.,0.));
#3027=VECTOR('',#3026,2.);
#3028=LINE('',#3025,#3027);
#3029=EDGE_CURVE('',#3016,#3024,#3028,.T.);
#3030=ORIENTED_EDGE('',*,*,#3029,.T.);
#3031=CARTESIAN_POINT('',(-10.25,9.,48.));
#3032=VERTEX_POINT('',#3031);
#3033=CARTESIAN_POINT('',(-12.25,9.,48.));
#3034=DIRECTION('',(1.,0.,-0.));
#3035=VECTOR('',#3034,2.);
#3036=LINE('',#3033,#3035);
#3037=EDGE_CURVE('',#3024,#3032,#3036,.T.);
#3038=ORIENTED_EDGE('',*,*,#3037,.T.);
#3039=CARTESIAN_POINT('',(-10.25,9.,48.));
#3040=DIRECTION('',(0.,1.,0.));
#3041=VECTOR('',#3040,2.);
#3042=LINE('',#3039,#3041);
#3043=EDGE_CURVE('',#3032,#3014,#3042,.T.);
#3044=ORIENTED_EDGE('',*,*,#3043,.T.);
#3045=EDGE_LOOP('',(#3022,#3030,#3038,#3044));
#3046=FACE_BOUND('',#3045,.T.);
#3047=CARTESIAN_POINT('',(-10.25,7.,48.));
#3048=VERTEX_POINT('',#3047);
#3049=CARTESIAN_POINT('',(-14.25,7.,48.));
#3050=VERTEX_POINT('',#3049);
#3051=CARTESIAN_POINT('',(-10.25,7.,48.));
#3052=DIRECTION('',(-1.,0.,0.));
#3053=VECTOR('',#3052,4.);
#3054=LINE('',#3051,#3053);
#3055=EDGE_CURVE('',#3048,#3050,#3054,.T.);
#3056=ORIENTED_EDGE('',*,*,#3055,.T.);
#3057=CARTESIAN_POINT('',(-14.25,3.,48.));
#3058=VERTEX_POINT('',#3057);
#3059=CARTESIAN_POINT('',(-14.25,7.,48.));
#3060=DIRECTION('',(0.,-1.,0.));
#3061=VECTOR('',#3060,4.);
#3062=LINE('',#3059,#3061);
#3063=EDGE_CURVE('',#3050,#3058,#3062,.T.);
#3064=ORIENTED_EDGE('',*,*,#3063,.T.);
#3065=CARTESIAN_POINT('',(-10.25,3.,48.));
#3066=VERTEX_POINT('',#3065);
#3067=CARTESIAN_POINT('',(-14.25,3.,48.));
#3068=DIRECTION('',(1.,0.,-0.));
#3069=VECTOR('',#3068,4.);
#3070=LINE('',#3067,#3069);
#3071=EDGE_CURVE('',#3058,#3066,#3070,.T.);
#3072=ORIENTED_EDGE('',*,*,#3071,.T.);
#3073=CARTESIAN_POINT('',(-10.25,3.,48.));
#3074=DIRECTION('',(0.,1.,0.));
#3075=VECTOR('',#3074,4.);
#3076=LINE('',#3073,#3075);
#3077=EDGE_CURVE('',#3066,#3048,#3076,.T.);
#3078=ORIENTED_EDGE('',*,*,#3077,.T.);
#3079=EDGE_LOOP('',(#3056,#3064,#3072,#3078));
#3080=FACE_BOUND('',#3079,.T.);
#3081=CARTESIAN_POINT('',(-13.25,11.,48.));
#3082=VERTEX_POINT('',#3081);
#3083=CARTESIAN_POINT('',(-14.25,11.,48.));
#3084=VERTEX_POINT('',#3083);
#3085=CARTESIAN_POINT('',(-13.25,11.,48.));
#3086=DIRECTION('',(-1.,0.,0.));
#3087=VECTOR('',#3086,1.);
#3088=LINE('',#3085,#3087);
#3089=EDGE_CURVE('',#3082,#3084,#3088,.T.);
#3090=ORIENTED_EDGE('',*,*,#3089,.T.);
#3091=CARTESIAN_POINT('',(-14.25,9.,48.));
#3092=VERTEX_POINT('',#3091);
#3093=CARTESIAN_POINT('',(-14.25,11.,48.));
#3094=DIRECTION('',(0.,-1.,0.));
#3095=VECTOR('',#3094,2.);
#3096=LINE('',#3093,#3095);
#3097=EDGE_CURVE('',#3084,#3092,#3096,.T.);
#3098=ORIENTED_EDGE('',*,*,#3097,.T.);
#3099=CARTESIAN_POINT('',(-13.25,9.,48.));
#3100=VERTEX_POINT('',#3099);
#3101=CARTESIAN_POINT('',(-14.25,9.,48.));
#3102=DIRECTION('',(1.,0.,-0.));
#3103=VECTOR('',#3102,1.);
#3104=LINE('',#3101,#3103);
#3105=EDGE_CURVE('',#3092,#3100,#3104,.T.);
#3106=ORIENTED_EDGE('',*,*,#3105,.T.);
#3107=CARTESIAN_POINT('',(-13.25,9.,48.));
#3108=DIRECTION('',(0.,1.,0.));
#3109=VECTOR('',#3108,2.);
#3110=LINE('',#3107,#3109);
#3111=EDGE_CURVE('',#3100,#3082,#3110,.T.);
#3112=ORIENTED_EDGE('',*,*,#3111,.T.);
#3113=EDGE_LOOP('',(#3090,#3098,#3106,#3112));
#3114=FACE_BOUND('',#3113,.T.);
#3115=CARTESIAN_POINT('',(7.75,6.,48.));
#3116=VERTEX_POINT('',#3115);
#3117=CARTESIAN_POINT('',(3.75,6.,48.));
#3118=VERTEX_POINT('',#3117);
#3119=CARTESIAN_POINT('',(7.75,6.,48.));
#3120=DIRECTION('',(-1.,0.,0.));
#3121=VECTOR('',#3120,4.);
#3122=LINE('',#3119,#3121);
#3123=EDGE_CURVE('',#3116,#3118,#3122,.T.);
#3124=ORIENTED_EDGE('',*,*,#3123,.T.);
#3125=CARTESIAN_POINT('',(3.75,2.,48.));
#3126=VERTEX_POINT('',#3125);
#3127=CARTESIAN_POINT('',(3.75,6.,48.));
#3128=DIRECTION('',(0.,-1.,0.));
#3129=VECTOR('',#3128,4.);
#3130=LINE('',#3127,#3129);
#3131=EDGE_CURVE('',#3118,#3126,#3130,.T.);
#3132=ORIENTED_EDGE('',*,*,#3131,.T.);
#3133=CARTESIAN_POINT('',(7.75,2.,48.));
#3134=VERTEX_POINT('',#3133);
#3135=CARTESIAN_POINT('',(3.75,2.,48.));
#3136=DIRECTION('',(1.,0.,-0.));
#3137=VECTOR('',#3136,4.);
#3138=LINE('',#3135,#3137);
#3139=EDGE_CURVE('',#3126,#3134,#3138,.T.);
#3140=ORIENTED_EDGE('',*,*,#3139,.T.);
#3141=CARTESIAN_POINT('',(7.75,2.,48.));
#3142=DIRECTION('',(0.,1.,0.));
#3143=VECTOR('',#3142,4.);
#3144=LINE('',#3141,#3143);
#3145=EDGE_CURVE('',#3134,#3116,#3144,.T.);
#3146=ORIENTED_EDGE('',*,*,#3145,.T.);
#3147=EDGE_LOOP('',(#3124,#3132,#3140,#3146));
#3148=FACE_BOUND('',#3147,.T.);
#3149=CARTESIAN_POINT('',(-10.25,-3.,48.));
#3150=VERTEX_POINT('',#3149);
#3151=CARTESIAN_POINT('',(-15.25,-3.,48.));
#3152=VERTEX_POINT('',#3151);
#3153=CARTESIAN_POINT('',(-10.25,-3.,48.));
#3154=DIRECTION('',(-1.,0.,0.));
#3155=VECTOR('',#3154,5.);
#3156=LINE('',#3153,#3155);
#3157=EDGE_CURVE('',#3150,#3152,#3156,.T.);
#3158=ORIENTED_EDGE('',*,*,#3157,.T.);
#3159=CARTESIAN_POINT('',(-15.25,-8.,48.));
#3160=VERTEX_POINT('',#3159);
#3161=CARTESIAN_POINT('',(-15.25,-3.,48.));
#3162=DIRECTION('',(0.,-1.,0.));
#3163=VECTOR('',#3162,5.);
#3164=LINE('',#3161,#3163);
#3165=EDGE_CURVE('',#3152,#3160,#3164,.T.);
#3166=ORIENTED_EDGE('',*,*,#3165,.T.);
#3167=CARTESIAN_POINT('',(-10.25,-8.,48.));
#3168=VERTEX_POINT('',#3167);
#3169=CARTESIAN_POINT('',(-15.25,-8.,48.));
#3170=DIRECTION('',(1.,0.,-0.));
#3171=VECTOR('',#3170,5.);
#3172=LINE('',#3169,#3171);
#3173=EDGE_CURVE('',#3160,#3168,#3172,.T.);
#3174=ORIENTED_EDGE('',*,*,#3173,.T.);
#3175=CARTESIAN_POINT('',(-10.25,-8.,48.));
#3176=DIRECTION('',(0.,1.,0.));
#3177=VECTOR('',#3176,5.);
#3178=LINE('',#3175,#3177);
#3179=EDGE_CURVE('',#3168,#3150,#3178,.T.);
#3180=ORIENTED_EDGE('',*,*,#3179,.T.);
#3181=EDGE_LOOP('',(#3158,#3166,#3174,#3180));
#3182=FACE_BOUND('',#3181,.T.);
#3183=CARTESIAN_POINT('',(16.398320177,-14.72094765,48.));
#3184=VERTEX_POINT('',#3183);
#3185=CARTESIAN_POINT('',(18.633566731,-11.610470151,48.));
#3186=VERTEX_POINT('',#3185);
#3187=CARTESIAN_POINT('',(16.398320177,-14.72094765,48.));
#3188=DIRECTION('',(0.583565613,0.812065992,-0.));
#3189=VECTOR('',#3188,3.830326021);
#3190=LINE('',#3187,#3189);
#3191=EDGE_CURVE('',#3184,#3186,#3190,.T.);
#3192=ORIENTED_EDGE('',*,*,#3191,.T.);
#3193=CARTESIAN_POINT('',(17.009434747,-10.443338924,48.));
#3194=VERTEX_POINT('',#3193);
#3195=CARTESIAN_POINT('',(18.633566731,-11.610470151,48.));
#3196=DIRECTION('',(-0.812065992,0.583565613,0.));
#3197=VECTOR('',#3196,2.);
#3198=LINE('',#3195,#3197);
#3199=EDGE_CURVE('',#3186,#3194,#3198,.T.);
#3200=ORIENTED_EDGE('',*,*,#3199,.T.);
#3201=CARTESIAN_POINT('',(14.774188193,-13.553816423,48.));
#3202=VERTEX_POINT('',#3201);
#3203=CARTESIAN_POINT('',(17.009434747,-10.443338924,48.));
#3204=DIRECTION('',(-0.583565613,-0.812065992,0.));
#3205=VECTOR('',#3204,3.830326021);
#3206=LINE('',#3203,#3205);
#3207=EDGE_CURVE('',#3194,#3202,#3206,.T.);
#3208=ORIENTED_EDGE('',*,*,#3207,.T.);
#3209=CARTESIAN_POINT('',(14.774188193,-13.553816423,48.));
#3210=DIRECTION('',(0.812065992,-0.583565613,-0.));
#3211=VECTOR('',#3210,2.);
#3212=LINE('',#3209,#3211);
#3213=EDGE_CURVE('',#3202,#3184,#3212,.T.);
#3214=ORIENTED_EDGE('',*,*,#3213,.T.);
#3215=EDGE_LOOP('',(#3192,#3200,#3208,#3214));
#3216=FACE_BOUND('',#3215,.T.);
#3217=CARTESIAN_POINT('',(-11.75,17.5,48.));
#3218=VERTEX_POINT('',#3217);
#3219=CARTESIAN_POINT('',(9.25,17.5,48.));
#3220=VERTEX_POINT('',#3219);
#3221=CARTESIAN_POINT('',(-11.75,17.5,48.));
#3222=DIRECTION('',(1.,0.,-0.));
#3223=VECTOR('',#3222,21.);
#3224=LINE('',#3221,#3223);
#3225=EDGE_CURVE('',#3218,#3220,#3224,.T.);
#3226=ORIENTED_EDGE('',*,*,#3225,.T.);
#3227=CARTESIAN_POINT('',(9.25,20.5,48.));
#3228=VERTEX_POINT('',#3227);
#3229=CARTESIAN_POINT('',(9.25,17.5,48.));
#3230=DIRECTION('',(0.,1.,0.));
#3231=VECTOR('',#3230,3.);
#3232=LINE('',#3229,#3231);
#3233=EDGE_CURVE('',#3220,#3228,#3232,.T.);
#3234=ORIENTED_EDGE('',*,*,#3233,.T.);
#3235=CARTESIAN_POINT('',(-11.75,20.5,48.));
#3236=VERTEX_POINT('',#3235);
#3237=CARTESIAN_POINT('',(9.25,20.5,48.));
#3238=DIRECTION('',(-1.,0.,0.));
#3239=VECTOR('',#3238,21.);
#3240=LINE('',#3237,#3239);
#3241=EDGE_CURVE('',#3228,#3236,#3240,.T.);
#3242=ORIENTED_EDGE('',*,*,#3241,.T.);
#3243=CARTESIAN_POINT('',(-11.75,20.5,48.));
#3244=DIRECTION('',(0.,-1.,0.));
#3245=VECTOR('',#3244,3.);
#3246=LINE('',#3243,#3245);
#3247=EDGE_CURVE('',#3236,#3218,#3246,.T.);
#3248=ORIENTED_EDGE('',*,*,#3247,.T.);
#3249=EDGE_LOOP('',(#3226,#3234,#3242,#3248));
#3250=FACE_BOUND('',#3249,.T.);
#3251=ORIENTED_EDGE('',*,*,#2182,.T.);
#3252=CARTESIAN_POINT('',(21.907072354,-4.,48.));
#3253=VERTEX_POINT('',#3252);
#3254=CARTESIAN_POINT('',(14.,-4.,48.));
#3255=DIRECTION('',(1.,-0.,-0.));
#3256=VECTOR('',#3255,7.907072354);
#3257=LINE('',#3254,#3256);
#3258=EDGE_CURVE('',#2169,#3253,#3257,.T.);
#3259=ORIENTED_EDGE('',*,*,#3258,.T.);
#3260=CARTESIAN_POINT('',(21.907072354,4.,48.));
#3261=VERTEX_POINT('',#3260);
#3262=CARTESIAN_POINT('',(-1.25,0.,48.));
#3263=DIRECTION('',(-0.,0.,-1.));
#3264=DIRECTION('',(-1.,-0.,0.));
#3265=AXIS2_PLACEMENT_3D('',#3262,#3263,#3264);
#3266=CIRCLE('',#3265,23.5);
#3267=EDGE_CURVE('',#3253,#3261,#3266,.T.);
#3268=ORIENTED_EDGE('',*,*,#3267,.T.);
#3269=CARTESIAN_POINT('',(21.907072354,4.,48.));
#3270=DIRECTION('',(-1.,0.,0.));
#3271=VECTOR('',#3270,7.907072354);
#3272=LINE('',#3269,#3271);
#3273=EDGE_CURVE('',#3261,#2177,#3272,.T.);
#3274=ORIENTED_EDGE('',*,*,#3273,.T.);
#3275=EDGE_LOOP('',(#3251,#3259,#3268,#3274));
#3276=FACE_BOUND('',#3275,.T.);
#3277=ORIENTED_EDGE('',*,*,#1589,.F.);
#3278=ORIENTED_EDGE('',*,*,#1848,.F.);
#3279=ORIENTED_EDGE('',*,*,#1651,.F.);
#3280=ORIENTED_EDGE('',*,*,#1620,.F.);
#3281=EDGE_LOOP('',(#3277,#3278,#3279,#3280));
#3282=FACE_BOUND('',#3281,.T.);
#3283=CARTESIAN_POINT('',(18.633566731,11.661672749,48.));
#3284=VERTEX_POINT('',#3283);
#3285=CARTESIAN_POINT('',(17.004761348,10.501072463,48.));
#3286=VERTEX_POINT('',#3285);
#3287=CARTESIAN_POINT('',(18.633566731,11.661672749,48.));
#3288=DIRECTION('',(-0.814402691,-0.580300143,0.));
#3289=VECTOR('',#3288,2.);
#3290=LINE('',#3287,#3289);
#3291=EDGE_CURVE('',#3284,#3286,#3290,.T.);
#3292=ORIENTED_EDGE('',*,*,#3291,.F.);
#3293=CARTESIAN_POINT('',(16.398320177,14.798654243,48.));
#3294=VERTEX_POINT('',#3293);
#3295=CARTESIAN_POINT('',(16.398320177,14.798654243,48.));
#3296=DIRECTION('',(0.580300143,-0.814402691,-0.));
#3297=VECTOR('',#3296,3.851880067);
#3298=LINE('',#3295,#3297);
#3299=EDGE_CURVE('',#3294,#3284,#3298,.T.);
#3300=ORIENTED_EDGE('',*,*,#3299,.F.);
#3301=CARTESIAN_POINT('',(14.769514794,13.638053957,48.));
#3302=VERTEX_POINT('',#3301);
#3303=CARTESIAN_POINT('',(14.769514794,13.638053957,48.));
#3304=DIRECTION('',(0.814402691,0.580300143,-0.));
#3305=VECTOR('',#3304,2.);
#3306=LINE('',#3303,#3305);
#3307=EDGE_CURVE('',#3302,#3294,#3306,.T.);
#3308=ORIENTED_EDGE('',*,*,#3307,.F.);
#3309=CARTESIAN_POINT('',(17.004761348,10.501072463,48.));
#3310=DIRECTION('',(-0.580300143,0.814402691,0.));
#3311=VECTOR('',#3310,3.851880067);
#3312=LINE('',#3309,#3311);
#3313=EDGE_CURVE('',#3286,#3302,#3312,.T.);
#3314=ORIENTED_EDGE('',*,*,#3313,.F.);
#3315=EDGE_LOOP('',(#3292,#3300,#3308,#3314));
#3316=FACE_BOUND('',#3315,.T.);
#3317=ADVANCED_FACE('',(#2822,#2870,#2918,#2938,#2958,#2978,#3012,#3046,#3080,#3114,#3148,#3182,#3216,#3250,#3276,#3282,#3316),#2816,.T.);
#3318=CARTESIAN_POINT('',(-1.25,0.,48.));
#3319=DIRECTION('',(0.,0.,1.));
#3320=DIRECTION('',(1.,0.,-0.));
#3321=AXIS2_PLACEMENT_3D('',#3318,#3319,#3320);
#3322=CYLINDRICAL_SURFACE('',#3321,23.5);
#3323=CARTESIAN_POINT('',(22.25,0.,48.));
#3324=VERTEX_POINT('',#3323);
#3325=CARTESIAN_POINT('',(22.25,0.,49.8));
#3326=DIRECTION('',(-0.,-0.,-1.));
#3327=VECTOR('',#3326,1.8);
#3328=LINE('',#3325,#3327);
#3329=EDGE_CURVE('',#397,#3324,#3328,.T.);
#3330=ORIENTED_EDGE('',*,*,#3329,.T.);
#3331=CARTESIAN_POINT('',(-1.25,0.,48.));
#3332=DIRECTION('',(-0.,0.,-1.));
#3333=DIRECTION('',(-1.,-0.,0.));
#3334=AXIS2_PLACEMENT_3D('',#3331,#3332,#3333);
#3335=CIRCLE('',#3334,23.5);
#3336=EDGE_CURVE('',#3261,#3324,#3335,.T.);
#3337=ORIENTED_EDGE('',*,*,#3336,.F.);
#3338=ORIENTED_EDGE('',*,*,#3267,.F.);
#3339=CARTESIAN_POINT('',(-1.25,0.,48.));
#3340=DIRECTION('',(-0.,0.,-1.));
#3341=DIRECTION('',(-1.,-0.,0.));
#3342=AXIS2_PLACEMENT_3D('',#3339,#3340,#3341);
#3343=CIRCLE('',#3342,23.5);
#3344=EDGE_CURVE('',#3324,#3253,#3343,.T.);
#3345=ORIENTED_EDGE('',*,*,#3344,.F.);
#3346=ORIENTED_EDGE('',*,*,#3329,.F.);
#3347=ORIENTED_EDGE('',*,*,#405,.T.);
#3348=ORIENTED_EDGE('',*,*,#412,.T.);
#3349=EDGE_LOOP('',(#3330,#3337,#3338,#3345,#3346,#3347,#3348));
#3350=FACE_BOUND('',#3349,.T.);
#3351=ADVANCED_FACE('',(#3350),#3322,.T.);
#3352=CARTESIAN_POINT('',(9.25,20.038385975,41.));
#3353=DIRECTION('',(1.,0.,-0.));
#3354=DIRECTION('',(-0.,0.,-1.));
#3355=AXIS2_PLACEMENT_3D('',#3352,#3353,#3354);
#3356=PLANE('',#3355);
#3357=ORIENTED_EDGE('',*,*,#3233,.F.);
#3358=CARTESIAN_POINT('',(9.25,17.5,41.));
#3359=DIRECTION('',(0.,0.,1.));
#3360=VECTOR('',#3359,7.);
#3361=LINE('',#3358,#3360);
#3362=EDGE_CURVE('',#2778,#3220,#3361,.T.);
#3363=ORIENTED_EDGE('',*,*,#3362,.F.);
#3364=ORIENTED_EDGE('',*,*,#2785,.T.);
#3365=CARTESIAN_POINT('',(9.25,20.5,41.));
#3366=DIRECTION('',(0.,0.,1.));
#3367=VECTOR('',#3366,7.);
#3368=LINE('',#3365,#3367);
#3369=EDGE_CURVE('',#2780,#3228,#3368,.T.);
#3370=ORIENTED_EDGE('',*,*,#3369,.T.);
#3371=EDGE_LOOP('',(#3357,#3363,#3364,#3370));
#3372=FACE_BOUND('',#3371,.T.);
#3373=ADVANCED_FACE('',(#3372),#3356,.T.);
#3374=CARTESIAN_POINT('',(-1.25,17.5,41.));
#3375=DIRECTION('',(0.,-1.,0.));
#3376=DIRECTION('',(0.,0.,1.));
#3377=AXIS2_PLACEMENT_3D('',#3374,#3375,#3376);
#3378=PLANE('',#3377);
#3379=ORIENTED_EDGE('',*,*,#3225,.F.);
#3380=CARTESIAN_POINT('',(-11.75,17.5,41.));
#3381=DIRECTION('',(0.,0.,1.));
#3382=VECTOR('',#3381,7.);
#3383=LINE('',#3380,#3382);
#3384=EDGE_CURVE('',#2788,#3218,#3383,.T.);
#3385=ORIENTED_EDGE('',*,*,#3384,.F.);
#3386=ORIENTED_EDGE('',*,*,#2793,.T.);
#3387=ORIENTED_EDGE('',*,*,#3362,.T.);
#3388=EDGE_LOOP('',(#3379,#3385,#3386,#3387));
#3389=FACE_BOUND('',#3388,.T.);
#3390=ADVANCED_FACE('',(#3389),#3378,.T.);
#3391=CARTESIAN_POINT('',(-11.75,20.038385975,41.));
#3392=DIRECTION('',(-1.,0.,0.));
#3393=DIRECTION('',(0.,0.,1.));
#3394=AXIS2_PLACEMENT_3D('',#3391,#3392,#3393);
#3395=PLANE('',#3394);
#3396=ORIENTED_EDGE('',*,*,#3247,.F.);
#3397=CARTESIAN_POINT('',(-11.75,20.5,41.));
#3398=DIRECTION('',(0.,0.,1.));
#3399=VECTOR('',#3398,7.);
#3400=LINE('',#3397,#3399);
#3401=EDGE_CURVE('',#2796,#3236,#3400,.T.);
#3402=ORIENTED_EDGE('',*,*,#3401,.F.);
#3403=ORIENTED_EDGE('',*,*,#2801,.T.);
#3404=ORIENTED_EDGE('',*,*,#3384,.T.);
#3405=EDGE_LOOP('',(#3396,#3402,#3403,#3404));
#3406=FACE_BOUND('',#3405,.T.);
#3407=ADVANCED_FACE('',(#3406),#3395,.T.);
#3408=CARTESIAN_POINT('',(-1.25,20.5,41.));
#3409=DIRECTION('',(0.,1.,0.));
#3410=DIRECTION('',(-0.,0.,-1.));
#3411=AXIS2_PLACEMENT_3D('',#3408,#3409,#3410);
#3412=PLANE('',#3411);
#3413=ORIENTED_EDGE('',*,*,#3241,.F.);
#3414=ORIENTED_EDGE('',*,*,#3369,.F.);
#3415=ORIENTED_EDGE('',*,*,#2807,.T.);
#3416=ORIENTED_EDGE('',*,*,#3401,.T.);
#3417=EDGE_LOOP('',(#3413,#3414,#3415,#3416));
#3418=FACE_BOUND('',#3417,.T.);
#3419=ADVANCED_FACE('',(#3418),#3412,.T.);
#3420=CARTESIAN_POINT('',(18.75,-4.,45.));
#3421=DIRECTION('',(-0.,-1.,0.));
#3422=DIRECTION('',(-1.,0.,0.));
#3423=AXIS2_PLACEMENT_3D('',#3420,#3421,#3422);
#3424=PLANE('',#3423);
#3425=ORIENTED_EDGE('',*,*,#2174,.F.);
#3426=CARTESIAN_POINT('',(14.,-4.,46.5));
#3427=DIRECTION('',(1.,-0.,-0.));
#3428=VECTOR('',#3427,9.5);
#3429=LINE('',#3426,#3428);
#3430=EDGE_CURVE('',#2160,#1956,#3429,.T.);
#3431=ORIENTED_EDGE('',*,*,#3430,.T.);
#3432=ORIENTED_EDGE('',*,*,#1963,.T.);
#3433=CARTESIAN_POINT('',(21.907072354,-4.,48.));
#3434=DIRECTION('',(1.,-0.,-0.));
#3435=VECTOR('',#3434,1.592927646);
#3436=LINE('',#3433,#3435);
#3437=EDGE_CURVE('',#3253,#1958,#3436,.T.);
#3438=ORIENTED_EDGE('',*,*,#3437,.F.);
#3439=ORIENTED_EDGE('',*,*,#3258,.F.);
#3440=EDGE_LOOP('',(#3425,#3431,#3432,#3438,#3439));
#3441=FACE_BOUND('',#3440,.T.);
#3442=ADVANCED_FACE('',(#3441),#3424,.T.);
#3443=CARTESIAN_POINT('',(18.75,4.,45.));
#3444=DIRECTION('',(0.,1.,-0.));
#3445=DIRECTION('',(1.,-0.,-0.));
#3446=AXIS2_PLACEMENT_3D('',#3443,#3444,#3445);
#3447=PLANE('',#3446);
#3448=ORIENTED_EDGE('',*,*,#1997,.F.);
#3449=CARTESIAN_POINT('',(23.5,4.,46.5));
#3450=DIRECTION('',(-1.,0.,0.));
#3451=VECTOR('',#3450,9.5);
#3452=LINE('',#3449,#3451);
#3453=EDGE_CURVE('',#1983,#2185,#3452,.T.);
#3454=ORIENTED_EDGE('',*,*,#3453,.T.);
#3455=ORIENTED_EDGE('',*,*,#2190,.T.);
#3456=ORIENTED_EDGE('',*,*,#3273,.F.);
#3457=CARTESIAN_POINT('',(23.5,4.,48.));
#3458=DIRECTION('',(-1.,0.,0.));
#3459=VECTOR('',#3458,1.592927646);
#3460=LINE('',#3457,#3459);
#3461=EDGE_CURVE('',#1992,#3261,#3460,.T.);
#3462=ORIENTED_EDGE('',*,*,#3461,.F.);
#3463=EDGE_LOOP('',(#3448,#3454,#3455,#3456,#3462));
#3464=FACE_BOUND('',#3463,.T.);
#3465=ADVANCED_FACE('',(#3464),#3447,.T.);
#3466=CARTESIAN_POINT('',(-1.25,0.,48.));
#3467=DIRECTION('',(-0.,0.,-1.));
#3468=DIRECTION('',(0.,1.,0.));
#3469=AXIS2_PLACEMENT_3D('',#3466,#3467,#3468);
#3470=PLANE('',#3469);
#3471=ORIENTED_EDGE('',*,*,#3461,.T.);
#3472=ORIENTED_EDGE('',*,*,#3336,.T.);
#3473=ORIENTED_EDGE('',*,*,#3344,.T.);
#3474=ORIENTED_EDGE('',*,*,#3437,.T.);
#3475=ORIENTED_EDGE('',*,*,#2003,.T.);
#3476=EDGE_LOOP('',(#3471,#3472,#3473,#3474,#3475));
#3477=FACE_BOUND('',#3476,.T.);
#3478=ADVANCED_FACE('',(#3477),#3470,.F.);
#3479=CARTESIAN_POINT('',(-16.938764086,-14.271535603,45.5));
#3480=DIRECTION('',(0.485642931,-0.874157276,-0.));
#3481=DIRECTION('',(-0.874157276,-0.485642931,0.));
#3482=AXIS2_PLACEMENT_3D('',#3479,#3480,#3481);
#3483=PLANE('',#3482);
#3484=CARTESIAN_POINT('',(-16.501685448,-14.028714138,48.));
#3485=DIRECTION('',(-0.,0.,-1.));
#3486=VECTOR('',#3485,2.5);
#3487=LINE('',#3484,#3486);
#3488=EDGE_CURVE('',#2856,#2311,#3487,.T.);
#3489=ORIENTED_EDGE('',*,*,#3488,.F.);
#3490=ORIENTED_EDGE('',*,*,#2861,.F.);
#3491=CARTESIAN_POINT('',(-18.25,-15.,45.5));
#3492=DIRECTION('',(0.,0.,1.));
#3493=VECTOR('',#3492,2.5);
#3494=LINE('',#3491,#3493);
#3495=EDGE_CURVE('',#2319,#2848,#3494,.T.);
#3496=ORIENTED_EDGE('',*,*,#3495,.F.);
#3497=ORIENTED_EDGE('',*,*,#2324,.T.);
#3498=EDGE_LOOP('',(#3489,#3490,#3496,#3497));
#3499=FACE_BOUND('',#3498,.T.);
#3500=ADVANCED_FACE('',(#3499),#3483,.T.);
#3501=CARTESIAN_POINT('',(-21.795193398,-8.618651884,45.5));
#3502=DIRECTION('',(-0.874157276,-0.485642931,0.));
#3503=DIRECTION('',(-0.485642931,0.874157276,0.));
#3504=AXIS2_PLACEMENT_3D('',#3501,#3502,#3503);
#3505=PLANE('',#3504);
#3506=CARTESIAN_POINT('',(-21.892321984,-8.443820429,46.25));
#3507=VERTEX_POINT('',#3506);
#3508=CARTESIAN_POINT('',(-21.892321984,-8.443820429,47.25));
#3509=VERTEX_POINT('',#3508);
#3510=CARTESIAN_POINT('',(-21.892321984,-8.443820429,46.25));
#3511=DIRECTION('',(0.,0.,1.));
#3512=VECTOR('',#3511,1.);
#3513=LINE('',#3510,#3512);
#3514=EDGE_CURVE('',#3507,#3509,#3513,.T.);
#3515=ORIENTED_EDGE('',*,*,#3514,.T.);
#3516=CARTESIAN_POINT('',(-19.464107328,-12.81460681,47.25));
#3517=VERTEX_POINT('',#3516);
#3518=CARTESIAN_POINT('',(-21.892321984,-8.443820429,47.25));
#3519=DIRECTION('',(0.485642931,-0.874157276,-0.));
#3520=VECTOR('',#3519,5.);
#3521=LINE('',#3518,#3520);
#3522=EDGE_CURVE('',#3509,#3517,#3521,.T.);
#3523=ORIENTED_EDGE('',*,*,#3522,.T.);
#3524=CARTESIAN_POINT('',(-19.464107328,-12.81460681,46.25));
#3525=VERTEX_POINT('',#3524);
#3526=CARTESIAN_POINT('',(-19.464107328,-12.81460681,47.25));
#3527=DIRECTION('',(-0.,0.,-1.));
#3528=VECTOR('',#3527,1.);
#3529=LINE('',#3526,#3528);
#3530=EDGE_CURVE('',#3517,#3525,#3529,.T.);
#3531=ORIENTED_EDGE('',*,*,#3530,.T.);
#3532=CARTESIAN_POINT('',(-19.464107328,-12.81460681,46.25));
#3533=DIRECTION('',(-0.485642931,0.874157276,0.));
#3534=VECTOR('',#3533,5.);
#3535=LINE('',#3532,#3534);
#3536=EDGE_CURVE('',#3525,#3507,#3535,.T.);
#3537=ORIENTED_EDGE('',*,*,#3536,.T.);
#3538=EDGE_LOOP('',(#3515,#3523,#3531,#3537));
#3539=FACE_BOUND('',#3538,.T.);
#3540=ORIENTED_EDGE('',*,*,#2853,.F.);
#3541=ORIENTED_EDGE('',*,*,#2267,.F.);
#3542=ORIENTED_EDGE('',*,*,#2330,.T.);
#3543=ORIENTED_EDGE('',*,*,#3495,.T.);
#3544=EDGE_LOOP('',(#3540,#3541,#3542,#3543));
#3545=FACE_BOUND('',#3544,.T.);
#3546=ADVANCED_FACE('',(#3539,#3545),#3505,.T.);
#3547=CARTESIAN_POINT('',(-21.795193398,5.529962842,45.5));
#3548=DIRECTION('',(-0.485642931,-0.874157276,0.));
#3549=DIRECTION('',(-0.874157276,0.485642931,0.));
#3550=AXIS2_PLACEMENT_3D('',#3547,#3548,#3549);
#3551=PLANE('',#3550);
#3552=CARTESIAN_POINT('',(-21.35811476,5.287141376,48.));
#3553=DIRECTION('',(-0.,0.,-1.));
#3554=VECTOR('',#3553,2.5);
#3555=LINE('',#3552,#3554);
#3556=EDGE_CURVE('',#2904,#2444,#3555,.T.);
#3557=ORIENTED_EDGE('',*,*,#3556,.F.);
#3558=ORIENTED_EDGE('',*,*,#2909,.F.);
#3559=CARTESIAN_POINT('',(-23.106429312,6.258427239,45.5));
#3560=DIRECTION('',(0.,0.,1.));
#3561=VECTOR('',#3560,2.5);
#3562=LINE('',#3559,#3561);
#3563=EDGE_CURVE('',#2452,#2896,#3562,.T.);
#3564=ORIENTED_EDGE('',*,*,#3563,.F.);
#3565=ORIENTED_EDGE('',*,*,#2457,.T.);
#3566=EDGE_LOOP('',(#3557,#3558,#3564,#3565));
#3567=FACE_BOUND('',#3566,.T.);
#3568=ADVANCED_FACE('',(#3567),#3551,.T.);
#3569=CARTESIAN_POINT('',(-18.795026258,14.018952736,45.5));
#3570=DIRECTION('',(-0.874157276,0.485642931,0.));
#3571=DIRECTION('',(0.485642931,0.874157276,-0.));
#3572=AXIS2_PLACEMENT_3D('',#3569,#3570,#3571);
#3573=PLANE('',#3572);
#3574=CARTESIAN_POINT('',(-19.464107328,12.81460681,46.25));
#3575=VERTEX_POINT('',#3574);
#3576=CARTESIAN_POINT('',(-19.464107328,12.81460681,47.25));
#3577=VERTEX_POINT('',#3576);
#3578=CARTESIAN_POINT('',(-19.464107328,12.81460681,46.25));
#3579=DIRECTION('',(0.,0.,1.));
#3580=VECTOR('',#3579,1.);
#3581=LINE('',#3578,#3580);
#3582=EDGE_CURVE('',#3575,#3577,#3581,.T.);
#3583=ORIENTED_EDGE('',*,*,#3582,.T.);
#3584=CARTESIAN_POINT('',(-21.892321984,8.443820429,47.25));
#3585=VERTEX_POINT('',#3584);
#3586=CARTESIAN_POINT('',(-19.464107328,12.81460681,47.25));
#3587=DIRECTION('',(-0.485642931,-0.874157276,0.));
#3588=VECTOR('',#3587,5.);
#3589=LINE('',#3586,#3588);
#3590=EDGE_CURVE('',#3577,#3585,#3589,.T.);
#3591=ORIENTED_EDGE('',*,*,#3590,.T.);
#3592=CARTESIAN_POINT('',(-21.892321984,8.443820429,46.25));
#3593=VERTEX_POINT('',#3592);
#3594=CARTESIAN_POINT('',(-21.892321984,8.443820429,47.25));
#3595=DIRECTION('',(-0.,0.,-1.));
#3596=VECTOR('',#3595,1.);
#3597=LINE('',#3594,#3596);
#3598=EDGE_CURVE('',#3585,#3593,#3597,.T.);
#3599=ORIENTED_EDGE('',*,*,#3598,.T.);
#3600=CARTESIAN_POINT('',(-21.892321984,8.443820429,46.25));
#3601=DIRECTION('',(0.485642931,0.874157276,-0.));
#3602=VECTOR('',#3601,5.);
#3603=LINE('',#3600,#3602);
#3604=EDGE_CURVE('',#3593,#3575,#3603,.T.);
#3605=ORIENTED_EDGE('',*,*,#3604,.T.);
#3606=EDGE_LOOP('',(#3583,#3591,#3599,#3605));
#3607=FACE_BOUND('',#3606,.T.);
#3608=ORIENTED_EDGE('',*,*,#2901,.F.);
#3609=ORIENTED_EDGE('',*,*,#2401,.F.);
#3610=ORIENTED_EDGE('',*,*,#2463,.T.);
#3611=ORIENTED_EDGE('',*,*,#3563,.T.);
#3612=EDGE_LOOP('',(#3608,#3609,#3610,#3611));
#3613=FACE_BOUND('',#3612,.T.);
#3614=ADVANCED_FACE('',(#3607,#3613),#3573,.T.);
#3615=CARTESIAN_POINT('',(17.190612419,-13.618426235,46.5));
#3616=DIRECTION('',(0.812065992,-0.583565613,-0.));
#3617=DIRECTION('',(-0.583565613,-0.812065992,0.));
#3618=AXIS2_PLACEMENT_3D('',#3615,#3616,#3617);
#3619=PLANE('',#3618);
#3620=CARTESIAN_POINT('',(16.398320177,-14.72094765,47.));
#3621=VERTEX_POINT('',#3620);
#3622=CARTESIAN_POINT('',(16.398320177,-14.72094765,47.));
#3623=DIRECTION('',(0.,0.,1.));
#3624=VECTOR('',#3623,1.);
#3625=LINE('',#3622,#3624);
#3626=EDGE_CURVE('',#3621,#3184,#3625,.T.);
#3627=ORIENTED_EDGE('',*,*,#3626,.F.);
#3628=CARTESIAN_POINT('',(18.633566731,-11.610470151,47.));
#3629=VERTEX_POINT('',#3628);
#3630=CARTESIAN_POINT('',(16.398320177,-14.72094765,47.));
#3631=DIRECTION('',(0.583565613,0.812065992,-0.));
#3632=VECTOR('',#3631,3.830326021);
#3633=LINE('',#3630,#3632);
#3634=EDGE_CURVE('',#3621,#3629,#3633,.T.);
#3635=ORIENTED_EDGE('',*,*,#3634,.T.);
#3636=CARTESIAN_POINT('',(18.633566731,-11.610470151,47.));
#3637=DIRECTION('',(0.,0.,1.));
#3638=VECTOR('',#3637,1.);
#3639=LINE('',#3636,#3638);
#3640=EDGE_CURVE('',#3629,#3186,#3639,.T.);
#3641=ORIENTED_EDGE('',*,*,#3640,.T.);
#3642=ORIENTED_EDGE('',*,*,#3191,.F.);
#3643=EDGE_LOOP('',(#3627,#3635,#3641,#3642));
#3644=FACE_BOUND('',#3643,.T.);
#3645=ADVANCED_FACE('',(#3644),#3619,.T.);
#3646=CARTESIAN_POINT('',(15.586254185,-14.137382036,46.5));
#3647=DIRECTION('',(-0.583565613,-0.812065992,0.));
#3648=DIRECTION('',(-0.812065992,0.583565613,0.));
#3649=AXIS2_PLACEMENT_3D('',#3646,#3647,#3648);
#3650=PLANE('',#3649);
#3651=CARTESIAN_POINT('',(14.774188193,-13.553816423,47.));
#3652=VERTEX_POINT('',#3651);
#3653=CARTESIAN_POINT('',(14.774188193,-13.553816423,47.));
#3654=DIRECTION('',(0.,0.,1.));
#3655=VECTOR('',#3654,1.);
#3656=LINE('',#3653,#3655);
#3657=EDGE_CURVE('',#3652,#3202,#3656,.T.);
#3658=ORIENTED_EDGE('',*,*,#3657,.F.);
#3659=CARTESIAN_POINT('',(14.774188193,-13.553816423,47.));
#3660=DIRECTION('',(0.812065992,-0.583565613,-0.));
#3661=VECTOR('',#3660,2.);
#3662=LINE('',#3659,#3661);
#3663=EDGE_CURVE('',#3652,#3621,#3662,.T.);
#3664=ORIENTED_EDGE('',*,*,#3663,.T.);
#3665=ORIENTED_EDGE('',*,*,#3626,.T.);
#3666=ORIENTED_EDGE('',*,*,#3213,.F.);
#3667=EDGE_LOOP('',(#3658,#3664,#3665,#3666));
#3668=FACE_BOUND('',#3667,.T.);
#3669=ADVANCED_FACE('',(#3668),#3650,.T.);
#3670=CARTESIAN_POINT('',(16.703877462,-10.86853992,46.5));
#3671=DIRECTION('',(-0.812065992,0.583565613,0.));
#3672=DIRECTION('',(0.583565613,0.812065992,-0.));
#3673=AXIS2_PLACEMENT_3D('',#3670,#3671,#3672);
#3674=PLANE('',#3673);
#3675=CARTESIAN_POINT('',(17.009434747,-10.443338924,47.));
#3676=VERTEX_POINT('',#3675);
#3677=CARTESIAN_POINT('',(17.009434747,-10.443338924,47.));
#3678=DIRECTION('',(0.,0.,1.));
#3679=VECTOR('',#3678,1.);
#3680=LINE('',#3677,#3679);
#3681=EDGE_CURVE('',#3676,#3194,#3680,.T.);
#3682=ORIENTED_EDGE('',*,*,#3681,.F.);
#3683=CARTESIAN_POINT('',(17.009434747,-10.443338924,47.));
#3684=DIRECTION('',(-0.583565613,-0.812065992,0.));
#3685=VECTOR('',#3684,3.830326021);
#3686=LINE('',#3683,#3685);
#3687=EDGE_CURVE('',#3676,#3652,#3686,.T.);
#3688=ORIENTED_EDGE('',*,*,#3687,.T.);
#3689=ORIENTED_EDGE('',*,*,#3657,.T.);
#3690=ORIENTED_EDGE('',*,*,#3207,.F.);
#3691=EDGE_LOOP('',(#3682,#3688,#3689,#3690));
#3692=FACE_BOUND('',#3691,.T.);
#3693=ADVANCED_FACE('',(#3692),#3674,.T.);
#3694=CARTESIAN_POINT('',(18.307502197,-11.376154157,46.5));
#3695=DIRECTION('',(0.583565613,0.812065992,-0.));
#3696=DIRECTION('',(0.812065992,-0.583565613,-0.));
#3697=AXIS2_PLACEMENT_3D('',#3694,#3695,#3696);
#3698=PLANE('',#3697);
#3699=ORIENTED_EDGE('',*,*,#3640,.F.);
#3700=CARTESIAN_POINT('',(18.633566731,-11.610470151,47.));
#3701=DIRECTION('',(-0.812065992,0.583565613,0.));
#3702=VECTOR('',#3701,2.);
#3703=LINE('',#3700,#3702);
#3704=EDGE_CURVE('',#3629,#3676,#3703,.T.);
#3705=ORIENTED_EDGE('',*,*,#3704,.T.);
#3706=ORIENTED_EDGE('',*,*,#3681,.T.);
#3707=ORIENTED_EDGE('',*,*,#3199,.F.);
#3708=EDGE_LOOP('',(#3699,#3705,#3706,#3707));
#3709=FACE_BOUND('',#3708,.T.);
#3710=ADVANCED_FACE('',(#3709),#3698,.T.);
#3711=CARTESIAN_POINT('',(-1.25,0.,46.5));
#3712=DIRECTION('',(-0.,0.,-1.));
#3713=DIRECTION('',(0.,1.,0.));
#3714=AXIS2_PLACEMENT_3D('',#3711,#3712,#3713);
#3715=PLANE('',#3714);
#3716=CARTESIAN_POINT('',(17.123684937,-11.141154727,46.5));
#3717=VERTEX_POINT('',#3716);
#3718=CARTESIAN_POINT('',(17.935750928,-11.72472034,46.5));
#3719=VERTEX_POINT('',#3718);
#3720=CARTESIAN_POINT('',(17.123684937,-11.141154727,46.5));
#3721=DIRECTION('',(0.812065992,-0.583565613,-0.));
#3722=VECTOR('',#3721,1.);
#3723=LINE('',#3720,#3722);
#3724=EDGE_CURVE('',#3717,#3719,#3723,.T.);
#3725=ORIENTED_EDGE('',*,*,#3724,.T.);
#3726=CARTESIAN_POINT('',(16.284069988,-14.023131847,46.5));
#3727=VERTEX_POINT('',#3726);
#3728=CARTESIAN_POINT('',(17.935750928,-11.72472034,46.5));
#3729=DIRECTION('',(-0.583565613,-0.812065992,0.));
#3730=VECTOR('',#3729,2.830326021);
#3731=LINE('',#3728,#3730);
#3732=EDGE_CURVE('',#3719,#3727,#3731,.T.);
#3733=ORIENTED_EDGE('',*,*,#3732,.T.);
#3734=CARTESIAN_POINT('',(15.472003996,-13.439566234,46.5));
#3735=VERTEX_POINT('',#3734);
#3736=CARTESIAN_POINT('',(16.284069988,-14.023131847,46.5));
#3737=DIRECTION('',(-0.812065992,0.583565613,0.));
#3738=VECTOR('',#3737,1.);
#3739=LINE('',#3736,#3738);
#3740=EDGE_CURVE('',#3727,#3735,#3739,.T.);
#3741=ORIENTED_EDGE('',*,*,#3740,.T.);
#3742=CARTESIAN_POINT('',(15.472003996,-13.439566234,46.5));
#3743=DIRECTION('',(0.583565613,0.812065992,-0.));
#3744=VECTOR('',#3743,2.830326021);
#3745=LINE('',#3742,#3744);
#3746=EDGE_CURVE('',#3735,#3717,#3745,.T.);
#3747=ORIENTED_EDGE('',*,*,#3746,.T.);
#3748=EDGE_LOOP('',(#3725,#3733,#3741,#3747));
#3749=FACE_BOUND('',#3748,.T.);
#3750=ADVANCED_FACE('',(#3749),#3715,.T.);
#3751=CARTESIAN_POINT('',(16.8456511,14.170862725,46.5));
#3752=DIRECTION('',(-0.814402691,-0.580300143,0.));
#3753=DIRECTION('',(-0.580300143,0.814402691,0.));
#3754=AXIS2_PLACEMENT_3D('',#3751,#3752,#3753);
#3755=PLANE('',#3754);
#3756=CARTESIAN_POINT('',(18.633566731,11.661672749,47.));
#3757=VERTEX_POINT('',#3756);
#3758=CARTESIAN_POINT('',(18.633566731,11.661672749,47.));
#3759=DIRECTION('',(0.,0.,1.));
#3760=VECTOR('',#3759,1.);
#3761=LINE('',#3758,#3760);
#3762=EDGE_CURVE('',#3757,#3284,#3761,.T.);
#3763=ORIENTED_EDGE('',*,*,#3762,.F.);
#3764=CARTESIAN_POINT('',(16.398320177,14.798654243,47.));
#3765=VERTEX_POINT('',#3764);
#3766=CARTESIAN_POINT('',(18.633566731,11.661672749,47.));
#3767=DIRECTION('',(-0.580300143,0.814402691,0.));
#3768=VECTOR('',#3767,3.851880067);
#3769=LINE('',#3766,#3768);
#3770=EDGE_CURVE('',#3757,#3765,#3769,.T.);
#3771=ORIENTED_EDGE('',*,*,#3770,.T.);
#3772=CARTESIAN_POINT('',(16.398320177,14.798654243,47.));
#3773=DIRECTION('',(0.,0.,1.));
#3774=VECTOR('',#3773,1.);
#3775=LINE('',#3772,#3774);
#3776=EDGE_CURVE('',#3765,#3294,#3775,.T.);
#3777=ORIENTED_EDGE('',*,*,#3776,.T.);
#3778=ORIENTED_EDGE('',*,*,#3299,.T.);
#3779=EDGE_LOOP('',(#3763,#3771,#3777,#3778));
#3780=FACE_BOUND('',#3779,.T.);
#3781=ADVANCED_FACE('',(#3780),#3755,.F.);
#3782=CARTESIAN_POINT('',(18.295586422,11.420845916,46.5));
#3783=DIRECTION('',(-0.580300143,0.814402691,0.));
#3784=DIRECTION('',(0.814402691,0.580300143,-0.));
#3785=AXIS2_PLACEMENT_3D('',#3782,#3783,#3784);
#3786=PLANE('',#3785);
#3787=CARTESIAN_POINT('',(17.004761348,10.501072463,47.));
#3788=VERTEX_POINT('',#3787);
#3789=CARTESIAN_POINT('',(17.004761348,10.501072463,47.));
#3790=DIRECTION('',(0.,0.,1.));
#3791=VECTOR('',#3790,1.);
#3792=LINE('',#3789,#3791);
#3793=EDGE_CURVE('',#3788,#3286,#3792,.T.);
#3794=ORIENTED_EDGE('',*,*,#3793,.F.);
#3795=CARTESIAN_POINT('',(17.004761348,10.501072463,47.));
#3796=DIRECTION('',(0.814402691,0.580300143,-0.));
#3797=VECTOR('',#3796,2.);
#3798=LINE('',#3795,#3797);
#3799=EDGE_CURVE('',#3788,#3757,#3798,.T.);
#3800=ORIENTED_EDGE('',*,*,#3799,.T.);
#3801=ORIENTED_EDGE('',*,*,#3762,.T.);
#3802=ORIENTED_EDGE('',*,*,#3291,.T.);
#3803=EDGE_LOOP('',(#3794,#3800,#3801,#3802));
#3804=FACE_BOUND('',#3803,.T.);
#3805=ADVANCED_FACE('',(#3804),#3786,.F.);
#3806=CARTESIAN_POINT('',(15.617757319,12.447616553,46.5));
#3807=DIRECTION('',(0.814402691,0.580300143,-0.));
#3808=DIRECTION('',(0.580300143,-0.814402691,-0.));
#3809=AXIS2_PLACEMENT_3D('',#3806,#3807,#3808);
#3810=PLANE('',#3809);
#3811=CARTESIAN_POINT('',(14.769514794,13.638053957,47.));
#3812=VERTEX_POINT('',#3811);
#3813=CARTESIAN_POINT('',(14.769514794,13.638053957,47.));
#3814=DIRECTION('',(0.,0.,1.));
#3815=VECTOR('',#3814,1.);
#3816=LINE('',#3813,#3815);
#3817=EDGE_CURVE('',#3812,#3302,#3816,.T.);
#3818=ORIENTED_EDGE('',*,*,#3817,.F.);
#3819=CARTESIAN_POINT('',(14.769514794,13.638053957,47.));
#3820=DIRECTION('',(0.580300143,-0.814402691,-0.));
#3821=VECTOR('',#3820,3.851880067);
#3822=LINE('',#3819,#3821);
#3823=EDGE_CURVE('',#3812,#3788,#3822,.T.);
#3824=ORIENTED_EDGE('',*,*,#3823,.T.);
#3825=ORIENTED_EDGE('',*,*,#3793,.T.);
#3826=ORIENTED_EDGE('',*,*,#3313,.T.);
#3827=EDGE_LOOP('',(#3818,#3824,#3825,#3826));
#3828=FACE_BOUND('',#3827,.T.);
#3829=ADVANCED_FACE('',(#3828),#3810,.F.);
#3830=CARTESIAN_POINT('',(15.583917485,14.2183541,46.5));
#3831=DIRECTION('',(0.580300143,-0.814402691,-0.));
#3832=DIRECTION('',(-0.814402691,-0.580300143,0.));
#3833=AXIS2_PLACEMENT_3D('',#3830,#3831,#3832);
#3834=PLANE('',#3833);
#3835=ORIENTED_EDGE('',*,*,#3776,.F.);
#3836=CARTESIAN_POINT('',(16.398320177,14.798654243,47.));
#3837=DIRECTION('',(-0.814402691,-0.580300143,0.));
#3838=VECTOR('',#3837,2.);
#3839=LINE('',#3836,#3838);
#3840=EDGE_CURVE('',#3765,#3812,#3839,.T.);
#3841=ORIENTED_EDGE('',*,*,#3840,.T.);
#3842=ORIENTED_EDGE('',*,*,#3817,.T.);
#3843=ORIENTED_EDGE('',*,*,#3307,.T.);
#3844=EDGE_LOOP('',(#3835,#3841,#3842,#3843));
#3845=FACE_BOUND('',#3844,.T.);
#3846=ADVANCED_FACE('',(#3845),#3834,.F.);
#3847=CARTESIAN_POINT('',(-1.25,0.,46.5));
#3848=DIRECTION('',(-0.,0.,-1.));
#3849=DIRECTION('',(0.,1.,0.));
#3850=AXIS2_PLACEMENT_3D('',#3847,#3848,#3849);
#3851=PLANE('',#3850);
#3852=CARTESIAN_POINT('',(16.281268903,14.101302826,46.5));
#3853=VERTEX_POINT('',#3852);
#3854=CARTESIAN_POINT('',(17.936215314,11.778724024,46.5));
#3855=VERTEX_POINT('',#3854);
#3856=CARTESIAN_POINT('',(16.281268903,14.101302826,46.5));
#3857=DIRECTION('',(0.580300143,-0.814402691,-0.));
#3858=VECTOR('',#3857,2.851880067);
#3859=LINE('',#3856,#3858);
#3860=EDGE_CURVE('',#3853,#3855,#3859,.T.);
#3861=ORIENTED_EDGE('',*,*,#3860,.T.);
#3862=CARTESIAN_POINT('',(17.121812622,11.198423881,46.5));
#3863=VERTEX_POINT('',#3862);
#3864=CARTESIAN_POINT('',(17.936215314,11.778724024,46.5));
#3865=DIRECTION('',(-0.814402691,-0.580300143,0.));
#3866=VECTOR('',#3865,1.);
#3867=LINE('',#3864,#3866);
#3868=EDGE_CURVE('',#3855,#3863,#3867,.T.);
#3869=ORIENTED_EDGE('',*,*,#3868,.T.);
#3870=CARTESIAN_POINT('',(15.466866211,13.521002683,46.5));
#3871=VERTEX_POINT('',#3870);
#3872=CARTESIAN_POINT('',(17.121812622,11.198423881,46.5));
#3873=DIRECTION('',(-0.580300143,0.814402691,0.));
#3874=VECTOR('',#3873,2.851880067);
#3875=LINE('',#3872,#3874);
#3876=EDGE_CURVE('',#3863,#3871,#3875,.T.);
#3877=ORIENTED_EDGE('',*,*,#3876,.T.);
#3878=CARTESIAN_POINT('',(15.466866211,13.521002683,46.5));
#3879=DIRECTION('',(0.814402691,0.580300143,-0.));
#3880=VECTOR('',#3879,1.);
#3881=LINE('',#3878,#3880);
#3882=EDGE_CURVE('',#3871,#3853,#3881,.T.);
#3883=ORIENTED_EDGE('',*,*,#3882,.T.);
#3884=EDGE_LOOP('',(#3861,#3869,#3877,#3883));
#3885=FACE_BOUND('',#3884,.T.);
#3886=ADVANCED_FACE('',(#3885),#3851,.T.);
#3887=CARTESIAN_POINT('',(-12.75,-3.,47.));
#3888=DIRECTION('',(0.,1.,0.));
#3889=DIRECTION('',(-0.,0.,-1.));
#3890=AXIS2_PLACEMENT_3D('',#3887,#3888,#3889);
#3891=PLANE('',#3890);
#3892=CARTESIAN_POINT('',(-10.25,-3.,47.5));
#3893=VERTEX_POINT('',#3892);
#3894=CARTESIAN_POINT('',(-10.25,-3.,47.5));
#3895=DIRECTION('',(0.,0.,1.));
#3896=VECTOR('',#3895,0.5);
#3897=LINE('',#3894,#3896);
#3898=EDGE_CURVE('',#3893,#3150,#3897,.T.);
#3899=ORIENTED_EDGE('',*,*,#3898,.F.);
#3900=CARTESIAN_POINT('',(-15.25,-3.,47.5));
#3901=VERTEX_POINT('',#3900);
#3902=CARTESIAN_POINT('',(-10.25,-3.,47.5));
#3903=DIRECTION('',(-1.,0.,0.));
#3904=VECTOR('',#3903,5.);
#3905=LINE('',#3902,#3904);
#3906=EDGE_CURVE('',#3893,#3901,#3905,.T.);
#3907=ORIENTED_EDGE('',*,*,#3906,.T.);
#3908=CARTESIAN_POINT('',(-15.25,-3.,47.5));
#3909=DIRECTION('',(0.,0.,1.));
#3910=VECTOR('',#3909,0.5);
#3911=LINE('',#3908,#3910);
#3912=EDGE_CURVE('',#3901,#3152,#3911,.T.);
#3913=ORIENTED_EDGE('',*,*,#3912,.T.);
#3914=ORIENTED_EDGE('',*,*,#3157,.F.);
#3915=EDGE_LOOP('',(#3899,#3907,#3913,#3914));
#3916=FACE_BOUND('',#3915,.T.);
#3917=ADVANCED_FACE('',(#3916),#3891,.T.);
#3918=CARTESIAN_POINT('',(-10.25,-5.5,47.));
#3919=DIRECTION('',(1.,0.,-0.));
#3920=DIRECTION('',(-0.,0.,-1.));
#3921=AXIS2_PLACEMENT_3D('',#3918,#3919,#3920);
#3922=PLANE('',#3921);
#3923=CARTESIAN_POINT('',(-10.25,-8.,47.5));
#3924=VERTEX_POINT('',#3923);
#3925=CARTESIAN_POINT('',(-10.25,-8.,47.5));
#3926=DIRECTION('',(0.,0.,1.));
#3927=VECTOR('',#3926,0.5);
#3928=LINE('',#3925,#3927);
#3929=EDGE_CURVE('',#3924,#3168,#3928,.T.);
#3930=ORIENTED_EDGE('',*,*,#3929,.F.);
#3931=CARTESIAN_POINT('',(-10.25,-8.,47.5));
#3932=DIRECTION('',(0.,1.,0.));
#3933=VECTOR('',#3932,5.);
#3934=LINE('',#3931,#3933);
#3935=EDGE_CURVE('',#3924,#3893,#3934,.T.);
#3936=ORIENTED_EDGE('',*,*,#3935,.T.);
#3937=ORIENTED_EDGE('',*,*,#3898,.T.);
#3938=ORIENTED_EDGE('',*,*,#3179,.F.);
#3939=EDGE_LOOP('',(#3930,#3936,#3937,#3938));
#3940=FACE_BOUND('',#3939,.T.);
#3941=ADVANCED_FACE('',(#3940),#3922,.T.);
#3942=CARTESIAN_POINT('',(-12.75,-8.,47.));
#3943=DIRECTION('',(0.,-1.,0.));
#3944=DIRECTION('',(0.,0.,1.));
#3945=AXIS2_PLACEMENT_3D('',#3942,#3943,#3944);
#3946=PLANE('',#3945);
#3947=CARTESIAN_POINT('',(-15.25,-8.,47.5));
#3948=VERTEX_POINT('',#3947);
#3949=CARTESIAN_POINT('',(-15.25,-8.,47.5));
#3950=DIRECTION('',(0.,0.,1.));
#3951=VECTOR('',#3950,0.5);
#3952=LINE('',#3949,#3951);
#3953=EDGE_CURVE('',#3948,#3160,#3952,.T.);
#3954=ORIENTED_EDGE('',*,*,#3953,.F.);
#3955=CARTESIAN_POINT('',(-15.25,-8.,47.5));
#3956=DIRECTION('',(1.,0.,-0.));
#3957=VECTOR('',#3956,5.);
#3958=LINE('',#3955,#3957);
#3959=EDGE_CURVE('',#3948,#3924,#3958,.T.);
#3960=ORIENTED_EDGE('',*,*,#3959,.T.);
#3961=ORIENTED_EDGE('',*,*,#3929,.T.);
#3962=ORIENTED_EDGE('',*,*,#3173,.F.);
#3963=EDGE_LOOP('',(#3954,#3960,#3961,#3962));
#3964=FACE_BOUND('',#3963,.T.);
#3965=ADVANCED_FACE('',(#3964),#3946,.T.);
#3966=CARTESIAN_POINT('',(-15.25,-5.5,47.));
#3967=DIRECTION('',(-1.,0.,0.));
#3968=DIRECTION('',(0.,0.,1.));
#3969=AXIS2_PLACEMENT_3D('',#3966,#3967,#3968);
#3970=PLANE('',#3969);
#3971=ORIENTED_EDGE('',*,*,#3912,.F.);
#3972=CARTESIAN_POINT('',(-15.25,-3.,47.5));
#3973=DIRECTION('',(0.,-1.,0.));
#3974=VECTOR('',#3973,5.);
#3975=LINE('',#3972,#3974);
#3976=EDGE_CURVE('',#3901,#3948,#3975,.T.);
#3977=ORIENTED_EDGE('',*,*,#3976,.T.);
#3978=ORIENTED_EDGE('',*,*,#3953,.T.);
#3979=ORIENTED_EDGE('',*,*,#3165,.F.);
#3980=EDGE_LOOP('',(#3971,#3977,#3978,#3979));
#3981=FACE_BOUND('',#3980,.T.);
#3982=ADVANCED_FACE('',(#3981),#3970,.T.);
#3983=CARTESIAN_POINT('',(-1.25,0.,47.));
#3984=DIRECTION('',(-0.,0.,-1.));
#3985=DIRECTION('',(0.,1.,0.));
#3986=AXIS2_PLACEMENT_3D('',#3983,#3984,#3985);
#3987=PLANE('',#3986);
#3988=CARTESIAN_POINT('',(-10.75,-7.5,47.));
#3989=VERTEX_POINT('',#3988);
#3990=CARTESIAN_POINT('',(-14.75,-7.5,47.));
#3991=VERTEX_POINT('',#3990);
#3992=CARTESIAN_POINT('',(-10.75,-7.5,47.));
#3993=DIRECTION('',(-1.,-0.,0.));
#3994=VECTOR('',#3993,4.);
#3995=LINE('',#3992,#3994);
#3996=EDGE_CURVE('',#3989,#3991,#3995,.T.);
#3997=ORIENTED_EDGE('',*,*,#3996,.T.);
#3998=CARTESIAN_POINT('',(-14.75,-3.5,47.));
#3999=VERTEX_POINT('',#3998);
#4000=CARTESIAN_POINT('',(-14.75,-7.5,47.));
#4001=DIRECTION('',(-0.,1.,-0.));
#4002=VECTOR('',#4001,4.);
#4003=LINE('',#4000,#4002);
#4004=EDGE_CURVE('',#3991,#3999,#4003,.T.);
#4005=ORIENTED_EDGE('',*,*,#4004,.T.);
#4006=CARTESIAN_POINT('',(-10.75,-3.5,47.));
#4007=VERTEX_POINT('',#4006);
#4008=CARTESIAN_POINT('',(-14.75,-3.5,47.));
#4009=DIRECTION('',(1.,-0.,-0.));
#4010=VECTOR('',#4009,4.);
#4011=LINE('',#4008,#4010);
#4012=EDGE_CURVE('',#3999,#4007,#4011,.T.);
#4013=ORIENTED_EDGE('',*,*,#4012,.T.);
#4014=CARTESIAN_POINT('',(-10.75,-3.5,47.));
#4015=DIRECTION('',(-0.,-1.,-0.));
#4016=VECTOR('',#4015,4.);
#4017=LINE('',#4014,#4016);
#4018=EDGE_CURVE('',#4007,#3989,#4017,.T.);
#4019=ORIENTED_EDGE('',*,*,#4018,.T.);
#4020=EDGE_LOOP('',(#3997,#4005,#4013,#4019));
#4021=FACE_BOUND('',#4020,.T.);
#4022=ADVANCED_FACE('',(#4021),#3987,.T.);
#4023=CARTESIAN_POINT('',(5.75,6.,47.));
#4024=DIRECTION('',(0.,1.,0.));
#4025=DIRECTION('',(-0.,0.,-1.));
#4026=AXIS2_PLACEMENT_3D('',#4023,#4024,#4025);
#4027=PLANE('',#4026);
#4028=CARTESIAN_POINT('',(7.75,6.,47.5));
#4029=VERTEX_POINT('',#4028);
#4030=CARTESIAN_POINT('',(7.75,6.,47.5));
#4031=DIRECTION('',(0.,0.,1.));
#4032=VECTOR('',#4031,0.5);
#4033=LINE('',#4030,#4032);
#4034=EDGE_CURVE('',#4029,#3116,#4033,.T.);
#4035=ORIENTED_EDGE('',*,*,#4034,.F.);
#4036=CARTESIAN_POINT('',(3.75,6.,47.5));
#4037=VERTEX_POINT('',#4036);
#4038=CARTESIAN_POINT('',(7.75,6.,47.5));
#4039=DIRECTION('',(-1.,0.,0.));
#4040=VECTOR('',#4039,4.);
#4041=LINE('',#4038,#4040);
#4042=EDGE_CURVE('',#4029,#4037,#4041,.T.);
#4043=ORIENTED_EDGE('',*,*,#4042,.T.);
#4044=CARTESIAN_POINT('',(3.75,6.,47.5));
#4045=DIRECTION('',(0.,0.,1.));
#4046=VECTOR('',#4045,0.5);
#4047=LINE('',#4044,#4046);
#4048=EDGE_CURVE('',#4037,#3118,#4047,.T.);
#4049=ORIENTED_EDGE('',*,*,#4048,.T.);
#4050=ORIENTED_EDGE('',*,*,#3123,.F.);
#4051=EDGE_LOOP('',(#4035,#4043,#4049,#4050));
#4052=FACE_BOUND('',#4051,.T.);
#4053=ADVANCED_FACE('',(#4052),#4027,.T.);
#4054=CARTESIAN_POINT('',(7.75,4.,47.));
#4055=DIRECTION('',(1.,0.,-0.));
#4056=DIRECTION('',(-0.,0.,-1.));
#4057=AXIS2_PLACEMENT_3D('',#4054,#4055,#4056);
#4058=PLANE('',#4057);
#4059=CARTESIAN_POINT('',(7.75,2.,47.5));
#4060=VERTEX_POINT('',#4059);
#4061=CARTESIAN_POINT('',(7.75,2.,47.5));
#4062=DIRECTION('',(0.,0.,1.));
#4063=VECTOR('',#4062,0.5);
#4064=LINE('',#4061,#4063);
#4065=EDGE_CURVE('',#4060,#3134,#4064,.T.);
#4066=ORIENTED_EDGE('',*,*,#4065,.F.);
#4067=CARTESIAN_POINT('',(7.75,2.,47.5));
#4068=DIRECTION('',(0.,1.,0.));
#4069=VECTOR('',#4068,4.);
#4070=LINE('',#4067,#4069);
#4071=EDGE_CURVE('',#4060,#4029,#4070,.T.);
#4072=ORIENTED_EDGE('',*,*,#4071,.T.);
#4073=ORIENTED_EDGE('',*,*,#4034,.T.);
#4074=ORIENTED_EDGE('',*,*,#3145,.F.);
#4075=EDGE_LOOP('',(#4066,#4072,#4073,#4074));
#4076=FACE_BOUND('',#4075,.T.);
#4077=ADVANCED_FACE('',(#4076),#4058,.T.);
#4078=CARTESIAN_POINT('',(5.75,2.,47.));
#4079=DIRECTION('',(0.,-1.,0.));
#4080=DIRECTION('',(0.,0.,1.));
#4081=AXIS2_PLACEMENT_3D('',#4078,#4079,#4080);
#4082=PLANE('',#4081);
#4083=CARTESIAN_POINT('',(3.75,2.,47.5));
#4084=VERTEX_POINT('',#4083);
#4085=CARTESIAN_POINT('',(3.75,2.,47.5));
#4086=DIRECTION('',(0.,0.,1.));
#4087=VECTOR('',#4086,0.5);
#4088=LINE('',#4085,#4087);
#4089=EDGE_CURVE('',#4084,#3126,#4088,.T.);
#4090=ORIENTED_EDGE('',*,*,#4089,.F.);
#4091=CARTESIAN_POINT('',(3.75,2.,47.5));
#4092=DIRECTION('',(1.,0.,-0.));
#4093=VECTOR('',#4092,4.);
#4094=LINE('',#4091,#4093);
#4095=EDGE_CURVE('',#4084,#4060,#4094,.T.);
#4096=ORIENTED_EDGE('',*,*,#4095,.T.);
#4097=ORIENTED_EDGE('',*,*,#4065,.T.);
#4098=ORIENTED_EDGE('',*,*,#3139,.F.);
#4099=EDGE_LOOP('',(#4090,#4096,#4097,#4098));
#4100=FACE_BOUND('',#4099,.T.);
#4101=ADVANCED_FACE('',(#4100),#4082,.T.);
#4102=CARTESIAN_POINT('',(3.75,4.,47.));
#4103=DIRECTION('',(-1.,0.,0.));
#4104=DIRECTION('',(0.,0.,1.));
#4105=AXIS2_PLACEMENT_3D('',#4102,#4103,#4104);
#4106=PLANE('',#4105);
#4107=ORIENTED_EDGE('',*,*,#4048,.F.);
#4108=CARTESIAN_POINT('',(3.75,6.,47.5));
#4109=DIRECTION('',(0.,-1.,0.));
#4110=VECTOR('',#4109,4.);
#4111=LINE('',#4108,#4110);
#4112=EDGE_CURVE('',#4037,#4084,#4111,.T.);
#4113=ORIENTED_EDGE('',*,*,#4112,.T.);
#4114=ORIENTED_EDGE('',*,*,#4089,.T.);
#4115=ORIENTED_EDGE('',*,*,#3131,.F.);
#4116=EDGE_LOOP('',(#4107,#4113,#4114,#4115));
#4117=FACE_BOUND('',#4116,.T.);
#4118=ADVANCED_FACE('',(#4117),#4106,.T.);
#4119=CARTESIAN_POINT('',(-1.25,0.,47.));
#4120=DIRECTION('',(-0.,0.,-1.));
#4121=DIRECTION('',(0.,1.,0.));
#4122=AXIS2_PLACEMENT_3D('',#4119,#4120,#4121);
#4123=PLANE('',#4122);
#4124=CARTESIAN_POINT('',(4.25,5.5,47.));
#4125=VERTEX_POINT('',#4124);
#4126=CARTESIAN_POINT('',(7.25,5.5,47.));
#4127=VERTEX_POINT('',#4126);
#4128=CARTESIAN_POINT('',(4.25,5.5,47.));
#4129=DIRECTION('',(1.,-0.,-0.));
#4130=VECTOR('',#4129,3.);
#4131=LINE('',#4128,#4130);
#4132=EDGE_CURVE('',#4125,#4127,#4131,.T.);
#4133=ORIENTED_EDGE('',*,*,#4132,.T.);
#4134=CARTESIAN_POINT('',(7.25,2.5,47.));
#4135=VERTEX_POINT('',#4134);
#4136=CARTESIAN_POINT('',(7.25,5.5,47.));
#4137=DIRECTION('',(-0.,-1.,-0.));
#4138=VECTOR('',#4137,3.);
#4139=LINE('',#4136,#4138);
#4140=EDGE_CURVE('',#4127,#4135,#4139,.T.);
#4141=ORIENTED_EDGE('',*,*,#4140,.T.);
#4142=CARTESIAN_POINT('',(4.25,2.5,47.));
#4143=VERTEX_POINT('',#4142);
#4144=CARTESIAN_POINT('',(7.25,2.5,47.));
#4145=DIRECTION('',(-1.,-0.,0.));
#4146=VECTOR('',#4145,3.);
#4147=LINE('',#4144,#4146);
#4148=EDGE_CURVE('',#4135,#4143,#4147,.T.);
#4149=ORIENTED_EDGE('',*,*,#4148,.T.);
#4150=CARTESIAN_POINT('',(4.25,2.5,47.));
#4151=DIRECTION('',(-0.,1.,-0.));
#4152=VECTOR('',#4151,3.);
#4153=LINE('',#4150,#4152);
#4154=EDGE_CURVE('',#4143,#4125,#4153,.T.);
#4155=ORIENTED_EDGE('',*,*,#4154,.T.);
#4156=EDGE_LOOP('',(#4133,#4141,#4149,#4155));
#4157=FACE_BOUND('',#4156,.T.);
#4158=ADVANCED_FACE('',(#4157),#4123,.T.);
#4159=CARTESIAN_POINT('',(-13.75,11.,47.));
#4160=DIRECTION('',(0.,1.,0.));
#4161=DIRECTION('',(-0.,0.,-1.));
#4162=AXIS2_PLACEMENT_3D('',#4159,#4160,#4161);
#4163=PLANE('',#4162);
#4164=CARTESIAN_POINT('',(-13.25,11.,47.5));
#4165=VERTEX_POINT('',#4164);
#4166=CARTESIAN_POINT('',(-13.25,11.,47.5));
#4167=DIRECTION('',(0.,0.,1.));
#4168=VECTOR('',#4167,0.5);
#4169=LINE('',#4166,#4168);
#4170=EDGE_CURVE('',#4165,#3082,#4169,.T.);
#4171=ORIENTED_EDGE('',*,*,#4170,.F.);
#4172=CARTESIAN_POINT('',(-14.25,11.,47.5));
#4173=VERTEX_POINT('',#4172);
#4174=CARTESIAN_POINT('',(-13.25,11.,47.5));
#4175=DIRECTION('',(-1.,0.,0.));
#4176=VECTOR('',#4175,1.);
#4177=LINE('',#4174,#4176);
#4178=EDGE_CURVE('',#4165,#4173,#4177,.T.);
#4179=ORIENTED_EDGE('',*,*,#4178,.T.);
#4180=CARTESIAN_POINT('',(-14.25,11.,47.5));
#4181=DIRECTION('',(0.,0.,1.));
#4182=VECTOR('',#4181,0.5);
#4183=LINE('',#4180,#4182);
#4184=EDGE_CURVE('',#4173,#3084,#4183,.T.);
#4185=ORIENTED_EDGE('',*,*,#4184,.T.);
#4186=ORIENTED_EDGE('',*,*,#3089,.F.);
#4187=EDGE_LOOP('',(#4171,#4179,#4185,#4186));
#4188=FACE_BOUND('',#4187,.T.);
#4189=ADVANCED_FACE('',(#4188),#4163,.T.);
#4190=CARTESIAN_POINT('',(-13.25,10.,47.));
#4191=DIRECTION('',(1.,0.,-0.));
#4192=DIRECTION('',(-0.,0.,-1.));
#4193=AXIS2_PLACEMENT_3D('',#4190,#4191,#4192);
#4194=PLANE('',#4193);
#4195=CARTESIAN_POINT('',(-13.25,9.,47.5));
#4196=VERTEX_POINT('',#4195);
#4197=CARTESIAN_POINT('',(-13.25,9.,47.5));
#4198=DIRECTION('',(0.,0.,1.));
#4199=VECTOR('',#4198,0.5);
#4200=LINE('',#4197,#4199);
#4201=EDGE_CURVE('',#4196,#3100,#4200,.T.);
#4202=ORIENTED_EDGE('',*,*,#4201,.F.);
#4203=CARTESIAN_POINT('',(-13.25,9.,47.5));
#4204=DIRECTION('',(0.,1.,0.));
#4205=VECTOR('',#4204,2.);
#4206=LINE('',#4203,#4205);
#4207=EDGE_CURVE('',#4196,#4165,#4206,.T.);
#4208=ORIENTED_EDGE('',*,*,#4207,.T.);
#4209=ORIENTED_EDGE('',*,*,#4170,.T.);
#4210=ORIENTED_EDGE('',*,*,#3111,.F.);
#4211=EDGE_LOOP('',(#4202,#4208,#4209,#4210));
#4212=FACE_BOUND('',#4211,.T.);
#4213=ADVANCED_FACE('',(#4212),#4194,.T.);
#4214=CARTESIAN_POINT('',(-13.75,9.,47.));
#4215=DIRECTION('',(0.,-1.,0.));
#4216=DIRECTION('',(0.,0.,1.));
#4217=AXIS2_PLACEMENT_3D('',#4214,#4215,#4216);
#4218=PLANE('',#4217);
#4219=CARTESIAN_POINT('',(-14.25,9.,47.5));
#4220=VERTEX_POINT('',#4219);
#4221=CARTESIAN_POINT('',(-14.25,9.,47.5));
#4222=DIRECTION('',(0.,0.,1.));
#4223=VECTOR('',#4222,0.5);
#4224=LINE('',#4221,#4223);
#4225=EDGE_CURVE('',#4220,#3092,#4224,.T.);
#4226=ORIENTED_EDGE('',*,*,#4225,.F.);
#4227=CARTESIAN_POINT('',(-14.25,9.,47.5));
#4228=DIRECTION('',(1.,0.,-0.));
#4229=VECTOR('',#4228,1.);
#4230=LINE('',#4227,#4229);
#4231=EDGE_CURVE('',#4220,#4196,#4230,.T.);
#4232=ORIENTED_EDGE('',*,*,#4231,.T.);
#4233=ORIENTED_EDGE('',*,*,#4201,.T.);
#4234=ORIENTED_EDGE('',*,*,#3105,.F.);
#4235=EDGE_LOOP('',(#4226,#4232,#4233,#4234));
#4236=FACE_BOUND('',#4235,.T.);
#4237=ADVANCED_FACE('',(#4236),#4218,.T.);
#4238=CARTESIAN_POINT('',(-14.25,10.,47.));
#4239=DIRECTION('',(-1.,0.,0.));
#4240=DIRECTION('',(0.,0.,1.));
#4241=AXIS2_PLACEMENT_3D('',#4238,#4239,#4240);
#4242=PLANE('',#4241);
#4243=ORIENTED_EDGE('',*,*,#4184,.F.);
#4244=CARTESIAN_POINT('',(-14.25,11.,47.5));
#4245=DIRECTION('',(0.,-1.,0.));
#4246=VECTOR('',#4245,2.);
#4247=LINE('',#4244,#4246);
#4248=EDGE_CURVE('',#4173,#4220,#4247,.T.);
#4249=ORIENTED_EDGE('',*,*,#4248,.T.);
#4250=ORIENTED_EDGE('',*,*,#4225,.T.);
#4251=ORIENTED_EDGE('',*,*,#3097,.F.);
#4252=EDGE_LOOP('',(#4243,#4249,#4250,#4251));
#4253=FACE_BOUND('',#4252,.T.);
#4254=ADVANCED_FACE('',(#4253),#4242,.T.);
#4255=CARTESIAN_POINT('',(-12.25,7.,47.));
#4256=DIRECTION('',(0.,1.,0.));
#4257=DIRECTION('',(-0.,0.,-1.));
#4258=AXIS2_PLACEMENT_3D('',#4255,#4256,#4257);
#4259=PLANE('',#4258);
#4260=CARTESIAN_POINT('',(-10.25,7.,47.5));
#4261=VERTEX_POINT('',#4260);
#4262=CARTESIAN_POINT('',(-10.25,7.,47.5));
#4263=DIRECTION('',(0.,0.,1.));
#4264=VECTOR('',#4263,0.5);
#4265=LINE('',#4262,#4264);
#4266=EDGE_CURVE('',#4261,#3048,#4265,.T.);
#4267=ORIENTED_EDGE('',*,*,#4266,.F.);
#4268=CARTESIAN_POINT('',(-14.25,7.,47.5));
#4269=VERTEX_POINT('',#4268);
#4270=CARTESIAN_POINT('',(-10.25,7.,47.5));
#4271=DIRECTION('',(-1.,0.,0.));
#4272=VECTOR('',#4271,4.);
#4273=LINE('',#4270,#4272);
#4274=EDGE_CURVE('',#4261,#4269,#4273,.T.);
#4275=ORIENTED_EDGE('',*,*,#4274,.T.);
#4276=CARTESIAN_POINT('',(-14.25,7.,47.5));
#4277=DIRECTION('',(0.,0.,1.));
#4278=VECTOR('',#4277,0.5);
#4279=LINE('',#4276,#4278);
#4280=EDGE_CURVE('',#4269,#3050,#4279,.T.);
#4281=ORIENTED_EDGE('',*,*,#4280,.T.);
#4282=ORIENTED_EDGE('',*,*,#3055,.F.);
#4283=EDGE_LOOP('',(#4267,#4275,#4281,#4282));
#4284=FACE_BOUND('',#4283,.T.);
#4285=ADVANCED_FACE('',(#4284),#4259,.T.);
#4286=CARTESIAN_POINT('',(-10.25,5.,47.));
#4287=DIRECTION('',(1.,0.,-0.));
#4288=DIRECTION('',(-0.,0.,-1.));
#4289=AXIS2_PLACEMENT_3D('',#4286,#4287,#4288);
#4290=PLANE('',#4289);
#4291=CARTESIAN_POINT('',(-10.25,3.,47.5));
#4292=VERTEX_POINT('',#4291);
#4293=CARTESIAN_POINT('',(-10.25,3.,47.5));
#4294=DIRECTION('',(0.,0.,1.));
#4295=VECTOR('',#4294,0.5);
#4296=LINE('',#4293,#4295);
#4297=EDGE_CURVE('',#4292,#3066,#4296,.T.);
#4298=ORIENTED_EDGE('',*,*,#4297,.F.);
#4299=CARTESIAN_POINT('',(-10.25,3.,47.5));
#4300=DIRECTION('',(0.,1.,0.));
#4301=VECTOR('',#4300,4.);
#4302=LINE('',#4299,#4301);
#4303=EDGE_CURVE('',#4292,#4261,#4302,.T.);
#4304=ORIENTED_EDGE('',*,*,#4303,.T.);
#4305=ORIENTED_EDGE('',*,*,#4266,.T.);
#4306=ORIENTED_EDGE('',*,*,#3077,.F.);
#4307=EDGE_LOOP('',(#4298,#4304,#4305,#4306));
#4308=FACE_BOUND('',#4307,.T.);
#4309=ADVANCED_FACE('',(#4308),#4290,.T.);
#4310=CARTESIAN_POINT('',(-12.25,3.,47.));
#4311=DIRECTION('',(0.,-1.,0.));
#4312=DIRECTION('',(0.,0.,1.));
#4313=AXIS2_PLACEMENT_3D('',#4310,#4311,#4312);
#4314=PLANE('',#4313);
#4315=CARTESIAN_POINT('',(-14.25,3.,47.5));
#4316=VERTEX_POINT('',#4315);
#4317=CARTESIAN_POINT('',(-14.25,3.,47.5));
#4318=DIRECTION('',(0.,0.,1.));
#4319=VECTOR('',#4318,0.5);
#4320=LINE('',#4317,#4319);
#4321=EDGE_CURVE('',#4316,#3058,#4320,.T.);
#4322=ORIENTED_EDGE('',*,*,#4321,.F.);
#4323=CARTESIAN_POINT('',(-14.25,3.,47.5));
#4324=DIRECTION('',(1.,0.,-0.));
#4325=VECTOR('',#4324,4.);
#4326=LINE('',#4323,#4325);
#4327=EDGE_CURVE('',#4316,#4292,#4326,.T.);
#4328=ORIENTED_EDGE('',*,*,#4327,.T.);
#4329=ORIENTED_EDGE('',*,*,#4297,.T.);
#4330=ORIENTED_EDGE('',*,*,#3071,.F.);
#4331=EDGE_LOOP('',(#4322,#4328,#4329,#4330));
#4332=FACE_BOUND('',#4331,.T.);
#4333=ADVANCED_FACE('',(#4332),#4314,.T.);
#4334=CARTESIAN_POINT('',(-14.25,5.,47.));
#4335=DIRECTION('',(-1.,0.,0.));
#4336=DIRECTION('',(0.,0.,1.));
#4337=AXIS2_PLACEMENT_3D('',#4334,#4335,#4336);
#4338=PLANE('',#4337);
#4339=ORIENTED_EDGE('',*,*,#4280,.F.);
#4340=CARTESIAN_POINT('',(-14.25,7.,47.5));
#4341=DIRECTION('',(0.,-1.,0.));
#4342=VECTOR('',#4341,4.);
#4343=LINE('',#4340,#4342);
#4344=EDGE_CURVE('',#4269,#4316,#4343,.T.);
#4345=ORIENTED_EDGE('',*,*,#4344,.T.);
#4346=ORIENTED_EDGE('',*,*,#4321,.T.);
#4347=ORIENTED_EDGE('',*,*,#3063,.F.);
#4348=EDGE_LOOP('',(#4339,#4345,#4346,#4347));
#4349=FACE_BOUND('',#4348,.T.);
#4350=ADVANCED_FACE('',(#4349),#4338,.T.);
#4351=CARTESIAN_POINT('',(-1.25,0.,47.));
#4352=DIRECTION('',(-0.,0.,-1.));
#4353=DIRECTION('',(0.,1.,0.));
#4354=AXIS2_PLACEMENT_3D('',#4351,#4352,#4353);
#4355=PLANE('',#4354);
#4356=CARTESIAN_POINT('',(-13.75,6.5,47.));
#4357=VERTEX_POINT('',#4356);
#4358=CARTESIAN_POINT('',(-10.75,6.5,47.));
#4359=VERTEX_POINT('',#4358);
#4360=CARTESIAN_POINT('',(-13.75,6.5,47.));
#4361=DIRECTION('',(1.,-0.,-0.));
#4362=VECTOR('',#4361,3.);
#4363=LINE('',#4360,#4362);
#4364=EDGE_CURVE('',#4357,#4359,#4363,.T.);
#4365=ORIENTED_EDGE('',*,*,#4364,.T.);
#4366=CARTESIAN_POINT('',(-10.75,3.5,47.));
#4367=VERTEX_POINT('',#4366);
#4368=CARTESIAN_POINT('',(-10.75,6.5,47.));
#4369=DIRECTION('',(-0.,-1.,-0.));
#4370=VECTOR('',#4369,3.);
#4371=LINE('',#4368,#4370);
#4372=EDGE_CURVE('',#4359,#4367,#4371,.T.);
#4373=ORIENTED_EDGE('',*,*,#4372,.T.);
#4374=CARTESIAN_POINT('',(-13.75,3.5,47.));
#4375=VERTEX_POINT('',#4374);
#4376=CARTESIAN_POINT('',(-10.75,3.5,47.));
#4377=DIRECTION('',(-1.,-0.,0.));
#4378=VECTOR('',#4377,3.);
#4379=LINE('',#4376,#4378);
#4380=EDGE_CURVE('',#4367,#4375,#4379,.T.);
#4381=ORIENTED_EDGE('',*,*,#4380,.T.);
#4382=CARTESIAN_POINT('',(-13.75,3.5,47.));
#4383=DIRECTION('',(-0.,1.,-0.));
#4384=VECTOR('',#4383,3.);
#4385=LINE('',#4382,#4384);
#4386=EDGE_CURVE('',#4375,#4357,#4385,.T.);
#4387=ORIENTED_EDGE('',*,*,#4386,.T.);
#4388=EDGE_LOOP('',(#4365,#4373,#4381,#4387));
#4389=FACE_BOUND('',#4388,.T.);
#4390=ADVANCED_FACE('',(#4389),#4355,.T.);
#4391=CARTESIAN_POINT('',(-11.25,11.,47.));
#4392=DIRECTION('',(0.,1.,0.));
#4393=DIRECTION('',(-0.,0.,-1.));
#4394=AXIS2_PLACEMENT_3D('',#4391,#4392,#4393);
#4395=PLANE('',#4394);
#4396=CARTESIAN_POINT('',(-10.25,11.,47.5));
#4397=VERTEX_POINT('',#4396);
#4398=CARTESIAN_POINT('',(-10.25,11.,47.5));
#4399=DIRECTION('',(0.,0.,1.));
#4400=VECTOR('',#4399,0.5);
#4401=LINE('',#4398,#4400);
#4402=EDGE_CURVE('',#4397,#3014,#4401,.T.);
#4403=ORIENTED_EDGE('',*,*,#4402,.F.);
#4404=CARTESIAN_POINT('',(-12.25,11.,47.5));
#4405=VERTEX_POINT('',#4404);
#4406=CARTESIAN_POINT('',(-10.25,11.,47.5));
#4407=DIRECTION('',(-1.,0.,0.));
#4408=VECTOR('',#4407,2.);
#4409=LINE('',#4406,#4408);
#4410=EDGE_CURVE('',#4397,#4405,#4409,.T.);
#4411=ORIENTED_EDGE('',*,*,#4410,.T.);
#4412=CARTESIAN_POINT('',(-12.25,11.,47.5));
#4413=DIRECTION('',(0.,0.,1.));
#4414=VECTOR('',#4413,0.5);
#4415=LINE('',#4412,#4414);
#4416=EDGE_CURVE('',#4405,#3016,#4415,.T.);
#4417=ORIENTED_EDGE('',*,*,#4416,.T.);
#4418=ORIENTED_EDGE('',*,*,#3021,.F.);
#4419=EDGE_LOOP('',(#4403,#4411,#4417,#4418));
#4420=FACE_BOUND('',#4419,.T.);
#4421=ADVANCED_FACE('',(#4420),#4395,.T.);
#4422=CARTESIAN_POINT('',(-10.25,10.,47.));
#4423=DIRECTION('',(1.,0.,-0.));
#4424=DIRECTION('',(-0.,0.,-1.));
#4425=AXIS2_PLACEMENT_3D('',#4422,#4423,#4424);
#4426=PLANE('',#4425);
#4427=CARTESIAN_POINT('',(-10.25,9.,47.5));
#4428=VERTEX_POINT('',#4427);
#4429=CARTESIAN_POINT('',(-10.25,9.,47.5));
#4430=DIRECTION('',(0.,0.,1.));
#4431=VECTOR('',#4430,0.5);
#4432=LINE('',#4429,#4431);
#4433=EDGE_CURVE('',#4428,#3032,#4432,.T.);
#4434=ORIENTED_EDGE('',*,*,#4433,.F.);
#4435=CARTESIAN_POINT('',(-10.25,9.,47.5));
#4436=DIRECTION('',(0.,1.,0.));
#4437=VECTOR('',#4436,2.);
#4438=LINE('',#4435,#4437);
#4439=EDGE_CURVE('',#4428,#4397,#4438,.T.);
#4440=ORIENTED_EDGE('',*,*,#4439,.T.);
#4441=ORIENTED_EDGE('',*,*,#4402,.T.);
#4442=ORIENTED_EDGE('',*,*,#3043,.F.);
#4443=EDGE_LOOP('',(#4434,#4440,#4441,#4442));
#4444=FACE_BOUND('',#4443,.T.);
#4445=ADVANCED_FACE('',(#4444),#4426,.T.);
#4446=CARTESIAN_POINT('',(-11.25,9.,47.));
#4447=DIRECTION('',(0.,-1.,0.));
#4448=DIRECTION('',(0.,0.,1.));
#4449=AXIS2_PLACEMENT_3D('',#4446,#4447,#4448);
#4450=PLANE('',#4449);
#4451=CARTESIAN_POINT('',(-12.25,9.,47.5));
#4452=VERTEX_POINT('',#4451);
#4453=CARTESIAN_POINT('',(-12.25,9.,47.5));
#4454=DIRECTION('',(0.,0.,1.));
#4455=VECTOR('',#4454,0.5);
#4456=LINE('',#4453,#4455);
#4457=EDGE_CURVE('',#4452,#3024,#4456,.T.);
#4458=ORIENTED_EDGE('',*,*,#4457,.F.);
#4459=CARTESIAN_POINT('',(-12.25,9.,47.5));
#4460=DIRECTION('',(1.,0.,-0.));
#4461=VECTOR('',#4460,2.);
#4462=LINE('',#4459,#4461);
#4463=EDGE_CURVE('',#4452,#4428,#4462,.T.);
#4464=ORIENTED_EDGE('',*,*,#4463,.T.);
#4465=ORIENTED_EDGE('',*,*,#4433,.T.);
#4466=ORIENTED_EDGE('',*,*,#3037,.F.);
#4467=EDGE_LOOP('',(#4458,#4464,#4465,#4466));
#4468=FACE_BOUND('',#4467,.T.);
#4469=ADVANCED_FACE('',(#4468),#4450,.T.);
#4470=CARTESIAN_POINT('',(-12.25,10.,47.));
#4471=DIRECTION('',(-1.,0.,0.));
#4472=DIRECTION('',(0.,0.,1.));
#4473=AXIS2_PLACEMENT_3D('',#4470,#4471,#4472);
#4474=PLANE('',#4473);
#4475=ORIENTED_EDGE('',*,*,#4416,.F.);
#4476=CARTESIAN_POINT('',(-12.25,11.,47.5));
#4477=DIRECTION('',(0.,-1.,0.));
#4478=VECTOR('',#4477,2.);
#4479=LINE('',#4476,#4478);
#4480=EDGE_CURVE('',#4405,#4452,#4479,.T.);
#4481=ORIENTED_EDGE('',*,*,#4480,.T.);
#4482=ORIENTED_EDGE('',*,*,#4457,.T.);
#4483=ORIENTED_EDGE('',*,*,#3029,.F.);
#4484=EDGE_LOOP('',(#4475,#4481,#4482,#4483));
#4485=FACE_BOUND('',#4484,.T.);
#4486=ADVANCED_FACE('',(#4485),#4474,.T.);
#4487=CARTESIAN_POINT('',(-1.25,0.,47.));
#4488=DIRECTION('',(-0.,0.,-1.));
#4489=DIRECTION('',(0.,1.,0.));
#4490=AXIS2_PLACEMENT_3D('',#4487,#4488,#4489);
#4491=PLANE('',#4490);
#4492=CARTESIAN_POINT('',(-10.75,9.5,47.));
#4493=VERTEX_POINT('',#4492);
#4494=CARTESIAN_POINT('',(-11.75,9.5,47.));
#4495=VERTEX_POINT('',#4494);
#4496=CARTESIAN_POINT('',(-10.75,9.5,47.));
#4497=DIRECTION('',(-1.,-0.,0.));
#4498=VECTOR('',#4497,1.);
#4499=LINE('',#4496,#4498);
#4500=EDGE_CURVE('',#4493,#4495,#4499,.T.);
#4501=ORIENTED_EDGE('',*,*,#4500,.T.);
#4502=CARTESIAN_POINT('',(-11.75,10.5,47.));
#4503=VERTEX_POINT('',#4502);
#4504=CARTESIAN_POINT('',(-11.75,9.5,47.));
#4505=DIRECTION('',(-0.,1.,-0.));
#4506=VECTOR('',#4505,1.);
#4507=LINE('',#4504,#4506);
#4508=EDGE_CURVE('',#4495,#4503,#4507,.T.);
#4509=ORIENTED_EDGE('',*,*,#4508,.T.);
#4510=CARTESIAN_POINT('',(-10.75,10.5,47.));
#4511=VERTEX_POINT('',#4510);
#4512=CARTESIAN_POINT('',(-11.75,10.5,47.));
#4513=DIRECTION('',(1.,-0.,-0.));
#4514=VECTOR('',#4513,1.);
#4515=LINE('',#4512,#4514);
#4516=EDGE_CURVE('',#4503,#4511,#4515,.T.);
#4517=ORIENTED_EDGE('',*,*,#4516,.T.);
#4518=CARTESIAN_POINT('',(-10.75,10.5,47.));
#4519=DIRECTION('',(-0.,-1.,-0.));
#4520=VECTOR('',#4519,1.);
#4521=LINE('',#4518,#4520);
#4522=EDGE_CURVE('',#4511,#4493,#4521,.T.);
#4523=ORIENTED_EDGE('',*,*,#4522,.T.);
#4524=EDGE_LOOP('',(#4501,#4509,#4517,#4523));
#4525=FACE_BOUND('',#4524,.T.);
#4526=ADVANCED_FACE('',(#4525),#4491,.T.);
#4527=CARTESIAN_POINT('',(3.25,-4.,47.));
#4528=DIRECTION('',(0.,1.,0.));
#4529=DIRECTION('',(-0.,0.,-1.));
#4530=AXIS2_PLACEMENT_3D('',#4527,#4528,#4529);
#4531=PLANE('',#4530);
#4532=CARTESIAN_POINT('',(4.75,-4.,47.5));
#4533=VERTEX_POINT('',#4532);
#4534=CARTESIAN_POINT('',(4.75,-4.,47.5));
#4535=DIRECTION('',(0.,0.,1.));
#4536=VECTOR('',#4535,0.5);
#4537=LINE('',#4534,#4536);
#4538=EDGE_CURVE('',#4533,#2980,#4537,.T.);
#4539=ORIENTED_EDGE('',*,*,#4538,.F.);
#4540=CARTESIAN_POINT('',(1.75,-4.,47.5));
#4541=VERTEX_POINT('',#4540);
#4542=CARTESIAN_POINT('',(4.75,-4.,47.5));
#4543=DIRECTION('',(-1.,0.,0.));
#4544=VECTOR('',#4543,3.);
#4545=LINE('',#4542,#4544);
#4546=EDGE_CURVE('',#4533,#4541,#4545,.T.);
#4547=ORIENTED_EDGE('',*,*,#4546,.T.);
#4548=CARTESIAN_POINT('',(1.75,-4.,47.5));
#4549=DIRECTION('',(0.,0.,1.));
#4550=VECTOR('',#4549,0.5);
#4551=LINE('',#4548,#4550);
#4552=EDGE_CURVE('',#4541,#2982,#4551,.T.);
#4553=ORIENTED_EDGE('',*,*,#4552,.T.);
#4554=ORIENTED_EDGE('',*,*,#2987,.F.);
#4555=EDGE_LOOP('',(#4539,#4547,#4553,#4554));
#4556=FACE_BOUND('',#4555,.T.);
#4557=ADVANCED_FACE('',(#4556),#4531,.T.);
#4558=CARTESIAN_POINT('',(4.75,-5.5,47.));
#4559=DIRECTION('',(1.,0.,-0.));
#4560=DIRECTION('',(-0.,0.,-1.));
#4561=AXIS2_PLACEMENT_3D('',#4558,#4559,#4560);
#4562=PLANE('',#4561);
#4563=CARTESIAN_POINT('',(4.75,-7.,47.5));
#4564=VERTEX_POINT('',#4563);
#4565=CARTESIAN_POINT('',(4.75,-7.,47.5));
#4566=DIRECTION('',(0.,0.,1.));
#4567=VECTOR('',#4566,0.5);
#4568=LINE('',#4565,#4567);
#4569=EDGE_CURVE('',#4564,#2998,#4568,.T.);
#4570=ORIENTED_EDGE('',*,*,#4569,.F.);
#4571=CARTESIAN_POINT('',(4.75,-7.,47.5));
#4572=DIRECTION('',(0.,1.,0.));
#4573=VECTOR('',#4572,3.);
#4574=LINE('',#4571,#4573);
#4575=EDGE_CURVE('',#4564,#4533,#4574,.T.);
#4576=ORIENTED_EDGE('',*,*,#4575,.T.);
#4577=ORIENTED_EDGE('',*,*,#4538,.T.);
#4578=ORIENTED_EDGE('',*,*,#3009,.F.);
#4579=EDGE_LOOP('',(#4570,#4576,#4577,#4578));
#4580=FACE_BOUND('',#4579,.T.);
#4581=ADVANCED_FACE('',(#4580),#4562,.T.);
#4582=CARTESIAN_POINT('',(3.25,-7.,47.));
#4583=DIRECTION('',(0.,-1.,0.));
#4584=DIRECTION('',(0.,0.,1.));
#4585=AXIS2_PLACEMENT_3D('',#4582,#4583,#4584);
#4586=PLANE('',#4585);
#4587=CARTESIAN_POINT('',(1.75,-7.,47.5));
#4588=VERTEX_POINT('',#4587);
#4589=CARTESIAN_POINT('',(1.75,-7.,47.5));
#4590=DIRECTION('',(0.,0.,1.));
#4591=VECTOR('',#4590,0.5);
#4592=LINE('',#4589,#4591);
#4593=EDGE_CURVE('',#4588,#2990,#4592,.T.);
#4594=ORIENTED_EDGE('',*,*,#4593,.F.);
#4595=CARTESIAN_POINT('',(1.75,-7.,47.5));
#4596=DIRECTION('',(1.,0.,-0.));
#4597=VECTOR('',#4596,3.);
#4598=LINE('',#4595,#4597);
#4599=EDGE_CURVE('',#4588,#4564,#4598,.T.);
#4600=ORIENTED_EDGE('',*,*,#4599,.T.);
#4601=ORIENTED_EDGE('',*,*,#4569,.T.);
#4602=ORIENTED_EDGE('',*,*,#3003,.F.);
#4603=EDGE_LOOP('',(#4594,#4600,#4601,#4602));
#4604=FACE_BOUND('',#4603,.T.);
#4605=ADVANCED_FACE('',(#4604),#4586,.T.);
#4606=CARTESIAN_POINT('',(1.75,-5.5,47.));
#4607=DIRECTION('',(-1.,0.,0.));
#4608=DIRECTION('',(0.,0.,1.));
#4609=AXIS2_PLACEMENT_3D('',#4606,#4607,#4608);
#4610=PLANE('',#4609);
#4611=ORIENTED_EDGE('',*,*,#4552,.F.);
#4612=CARTESIAN_POINT('',(1.75,-4.,47.5));
#4613=DIRECTION('',(0.,-1.,0.));
#4614=VECTOR('',#4613,3.);
#4615=LINE('',#4612,#4614);
#4616=EDGE_CURVE('',#4541,#4588,#4615,.T.);
#4617=ORIENTED_EDGE('',*,*,#4616,.T.);
#4618=ORIENTED_EDGE('',*,*,#4593,.T.);
#4619=ORIENTED_EDGE('',*,*,#2995,.F.);
#4620=EDGE_LOOP('',(#4611,#4617,#4618,#4619));
#4621=FACE_BOUND('',#4620,.T.);
#4622=ADVANCED_FACE('',(#4621),#4610,.T.);
#4623=CARTESIAN_POINT('',(-1.25,0.,47.));
#4624=DIRECTION('',(-0.,0.,-1.));
#4625=DIRECTION('',(0.,1.,0.));
#4626=AXIS2_PLACEMENT_3D('',#4623,#4624,#4625);
#4627=PLANE('',#4626);
#4628=CARTESIAN_POINT('',(2.25,-6.5,47.));
#4629=VERTEX_POINT('',#4628);
#4630=CARTESIAN_POINT('',(2.25,-4.5,47.));
#4631=VERTEX_POINT('',#4630);
#4632=CARTESIAN_POINT('',(2.25,-6.5,47.));
#4633=DIRECTION('',(-0.,1.,-0.));
#4634=VECTOR('',#4633,2.);
#4635=LINE('',#4632,#4634);
#4636=EDGE_CURVE('',#4629,#4631,#4635,.T.);
#4637=ORIENTED_EDGE('',*,*,#4636,.T.);
#4638=CARTESIAN_POINT('',(4.25,-4.5,47.));
#4639=VERTEX_POINT('',#4638);
#4640=CARTESIAN_POINT('',(2.25,-4.5,47.));
#4641=DIRECTION('',(1.,-0.,-0.));
#4642=VECTOR('',#4641,2.);
#4643=LINE('',#4640,#4642);
#4644=EDGE_CURVE('',#4631,#4639,#4643,.T.);
#4645=ORIENTED_EDGE('',*,*,#4644,.T.);
#4646=CARTESIAN_POINT('',(4.25,-6.5,47.));
#4647=VERTEX_POINT('',#4646);
#4648=CARTESIAN_POINT('',(4.25,-4.5,47.));
#4649=DIRECTION('',(-0.,-1.,-0.));
#4650=VECTOR('',#4649,2.);
#4651=LINE('',#4648,#4650);
#4652=EDGE_CURVE('',#4639,#4647,#4651,.T.);
#4653=ORIENTED_EDGE('',*,*,#4652,.T.);
#4654=CARTESIAN_POINT('',(4.25,-6.5,47.));
#4655=DIRECTION('',(-1.,-0.,0.));
#4656=VECTOR('',#4655,2.);
#4657=LINE('',#4654,#4656);
#4658=EDGE_CURVE('',#4647,#4629,#4657,.T.);
#4659=ORIENTED_EDGE('',*,*,#4658,.T.);
#4660=EDGE_LOOP('',(#4637,#4645,#4653,#4659));
#4661=FACE_BOUND('',#4660,.T.);
#4662=ADVANCED_FACE('',(#4661),#4627,.T.);
#4663=CARTESIAN_POINT('',(5.625,19.3125,46.));
#4664=DIRECTION('',(-1.,0.,0.));
#4665=DIRECTION('',(0.,0.,1.));
#4666=AXIS2_PLACEMENT_3D('',#4663,#4664,#4665);
#4667=PLANE('',#4666);
#4668=CARTESIAN_POINT('',(5.625,19.625,46.));
#4669=VERTEX_POINT('',#4668);
#4670=CARTESIAN_POINT('',(5.625,19.625,41.5));
#4671=VERTEX_POINT('',#4670);
#4672=CARTESIAN_POINT('',(5.625,19.625,46.));
#4673=DIRECTION('',(-0.,0.,-1.));
#4674=VECTOR('',#4673,4.5);
#4675=LINE('',#4672,#4674);
#4676=EDGE_CURVE('',#4669,#4671,#4675,.T.);
#4677=ORIENTED_EDGE('',*,*,#4676,.T.);
#4678=CARTESIAN_POINT('',(5.625,18.375,41.5));
#4679=VERTEX_POINT('',#4678);
#4680=CARTESIAN_POINT('',(5.625,19.625,41.5));
#4681=DIRECTION('',(0.,-1.,0.));
#4682=VECTOR('',#4681,1.25);
#4683=LINE('',#4680,#4682);
#4684=EDGE_CURVE('',#4671,#4679,#4683,.T.);
#4685=ORIENTED_EDGE('',*,*,#4684,.T.);
#4686=CARTESIAN_POINT('',(5.625,18.375,46.));
#4687=VERTEX_POINT('',#4686);
#4688=CARTESIAN_POINT('',(5.625,18.375,46.));
#4689=DIRECTION('',(-0.,0.,-1.));
#4690=VECTOR('',#4689,4.5);
#4691=LINE('',#4688,#4690);
#4692=EDGE_CURVE('',#4687,#4679,#4691,.T.);
#4693=ORIENTED_EDGE('',*,*,#4692,.F.);
#4694=CARTESIAN_POINT('',(5.625,18.375,46.));
#4695=DIRECTION('',(0.,1.,0.));
#4696=VECTOR('',#4695,1.25);
#4697=LINE('',#4694,#4696);
#4698=EDGE_CURVE('',#4687,#4669,#4697,.T.);
#4699=ORIENTED_EDGE('',*,*,#4698,.T.);
#4700=EDGE_LOOP('',(#4677,#4685,#4693,#4699));
#4701=FACE_BOUND('',#4700,.T.);
#4702=ADVANCED_FACE('',(#4701),#4667,.T.);
#4703=CARTESIAN_POINT('',(5.,18.375,46.));
#4704=DIRECTION('',(0.,1.,0.));
#4705=DIRECTION('',(-0.,0.,-1.));
#4706=AXIS2_PLACEMENT_3D('',#4703,#4704,#4705);
#4707=PLANE('',#4706);
#4708=ORIENTED_EDGE('',*,*,#4692,.T.);
#4709=CARTESIAN_POINT('',(4.375,18.375,41.5));
#4710=VERTEX_POINT('',#4709);
#4711=CARTESIAN_POINT('',(5.625,18.375,41.5));
#4712=DIRECTION('',(-1.,0.,0.));
#4713=VECTOR('',#4712,1.25);
#4714=LINE('',#4711,#4713);
#4715=EDGE_CURVE('',#4679,#4710,#4714,.T.);
#4716=ORIENTED_EDGE('',*,*,#4715,.T.);
#4717=CARTESIAN_POINT('',(4.375,18.375,46.));
#4718=VERTEX_POINT('',#4717);
#4719=CARTESIAN_POINT('',(4.375,18.375,46.));
#4720=DIRECTION('',(-0.,0.,-1.));
#4721=VECTOR('',#4720,4.5);
#4722=LINE('',#4719,#4721);
#4723=EDGE_CURVE('',#4718,#4710,#4722,.T.);
#4724=ORIENTED_EDGE('',*,*,#4723,.F.);
#4725=CARTESIAN_POINT('',(4.375,18.375,46.));
#4726=DIRECTION('',(1.,0.,-0.));
#4727=VECTOR('',#4726,1.25);
#4728=LINE('',#4725,#4727);
#4729=EDGE_CURVE('',#4718,#4687,#4728,.T.);
#4730=ORIENTED_EDGE('',*,*,#4729,.T.);
#4731=EDGE_LOOP('',(#4708,#4716,#4724,#4730));
#4732=FACE_BOUND('',#4731,.T.);
#4733=ADVANCED_FACE('',(#4732),#4707,.T.);
#4734=CARTESIAN_POINT('',(4.375,19.3125,46.));
#4735=DIRECTION('',(1.,0.,-0.));
#4736=DIRECTION('',(-0.,0.,-1.));
#4737=AXIS2_PLACEMENT_3D('',#4734,#4735,#4736);
#4738=PLANE('',#4737);
#4739=ORIENTED_EDGE('',*,*,#4723,.T.);
#4740=CARTESIAN_POINT('',(4.375,19.625,41.5));
#4741=VERTEX_POINT('',#4740);
#4742=CARTESIAN_POINT('',(4.375,18.375,41.5));
#4743=DIRECTION('',(0.,1.,0.));
#4744=VECTOR('',#4743,1.25);
#4745=LINE('',#4742,#4744);
#4746=EDGE_CURVE('',#4710,#4741,#4745,.T.);
#4747=ORIENTED_EDGE('',*,*,#4746,.T.);
#4748=CARTESIAN_POINT('',(4.375,19.625,46.));
#4749=VERTEX_POINT('',#4748);
#4750=CARTESIAN_POINT('',(4.375,19.625,46.));
#4751=DIRECTION('',(-0.,0.,-1.));
#4752=VECTOR('',#4751,4.5);
#4753=LINE('',#4750,#4752);
#4754=EDGE_CURVE('',#4749,#4741,#4753,.T.);
#4755=ORIENTED_EDGE('',*,*,#4754,.F.);
#4756=CARTESIAN_POINT('',(4.375,19.625,46.));
#4757=DIRECTION('',(0.,-1.,0.));
#4758=VECTOR('',#4757,1.25);
#4759=LINE('',#4756,#4758);
#4760=EDGE_CURVE('',#4749,#4718,#4759,.T.);
#4761=ORIENTED_EDGE('',*,*,#4760,.T.);
#4762=EDGE_LOOP('',(#4739,#4747,#4755,#4761));
#4763=FACE_BOUND('',#4762,.T.);
#4764=ADVANCED_FACE('',(#4763),#4738,.T.);
#4765=CARTESIAN_POINT('',(5.,19.625,46.));
#4766=DIRECTION('',(0.,-1.,0.));
#4767=DIRECTION('',(0.,0.,1.));
#4768=AXIS2_PLACEMENT_3D('',#4765,#4766,#4767);
#4769=PLANE('',#4768);
#4770=ORIENTED_EDGE('',*,*,#4754,.T.);
#4771=CARTESIAN_POINT('',(4.375,19.625,41.5));
#4772=DIRECTION('',(1.,0.,-0.));
#4773=VECTOR('',#4772,1.25);
#4774=LINE('',#4771,#4773);
#4775=EDGE_CURVE('',#4741,#4671,#4774,.T.);
#4776=ORIENTED_EDGE('',*,*,#4775,.T.);
#4777=ORIENTED_EDGE('',*,*,#4676,.F.);
#4778=CARTESIAN_POINT('',(5.625,19.625,46.));
#4779=DIRECTION('',(-1.,0.,0.));
#4780=VECTOR('',#4779,1.25);
#4781=LINE('',#4778,#4780);
#4782=EDGE_CURVE('',#4669,#4749,#4781,.T.);
#4783=ORIENTED_EDGE('',*,*,#4782,.T.);
#4784=EDGE_LOOP('',(#4770,#4776,#4777,#4783));
#4785=FACE_BOUND('',#4784,.T.);
#4786=ADVANCED_FACE('',(#4785),#4769,.T.);
#4787=CARTESIAN_POINT('',(-1.25,0.,46.));
#4788=DIRECTION('',(-0.,0.,-1.));
#4789=DIRECTION('',(1.,0.,-0.));
#4790=AXIS2_PLACEMENT_3D('',#4787,#4788,#4789);
#4791=PLANE('',#4790);
#4792=ORIENTED_EDGE('',*,*,#4698,.F.);
#4793=ORIENTED_EDGE('',*,*,#4729,.F.);
#4794=ORIENTED_EDGE('',*,*,#4760,.F.);
#4795=ORIENTED_EDGE('',*,*,#4782,.F.);
#4796=EDGE_LOOP('',(#4792,#4793,#4794,#4795));
#4797=FACE_BOUND('',#4796,.T.);
#4798=ADVANCED_FACE('',(#4797),#4791,.T.);
#4799=CARTESIAN_POINT('',(3.125,19.3125,46.));
#4800=DIRECTION('',(-1.,0.,0.));
#4801=DIRECTION('',(0.,0.,1.));
#4802=AXIS2_PLACEMENT_3D('',#4799,#4800,#4801);
#4803=PLANE('',#4802);
#4804=CARTESIAN_POINT('',(3.125,19.625,46.));
#4805=VERTEX_POINT('',#4804);
#4806=CARTESIAN_POINT('',(3.125,19.625,41.5));
#4807=VERTEX_POINT('',#4806);
#4808=CARTESIAN_POINT('',(3.125,19.625,46.));
#4809=DIRECTION('',(-0.,0.,-1.));
#4810=VECTOR('',#4809,4.5);
#4811=LINE('',#4808,#4810);
#4812=EDGE_CURVE('',#4805,#4807,#4811,.T.);
#4813=ORIENTED_EDGE('',*,*,#4812,.T.);
#4814=CARTESIAN_POINT('',(3.125,18.375,41.5));
#4815=VERTEX_POINT('',#4814);
#4816=CARTESIAN_POINT('',(3.125,19.625,41.5));
#4817=DIRECTION('',(0.,-1.,0.));
#4818=VECTOR('',#4817,1.25);
#4819=LINE('',#4816,#4818);
#4820=EDGE_CURVE('',#4807,#4815,#4819,.T.);
#4821=ORIENTED_EDGE('',*,*,#4820,.T.);
#4822=CARTESIAN_POINT('',(3.125,18.375,46.));
#4823=VERTEX_POINT('',#4822);
#4824=CARTESIAN_POINT('',(3.125,18.375,46.));
#4825=DIRECTION('',(-0.,0.,-1.));
#4826=VECTOR('',#4825,4.5);
#4827=LINE('',#4824,#4826);
#4828=EDGE_CURVE('',#4823,#4815,#4827,.T.);
#4829=ORIENTED_EDGE('',*,*,#4828,.F.);
#4830=CARTESIAN_POINT('',(3.125,18.375,46.));
#4831=DIRECTION('',(0.,1.,0.));
#4832=VECTOR('',#4831,1.25);
#4833=LINE('',#4830,#4832);
#4834=EDGE_CURVE('',#4823,#4805,#4833,.T.);
#4835=ORIENTED_EDGE('',*,*,#4834,.T.);
#4836=EDGE_LOOP('',(#4813,#4821,#4829,#4835));
#4837=FACE_BOUND('',#4836,.T.);
#4838=ADVANCED_FACE('',(#4837),#4803,.T.);
#4839=CARTESIAN_POINT('',(2.5,18.375,46.));
#4840=DIRECTION('',(0.,1.,0.));
#4841=DIRECTION('',(-0.,0.,-1.));
#4842=AXIS2_PLACEMENT_3D('',#4839,#4840,#4841);
#4843=PLANE('',#4842);
#4844=ORIENTED_EDGE('',*,*,#4828,.T.);
#4845=CARTESIAN_POINT('',(1.875,18.375,41.5));
#4846=VERTEX_POINT('',#4845);
#4847=CARTESIAN_POINT('',(3.125,18.375,41.5));
#4848=DIRECTION('',(-1.,0.,0.));
#4849=VECTOR('',#4848,1.25);
#4850=LINE('',#4847,#4849);
#4851=EDGE_CURVE('',#4815,#4846,#4850,.T.);
#4852=ORIENTED_EDGE('',*,*,#4851,.T.);
#4853=CARTESIAN_POINT('',(1.875,18.375,46.));
#4854=VERTEX_POINT('',#4853);
#4855=CARTESIAN_POINT('',(1.875,18.375,46.));
#4856=DIRECTION('',(-0.,0.,-1.));
#4857=VECTOR('',#4856,4.5);
#4858=LINE('',#4855,#4857);
#4859=EDGE_CURVE('',#4854,#4846,#4858,.T.);
#4860=ORIENTED_EDGE('',*,*,#4859,.F.);
#4861=CARTESIAN_POINT('',(1.875,18.375,46.));
#4862=DIRECTION('',(1.,0.,-0.));
#4863=VECTOR('',#4862,1.25);
#4864=LINE('',#4861,#4863);
#4865=EDGE_CURVE('',#4854,#4823,#4864,.T.);
#4866=ORIENTED_EDGE('',*,*,#4865,.T.);
#4867=EDGE_LOOP('',(#4844,#4852,#4860,#4866));
#4868=FACE_BOUND('',#4867,.T.);
#4869=ADVANCED_FACE('',(#4868),#4843,.T.);
#4870=CARTESIAN_POINT('',(1.875,19.3125,46.));
#4871=DIRECTION('',(1.,0.,-0.));
#4872=DIRECTION('',(-0.,0.,-1.));
#4873=AXIS2_PLACEMENT_3D('',#4870,#4871,#4872);
#4874=PLANE('',#4873);
#4875=ORIENTED_EDGE('',*,*,#4859,.T.);
#4876=CARTESIAN_POINT('',(1.875,19.625,41.5));
#4877=VERTEX_POINT('',#4876);
#4878=CARTESIAN_POINT('',(1.875,18.375,41.5));
#4879=DIRECTION('',(0.,1.,0.));
#4880=VECTOR('',#4879,1.25);
#4881=LINE('',#4878,#4880);
#4882=EDGE_CURVE('',#4846,#4877,#4881,.T.);
#4883=ORIENTED_EDGE('',*,*,#4882,.T.);
#4884=CARTESIAN_POINT('',(1.875,19.625,46.));
#4885=VERTEX_POINT('',#4884);
#4886=CARTESIAN_POINT('',(1.875,19.625,46.));
#4887=DIRECTION('',(-0.,0.,-1.));
#4888=VECTOR('',#4887,4.5);
#4889=LINE('',#4886,#4888);
#4890=EDGE_CURVE('',#4885,#4877,#4889,.T.);
#4891=ORIENTED_EDGE('',*,*,#4890,.F.);
#4892=CARTESIAN_POINT('',(1.875,19.625,46.));
#4893=DIRECTION('',(0.,-1.,0.));
#4894=VECTOR('',#4893,1.25);
#4895=LINE('',#4892,#4894);
#4896=EDGE_CURVE('',#4885,#4854,#4895,.T.);
#4897=ORIENTED_EDGE('',*,*,#4896,.T.);
#4898=EDGE_LOOP('',(#4875,#4883,#4891,#4897));
#4899=FACE_BOUND('',#4898,.T.);
#4900=ADVANCED_FACE('',(#4899),#4874,.T.);
#4901=CARTESIAN_POINT('',(2.5,19.625,46.));
#4902=DIRECTION('',(0.,-1.,0.));
#4903=DIRECTION('',(0.,0.,1.));
#4904=AXIS2_PLACEMENT_3D('',#4901,#4902,#4903);
#4905=PLANE('',#4904);
#4906=ORIENTED_EDGE('',*,*,#4890,.T.);
#4907=CARTESIAN_POINT('',(1.875,19.625,41.5));
#4908=DIRECTION('',(1.,0.,-0.));
#4909=VECTOR('',#4908,1.25);
#4910=LINE('',#4907,#4909);
#4911=EDGE_CURVE('',#4877,#4807,#4910,.T.);
#4912=ORIENTED_EDGE('',*,*,#4911,.T.);
#4913=ORIENTED_EDGE('',*,*,#4812,.F.);
#4914=CARTESIAN_POINT('',(3.125,19.625,46.));
#4915=DIRECTION('',(-1.,0.,0.));
#4916=VECTOR('',#4915,1.25);
#4917=LINE('',#4914,#4916);
#4918=EDGE_CURVE('',#4805,#4885,#4917,.T.);
#4919=ORIENTED_EDGE('',*,*,#4918,.T.);
#4920=EDGE_LOOP('',(#4906,#4912,#4913,#4919));
#4921=FACE_BOUND('',#4920,.T.);
#4922=ADVANCED_FACE('',(#4921),#4905,.T.);
#4923=CARTESIAN_POINT('',(-1.25,0.,46.));
#4924=DIRECTION('',(-0.,0.,-1.));
#4925=DIRECTION('',(1.,0.,-0.));
#4926=AXIS2_PLACEMENT_3D('',#4923,#4924,#4925);
#4927=PLANE('',#4926);
#4928=ORIENTED_EDGE('',*,*,#4834,.F.);
#4929=ORIENTED_EDGE('',*,*,#4865,.F.);
#4930=ORIENTED_EDGE('',*,*,#4896,.F.);
#4931=ORIENTED_EDGE('',*,*,#4918,.F.);
#4932=EDGE_LOOP('',(#4928,#4929,#4930,#4931));
#4933=FACE_BOUND('',#4932,.T.);
#4934=ADVANCED_FACE('',(#4933),#4927,.T.);
#4935=CARTESIAN_POINT('',(-9.375,19.,46.));
#4936=DIRECTION('',(-1.,0.,0.));
#4937=DIRECTION('',(0.,0.,1.));
#4938=AXIS2_PLACEMENT_3D('',#4935,#4936,#4937);
#4939=PLANE('',#4938);
#4940=CARTESIAN_POINT('',(-9.375,19.625,46.));
#4941=VERTEX_POINT('',#4940);
#4942=CARTESIAN_POINT('',(-9.375,19.625,41.5));
#4943=VERTEX_POINT('',#4942);
#4944=CARTESIAN_POINT('',(-9.375,19.625,46.));
#4945=DIRECTION('',(-0.,0.,-1.));
#4946=VECTOR('',#4945,4.5);
#4947=LINE('',#4944,#4946);
#4948=EDGE_CURVE('',#4941,#4943,#4947,.T.);
#4949=ORIENTED_EDGE('',*,*,#4948,.T.);
#4950=CARTESIAN_POINT('',(-9.375,18.375,41.5));
#4951=VERTEX_POINT('',#4950);
#4952=CARTESIAN_POINT('',(-9.375,19.625,41.5));
#4953=DIRECTION('',(0.,-1.,0.));
#4954=VECTOR('',#4953,1.25);
#4955=LINE('',#4952,#4954);
#4956=EDGE_CURVE('',#4943,#4951,#4955,.T.);
#4957=ORIENTED_EDGE('',*,*,#4956,.T.);
#4958=CARTESIAN_POINT('',(-9.375,18.375,46.));
#4959=VERTEX_POINT('',#4958);
#4960=CARTESIAN_POINT('',(-9.375,18.375,46.));
#4961=DIRECTION('',(-0.,0.,-1.));
#4962=VECTOR('',#4961,4.5);
#4963=LINE('',#4960,#4962);
#4964=EDGE_CURVE('',#4959,#4951,#4963,.T.);
#4965=ORIENTED_EDGE('',*,*,#4964,.F.);
#4966=CARTESIAN_POINT('',(-9.375,18.375,46.));
#4967=DIRECTION('',(0.,1.,0.));
#4968=VECTOR('',#4967,1.25);
#4969=LINE('',#4966,#4968);
#4970=EDGE_CURVE('',#4959,#4941,#4969,.T.);
#4971=ORIENTED_EDGE('',*,*,#4970,.T.);
#4972=EDGE_LOOP('',(#4949,#4957,#4965,#4971));
#4973=FACE_BOUND('',#4972,.T.);
#4974=ADVANCED_FACE('',(#4973),#4939,.T.);
#4975=CARTESIAN_POINT('',(-10.,18.375,46.));
#4976=DIRECTION('',(0.,1.,0.));
#4977=DIRECTION('',(-0.,0.,-1.));
#4978=AXIS2_PLACEMENT_3D('',#4975,#4976,#4977);
#4979=PLANE('',#4978);
#4980=ORIENTED_EDGE('',*,*,#4964,.T.);
#4981=CARTESIAN_POINT('',(-10.625,18.375,41.5));
#4982=VERTEX_POINT('',#4981);
#4983=CARTESIAN_POINT('',(-9.375,18.375,41.5));
#4984=DIRECTION('',(-1.,0.,0.));
#4985=VECTOR('',#4984,1.25);
#4986=LINE('',#4983,#4985);
#4987=EDGE_CURVE('',#4951,#4982,#4986,.T.);
#4988=ORIENTED_EDGE('',*,*,#4987,.T.);
#4989=CARTESIAN_POINT('',(-10.625,18.375,46.));
#4990=VERTEX_POINT('',#4989);
#4991=CARTESIAN_POINT('',(-10.625,18.375,46.));
#4992=DIRECTION('',(-0.,0.,-1.));
#4993=VECTOR('',#4992,4.5);
#4994=LINE('',#4991,#4993);
#4995=EDGE_CURVE('',#4990,#4982,#4994,.T.);
#4996=ORIENTED_EDGE('',*,*,#4995,.F.);
#4997=CARTESIAN_POINT('',(-10.625,18.375,46.));
#4998=DIRECTION('',(1.,0.,-0.));
#4999=VECTOR('',#4998,1.25);
#5000=LINE('',#4997,#4999);
#5001=EDGE_CURVE('',#4990,#4959,#5000,.T.);
#5002=ORIENTED_EDGE('',*,*,#5001,.T.);
#5003=EDGE_LOOP('',(#4980,#4988,#4996,#5002));
#5004=FACE_BOUND('',#5003,.T.);
#5005=ADVANCED_FACE('',(#5004),#4979,.T.);
#5006=CARTESIAN_POINT('',(-10.625,19.,46.));
#5007=DIRECTION('',(1.,0.,-0.));
#5008=DIRECTION('',(-0.,0.,-1.));
#5009=AXIS2_PLACEMENT_3D('',#5006,#5007,#5008);
#5010=PLANE('',#5009);
#5011=ORIENTED_EDGE('',*,*,#4995,.T.);
#5012=CARTESIAN_POINT('',(-10.625,19.625,41.5));
#5013=VERTEX_POINT('',#5012);
#5014=CARTESIAN_POINT('',(-10.625,18.375,41.5));
#5015=DIRECTION('',(0.,1.,0.));
#5016=VECTOR('',#5015,1.25);
#5017=LINE('',#5014,#5016);
#5018=EDGE_CURVE('',#4982,#5013,#5017,.T.);
#5019=ORIENTED_EDGE('',*,*,#5018,.T.);
#5020=CARTESIAN_POINT('',(-10.625,19.625,46.));
#5021=VERTEX_POINT('',#5020);
#5022=CARTESIAN_POINT('',(-10.625,19.625,46.));
#5023=DIRECTION('',(-0.,0.,-1.));
#5024=VECTOR('',#5023,4.5);
#5025=LINE('',#5022,#5024);
#5026=EDGE_CURVE('',#5021,#5013,#5025,.T.);
#5027=ORIENTED_EDGE('',*,*,#5026,.F.);
#5028=CARTESIAN_POINT('',(-10.625,19.625,46.));
#5029=DIRECTION('',(0.,-1.,0.));
#5030=VECTOR('',#5029,1.25);
#5031=LINE('',#5028,#5030);
#5032=EDGE_CURVE('',#5021,#4990,#5031,.T.);
#5033=ORIENTED_EDGE('',*,*,#5032,.T.);
#5034=EDGE_LOOP('',(#5011,#5019,#5027,#5033));
#5035=FACE_BOUND('',#5034,.T.);
#5036=ADVANCED_FACE('',(#5035),#5010,.T.);
#5037=CARTESIAN_POINT('',(-10.,19.625,46.));
#5038=DIRECTION('',(0.,-1.,0.));
#5039=DIRECTION('',(0.,0.,1.));
#5040=AXIS2_PLACEMENT_3D('',#5037,#5038,#5039);
#5041=PLANE('',#5040);
#5042=ORIENTED_EDGE('',*,*,#5026,.T.);
#5043=CARTESIAN_POINT('',(-10.625,19.625,41.5));
#5044=DIRECTION('',(1.,0.,-0.));
#5045=VECTOR('',#5044,1.25);
#5046=LINE('',#5043,#5045);
#5047=EDGE_CURVE('',#5013,#4943,#5046,.T.);
#5048=ORIENTED_EDGE('',*,*,#5047,.T.);
#5049=ORIENTED_EDGE('',*,*,#4948,.F.);
#5050=CARTESIAN_POINT('',(-9.375,19.625,46.));
#5051=DIRECTION('',(-1.,0.,0.));
#5052=VECTOR('',#5051,1.25);
#5053=LINE('',#5050,#5052);
#5054=EDGE_CURVE('',#4941,#5021,#5053,.T.);
#5055=ORIENTED_EDGE('',*,*,#5054,.T.);
#5056=EDGE_LOOP('',(#5042,#5048,#5049,#5055));
#5057=FACE_BOUND('',#5056,.T.);
#5058=ADVANCED_FACE('',(#5057),#5041,.T.);
#5059=CARTESIAN_POINT('',(-1.25,0.,46.));
#5060=DIRECTION('',(-0.,0.,-1.));
#5061=DIRECTION('',(1.,0.,-0.));
#5062=AXIS2_PLACEMENT_3D('',#5059,#5060,#5061);
#5063=PLANE('',#5062);
#5064=ORIENTED_EDGE('',*,*,#4970,.F.);
#5065=ORIENTED_EDGE('',*,*,#5001,.F.);
#5066=ORIENTED_EDGE('',*,*,#5032,.F.);
#5067=ORIENTED_EDGE('',*,*,#5054,.F.);
#5068=EDGE_LOOP('',(#5064,#5065,#5066,#5067));
#5069=FACE_BOUND('',#5068,.T.);
#5070=ADVANCED_FACE('',(#5069),#5063,.T.);
#5071=CARTESIAN_POINT('',(0.625,19.,46.));
#5072=DIRECTION('',(-1.,0.,0.));
#5073=DIRECTION('',(0.,0.,1.));
#5074=AXIS2_PLACEMENT_3D('',#5071,#5072,#5073);
#5075=PLANE('',#5074);
#5076=CARTESIAN_POINT('',(0.625,19.625,46.));
#5077=VERTEX_POINT('',#5076);
#5078=CARTESIAN_POINT('',(0.625,19.625,41.5));
#5079=VERTEX_POINT('',#5078);
#5080=CARTESIAN_POINT('',(0.625,19.625,46.));
#5081=DIRECTION('',(-0.,0.,-1.));
#5082=VECTOR('',#5081,4.5);
#5083=LINE('',#5080,#5082);
#5084=EDGE_CURVE('',#5077,#5079,#5083,.T.);
#5085=ORIENTED_EDGE('',*,*,#5084,.T.);
#5086=CARTESIAN_POINT('',(0.625,18.375,41.5));
#5087=VERTEX_POINT('',#5086);
#5088=CARTESIAN_POINT('',(0.625,19.625,41.5));
#5089=DIRECTION('',(0.,-1.,0.));
#5090=VECTOR('',#5089,1.25);
#5091=LINE('',#5088,#5090);
#5092=EDGE_CURVE('',#5079,#5087,#5091,.T.);
#5093=ORIENTED_EDGE('',*,*,#5092,.T.);
#5094=CARTESIAN_POINT('',(0.625,18.375,46.));
#5095=VERTEX_POINT('',#5094);
#5096=CARTESIAN_POINT('',(0.625,18.375,46.));
#5097=DIRECTION('',(-0.,0.,-1.));
#5098=VECTOR('',#5097,4.5);
#5099=LINE('',#5096,#5098);
#5100=EDGE_CURVE('',#5095,#5087,#5099,.T.);
#5101=ORIENTED_EDGE('',*,*,#5100,.F.);
#5102=CARTESIAN_POINT('',(0.625,18.375,46.));
#5103=DIRECTION('',(0.,1.,0.));
#5104=VECTOR('',#5103,1.25);
#5105=LINE('',#5102,#5104);
#5106=EDGE_CURVE('',#5095,#5077,#5105,.T.);
#5107=ORIENTED_EDGE('',*,*,#5106,.T.);
#5108=EDGE_LOOP('',(#5085,#5093,#5101,#5107));
#5109=FACE_BOUND('',#5108,.T.);
#5110=ADVANCED_FACE('',(#5109),#5075,.T.);
#5111=CARTESIAN_POINT('',(-0.,18.375,46.));
#5112=DIRECTION('',(0.,1.,0.));
#5113=DIRECTION('',(-0.,0.,-1.));
#5114=AXIS2_PLACEMENT_3D('',#5111,#5112,#5113);
#5115=PLANE('',#5114);
#5116=ORIENTED_EDGE('',*,*,#5100,.T.);
#5117=CARTESIAN_POINT('',(-0.625,18.375,41.5));
#5118=VERTEX_POINT('',#5117);
#5119=CARTESIAN_POINT('',(0.625,18.375,41.5));
#5120=DIRECTION('',(-1.,0.,0.));
#5121=VECTOR('',#5120,1.25);
#5122=LINE('',#5119,#5121);
#5123=EDGE_CURVE('',#5087,#5118,#5122,.T.);
#5124=ORIENTED_EDGE('',*,*,#5123,.T.);
#5125=CARTESIAN_POINT('',(-0.625,18.375,46.));
#5126=VERTEX_POINT('',#5125);
#5127=CARTESIAN_POINT('',(-0.625,18.375,46.));
#5128=DIRECTION('',(-0.,0.,-1.));
#5129=VECTOR('',#5128,4.5);
#5130=LINE('',#5127,#5129);
#5131=EDGE_CURVE('',#5126,#5118,#5130,.T.);
#5132=ORIENTED_EDGE('',*,*,#5131,.F.);
#5133=CARTESIAN_POINT('',(-0.625,18.375,46.));
#5134=DIRECTION('',(1.,0.,-0.));
#5135=VECTOR('',#5134,1.25);
#5136=LINE('',#5133,#5135);
#5137=EDGE_CURVE('',#5126,#5095,#5136,.T.);
#5138=ORIENTED_EDGE('',*,*,#5137,.T.);
#5139=EDGE_LOOP('',(#5116,#5124,#5132,#5138));
#5140=FACE_BOUND('',#5139,.T.);
#5141=ADVANCED_FACE('',(#5140),#5115,.T.);
#5142=CARTESIAN_POINT('',(-0.625,19.,46.));
#5143=DIRECTION('',(1.,0.,-0.));
#5144=DIRECTION('',(-0.,0.,-1.));
#5145=AXIS2_PLACEMENT_3D('',#5142,#5143,#5144);
#5146=PLANE('',#5145);
#5147=ORIENTED_EDGE('',*,*,#5131,.T.);
#5148=CARTESIAN_POINT('',(-0.625,19.625,41.5));
#5149=VERTEX_POINT('',#5148);
#5150=CARTESIAN_POINT('',(-0.625,18.375,41.5));
#5151=DIRECTION('',(0.,1.,0.));
#5152=VECTOR('',#5151,1.25);
#5153=LINE('',#5150,#5152);
#5154=EDGE_CURVE('',#5118,#5149,#5153,.T.);
#5155=ORIENTED_EDGE('',*,*,#5154,.T.);
#5156=CARTESIAN_POINT('',(-0.625,19.625,46.));
#5157=VERTEX_POINT('',#5156);
#5158=CARTESIAN_POINT('',(-0.625,19.625,46.));
#5159=DIRECTION('',(-0.,0.,-1.));
#5160=VECTOR('',#5159,4.5);
#5161=LINE('',#5158,#5160);
#5162=EDGE_CURVE('',#5157,#5149,#5161,.T.);
#5163=ORIENTED_EDGE('',*,*,#5162,.F.);
#5164=CARTESIAN_POINT('',(-0.625,19.625,46.));
#5165=DIRECTION('',(0.,-1.,0.));
#5166=VECTOR('',#5165,1.25);
#5167=LINE('',#5164,#5166);
#5168=EDGE_CURVE('',#5157,#5126,#5167,.T.);
#5169=ORIENTED_EDGE('',*,*,#5168,.T.);
#5170=EDGE_LOOP('',(#5147,#5155,#5163,#5169));
#5171=FACE_BOUND('',#5170,.T.);
#5172=ADVANCED_FACE('',(#5171),#5146,.T.);
#5173=CARTESIAN_POINT('',(-0.,19.625,46.));
#5174=DIRECTION('',(0.,-1.,0.));
#5175=DIRECTION('',(0.,0.,1.));
#5176=AXIS2_PLACEMENT_3D('',#5173,#5174,#5175);
#5177=PLANE('',#5176);
#5178=ORIENTED_EDGE('',*,*,#5162,.T.);
#5179=CARTESIAN_POINT('',(-0.625,19.625,41.5));
#5180=DIRECTION('',(1.,0.,-0.));
#5181=VECTOR('',#5180,1.25);
#5182=LINE('',#5179,#5181);
#5183=EDGE_CURVE('',#5149,#5079,#5182,.T.);
#5184=ORIENTED_EDGE('',*,*,#5183,.T.);
#5185=ORIENTED_EDGE('',*,*,#5084,.F.);
#5186=CARTESIAN_POINT('',(0.625,19.625,46.));
#5187=DIRECTION('',(-1.,0.,0.));
#5188=VECTOR('',#5187,1.25);
#5189=LINE('',#5186,#5188);
#5190=EDGE_CURVE('',#5077,#5157,#5189,.T.);
#5191=ORIENTED_EDGE('',*,*,#5190,.T.);
#5192=EDGE_LOOP('',(#5178,#5184,#5185,#5191));
#5193=FACE_BOUND('',#5192,.T.);
#5194=ADVANCED_FACE('',(#5193),#5177,.T.);
#5195=CARTESIAN_POINT('',(-1.25,0.,46.));
#5196=DIRECTION('',(-0.,0.,-1.));
#5197=DIRECTION('',(1.,0.,-0.));
#5198=AXIS2_PLACEMENT_3D('',#5195,#5196,#5197);
#5199=PLANE('',#5198);
#5200=ORIENTED_EDGE('',*,*,#5106,.F.);
#5201=ORIENTED_EDGE('',*,*,#5137,.F.);
#5202=ORIENTED_EDGE('',*,*,#5168,.F.);
#5203=ORIENTED_EDGE('',*,*,#5190,.F.);
#5204=EDGE_LOOP('',(#5200,#5201,#5202,#5203));
#5205=FACE_BOUND('',#5204,.T.);
#5206=ADVANCED_FACE('',(#5205),#5199,.T.);
#5207=CARTESIAN_POINT('',(-4.375,19.,46.));
#5208=DIRECTION('',(-1.,0.,0.));
#5209=DIRECTION('',(0.,0.,1.));
#5210=AXIS2_PLACEMENT_3D('',#5207,#5208,#5209);
#5211=PLANE('',#5210);
#5212=CARTESIAN_POINT('',(-4.375,19.625,46.));
#5213=VERTEX_POINT('',#5212);
#5214=CARTESIAN_POINT('',(-4.375,19.625,41.5));
#5215=VERTEX_POINT('',#5214);
#5216=CARTESIAN_POINT('',(-4.375,19.625,46.));
#5217=DIRECTION('',(-0.,0.,-1.));
#5218=VECTOR('',#5217,4.5);
#5219=LINE('',#5216,#5218);
#5220=EDGE_CURVE('',#5213,#5215,#5219,.T.);
#5221=ORIENTED_EDGE('',*,*,#5220,.T.);
#5222=CARTESIAN_POINT('',(-4.375,18.375,41.5));
#5223=VERTEX_POINT('',#5222);
#5224=CARTESIAN_POINT('',(-4.375,19.625,41.5));
#5225=DIRECTION('',(0.,-1.,0.));
#5226=VECTOR('',#5225,1.25);
#5227=LINE('',#5224,#5226);
#5228=EDGE_CURVE('',#5215,#5223,#5227,.T.);
#5229=ORIENTED_EDGE('',*,*,#5228,.T.);
#5230=CARTESIAN_POINT('',(-4.375,18.375,46.));
#5231=VERTEX_POINT('',#5230);
#5232=CARTESIAN_POINT('',(-4.375,18.375,46.));
#5233=DIRECTION('',(-0.,0.,-1.));
#5234=VECTOR('',#5233,4.5);
#5235=LINE('',#5232,#5234);
#5236=EDGE_CURVE('',#5231,#5223,#5235,.T.);
#5237=ORIENTED_EDGE('',*,*,#5236,.F.);
#5238=CARTESIAN_POINT('',(-4.375,18.375,46.));
#5239=DIRECTION('',(0.,1.,0.));
#5240=VECTOR('',#5239,1.25);
#5241=LINE('',#5238,#5240);
#5242=EDGE_CURVE('',#5231,#5213,#5241,.T.);
#5243=ORIENTED_EDGE('',*,*,#5242,.T.);
#5244=EDGE_LOOP('',(#5221,#5229,#5237,#5243));
#5245=FACE_BOUND('',#5244,.T.);
#5246=ADVANCED_FACE('',(#5245),#5211,.T.);
#5247=CARTESIAN_POINT('',(-5.,18.375,46.));
#5248=DIRECTION('',(0.,1.,0.));
#5249=DIRECTION('',(-0.,0.,-1.));
#5250=AXIS2_PLACEMENT_3D('',#5247,#5248,#5249);
#5251=PLANE('',#5250);
#5252=ORIENTED_EDGE('',*,*,#5236,.T.);
#5253=CARTESIAN_POINT('',(-5.625,18.375,41.5));
#5254=VERTEX_POINT('',#5253);
#5255=CARTESIAN_POINT('',(-4.375,18.375,41.5));
#5256=DIRECTION('',(-1.,0.,0.));
#5257=VECTOR('',#5256,1.25);
#5258=LINE('',#5255,#5257);
#5259=EDGE_CURVE('',#5223,#5254,#5258,.T.);
#5260=ORIENTED_EDGE('',*,*,#5259,.T.);
#5261=CARTESIAN_POINT('',(-5.625,18.375,46.));
#5262=VERTEX_POINT('',#5261);
#5263=CARTESIAN_POINT('',(-5.625,18.375,46.));
#5264=DIRECTION('',(-0.,0.,-1.));
#5265=VECTOR('',#5264,4.5);
#5266=LINE('',#5263,#5265);
#5267=EDGE_CURVE('',#5262,#5254,#5266,.T.);
#5268=ORIENTED_EDGE('',*,*,#5267,.F.);
#5269=CARTESIAN_POINT('',(-5.625,18.375,46.));
#5270=DIRECTION('',(1.,0.,-0.));
#5271=VECTOR('',#5270,1.25);
#5272=LINE('',#5269,#5271);
#5273=EDGE_CURVE('',#5262,#5231,#5272,.T.);
#5274=ORIENTED_EDGE('',*,*,#5273,.T.);
#5275=EDGE_LOOP('',(#5252,#5260,#5268,#5274));
#5276=FACE_BOUND('',#5275,.T.);
#5277=ADVANCED_FACE('',(#5276),#5251,.T.);
#5278=CARTESIAN_POINT('',(-5.625,19.,46.));
#5279=DIRECTION('',(1.,0.,-0.));
#5280=DIRECTION('',(-0.,0.,-1.));
#5281=AXIS2_PLACEMENT_3D('',#5278,#5279,#5280);
#5282=PLANE('',#5281);
#5283=ORIENTED_EDGE('',*,*,#5267,.T.);
#5284=CARTESIAN_POINT('',(-5.625,19.625,41.5));
#5285=VERTEX_POINT('',#5284);
#5286=CARTESIAN_POINT('',(-5.625,18.375,41.5));
#5287=DIRECTION('',(0.,1.,0.));
#5288=VECTOR('',#5287,1.25);
#5289=LINE('',#5286,#5288);
#5290=EDGE_CURVE('',#5254,#5285,#5289,.T.);
#5291=ORIENTED_EDGE('',*,*,#5290,.T.);
#5292=CARTESIAN_POINT('',(-5.625,19.625,46.));
#5293=VERTEX_POINT('',#5292);
#5294=CARTESIAN_POINT('',(-5.625,19.625,46.));
#5295=DIRECTION('',(-0.,0.,-1.));
#5296=VECTOR('',#5295,4.5);
#5297=LINE('',#5294,#5296);
#5298=EDGE_CURVE('',#5293,#5285,#5297,.T.);
#5299=ORIENTED_EDGE('',*,*,#5298,.F.);
#5300=CARTESIAN_POINT('',(-5.625,19.625,46.));
#5301=DIRECTION('',(0.,-1.,0.));
#5302=VECTOR('',#5301,1.25);
#5303=LINE('',#5300,#5302);
#5304=EDGE_CURVE('',#5293,#5262,#5303,.T.);
#5305=ORIENTED_EDGE('',*,*,#5304,.T.);
#5306=EDGE_LOOP('',(#5283,#5291,#5299,#5305));
#5307=FACE_BOUND('',#5306,.T.);
#5308=ADVANCED_FACE('',(#5307),#5282,.T.);
#5309=CARTESIAN_POINT('',(-5.,19.625,46.));
#5310=DIRECTION('',(0.,-1.,0.));
#5311=DIRECTION('',(0.,0.,1.));
#5312=AXIS2_PLACEMENT_3D('',#5309,#5310,#5311);
#5313=PLANE('',#5312);
#5314=ORIENTED_EDGE('',*,*,#5298,.T.);
#5315=CARTESIAN_POINT('',(-5.625,19.625,41.5));
#5316=DIRECTION('',(1.,0.,-0.));
#5317=VECTOR('',#5316,1.25);
#5318=LINE('',#5315,#5317);
#5319=EDGE_CURVE('',#5285,#5215,#5318,.T.);
#5320=ORIENTED_EDGE('',*,*,#5319,.T.);
#5321=ORIENTED_EDGE('',*,*,#5220,.F.);
#5322=CARTESIAN_POINT('',(-4.375,19.625,46.));
#5323=DIRECTION('',(-1.,0.,0.));
#5324=VECTOR('',#5323,1.25);
#5325=LINE('',#5322,#5324);
#5326=EDGE_CURVE('',#5213,#5293,#5325,.T.);
#5327=ORIENTED_EDGE('',*,*,#5326,.T.);
#5328=EDGE_LOOP('',(#5314,#5320,#5321,#5327));
#5329=FACE_BOUND('',#5328,.T.);
#5330=ADVANCED_FACE('',(#5329),#5313,.T.);
#5331=CARTESIAN_POINT('',(-1.25,0.,46.));
#5332=DIRECTION('',(-0.,0.,-1.));
#5333=DIRECTION('',(1.,0.,-0.));
#5334=AXIS2_PLACEMENT_3D('',#5331,#5332,#5333);
#5335=PLANE('',#5334);
#5336=ORIENTED_EDGE('',*,*,#5242,.F.);
#5337=ORIENTED_EDGE('',*,*,#5273,.F.);
#5338=ORIENTED_EDGE('',*,*,#5304,.F.);
#5339=ORIENTED_EDGE('',*,*,#5326,.F.);
#5340=EDGE_LOOP('',(#5336,#5337,#5338,#5339));
#5341=FACE_BOUND('',#5340,.T.);
#5342=ADVANCED_FACE('',(#5341),#5335,.T.);
#5343=CARTESIAN_POINT('',(-1.875,19.,46.));
#5344=DIRECTION('',(-1.,0.,0.));
#5345=DIRECTION('',(0.,0.,1.));
#5346=AXIS2_PLACEMENT_3D('',#5343,#5344,#5345);
#5347=PLANE('',#5346);
#5348=CARTESIAN_POINT('',(-1.875,19.625,46.));
#5349=VERTEX_POINT('',#5348);
#5350=CARTESIAN_POINT('',(-1.875,19.625,41.5));
#5351=VERTEX_POINT('',#5350);
#5352=CARTESIAN_POINT('',(-1.875,19.625,46.));
#5353=DIRECTION('',(-0.,0.,-1.));
#5354=VECTOR('',#5353,4.5);
#5355=LINE('',#5352,#5354);
#5356=EDGE_CURVE('',#5349,#5351,#5355,.T.);
#5357=ORIENTED_EDGE('',*,*,#5356,.T.);
#5358=CARTESIAN_POINT('',(-1.875,18.375,41.5));
#5359=VERTEX_POINT('',#5358);
#5360=CARTESIAN_POINT('',(-1.875,19.625,41.5));
#5361=DIRECTION('',(0.,-1.,0.));
#5362=VECTOR('',#5361,1.25);
#5363=LINE('',#5360,#5362);
#5364=EDGE_CURVE('',#5351,#5359,#5363,.T.);
#5365=ORIENTED_EDGE('',*,*,#5364,.T.);
#5366=CARTESIAN_POINT('',(-1.875,18.375,46.));
#5367=VERTEX_POINT('',#5366);
#5368=CARTESIAN_POINT('',(-1.875,18.375,46.));
#5369=DIRECTION('',(-0.,0.,-1.));
#5370=VECTOR('',#5369,4.5);
#5371=LINE('',#5368,#5370);
#5372=EDGE_CURVE('',#5367,#5359,#5371,.T.);
#5373=ORIENTED_EDGE('',*,*,#5372,.F.);
#5374=CARTESIAN_POINT('',(-1.875,18.375,46.));
#5375=DIRECTION('',(0.,1.,0.));
#5376=VECTOR('',#5375,1.25);
#5377=LINE('',#5374,#5376);
#5378=EDGE_CURVE('',#5367,#5349,#5377,.T.);
#5379=ORIENTED_EDGE('',*,*,#5378,.T.);
#5380=EDGE_LOOP('',(#5357,#5365,#5373,#5379));
#5381=FACE_BOUND('',#5380,.T.);
#5382=ADVANCED_FACE('',(#5381),#5347,.T.);
#5383=CARTESIAN_POINT('',(-2.5,18.375,46.));
#5384=DIRECTION('',(0.,1.,0.));
#5385=DIRECTION('',(-0.,0.,-1.));
#5386=AXIS2_PLACEMENT_3D('',#5383,#5384,#5385);
#5387=PLANE('',#5386);
#5388=ORIENTED_EDGE('',*,*,#5372,.T.);
#5389=CARTESIAN_POINT('',(-3.125,18.375,41.5));
#5390=VERTEX_POINT('',#5389);
#5391=CARTESIAN_POINT('',(-1.875,18.375,41.5));
#5392=DIRECTION('',(-1.,0.,0.));
#5393=VECTOR('',#5392,1.25);
#5394=LINE('',#5391,#5393);
#5395=EDGE_CURVE('',#5359,#5390,#5394,.T.);
#5396=ORIENTED_EDGE('',*,*,#5395,.T.);
#5397=CARTESIAN_POINT('',(-3.125,18.375,46.));
#5398=VERTEX_POINT('',#5397);
#5399=CARTESIAN_POINT('',(-3.125,18.375,46.));
#5400=DIRECTION('',(-0.,0.,-1.));
#5401=VECTOR('',#5400,4.5);
#5402=LINE('',#5399,#5401);
#5403=EDGE_CURVE('',#5398,#5390,#5402,.T.);
#5404=ORIENTED_EDGE('',*,*,#5403,.F.);
#5405=CARTESIAN_POINT('',(-3.125,18.375,46.));
#5406=DIRECTION('',(1.,0.,-0.));
#5407=VECTOR('',#5406,1.25);
#5408=LINE('',#5405,#5407);
#5409=EDGE_CURVE('',#5398,#5367,#5408,.T.);
#5410=ORIENTED_EDGE('',*,*,#5409,.T.);
#5411=EDGE_LOOP('',(#5388,#5396,#5404,#5410));
#5412=FACE_BOUND('',#5411,.T.);
#5413=ADVANCED_FACE('',(#5412),#5387,.T.);
#5414=CARTESIAN_POINT('',(-3.125,19.,46.));
#5415=DIRECTION('',(1.,0.,-0.));
#5416=DIRECTION('',(-0.,0.,-1.));
#5417=AXIS2_PLACEMENT_3D('',#5414,#5415,#5416);
#5418=PLANE('',#5417);
#5419=ORIENTED_EDGE('',*,*,#5403,.T.);
#5420=CARTESIAN_POINT('',(-3.125,19.625,41.5));
#5421=VERTEX_POINT('',#5420);
#5422=CARTESIAN_POINT('',(-3.125,18.375,41.5));
#5423=DIRECTION('',(0.,1.,0.));
#5424=VECTOR('',#5423,1.25);
#5425=LINE('',#5422,#5424);
#5426=EDGE_CURVE('',#5390,#5421,#5425,.T.);
#5427=ORIENTED_EDGE('',*,*,#5426,.T.);
#5428=CARTESIAN_POINT('',(-3.125,19.625,46.));
#5429=VERTEX_POINT('',#5428);
#5430=CARTESIAN_POINT('',(-3.125,19.625,46.));
#5431=DIRECTION('',(-0.,0.,-1.));
#5432=VECTOR('',#5431,4.5);
#5433=LINE('',#5430,#5432);
#5434=EDGE_CURVE('',#5429,#5421,#5433,.T.);
#5435=ORIENTED_EDGE('',*,*,#5434,.F.);
#5436=CARTESIAN_POINT('',(-3.125,19.625,46.));
#5437=DIRECTION('',(0.,-1.,0.));
#5438=VECTOR('',#5437,1.25);
#5439=LINE('',#5436,#5438);
#5440=EDGE_CURVE('',#5429,#5398,#5439,.T.);
#5441=ORIENTED_EDGE('',*,*,#5440,.T.);
#5442=EDGE_LOOP('',(#5419,#5427,#5435,#5441));
#5443=FACE_BOUND('',#5442,.T.);
#5444=ADVANCED_FACE('',(#5443),#5418,.T.);
#5445=CARTESIAN_POINT('',(-2.5,19.625,46.));
#5446=DIRECTION('',(0.,-1.,0.));
#5447=DIRECTION('',(0.,0.,1.));
#5448=AXIS2_PLACEMENT_3D('',#5445,#5446,#5447);
#5449=PLANE('',#5448);
#5450=ORIENTED_EDGE('',*,*,#5434,.T.);
#5451=CARTESIAN_POINT('',(-3.125,19.625,41.5));
#5452=DIRECTION('',(1.,0.,-0.));
#5453=VECTOR('',#5452,1.25);
#5454=LINE('',#5451,#5453);
#5455=EDGE_CURVE('',#5421,#5351,#5454,.T.);
#5456=ORIENTED_EDGE('',*,*,#5455,.T.);
#5457=ORIENTED_EDGE('',*,*,#5356,.F.);
#5458=CARTESIAN_POINT('',(-1.875,19.625,46.));
#5459=DIRECTION('',(-1.,0.,0.));
#5460=VECTOR('',#5459,1.25);
#5461=LINE('',#5458,#5460);
#5462=EDGE_CURVE('',#5349,#5429,#5461,.T.);
#5463=ORIENTED_EDGE('',*,*,#5462,.T.);
#5464=EDGE_LOOP('',(#5450,#5456,#5457,#5463));
#5465=FACE_BOUND('',#5464,.T.);
#5466=ADVANCED_FACE('',(#5465),#5449,.T.);
#5467=CARTESIAN_POINT('',(-1.25,0.,46.));
#5468=DIRECTION('',(-0.,0.,-1.));
#5469=DIRECTION('',(1.,0.,-0.));
#5470=AXIS2_PLACEMENT_3D('',#5467,#5468,#5469);
#5471=PLANE('',#5470);
#5472=ORIENTED_EDGE('',*,*,#5378,.F.);
#5473=ORIENTED_EDGE('',*,*,#5409,.F.);
#5474=ORIENTED_EDGE('',*,*,#5440,.F.);
#5475=ORIENTED_EDGE('',*,*,#5462,.F.);
#5476=EDGE_LOOP('',(#5472,#5473,#5474,#5475));
#5477=FACE_BOUND('',#5476,.T.);
#5478=ADVANCED_FACE('',(#5477),#5471,.T.);
#5479=CARTESIAN_POINT('',(7.5,19.625,46.));
#5480=DIRECTION('',(0.,-1.,0.));
#5481=DIRECTION('',(0.,0.,1.));
#5482=AXIS2_PLACEMENT_3D('',#5479,#5480,#5481);
#5483=PLANE('',#5482);
#5484=CARTESIAN_POINT('',(6.875,19.625,46.));
#5485=VERTEX_POINT('',#5484);
#5486=CARTESIAN_POINT('',(6.875,19.625,41.5));
#5487=VERTEX_POINT('',#5486);
#5488=CARTESIAN_POINT('',(6.875,19.625,46.));
#5489=DIRECTION('',(-0.,0.,-1.));
#5490=VECTOR('',#5489,4.5);
#5491=LINE('',#5488,#5490);
#5492=EDGE_CURVE('',#5485,#5487,#5491,.T.);
#5493=ORIENTED_EDGE('',*,*,#5492,.T.);
#5494=CARTESIAN_POINT('',(8.125,19.625,41.5));
#5495=VERTEX_POINT('',#5494);
#5496=CARTESIAN_POINT('',(6.875,19.625,41.5));
#5497=DIRECTION('',(1.,0.,-0.));
#5498=VECTOR('',#5497,1.25);
#5499=LINE('',#5496,#5498);
#5500=EDGE_CURVE('',#5487,#5495,#5499,.T.);
#5501=ORIENTED_EDGE('',*,*,#5500,.T.);
#5502=CARTESIAN_POINT('',(8.125,19.625,46.));
#5503=VERTEX_POINT('',#5502);
#5504=CARTESIAN_POINT('',(8.125,19.625,46.));
#5505=DIRECTION('',(-0.,0.,-1.));
#5506=VECTOR('',#5505,4.5);
#5507=LINE('',#5504,#5506);
#5508=EDGE_CURVE('',#5503,#5495,#5507,.T.);
#5509=ORIENTED_EDGE('',*,*,#5508,.F.);
#5510=CARTESIAN_POINT('',(8.125,19.625,46.));
#5511=DIRECTION('',(-1.,0.,0.));
#5512=VECTOR('',#5511,1.25);
#5513=LINE('',#5510,#5512);
#5514=EDGE_CURVE('',#5503,#5485,#5513,.T.);
#5515=ORIENTED_EDGE('',*,*,#5514,.T.);
#5516=EDGE_LOOP('',(#5493,#5501,#5509,#5515));
#5517=FACE_BOUND('',#5516,.T.);
#5518=ADVANCED_FACE('',(#5517),#5483,.T.);
#5519=CARTESIAN_POINT('',(8.125,19.,46.));
#5520=DIRECTION('',(-1.,0.,0.));
#5521=DIRECTION('',(0.,0.,1.));
#5522=AXIS2_PLACEMENT_3D('',#5519,#5520,#5521);
#5523=PLANE('',#5522);
#5524=ORIENTED_EDGE('',*,*,#5508,.T.);
#5525=CARTESIAN_POINT('',(8.125,18.375,41.5));
#5526=VERTEX_POINT('',#5525);
#5527=CARTESIAN_POINT('',(8.125,19.625,41.5));
#5528=DIRECTION('',(0.,-1.,0.));
#5529=VECTOR('',#5528,1.25);
#5530=LINE('',#5527,#5529);
#5531=EDGE_CURVE('',#5495,#5526,#5530,.T.);
#5532=ORIENTED_EDGE('',*,*,#5531,.T.);
#5533=CARTESIAN_POINT('',(8.125,18.375,46.));
#5534=VERTEX_POINT('',#5533);
#5535=CARTESIAN_POINT('',(8.125,18.375,46.));
#5536=DIRECTION('',(-0.,0.,-1.));
#5537=VECTOR('',#5536,4.5);
#5538=LINE('',#5535,#5537);
#5539=EDGE_CURVE('',#5534,#5526,#5538,.T.);
#5540=ORIENTED_EDGE('',*,*,#5539,.F.);
#5541=CARTESIAN_POINT('',(8.125,18.375,46.));
#5542=DIRECTION('',(0.,1.,0.));
#5543=VECTOR('',#5542,1.25);
#5544=LINE('',#5541,#5543);
#5545=EDGE_CURVE('',#5534,#5503,#5544,.T.);
#5546=ORIENTED_EDGE('',*,*,#5545,.T.);
#5547=EDGE_LOOP('',(#5524,#5532,#5540,#5546));
#5548=FACE_BOUND('',#5547,.T.);
#5549=ADVANCED_FACE('',(#5548),#5523,.T.);
#5550=CARTESIAN_POINT('',(7.5,18.375,46.));
#5551=DIRECTION('',(0.,1.,0.));
#5552=DIRECTION('',(-0.,0.,-1.));
#5553=AXIS2_PLACEMENT_3D('',#5550,#5551,#5552);
#5554=PLANE('',#5553);
#5555=ORIENTED_EDGE('',*,*,#5539,.T.);
#5556=CARTESIAN_POINT('',(6.875,18.375,41.5));
#5557=VERTEX_POINT('',#5556);
#5558=CARTESIAN_POINT('',(8.125,18.375,41.5));
#5559=DIRECTION('',(-1.,0.,0.));
#5560=VECTOR('',#5559,1.25);
#5561=LINE('',#5558,#5560);
#5562=EDGE_CURVE('',#5526,#5557,#5561,.T.);
#5563=ORIENTED_EDGE('',*,*,#5562,.T.);
#5564=CARTESIAN_POINT('',(6.875,18.375,46.));
#5565=VERTEX_POINT('',#5564);
#5566=CARTESIAN_POINT('',(6.875,18.375,46.));
#5567=DIRECTION('',(-0.,0.,-1.));
#5568=VECTOR('',#5567,4.5);
#5569=LINE('',#5566,#5568);
#5570=EDGE_CURVE('',#5565,#5557,#5569,.T.);
#5571=ORIENTED_EDGE('',*,*,#5570,.F.);
#5572=CARTESIAN_POINT('',(6.875,18.375,46.));
#5573=DIRECTION('',(1.,0.,-0.));
#5574=VECTOR('',#5573,1.25);
#5575=LINE('',#5572,#5574);
#5576=EDGE_CURVE('',#5565,#5534,#5575,.T.);
#5577=ORIENTED_EDGE('',*,*,#5576,.T.);
#5578=EDGE_LOOP('',(#5555,#5563,#5571,#5577));
#5579=FACE_BOUND('',#5578,.T.);
#5580=ADVANCED_FACE('',(#5579),#5554,.T.);
#5581=CARTESIAN_POINT('',(6.875,19.,46.));
#5582=DIRECTION('',(1.,0.,-0.));
#5583=DIRECTION('',(-0.,0.,-1.));
#5584=AXIS2_PLACEMENT_3D('',#5581,#5582,#5583);
#5585=PLANE('',#5584);
#5586=ORIENTED_EDGE('',*,*,#5570,.T.);
#5587=CARTESIAN_POINT('',(6.875,18.375,41.5));
#5588=DIRECTION('',(0.,1.,0.));
#5589=VECTOR('',#5588,1.25);
#5590=LINE('',#5587,#5589);
#5591=EDGE_CURVE('',#5557,#5487,#5590,.T.);
#5592=ORIENTED_EDGE('',*,*,#5591,.T.);
#5593=ORIENTED_EDGE('',*,*,#5492,.F.);
#5594=CARTESIAN_POINT('',(6.875,19.625,46.));
#5595=DIRECTION('',(0.,-1.,0.));
#5596=VECTOR('',#5595,1.25);
#5597=LINE('',#5594,#5596);
#5598=EDGE_CURVE('',#5485,#5565,#5597,.T.);
#5599=ORIENTED_EDGE('',*,*,#5598,.T.);
#5600=EDGE_LOOP('',(#5586,#5592,#5593,#5599));
#5601=FACE_BOUND('',#5600,.T.);
#5602=ADVANCED_FACE('',(#5601),#5585,.T.);
#5603=CARTESIAN_POINT('',(-1.25,0.,46.));
#5604=DIRECTION('',(-0.,0.,-1.));
#5605=DIRECTION('',(1.,0.,-0.));
#5606=AXIS2_PLACEMENT_3D('',#5603,#5604,#5605);
#5607=PLANE('',#5606);
#5608=ORIENTED_EDGE('',*,*,#5514,.F.);
#5609=ORIENTED_EDGE('',*,*,#5545,.F.);
#5610=ORIENTED_EDGE('',*,*,#5576,.F.);
#5611=ORIENTED_EDGE('',*,*,#5598,.F.);
#5612=EDGE_LOOP('',(#5608,#5609,#5610,#5611));
#5613=FACE_BOUND('',#5612,.T.);
#5614=ADVANCED_FACE('',(#5613),#5607,.T.);
#5615=CARTESIAN_POINT('',(-6.875,19.,46.));
#5616=DIRECTION('',(-1.,0.,0.));
#5617=DIRECTION('',(0.,0.,1.));
#5618=AXIS2_PLACEMENT_3D('',#5615,#5616,#5617);
#5619=PLANE('',#5618);
#5620=CARTESIAN_POINT('',(-6.875,19.625,46.));
#5621=VERTEX_POINT('',#5620);
#5622=CARTESIAN_POINT('',(-6.875,19.625,41.5));
#5623=VERTEX_POINT('',#5622);
#5624=CARTESIAN_POINT('',(-6.875,19.625,46.));
#5625=DIRECTION('',(-0.,0.,-1.));
#5626=VECTOR('',#5625,4.5);
#5627=LINE('',#5624,#5626);
#5628=EDGE_CURVE('',#5621,#5623,#5627,.T.);
#5629=ORIENTED_EDGE('',*,*,#5628,.T.);
#5630=CARTESIAN_POINT('',(-6.875,18.375,41.5));
#5631=VERTEX_POINT('',#5630);
#5632=CARTESIAN_POINT('',(-6.875,19.625,41.5));
#5633=DIRECTION('',(0.,-1.,0.));
#5634=VECTOR('',#5633,1.25);
#5635=LINE('',#5632,#5634);
#5636=EDGE_CURVE('',#5623,#5631,#5635,.T.);
#5637=ORIENTED_EDGE('',*,*,#5636,.T.);
#5638=CARTESIAN_POINT('',(-6.875,18.375,46.));
#5639=VERTEX_POINT('',#5638);
#5640=CARTESIAN_POINT('',(-6.875,18.375,46.));
#5641=DIRECTION('',(-0.,0.,-1.));
#5642=VECTOR('',#5641,4.5);
#5643=LINE('',#5640,#5642);
#5644=EDGE_CURVE('',#5639,#5631,#5643,.T.);
#5645=ORIENTED_EDGE('',*,*,#5644,.F.);
#5646=CARTESIAN_POINT('',(-6.875,18.375,46.));
#5647=DIRECTION('',(0.,1.,0.));
#5648=VECTOR('',#5647,1.25);
#5649=LINE('',#5646,#5648);
#5650=EDGE_CURVE('',#5639,#5621,#5649,.T.);
#5651=ORIENTED_EDGE('',*,*,#5650,.T.);
#5652=EDGE_LOOP('',(#5629,#5637,#5645,#5651));
#5653=FACE_BOUND('',#5652,.T.);
#5654=ADVANCED_FACE('',(#5653),#5619,.T.);
#5655=CARTESIAN_POINT('',(-7.5,18.375,46.));
#5656=DIRECTION('',(0.,1.,0.));
#5657=DIRECTION('',(-0.,0.,-1.));
#5658=AXIS2_PLACEMENT_3D('',#5655,#5656,#5657);
#5659=PLANE('',#5658);
#5660=ORIENTED_EDGE('',*,*,#5644,.T.);
#5661=CARTESIAN_POINT('',(-8.125,18.375,41.5));
#5662=VERTEX_POINT('',#5661);
#5663=CARTESIAN_POINT('',(-6.875,18.375,41.5));
#5664=DIRECTION('',(-1.,0.,0.));
#5665=VECTOR('',#5664,1.25);
#5666=LINE('',#5663,#5665);
#5667=EDGE_CURVE('',#5631,#5662,#5666,.T.);
#5668=ORIENTED_EDGE('',*,*,#5667,.T.);
#5669=CARTESIAN_POINT('',(-8.125,18.375,46.));
#5670=VERTEX_POINT('',#5669);
#5671=CARTESIAN_POINT('',(-8.125,18.375,46.));
#5672=DIRECTION('',(-0.,0.,-1.));
#5673=VECTOR('',#5672,4.5);
#5674=LINE('',#5671,#5673);
#5675=EDGE_CURVE('',#5670,#5662,#5674,.T.);
#5676=ORIENTED_EDGE('',*,*,#5675,.F.);
#5677=CARTESIAN_POINT('',(-8.125,18.375,46.));
#5678=DIRECTION('',(1.,0.,-0.));
#5679=VECTOR('',#5678,1.25);
#5680=LINE('',#5677,#5679);
#5681=EDGE_CURVE('',#5670,#5639,#5680,.T.);
#5682=ORIENTED_EDGE('',*,*,#5681,.T.);
#5683=EDGE_LOOP('',(#5660,#5668,#5676,#5682));
#5684=FACE_BOUND('',#5683,.T.);
#5685=ADVANCED_FACE('',(#5684),#5659,.T.);
#5686=CARTESIAN_POINT('',(-8.125,19.,46.));
#5687=DIRECTION('',(1.,0.,-0.));
#5688=DIRECTION('',(-0.,0.,-1.));
#5689=AXIS2_PLACEMENT_3D('',#5686,#5687,#5688);
#5690=PLANE('',#5689);
#5691=ORIENTED_EDGE('',*,*,#5675,.T.);
#5692=CARTESIAN_POINT('',(-8.125,19.625,41.5));
#5693=VERTEX_POINT('',#5692);
#5694=CARTESIAN_POINT('',(-8.125,18.375,41.5));
#5695=DIRECTION('',(0.,1.,0.));
#5696=VECTOR('',#5695,1.25);
#5697=LINE('',#5694,#5696);
#5698=EDGE_CURVE('',#5662,#5693,#5697,.T.);
#5699=ORIENTED_EDGE('',*,*,#5698,.T.);
#5700=CARTESIAN_POINT('',(-8.125,19.625,46.));
#5701=VERTEX_POINT('',#5700);
#5702=CARTESIAN_POINT('',(-8.125,19.625,46.));
#5703=DIRECTION('',(-0.,0.,-1.));
#5704=VECTOR('',#5703,4.5);
#5705=LINE('',#5702,#5704);
#5706=EDGE_CURVE('',#5701,#5693,#5705,.T.);
#5707=ORIENTED_EDGE('',*,*,#5706,.F.);
#5708=CARTESIAN_POINT('',(-8.125,19.625,46.));
#5709=DIRECTION('',(0.,-1.,0.));
#5710=VECTOR('',#5709,1.25);
#5711=LINE('',#5708,#5710);
#5712=EDGE_CURVE('',#5701,#5670,#5711,.T.);
#5713=ORIENTED_EDGE('',*,*,#5712,.T.);
#5714=EDGE_LOOP('',(#5691,#5699,#5707,#5713));
#5715=FACE_BOUND('',#5714,.T.);
#5716=ADVANCED_FACE('',(#5715),#5690,.T.);
#5717=CARTESIAN_POINT('',(-7.5,19.625,46.));
#5718=DIRECTION('',(0.,-1.,0.));
#5719=DIRECTION('',(0.,0.,1.));
#5720=AXIS2_PLACEMENT_3D('',#5717,#5718,#5719);
#5721=PLANE('',#5720);
#5722=ORIENTED_EDGE('',*,*,#5706,.T.);
#5723=CARTESIAN_POINT('',(-8.125,19.625,41.5));
#5724=DIRECTION('',(1.,0.,-0.));
#5725=VECTOR('',#5724,1.25);
#5726=LINE('',#5723,#5725);
#5727=EDGE_CURVE('',#5693,#5623,#5726,.T.);
#5728=ORIENTED_EDGE('',*,*,#5727,.T.);
#5729=ORIENTED_EDGE('',*,*,#5628,.F.);
#5730=CARTESIAN_POINT('',(-6.875,19.625,46.));
#5731=DIRECTION('',(-1.,0.,0.));
#5732=VECTOR('',#5731,1.25);
#5733=LINE('',#5730,#5732);
#5734=EDGE_CURVE('',#5621,#5701,#5733,.T.);
#5735=ORIENTED_EDGE('',*,*,#5734,.T.);
#5736=EDGE_LOOP('',(#5722,#5728,#5729,#5735));
#5737=FACE_BOUND('',#5736,.T.);
#5738=ADVANCED_FACE('',(#5737),#5721,.T.);
#5739=CARTESIAN_POINT('',(-1.25,0.,46.));
#5740=DIRECTION('',(-0.,0.,-1.));
#5741=DIRECTION('',(1.,0.,-0.));
#5742=AXIS2_PLACEMENT_3D('',#5739,#5740,#5741);
#5743=PLANE('',#5742);
#5744=ORIENTED_EDGE('',*,*,#5650,.F.);
#5745=ORIENTED_EDGE('',*,*,#5681,.F.);
#5746=ORIENTED_EDGE('',*,*,#5712,.F.);
#5747=ORIENTED_EDGE('',*,*,#5734,.F.);
#5748=EDGE_LOOP('',(#5744,#5745,#5746,#5747));
#5749=FACE_BOUND('',#5748,.T.);
#5750=ADVANCED_FACE('',(#5749),#5743,.T.);
#5751=CARTESIAN_POINT('',(11.75,15.,43.));
#5752=DIRECTION('',(0.,0.,1.));
#5753=DIRECTION('',(1.,0.,-0.));
#5754=AXIS2_PLACEMENT_3D('',#5751,#5752,#5753);
#5755=CYLINDRICAL_SURFACE('',#5754,1.9);
#5756=CARTESIAN_POINT('',(13.65,15.,43.));
#5757=VERTEX_POINT('',#5756);
#5758=CARTESIAN_POINT('',(13.65,15.,48.));
#5759=DIRECTION('',(-0.,-0.,-1.));
#5760=VECTOR('',#5759,5.);
#5761=LINE('',#5758,#5760);
#5762=EDGE_CURVE('',#2960,#5757,#5761,.T.);
#5763=ORIENTED_EDGE('',*,*,#5762,.T.);
#5764=CARTESIAN_POINT('',(12.969573077,13.543071206,43.));
#5765=VERTEX_POINT('',#5764);
#5766=CARTESIAN_POINT('',(11.75,15.,43.));
#5767=DIRECTION('',(-0.,0.,-1.));
#5768=DIRECTION('',(0.641880567,-0.766804628,-0.));
#5769=AXIS2_PLACEMENT_3D('',#5766,#5767,#5768);
#5770=CIRCLE('',#5769,1.9);
#5771=EDGE_CURVE('',#5765,#5757,#5770,.T.);
#5772=ORIENTED_EDGE('',*,*,#5771,.F.);
#5773=CARTESIAN_POINT('',(11.75,15.,43.));
#5774=DIRECTION('',(-0.,0.,-1.));
#5775=DIRECTION('',(0.641880567,-0.766804628,-0.));
#5776=AXIS2_PLACEMENT_3D('',#5773,#5774,#5775);
#5777=CIRCLE('',#5776,1.9);
#5778=EDGE_CURVE('',#5757,#5765,#5777,.T.);
#5779=ORIENTED_EDGE('',*,*,#5778,.F.);
#5780=ORIENTED_EDGE('',*,*,#5762,.F.);
#5781=ORIENTED_EDGE('',*,*,#2968,.T.);
#5782=ORIENTED_EDGE('',*,*,#2975,.T.);
#5783=EDGE_LOOP('',(#5763,#5772,#5779,#5780,#5781,#5782));
#5784=FACE_BOUND('',#5783,.T.);
#5785=ADVANCED_FACE('',(#5784),#5755,.T.);
#5786=CARTESIAN_POINT('',(-1.25,0.,43.));
#5787=DIRECTION('',(-0.,0.,-1.));
#5788=DIRECTION('',(0.,1.,0.));
#5789=AXIS2_PLACEMENT_3D('',#5786,#5787,#5788);
#5790=PLANE('',#5789);
#5791=CARTESIAN_POINT('',(9.9,15.,43.));
#5792=VERTEX_POINT('',#5791);
#5793=CARTESIAN_POINT('',(11.75,15.,43.));
#5794=DIRECTION('',(0.,-0.,1.));
#5795=DIRECTION('',(-1.,0.,0.));
#5796=AXIS2_PLACEMENT_3D('',#5793,#5794,#5795);
#5797=CIRCLE('',#5796,1.85);
#5798=EDGE_CURVE('',#5792,#5792,#5797,.T.);
#5799=ORIENTED_EDGE('',*,*,#5798,.T.);
#5800=EDGE_LOOP('',(#5799));
#5801=FACE_BOUND('',#5800,.T.);
#5802=ORIENTED_EDGE('',*,*,#5771,.T.);
#5803=ORIENTED_EDGE('',*,*,#5778,.T.);
#5804=EDGE_LOOP('',(#5802,#5803));
#5805=FACE_BOUND('',#5804,.T.);
#5806=ADVANCED_FACE('',(#5801,#5805),#5790,.T.);
#5807=CARTESIAN_POINT('',(-14.25,15.,43.));
#5808=DIRECTION('',(0.,0.,1.));
#5809=DIRECTION('',(1.,0.,-0.));
#5810=AXIS2_PLACEMENT_3D('',#5807,#5808,#5809);
#5811=CYLINDRICAL_SURFACE('',#5810,1.9);
#5812=CARTESIAN_POINT('',(-12.35,15.,43.));
#5813=VERTEX_POINT('',#5812);
#5814=CARTESIAN_POINT('',(-12.35,15.,48.));
#5815=DIRECTION('',(-0.,-0.,-1.));
#5816=VECTOR('',#5815,5.);
#5817=LINE('',#5814,#5816);
#5818=EDGE_CURVE('',#2940,#5813,#5817,.T.);
#5819=ORIENTED_EDGE('',*,*,#5818,.T.);
#5820=CARTESIAN_POINT('',(-13.030426923,13.543071206,43.));
#5821=VERTEX_POINT('',#5820);
#5822=CARTESIAN_POINT('',(-14.25,15.,43.));
#5823=DIRECTION('',(-0.,0.,-1.));
#5824=DIRECTION('',(0.641880567,-0.766804628,-0.));
#5825=AXIS2_PLACEMENT_3D('',#5822,#5823,#5824);
#5826=CIRCLE('',#5825,1.9);
#5827=EDGE_CURVE('',#5821,#5813,#5826,.T.);
#5828=ORIENTED_EDGE('',*,*,#5827,.F.);
#5829=CARTESIAN_POINT('',(-14.25,15.,43.));
#5830=DIRECTION('',(-0.,0.,-1.));
#5831=DIRECTION('',(0.641880567,-0.766804628,-0.));
#5832=AXIS2_PLACEMENT_3D('',#5829,#5830,#5831);
#5833=CIRCLE('',#5832,1.9);
#5834=EDGE_CURVE('',#5813,#5821,#5833,.T.);
#5835=ORIENTED_EDGE('',*,*,#5834,.F.);
#5836=ORIENTED_EDGE('',*,*,#5818,.F.);
#5837=ORIENTED_EDGE('',*,*,#2948,.T.);
#5838=ORIENTED_EDGE('',*,*,#2955,.T.);
#5839=EDGE_LOOP('',(#5819,#5828,#5835,#5836,#5837,#5838));
#5840=FACE_BOUND('',#5839,.T.);
#5841=ADVANCED_FACE('',(#5840),#5811,.T.);
#5842=CARTESIAN_POINT('',(-1.25,0.,43.));
#5843=DIRECTION('',(-0.,0.,-1.));
#5844=DIRECTION('',(0.,1.,0.));
#5845=AXIS2_PLACEMENT_3D('',#5842,#5843,#5844);
#5846=PLANE('',#5845);
#5847=CARTESIAN_POINT('',(-16.1,15.,43.));
#5848=VERTEX_POINT('',#5847);
#5849=CARTESIAN_POINT('',(-14.25,15.,43.));
#5850=DIRECTION('',(0.,-0.,1.));
#5851=DIRECTION('',(-1.,0.,0.));
#5852=AXIS2_PLACEMENT_3D('',#5849,#5850,#5851);
#5853=CIRCLE('',#5852,1.85);
#5854=EDGE_CURVE('',#5848,#5848,#5853,.T.);
#5855=ORIENTED_EDGE('',*,*,#5854,.T.);
#5856=EDGE_LOOP('',(#5855));
#5857=FACE_BOUND('',#5856,.T.);
#5858=ORIENTED_EDGE('',*,*,#5827,.T.);
#5859=ORIENTED_EDGE('',*,*,#5834,.T.);
#5860=EDGE_LOOP('',(#5858,#5859));
#5861=FACE_BOUND('',#5860,.T.);
#5862=ADVANCED_FACE('',(#5857,#5861),#5846,.T.);
#5863=CARTESIAN_POINT('',(-1.25,-21.,43.));
#5864=DIRECTION('',(0.,0.,1.));
#5865=DIRECTION('',(1.,0.,-0.));
#5866=AXIS2_PLACEMENT_3D('',#5863,#5864,#5865);
#5867=CYLINDRICAL_SURFACE('',#5866,1.9);
#5868=CARTESIAN_POINT('',(0.65,-21.,43.));
#5869=VERTEX_POINT('',#5868);
#5870=CARTESIAN_POINT('',(0.65,-21.,48.));
#5871=DIRECTION('',(-0.,-0.,-1.));
#5872=VECTOR('',#5871,5.);
#5873=LINE('',#5870,#5872);
#5874=EDGE_CURVE('',#2920,#5869,#5873,.T.);
#5875=ORIENTED_EDGE('',*,*,#5874,.T.);
#5876=CARTESIAN_POINT('',(-1.25,-19.1,43.));
#5877=VERTEX_POINT('',#5876);
#5878=CARTESIAN_POINT('',(-1.25,-21.,43.));
#5879=DIRECTION('',(-0.,0.,-1.));
#5880=DIRECTION('',(-0.,1.,0.));
#5881=AXIS2_PLACEMENT_3D('',#5878,#5879,#5880);
#5882=CIRCLE('',#5881,1.9);
#5883=EDGE_CURVE('',#5877,#5869,#5882,.T.);
#5884=ORIENTED_EDGE('',*,*,#5883,.F.);
#5885=CARTESIAN_POINT('',(-1.25,-21.,43.));
#5886=DIRECTION('',(-0.,0.,-1.));
#5887=DIRECTION('',(-0.,1.,0.));
#5888=AXIS2_PLACEMENT_3D('',#5885,#5886,#5887);
#5889=CIRCLE('',#5888,1.9);
#5890=EDGE_CURVE('',#5869,#5877,#5889,.T.);
#5891=ORIENTED_EDGE('',*,*,#5890,.F.);
#5892=ORIENTED_EDGE('',*,*,#5874,.F.);
#5893=ORIENTED_EDGE('',*,*,#2928,.T.);
#5894=ORIENTED_EDGE('',*,*,#2935,.T.);
#5895=EDGE_LOOP('',(#5875,#5884,#5891,#5892,#5893,#5894));
#5896=FACE_BOUND('',#5895,.T.);
#5897=ADVANCED_FACE('',(#5896),#5867,.T.);
#5898=CARTESIAN_POINT('',(-1.25,0.,43.));
#5899=DIRECTION('',(-0.,0.,-1.));
#5900=DIRECTION('',(0.,1.,0.));
#5901=AXIS2_PLACEMENT_3D('',#5898,#5899,#5900);
#5902=PLANE('',#5901);
#5903=CARTESIAN_POINT('',(-3.1,-21.,43.));
#5904=VERTEX_POINT('',#5903);
#5905=CARTESIAN_POINT('',(-1.25,-21.,43.));
#5906=DIRECTION('',(0.,-0.,1.));
#5907=DIRECTION('',(-1.,0.,0.));
#5908=AXIS2_PLACEMENT_3D('',#5905,#5906,#5907);
#5909=CIRCLE('',#5908,1.85);
#5910=EDGE_CURVE('',#5904,#5904,#5909,.T.);
#5911=ORIENTED_EDGE('',*,*,#5910,.T.);
#5912=EDGE_LOOP('',(#5911));
#5913=FACE_BOUND('',#5912,.T.);
#5914=ORIENTED_EDGE('',*,*,#5883,.T.);
#5915=ORIENTED_EDGE('',*,*,#5890,.T.);
#5916=EDGE_LOOP('',(#5914,#5915));
#5917=FACE_BOUND('',#5916,.T.);
#5918=ADVANCED_FACE('',(#5913,#5917),#5902,.T.);
#5919=CARTESIAN_POINT('',(11.75,15.,47.));
#5920=DIRECTION('',(-0.,0.,-1.));
#5921=DIRECTION('',(-1.,0.,0.));
#5922=AXIS2_PLACEMENT_3D('',#5919,#5920,#5921);
#5923=CYLINDRICAL_SURFACE('',#5922,1.25);
#5924=CARTESIAN_POINT('',(10.5,15.,43.6));
#5925=VERTEX_POINT('',#5924);
#5926=CARTESIAN_POINT('',(10.5,15.,47.));
#5927=VERTEX_POINT('',#5926);
#5928=CARTESIAN_POINT('',(10.5,15.,43.6));
#5929=DIRECTION('',(0.,-0.,1.));
#5930=VECTOR('',#5929,3.4);
#5931=LINE('',#5928,#5930);
#5932=EDGE_CURVE('',#5925,#5927,#5931,.T.);
#5933=ORIENTED_EDGE('',*,*,#5932,.F.);
#5934=CARTESIAN_POINT('',(11.75,15.,43.6));
#5935=DIRECTION('',(-0.,0.,-1.));
#5936=DIRECTION('',(-1.,0.,0.));
#5937=AXIS2_PLACEMENT_3D('',#5934,#5935,#5936);
#5938=CIRCLE('',#5937,1.25);
#5939=EDGE_CURVE('',#5925,#5925,#5938,.T.);
#5940=ORIENTED_EDGE('',*,*,#5939,.T.);
#5941=ORIENTED_EDGE('',*,*,#5932,.T.);
#5942=CARTESIAN_POINT('',(13.,15.,47.));
#5943=VERTEX_POINT('',#5942);
#5944=CARTESIAN_POINT('',(11.75,15.,47.));
#5945=DIRECTION('',(-0.,0.,-1.));
#5946=DIRECTION('',(1.,0.,-0.));
#5947=AXIS2_PLACEMENT_3D('',#5944,#5945,#5946);
#5948=CIRCLE('',#5947,1.25);
#5949=EDGE_CURVE('',#5943,#5927,#5948,.T.);
#5950=ORIENTED_EDGE('',*,*,#5949,.F.);
#5951=CARTESIAN_POINT('',(11.75,15.,47.));
#5952=DIRECTION('',(-0.,0.,-1.));
#5953=DIRECTION('',(1.,0.,-0.));
#5954=AXIS2_PLACEMENT_3D('',#5951,#5952,#5953);
#5955=CIRCLE('',#5954,1.25);
#5956=EDGE_CURVE('',#5927,#5943,#5955,.T.);
#5957=ORIENTED_EDGE('',*,*,#5956,.F.);
#5958=EDGE_LOOP('',(#5933,#5940,#5941,#5950,#5957));
#5959=FACE_BOUND('',#5958,.T.);
#5960=ADVANCED_FACE('',(#5959),#5923,.F.);
#5961=CARTESIAN_POINT('',(-1.25,0.,47.));
#5962=DIRECTION('',(-0.,0.,-1.));
#5963=DIRECTION('',(1.,0.,-0.));
#5964=AXIS2_PLACEMENT_3D('',#5961,#5962,#5963);
#5965=PLANE('',#5964);
#5966=ORIENTED_EDGE('',*,*,#5949,.T.);
#5967=ORIENTED_EDGE('',*,*,#5956,.T.);
#5968=EDGE_LOOP('',(#5966,#5967));
#5969=FACE_BOUND('',#5968,.T.);
#5970=ADVANCED_FACE('',(#5969),#5965,.T.);
#5971=CARTESIAN_POINT('',(-14.25,15.,47.));
#5972=DIRECTION('',(-0.,0.,-1.));
#5973=DIRECTION('',(-1.,0.,0.));
#5974=AXIS2_PLACEMENT_3D('',#5971,#5972,#5973);
#5975=CYLINDRICAL_SURFACE('',#5974,1.25);
#5976=CARTESIAN_POINT('',(-15.5,15.,43.6));
#5977=VERTEX_POINT('',#5976);
#5978=CARTESIAN_POINT('',(-15.5,15.,47.));
#5979=VERTEX_POINT('',#5978);
#5980=CARTESIAN_POINT('',(-15.5,15.,43.6));
#5981=DIRECTION('',(0.,-0.,1.));
#5982=VECTOR('',#5981,3.4);
#5983=LINE('',#5980,#5982);
#5984=EDGE_CURVE('',#5977,#5979,#5983,.T.);
#5985=ORIENTED_EDGE('',*,*,#5984,.F.);
#5986=CARTESIAN_POINT('',(-14.25,15.,43.6));
#5987=DIRECTION('',(-0.,0.,-1.));
#5988=DIRECTION('',(-1.,0.,0.));
#5989=AXIS2_PLACEMENT_3D('',#5986,#5987,#5988);
#5990=CIRCLE('',#5989,1.25);
#5991=EDGE_CURVE('',#5977,#5977,#5990,.T.);
#5992=ORIENTED_EDGE('',*,*,#5991,.T.);
#5993=ORIENTED_EDGE('',*,*,#5984,.T.);
#5994=CARTESIAN_POINT('',(-13.,15.,47.));
#5995=VERTEX_POINT('',#5994);
#5996=CARTESIAN_POINT('',(-14.25,15.,47.));
#5997=DIRECTION('',(-0.,0.,-1.));
#5998=DIRECTION('',(1.,0.,-0.));
#5999=AXIS2_PLACEMENT_3D('',#5996,#5997,#5998);
#6000=CIRCLE('',#5999,1.25);
#6001=EDGE_CURVE('',#5995,#5979,#6000,.T.);
#6002=ORIENTED_EDGE('',*,*,#6001,.F.);
#6003=CARTESIAN_POINT('',(-14.25,15.,47.));
#6004=DIRECTION('',(-0.,0.,-1.));
#6005=DIRECTION('',(1.,0.,-0.));
#6006=AXIS2_PLACEMENT_3D('',#6003,#6004,#6005);
#6007=CIRCLE('',#6006,1.25);
#6008=EDGE_CURVE('',#5979,#5995,#6007,.T.);
#6009=ORIENTED_EDGE('',*,*,#6008,.F.);
#6010=EDGE_LOOP('',(#5985,#5992,#5993,#6002,#6009));
#6011=FACE_BOUND('',#6010,.T.);
#6012=ADVANCED_FACE('',(#6011),#5975,.F.);
#6013=CARTESIAN_POINT('',(-1.25,0.,47.));
#6014=DIRECTION('',(-0.,0.,-1.));
#6015=DIRECTION('',(1.,0.,-0.));
#6016=AXIS2_PLACEMENT_3D('',#6013,#6014,#6015);
#6017=PLANE('',#6016);
#6018=ORIENTED_EDGE('',*,*,#6001,.T.);
#6019=ORIENTED_EDGE('',*,*,#6008,.T.);
#6020=EDGE_LOOP('',(#6018,#6019));
#6021=FACE_BOUND('',#6020,.T.);
#6022=ADVANCED_FACE('',(#6021),#6017,.T.);
#6023=CARTESIAN_POINT('',(-1.25,-21.,47.));
#6024=DIRECTION('',(-0.,0.,-1.));
#6025=DIRECTION('',(-1.,0.,0.));
#6026=AXIS2_PLACEMENT_3D('',#6023,#6024,#6025);
#6027=CYLINDRICAL_SURFACE('',#6026,1.25);
#6028=CARTESIAN_POINT('',(-2.5,-21.,43.6));
#6029=VERTEX_POINT('',#6028);
#6030=CARTESIAN_POINT('',(-2.5,-21.,47.));
#6031=VERTEX_POINT('',#6030);
#6032=CARTESIAN_POINT('',(-2.5,-21.,43.6));
#6033=DIRECTION('',(0.,-0.,1.));
#6034=VECTOR('',#6033,3.4);
#6035=LINE('',#6032,#6034);
#6036=EDGE_CURVE('',#6029,#6031,#6035,.T.);
#6037=ORIENTED_EDGE('',*,*,#6036,.F.);
#6038=CARTESIAN_POINT('',(-1.25,-21.,43.6));
#6039=DIRECTION('',(-0.,0.,-1.));
#6040=DIRECTION('',(-1.,0.,0.));
#6041=AXIS2_PLACEMENT_3D('',#6038,#6039,#6040);
#6042=CIRCLE('',#6041,1.25);
#6043=EDGE_CURVE('',#6029,#6029,#6042,.T.);
#6044=ORIENTED_EDGE('',*,*,#6043,.T.);
#6045=ORIENTED_EDGE('',*,*,#6036,.T.);
#6046=CARTESIAN_POINT('',(0.,-21.,47.));
#6047=VERTEX_POINT('',#6046);
#6048=CARTESIAN_POINT('',(-1.25,-21.,47.));
#6049=DIRECTION('',(-0.,0.,-1.));
#6050=DIRECTION('',(1.,0.,-0.));
#6051=AXIS2_PLACEMENT_3D('',#6048,#6049,#6050);
#6052=CIRCLE('',#6051,1.25);
#6053=EDGE_CURVE('',#6047,#6031,#6052,.T.);
#6054=ORIENTED_EDGE('',*,*,#6053,.F.);
#6055=CARTESIAN_POINT('',(-1.25,-21.,47.));
#6056=DIRECTION('',(-0.,0.,-1.));
#6057=DIRECTION('',(1.,0.,-0.));
#6058=AXIS2_PLACEMENT_3D('',#6055,#6056,#6057);
#6059=CIRCLE('',#6058,1.25);
#6060=EDGE_CURVE('',#6031,#6047,#6059,.T.);
#6061=ORIENTED_EDGE('',*,*,#6060,.F.);
#6062=EDGE_LOOP('',(#6037,#6044,#6045,#6054,#6061));
#6063=FACE_BOUND('',#6062,.T.);
#6064=ADVANCED_FACE('',(#6063),#6027,.F.);
#6065=CARTESIAN_POINT('',(-1.25,0.,47.));
#6066=DIRECTION('',(-0.,0.,-1.));
#6067=DIRECTION('',(1.,0.,-0.));
#6068=AXIS2_PLACEMENT_3D('',#6065,#6066,#6067);
#6069=PLANE('',#6068);
#6070=ORIENTED_EDGE('',*,*,#6053,.T.);
#6071=ORIENTED_EDGE('',*,*,#6060,.T.);
#6072=EDGE_LOOP('',(#6070,#6071));
#6073=FACE_BOUND('',#6072,.T.);
#6074=ADVANCED_FACE('',(#6073),#6069,.T.);
#6075=CARTESIAN_POINT('',(-21.115293294,5.724220014,48.));
#6076=DIRECTION('',(-0.874157276,0.485642931,0.));
#6077=DIRECTION('',(0.485642931,0.874157276,-0.));
#6078=AXIS2_PLACEMENT_3D('',#6075,#6076,#6077);
#6079=PLANE('',#6078);
#6080=ORIENTED_EDGE('',*,*,#2449,.T.);
#6081=CARTESIAN_POINT('',(-20.872471828,6.161298653,48.));
#6082=DIRECTION('',(-0.,0.,-1.));
#6083=VECTOR('',#6082,2.5);
#6084=LINE('',#6081,#6083);
#6085=EDGE_CURVE('',#2872,#2436,#6084,.T.);
#6086=ORIENTED_EDGE('',*,*,#6085,.F.);
#6087=ORIENTED_EDGE('',*,*,#2915,.F.);
#6088=ORIENTED_EDGE('',*,*,#3556,.T.);
#6089=EDGE_LOOP('',(#6080,#6086,#6087,#6088));
#6090=FACE_BOUND('',#6089,.T.);
#6091=ADVANCED_FACE('',(#6090),#6079,.F.);
#6092=CARTESIAN_POINT('',(-20.43539319,5.918477187,48.));
#6093=DIRECTION('',(0.485642931,0.874157276,-0.));
#6094=DIRECTION('',(0.874157276,-0.485642931,-0.));
#6095=AXIS2_PLACEMENT_3D('',#6092,#6093,#6094);
#6096=PLANE('',#6095);
#6097=ORIENTED_EDGE('',*,*,#2441,.T.);
#6098=ORIENTED_EDGE('',*,*,#2494,.F.);
#6099=ORIENTED_EDGE('',*,*,#2877,.F.);
#6100=ORIENTED_EDGE('',*,*,#6085,.T.);
#6101=EDGE_LOOP('',(#6097,#6098,#6099,#6100));
#6102=FACE_BOUND('',#6101,.T.);
#6103=ADVANCED_FACE('',(#6102),#6096,.F.);
#6104=CARTESIAN_POINT('',(-16.550249741,12.911735396,48.));
#6105=DIRECTION('',(0.485642931,0.874157276,-0.));
#6106=DIRECTION('',(0.874157276,-0.485642931,-0.));
#6107=AXIS2_PLACEMENT_3D('',#6104,#6105,#6106);
#6108=PLANE('',#6107);
#6109=ORIENTED_EDGE('',*,*,#2425,.F.);
#6110=CARTESIAN_POINT('',(-16.987328379,13.154556862,48.));
#6111=DIRECTION('',(-0.,0.,-1.));
#6112=VECTOR('',#6111,2.5);
#6113=LINE('',#6110,#6112);
#6114=EDGE_CURVE('',#2881,#2412,#6113,.T.);
#6115=ORIENTED_EDGE('',*,*,#6114,.F.);
#6116=ORIENTED_EDGE('',*,*,#2886,.T.);
#6117=ORIENTED_EDGE('',*,*,#2480,.T.);
#6118=EDGE_LOOP('',(#6109,#6115,#6116,#6117));
#6119=FACE_BOUND('',#6118,.T.);
#6120=ADVANCED_FACE('',(#6119),#6108,.T.);
#6121=CARTESIAN_POINT('',(-16.744506913,13.5916355,48.));
#6122=DIRECTION('',(0.874157276,-0.485642931,-0.));
#6123=DIRECTION('',(-0.485642931,-0.874157276,0.));
#6124=AXIS2_PLACEMENT_3D('',#6121,#6122,#6123);
#6125=PLANE('',#6124);
#6126=ORIENTED_EDGE('',*,*,#2417,.F.);
#6127=ORIENTED_EDGE('',*,*,#2387,.F.);
#6128=ORIENTED_EDGE('',*,*,#2892,.T.);
#6129=ORIENTED_EDGE('',*,*,#6114,.T.);
#6130=EDGE_LOOP('',(#6126,#6127,#6128,#6129));
#6131=FACE_BOUND('',#6130,.T.);
#6132=ADVANCED_FACE('',(#6131),#6125,.T.);
#6133=CARTESIAN_POINT('',(-20.775343242,13.543071206,46.75));
#6134=DIRECTION('',(0.485642931,0.874157276,-0.));
#6135=DIRECTION('',(0.874157276,-0.485642931,-0.));
#6136=AXIS2_PLACEMENT_3D('',#6133,#6134,#6135);
#6137=PLANE('',#6136);
#6138=ORIENTED_EDGE('',*,*,#3582,.F.);
#6139=CARTESIAN_POINT('',(-20.775343242,13.543071206,46.25));
#6140=VERTEX_POINT('',#6139);
#6141=CARTESIAN_POINT('',(-20.775343242,13.543071206,46.25));
#6142=DIRECTION('',(0.874157276,-0.485642931,-0.));
#6143=VECTOR('',#6142,1.5);
#6144=LINE('',#6141,#6143);
#6145=EDGE_CURVE('',#6140,#3575,#6144,.T.);
#6146=ORIENTED_EDGE('',*,*,#6145,.F.);
#6147=CARTESIAN_POINT('',(-20.775343242,13.543071206,47.25));
#6148=VERTEX_POINT('',#6147);
#6149=CARTESIAN_POINT('',(-20.775343242,13.543071206,46.25));
#6150=DIRECTION('',(0.,0.,1.));
#6151=VECTOR('',#6150,1.);
#6152=LINE('',#6149,#6151);
#6153=EDGE_CURVE('',#6140,#6148,#6152,.T.);
#6154=ORIENTED_EDGE('',*,*,#6153,.T.);
#6155=CARTESIAN_POINT('',(-20.775343242,13.543071206,47.25));
#6156=DIRECTION('',(0.874157276,-0.485642931,-0.));
#6157=VECTOR('',#6156,1.5);
#6158=LINE('',#6155,#6157);
#6159=EDGE_CURVE('',#6148,#3577,#6158,.T.);
#6160=ORIENTED_EDGE('',*,*,#6159,.T.);
#6161=EDGE_LOOP('',(#6138,#6146,#6154,#6160));
#6162=FACE_BOUND('',#6161,.T.);
#6163=ADVANCED_FACE('',(#6162),#6137,.T.);
#6164=CARTESIAN_POINT('',(-21.98945057,11.357678016,46.25));
#6165=DIRECTION('',(-0.,0.,-1.));
#6166=DIRECTION('',(-1.,0.,0.));
#6167=AXIS2_PLACEMENT_3D('',#6164,#6165,#6166);
#6168=PLANE('',#6167);
#6169=ORIENTED_EDGE('',*,*,#3604,.F.);
#6170=CARTESIAN_POINT('',(-23.203557898,9.172284826,46.25));
#6171=VERTEX_POINT('',#6170);
#6172=CARTESIAN_POINT('',(-23.203557898,9.172284826,46.25));
#6173=DIRECTION('',(0.874157276,-0.485642931,-0.));
#6174=VECTOR('',#6173,1.5);
#6175=LINE('',#6172,#6174);
#6176=EDGE_CURVE('',#6171,#3593,#6175,.T.);
#6177=ORIENTED_EDGE('',*,*,#6176,.F.);
#6178=CARTESIAN_POINT('',(-23.203557898,9.172284826,46.25));
#6179=DIRECTION('',(0.485642931,0.874157276,-0.));
#6180=VECTOR('',#6179,5.);
#6181=LINE('',#6178,#6180);
#6182=EDGE_CURVE('',#6171,#6140,#6181,.T.);
#6183=ORIENTED_EDGE('',*,*,#6182,.T.);
#6184=ORIENTED_EDGE('',*,*,#6145,.T.);
#6185=EDGE_LOOP('',(#6169,#6177,#6183,#6184));
#6186=FACE_BOUND('',#6185,.T.);
#6187=ADVANCED_FACE('',(#6186),#6168,.T.);
#6188=CARTESIAN_POINT('',(-23.203557898,9.172284826,46.75));
#6189=DIRECTION('',(-0.485642931,-0.874157276,0.));
#6190=DIRECTION('',(-0.874157276,0.485642931,0.));
#6191=AXIS2_PLACEMENT_3D('',#6188,#6189,#6190);
#6192=PLANE('',#6191);
#6193=ORIENTED_EDGE('',*,*,#3598,.F.);
#6194=CARTESIAN_POINT('',(-23.203557898,9.172284826,47.25));
#6195=VERTEX_POINT('',#6194);
#6196=CARTESIAN_POINT('',(-23.203557898,9.172284826,47.25));
#6197=DIRECTION('',(0.874157276,-0.485642931,-0.));
#6198=VECTOR('',#6197,1.5);
#6199=LINE('',#6196,#6198);
#6200=EDGE_CURVE('',#6195,#3585,#6199,.T.);
#6201=ORIENTED_EDGE('',*,*,#6200,.F.);
#6202=CARTESIAN_POINT('',(-23.203557898,9.172284826,47.25));
#6203=DIRECTION('',(-0.,0.,-1.));
#6204=VECTOR('',#6203,1.);
#6205=LINE('',#6202,#6204);
#6206=EDGE_CURVE('',#6195,#6171,#6205,.T.);
#6207=ORIENTED_EDGE('',*,*,#6206,.T.);
#6208=ORIENTED_EDGE('',*,*,#6176,.T.);
#6209=EDGE_LOOP('',(#6193,#6201,#6207,#6208));
#6210=FACE_BOUND('',#6209,.T.);
#6211=ADVANCED_FACE('',(#6210),#6192,.T.);
#6212=CARTESIAN_POINT('',(-21.98945057,11.357678016,47.25));
#6213=DIRECTION('',(0.,0.,1.));
#6214=DIRECTION('',(1.,0.,-0.));
#6215=AXIS2_PLACEMENT_3D('',#6212,#6213,#6214);
#6216=PLANE('',#6215);
#6217=ORIENTED_EDGE('',*,*,#3590,.F.);
#6218=ORIENTED_EDGE('',*,*,#6159,.F.);
#6219=CARTESIAN_POINT('',(-20.775343242,13.543071206,47.25));
#6220=DIRECTION('',(-0.485642931,-0.874157276,0.));
#6221=VECTOR('',#6220,5.);
#6222=LINE('',#6219,#6221);
#6223=EDGE_CURVE('',#6148,#6195,#6222,.T.);
#6224=ORIENTED_EDGE('',*,*,#6223,.T.);
#6225=ORIENTED_EDGE('',*,*,#6200,.T.);
#6226=EDGE_LOOP('',(#6217,#6218,#6224,#6225));
#6227=FACE_BOUND('',#6226,.T.);
#6228=ADVANCED_FACE('',(#6227),#6216,.T.);
#6229=CARTESIAN_POINT('',(-21.91972648,11.483181378,49.8));
#6230=DIRECTION('',(-0.874157276,0.485642931,0.));
#6231=DIRECTION('',(0.485642931,0.874157276,-0.));
#6232=AXIS2_PLACEMENT_3D('',#6229,#6230,#6231);
#6233=PLANE('',#6232);
#6234=ORIENTED_EDGE('',*,*,#6153,.F.);
#6235=ORIENTED_EDGE('',*,*,#6182,.F.);
#6236=ORIENTED_EDGE('',*,*,#6206,.F.);
#6237=ORIENTED_EDGE('',*,*,#6223,.F.);
#6238=EDGE_LOOP('',(#6234,#6235,#6236,#6237));
#6239=FACE_BOUND('',#6238,.T.);
#6240=ADVANCED_FACE('',(#6239),#6233,.T.);
#6241=CARTESIAN_POINT('',(-23.203557898,-9.172284826,46.75));
#6242=DIRECTION('',(-0.485642931,0.874157276,0.));
#6243=DIRECTION('',(0.874157276,0.485642931,-0.));
#6244=AXIS2_PLACEMENT_3D('',#6241,#6242,#6243);
#6245=PLANE('',#6244);
#6246=ORIENTED_EDGE('',*,*,#3514,.F.);
#6247=CARTESIAN_POINT('',(-23.203557898,-9.172284826,46.25));
#6248=VERTEX_POINT('',#6247);
#6249=CARTESIAN_POINT('',(-23.203557898,-9.172284826,46.25));
#6250=DIRECTION('',(0.874157276,0.485642931,-0.));
#6251=VECTOR('',#6250,1.5);
#6252=LINE('',#6249,#6251);
#6253=EDGE_CURVE('',#6248,#3507,#6252,.T.);
#6254=ORIENTED_EDGE('',*,*,#6253,.F.);
#6255=CARTESIAN_POINT('',(-23.203557898,-9.172284826,47.25));
#6256=VERTEX_POINT('',#6255);
#6257=CARTESIAN_POINT('',(-23.203557898,-9.172284826,46.25));
#6258=DIRECTION('',(0.,0.,1.));
#6259=VECTOR('',#6258,1.);
#6260=LINE('',#6257,#6259);
#6261=EDGE_CURVE('',#6248,#6256,#6260,.T.);
#6262=ORIENTED_EDGE('',*,*,#6261,.T.);
#6263=CARTESIAN_POINT('',(-23.203557898,-9.172284826,47.25));
#6264=DIRECTION('',(0.874157276,0.485642931,-0.));
#6265=VECTOR('',#6264,1.5);
#6266=LINE('',#6263,#6265);
#6267=EDGE_CURVE('',#6256,#3509,#6266,.T.);
#6268=ORIENTED_EDGE('',*,*,#6267,.T.);
#6269=EDGE_LOOP('',(#6246,#6254,#6262,#6268));
#6270=FACE_BOUND('',#6269,.T.);
#6271=ADVANCED_FACE('',(#6270),#6245,.T.);
#6272=CARTESIAN_POINT('',(-21.98945057,-11.357678016,46.25));
#6273=DIRECTION('',(-0.,0.,-1.));
#6274=DIRECTION('',(-1.,0.,0.));
#6275=AXIS2_PLACEMENT_3D('',#6272,#6273,#6274);
#6276=PLANE('',#6275);
#6277=ORIENTED_EDGE('',*,*,#3536,.F.);
#6278=CARTESIAN_POINT('',(-20.775343242,-13.543071206,46.25));
#6279=VERTEX_POINT('',#6278);
#6280=CARTESIAN_POINT('',(-20.775343242,-13.543071206,46.25));
#6281=DIRECTION('',(0.874157276,0.485642931,-0.));
#6282=VECTOR('',#6281,1.5);
#6283=LINE('',#6280,#6282);
#6284=EDGE_CURVE('',#6279,#3525,#6283,.T.);
#6285=ORIENTED_EDGE('',*,*,#6284,.F.);
#6286=CARTESIAN_POINT('',(-20.775343242,-13.543071206,46.25));
#6287=DIRECTION('',(-0.485642931,0.874157276,0.));
#6288=VECTOR('',#6287,5.);
#6289=LINE('',#6286,#6288);
#6290=EDGE_CURVE('',#6279,#6248,#6289,.T.);
#6291=ORIENTED_EDGE('',*,*,#6290,.T.);
#6292=ORIENTED_EDGE('',*,*,#6253,.T.);
#6293=EDGE_LOOP('',(#6277,#6285,#6291,#6292));
#6294=FACE_BOUND('',#6293,.T.);
#6295=ADVANCED_FACE('',(#6294),#6276,.T.);
#6296=CARTESIAN_POINT('',(-20.775343242,-13.543071206,46.75));
#6297=DIRECTION('',(0.485642931,-0.874157276,-0.));
#6298=DIRECTION('',(-0.874157276,-0.485642931,0.));
#6299=AXIS2_PLACEMENT_3D('',#6296,#6297,#6298);
#6300=PLANE('',#6299);
#6301=ORIENTED_EDGE('',*,*,#3530,.F.);
#6302=CARTESIAN_POINT('',(-20.775343242,-13.543071206,47.25));
#6303=VERTEX_POINT('',#6302);
#6304=CARTESIAN_POINT('',(-20.775343242,-13.543071206,47.25));
#6305=DIRECTION('',(0.874157276,0.485642931,-0.));
#6306=VECTOR('',#6305,1.5);
#6307=LINE('',#6304,#6306);
#6308=EDGE_CURVE('',#6303,#3517,#6307,.T.);
#6309=ORIENTED_EDGE('',*,*,#6308,.F.);
#6310=CARTESIAN_POINT('',(-20.775343242,-13.543071206,47.25));
#6311=DIRECTION('',(-0.,0.,-1.));
#6312=VECTOR('',#6311,1.);
#6313=LINE('',#6310,#6312);
#6314=EDGE_CURVE('',#6303,#6279,#6313,.T.);
#6315=ORIENTED_EDGE('',*,*,#6314,.T.);
#6316=ORIENTED_EDGE('',*,*,#6284,.T.);
#6317=EDGE_LOOP('',(#6301,#6309,#6315,#6316));
#6318=FACE_BOUND('',#6317,.T.);
#6319=ADVANCED_FACE('',(#6318),#6300,.T.);
#6320=CARTESIAN_POINT('',(-21.98945057,-11.357678016,47.25));
#6321=DIRECTION('',(0.,0.,1.));
#6322=DIRECTION('',(1.,0.,-0.));
#6323=AXIS2_PLACEMENT_3D('',#6320,#6321,#6322);
#6324=PLANE('',#6323);
#6325=ORIENTED_EDGE('',*,*,#3522,.F.);
#6326=ORIENTED_EDGE('',*,*,#6267,.F.);
#6327=CARTESIAN_POINT('',(-23.203557898,-9.172284826,47.25));
#6328=DIRECTION('',(0.485642931,-0.874157276,-0.));
#6329=VECTOR('',#6328,5.);
#6330=LINE('',#6327,#6329);
#6331=EDGE_CURVE('',#6256,#6303,#6330,.T.);
#6332=ORIENTED_EDGE('',*,*,#6331,.T.);
#6333=ORIENTED_EDGE('',*,*,#6308,.T.);
#6334=EDGE_LOOP('',(#6325,#6326,#6332,#6333));
#6335=FACE_BOUND('',#6334,.T.);
#6336=ADVANCED_FACE('',(#6335),#6324,.T.);
#6337=CARTESIAN_POINT('',(-21.91972648,-11.483181378,49.8));
#6338=DIRECTION('',(-0.874157276,-0.485642931,0.));
#6339=DIRECTION('',(-0.485642931,0.874157276,0.));
#6340=AXIS2_PLACEMENT_3D('',#6337,#6338,#6339);
#6341=PLANE('',#6340);
#6342=ORIENTED_EDGE('',*,*,#6261,.F.);
#6343=ORIENTED_EDGE('',*,*,#6290,.F.);
#6344=ORIENTED_EDGE('',*,*,#6314,.F.);
#6345=ORIENTED_EDGE('',*,*,#6331,.F.);
#6346=EDGE_LOOP('',(#6342,#6343,#6344,#6345));
#6347=FACE_BOUND('',#6346,.T.);
#6348=ADVANCED_FACE('',(#6347),#6341,.T.);
#6349=CARTESIAN_POINT('',(-16.744506913,-13.5916355,48.));
#6350=DIRECTION('',(-0.874157276,-0.485642931,0.));
#6351=DIRECTION('',(-0.485642931,0.874157276,0.));
#6352=AXIS2_PLACEMENT_3D('',#6349,#6350,#6351);
#6353=PLANE('',#6352);
#6354=ORIENTED_EDGE('',*,*,#2316,.T.);
#6355=CARTESIAN_POINT('',(-16.987328379,-13.154556862,48.));
#6356=DIRECTION('',(-0.,0.,-1.));
#6357=VECTOR('',#6356,2.5);
#6358=LINE('',#6355,#6357);
#6359=EDGE_CURVE('',#2824,#2303,#6358,.T.);
#6360=ORIENTED_EDGE('',*,*,#6359,.F.);
#6361=ORIENTED_EDGE('',*,*,#2867,.F.);
#6362=ORIENTED_EDGE('',*,*,#3488,.T.);
#6363=EDGE_LOOP('',(#6354,#6360,#6361,#6362));
#6364=FACE_BOUND('',#6363,.T.);
#6365=ADVANCED_FACE('',(#6364),#6353,.F.);
#6366=CARTESIAN_POINT('',(-16.550249741,-12.911735396,48.));
#6367=DIRECTION('',(-0.485642931,0.874157276,0.));
#6368=DIRECTION('',(0.874157276,0.485642931,-0.));
#6369=AXIS2_PLACEMENT_3D('',#6366,#6367,#6368);
#6370=PLANE('',#6369);
#6371=ORIENTED_EDGE('',*,*,#2308,.T.);
#6372=ORIENTED_EDGE('',*,*,#2360,.F.);
#6373=ORIENTED_EDGE('',*,*,#2829,.F.);
#6374=ORIENTED_EDGE('',*,*,#6359,.T.);
#6375=EDGE_LOOP('',(#6371,#6372,#6373,#6374));
#6376=FACE_BOUND('',#6375,.T.);
#6377=ADVANCED_FACE('',(#6376),#6370,.F.);
#6378=CARTESIAN_POINT('',(-21.115293294,-5.724220014,48.));
#6379=DIRECTION('',(0.874157276,0.485642931,-0.));
#6380=DIRECTION('',(0.485642931,-0.874157276,-0.));
#6381=AXIS2_PLACEMENT_3D('',#6378,#6379,#6380);
#6382=PLANE('',#6381);
#6383=ORIENTED_EDGE('',*,*,#2284,.F.);
#6384=ORIENTED_EDGE('',*,*,#2253,.F.);
#6385=ORIENTED_EDGE('',*,*,#2844,.T.);
#6386=CARTESIAN_POINT('',(-20.872471828,-6.161298653,48.));
#6387=DIRECTION('',(-0.,0.,-1.));
#6388=VECTOR('',#6387,2.5);
#6389=LINE('',#6386,#6388);
#6390=EDGE_CURVE('',#2833,#2279,#6389,.T.);
#6391=ORIENTED_EDGE('',*,*,#6390,.T.);
#6392=EDGE_LOOP('',(#6383,#6384,#6385,#6391));
#6393=FACE_BOUND('',#6392,.T.);
#6394=ADVANCED_FACE('',(#6393),#6382,.T.);
#6395=CARTESIAN_POINT('',(-20.43539319,-5.918477187,48.));
#6396=DIRECTION('',(-0.485642931,0.874157276,0.));
#6397=DIRECTION('',(0.874157276,0.485642931,-0.));
#6398=AXIS2_PLACEMENT_3D('',#6395,#6396,#6397);
#6399=PLANE('',#6398);
#6400=ORIENTED_EDGE('',*,*,#2292,.F.);
#6401=ORIENTED_EDGE('',*,*,#6390,.F.);
#6402=ORIENTED_EDGE('',*,*,#2838,.T.);
#6403=ORIENTED_EDGE('',*,*,#2346,.T.);
#6404=EDGE_LOOP('',(#6400,#6401,#6402,#6403));
#6405=FACE_BOUND('',#6404,.T.);
#6406=ADVANCED_FACE('',(#6405),#6399,.T.);
#6407=CARTESIAN_POINT('',(18.75,-2.5,46.5));
#6408=DIRECTION('',(1.,-0.,-0.));
#6409=DIRECTION('',(-0.,-1.,0.));
#6410=AXIS2_PLACEMENT_3D('',#6407,#6408,#6409);
#6411=CYLINDRICAL_SURFACE('',#6410,1.5);
#6412=ORIENTED_EDGE('',*,*,#2166,.F.);
#6413=ORIENTED_EDGE('',*,*,#2098,.F.);
#6414=ORIENTED_EDGE('',*,*,#1972,.F.);
#6415=ORIENTED_EDGE('',*,*,#3430,.F.);
#6416=EDGE_LOOP('',(#6412,#6413,#6414,#6415));
#6417=FACE_BOUND('',#6416,.T.);
#6418=ADVANCED_FACE('',(#6417),#6411,.T.);
#6419=CARTESIAN_POINT('',(18.75,2.5,46.5));
#6420=DIRECTION('',(-1.,0.,0.));
#6421=DIRECTION('',(0.,1.,-0.));
#6422=AXIS2_PLACEMENT_3D('',#6419,#6420,#6421);
#6423=CYLINDRICAL_SURFACE('',#6422,1.5);
#6424=ORIENTED_EDGE('',*,*,#1989,.F.);
#6425=ORIENTED_EDGE('',*,*,#2091,.F.);
#6426=ORIENTED_EDGE('',*,*,#2197,.F.);
#6427=ORIENTED_EDGE('',*,*,#3453,.F.);
#6428=EDGE_LOOP('',(#6424,#6425,#6426,#6427));
#6429=FACE_BOUND('',#6428,.T.);
#6430=ADVANCED_FACE('',(#6429),#6423,.T.);
#6431=CARTESIAN_POINT('',(14.5,1.494446105,45.7));
#6432=DIRECTION('',(1.,0.,-0.));
#6433=DIRECTION('',(-0.,0.,-1.));
#6434=AXIS2_PLACEMENT_3D('',#6431,#6432,#6433);
#6435=PLANE('',#6434);
#6436=ORIENTED_EDGE('',*,*,#2069,.T.);
#6437=CARTESIAN_POINT('',(14.5,0.994446105,45.7));
#6438=VERTEX_POINT('',#6437);
#6439=CARTESIAN_POINT('',(14.5,0.994446105,45.7));
#6440=DIRECTION('',(-0.,0.,-1.));
#6441=VECTOR('',#6440,0.7);
#6442=LINE('',#6439,#6441);
#6443=EDGE_CURVE('',#6438,#2056,#6442,.T.);
#6444=ORIENTED_EDGE('',*,*,#6443,.F.);
#6445=CARTESIAN_POINT('',(14.5,1.994446105,45.7));
#6446=VERTEX_POINT('',#6445);
#6447=CARTESIAN_POINT('',(14.5,1.994446105,45.7));
#6448=DIRECTION('',(0.,-1.,0.));
#6449=VECTOR('',#6448,1.);
#6450=LINE('',#6447,#6449);
#6451=EDGE_CURVE('',#6446,#6438,#6450,.T.);
#6452=ORIENTED_EDGE('',*,*,#6451,.F.);
#6453=CARTESIAN_POINT('',(14.5,1.994446105,45.7));
#6454=DIRECTION('',(-0.,0.,-1.));
#6455=VECTOR('',#6454,0.7);
#6456=LINE('',#6453,#6455);
#6457=EDGE_CURVE('',#6446,#2064,#6456,.T.);
#6458=ORIENTED_EDGE('',*,*,#6457,.T.);
#6459=EDGE_LOOP('',(#6436,#6444,#6452,#6458));
#6460=FACE_BOUND('',#6459,.T.);
#6461=ADVANCED_FACE('',(#6460),#6435,.F.);
#6462=CARTESIAN_POINT('',(14.25,0.994446105,45.7));
#6463=DIRECTION('',(0.,-1.,0.));
#6464=DIRECTION('',(0.,0.,1.));
#6465=AXIS2_PLACEMENT_3D('',#6462,#6463,#6464);
#6466=PLANE('',#6465);
#6467=ORIENTED_EDGE('',*,*,#2061,.T.);
#6468=ORIENTED_EDGE('',*,*,#2220,.F.);
#6469=CARTESIAN_POINT('',(14.5,0.994446105,45.7));
#6470=DIRECTION('',(-1.,0.,0.));
#6471=VECTOR('',#6470,0.5);
#6472=LINE('',#6469,#6471);
#6473=EDGE_CURVE('',#6438,#2209,#6472,.T.);
#6474=ORIENTED_EDGE('',*,*,#6473,.F.);
#6475=ORIENTED_EDGE('',*,*,#6443,.T.);
#6476=EDGE_LOOP('',(#6467,#6468,#6474,#6475));
#6477=FACE_BOUND('',#6476,.T.);
#6478=ADVANCED_FACE('',(#6477),#6466,.F.);
#6479=CARTESIAN_POINT('',(14.25,1.994446105,45.7));
#6480=DIRECTION('',(0.,1.,0.));
#6481=DIRECTION('',(-0.,0.,-1.));
#6482=AXIS2_PLACEMENT_3D('',#6479,#6480,#6481);
#6483=PLANE('',#6482);
#6484=ORIENTED_EDGE('',*,*,#2077,.T.);
#6485=ORIENTED_EDGE('',*,*,#6457,.F.);
#6486=CARTESIAN_POINT('',(14.,1.994446105,45.7));
#6487=DIRECTION('',(1.,0.,-0.));
#6488=VECTOR('',#6487,0.5);
#6489=LINE('',#6486,#6488);
#6490=EDGE_CURVE('',#2201,#6446,#6489,.T.);
#6491=ORIENTED_EDGE('',*,*,#6490,.F.);
#6492=ORIENTED_EDGE('',*,*,#2206,.T.);
#6493=EDGE_LOOP('',(#6484,#6485,#6491,#6492));
#6494=FACE_BOUND('',#6493,.T.);
#6495=ADVANCED_FACE('',(#6494),#6483,.F.);
#6496=CARTESIAN_POINT('',(-1.25,0.,45.7));
#6497=DIRECTION('',(-0.,0.,-1.));
#6498=DIRECTION('',(0.,-1.,0.));
#6499=AXIS2_PLACEMENT_3D('',#6496,#6497,#6498);
#6500=PLANE('',#6499);
#6501=ORIENTED_EDGE('',*,*,#6451,.T.);
#6502=ORIENTED_EDGE('',*,*,#6473,.T.);
#6503=ORIENTED_EDGE('',*,*,#2214,.T.);
#6504=ORIENTED_EDGE('',*,*,#6490,.T.);
#6505=EDGE_LOOP('',(#6501,#6502,#6503,#6504));
#6506=FACE_BOUND('',#6505,.T.);
#6507=ADVANCED_FACE('',(#6506),#6500,.T.);
#6508=CARTESIAN_POINT('',(14.25,-2.001488534,45.7));
#6509=DIRECTION('',(0.,1.,0.));
#6510=DIRECTION('',(-0.,0.,-1.));
#6511=AXIS2_PLACEMENT_3D('',#6508,#6509,#6510);
#6512=PLANE('',#6511);
#6513=ORIENTED_EDGE('',*,*,#2029,.F.);
#6514=ORIENTED_EDGE('',*,*,#2156,.F.);
#6515=CARTESIAN_POINT('',(14.5,-2.001488534,45.7));
#6516=VERTEX_POINT('',#6515);
#6517=CARTESIAN_POINT('',(14.,-2.001488534,45.7));
#6518=DIRECTION('',(1.,0.,-0.));
#6519=VECTOR('',#6518,0.5);
#6520=LINE('',#6517,#6519);
#6521=EDGE_CURVE('',#2145,#6516,#6520,.T.);
#6522=ORIENTED_EDGE('',*,*,#6521,.T.);
#6523=CARTESIAN_POINT('',(14.5,-2.001488534,45.7));
#6524=DIRECTION('',(-0.,0.,-1.));
#6525=VECTOR('',#6524,0.7);
#6526=LINE('',#6523,#6525);
#6527=EDGE_CURVE('',#6516,#2024,#6526,.T.);
#6528=ORIENTED_EDGE('',*,*,#6527,.T.);
#6529=EDGE_LOOP('',(#6513,#6514,#6522,#6528));
#6530=FACE_BOUND('',#6529,.T.);
#6531=ADVANCED_FACE('',(#6530),#6512,.T.);
#6532=CARTESIAN_POINT('',(14.25,-1.001488534,45.7));
#6533=DIRECTION('',(0.,-1.,0.));
#6534=DIRECTION('',(0.,0.,1.));
#6535=AXIS2_PLACEMENT_3D('',#6532,#6533,#6534);
#6536=PLANE('',#6535);
#6537=ORIENTED_EDGE('',*,*,#2045,.F.);
#6538=CARTESIAN_POINT('',(14.5,-1.001488534,45.7));
#6539=VERTEX_POINT('',#6538);
#6540=CARTESIAN_POINT('',(14.5,-1.001488534,45.7));
#6541=DIRECTION('',(-0.,0.,-1.));
#6542=VECTOR('',#6541,0.7);
#6543=LINE('',#6540,#6542);
#6544=EDGE_CURVE('',#6539,#2032,#6543,.T.);
#6545=ORIENTED_EDGE('',*,*,#6544,.F.);
#6546=CARTESIAN_POINT('',(14.5,-1.001488534,45.7));
#6547=DIRECTION('',(-1.,0.,0.));
#6548=VECTOR('',#6547,0.5);
#6549=LINE('',#6546,#6548);
#6550=EDGE_CURVE('',#6539,#2143,#6549,.T.);
#6551=ORIENTED_EDGE('',*,*,#6550,.T.);
#6552=ORIENTED_EDGE('',*,*,#2227,.T.);
#6553=EDGE_LOOP('',(#6537,#6545,#6551,#6552));
#6554=FACE_BOUND('',#6553,.T.);
#6555=ADVANCED_FACE('',(#6554),#6536,.T.);
#6556=CARTESIAN_POINT('',(14.5,-1.501488534,45.7));
#6557=DIRECTION('',(-1.,0.,0.));
#6558=DIRECTION('',(0.,0.,1.));
#6559=AXIS2_PLACEMENT_3D('',#6556,#6557,#6558);
#6560=PLANE('',#6559);
#6561=ORIENTED_EDGE('',*,*,#2037,.F.);
#6562=ORIENTED_EDGE('',*,*,#6527,.F.);
#6563=CARTESIAN_POINT('',(14.5,-2.001488534,45.7));
#6564=DIRECTION('',(0.,1.,0.));
#6565=VECTOR('',#6564,1.);
#6566=LINE('',#6563,#6565);
#6567=EDGE_CURVE('',#6516,#6539,#6566,.T.);
#6568=ORIENTED_EDGE('',*,*,#6567,.T.);
#6569=ORIENTED_EDGE('',*,*,#6544,.T.);
#6570=EDGE_LOOP('',(#6561,#6562,#6568,#6569));
#6571=FACE_BOUND('',#6570,.T.);
#6572=ADVANCED_FACE('',(#6571),#6560,.T.);
#6573=CARTESIAN_POINT('',(-1.25,0.,45.7));
#6574=DIRECTION('',(-0.,0.,-1.));
#6575=DIRECTION('',(0.,-1.,0.));
#6576=AXIS2_PLACEMENT_3D('',#6573,#6574,#6575);
#6577=PLANE('',#6576);
#6578=ORIENTED_EDGE('',*,*,#6521,.F.);
#6579=ORIENTED_EDGE('',*,*,#2150,.F.);
#6580=ORIENTED_EDGE('',*,*,#6550,.F.);
#6581=ORIENTED_EDGE('',*,*,#6567,.F.);
#6582=EDGE_LOOP('',(#6578,#6579,#6580,#6581));
#6583=FACE_BOUND('',#6582,.T.);
#6584=ADVANCED_FACE('',(#6583),#6577,.T.);
#6585=CARTESIAN_POINT('',(15.45,-0.2,45.1));
#6586=DIRECTION('',(0.,1.,0.));
#6587=DIRECTION('',(-0.,0.,-1.));
#6588=AXIS2_PLACEMENT_3D('',#6585,#6586,#6587);
#6589=PLANE('',#6588);
#6590=ORIENTED_EDGE('',*,*,#2118,.F.);
#6591=CARTESIAN_POINT('',(15.25,-0.2,45.1));
#6592=VERTEX_POINT('',#6591);
#6593=CARTESIAN_POINT('',(15.25,-0.2,45.1));
#6594=DIRECTION('',(-0.,0.,-1.));
#6595=VECTOR('',#6594,0.1);
#6596=LINE('',#6593,#6595);
#6597=EDGE_CURVE('',#6592,#2105,#6596,.T.);
#6598=ORIENTED_EDGE('',*,*,#6597,.F.);
#6599=CARTESIAN_POINT('',(15.65,-0.2,45.1));
#6600=VERTEX_POINT('',#6599);
#6601=CARTESIAN_POINT('',(15.25,-0.2,45.1));
#6602=DIRECTION('',(1.,0.,-0.));
#6603=VECTOR('',#6602,0.4);
#6604=LINE('',#6601,#6603);
#6605=EDGE_CURVE('',#6592,#6600,#6604,.T.);
#6606=ORIENTED_EDGE('',*,*,#6605,.T.);
#6607=CARTESIAN_POINT('',(15.65,-0.2,45.1));
#6608=DIRECTION('',(-0.,0.,-1.));
#6609=VECTOR('',#6608,0.1);
#6610=LINE('',#6607,#6609);
#6611=EDGE_CURVE('',#6600,#2113,#6610,.T.);
#6612=ORIENTED_EDGE('',*,*,#6611,.T.);
#6613=EDGE_LOOP('',(#6590,#6598,#6606,#6612));
#6614=FACE_BOUND('',#6613,.T.);
#6615=ADVANCED_FACE('',(#6614),#6589,.T.);
#6616=CARTESIAN_POINT('',(15.25,0.,45.1));
#6617=DIRECTION('',(1.,0.,-0.));
#6618=DIRECTION('',(-0.,0.,-1.));
#6619=AXIS2_PLACEMENT_3D('',#6616,#6617,#6618);
#6620=PLANE('',#6619);
#6621=ORIENTED_EDGE('',*,*,#2110,.F.);
#6622=CARTESIAN_POINT('',(15.25,0.2,45.1));
#6623=VERTEX_POINT('',#6622);
#6624=CARTESIAN_POINT('',(15.25,0.2,45.1));
#6625=DIRECTION('',(-0.,0.,-1.));
#6626=VECTOR('',#6625,0.1);
#6627=LINE('',#6624,#6626);
#6628=EDGE_CURVE('',#6623,#2103,#6627,.T.);
#6629=ORIENTED_EDGE('',*,*,#6628,.F.);
#6630=CARTESIAN_POINT('',(15.25,0.2,45.1));
#6631=DIRECTION('',(0.,-1.,0.));
#6632=VECTOR('',#6631,0.4);
#6633=LINE('',#6630,#6632);
#6634=EDGE_CURVE('',#6623,#6592,#6633,.T.);
#6635=ORIENTED_EDGE('',*,*,#6634,.T.);
#6636=ORIENTED_EDGE('',*,*,#6597,.T.);
#6637=EDGE_LOOP('',(#6621,#6629,#6635,#6636));
#6638=FACE_BOUND('',#6637,.T.);
#6639=ADVANCED_FACE('',(#6638),#6620,.T.);
#6640=CARTESIAN_POINT('',(15.45,0.2,45.1));
#6641=DIRECTION('',(0.,-1.,0.));
#6642=DIRECTION('',(0.,0.,1.));
#6643=AXIS2_PLACEMENT_3D('',#6640,#6641,#6642);
#6644=PLANE('',#6643);
#6645=ORIENTED_EDGE('',*,*,#2132,.F.);
#6646=CARTESIAN_POINT('',(15.65,0.2,45.1));
#6647=VERTEX_POINT('',#6646);
#6648=CARTESIAN_POINT('',(15.65,0.2,45.1));
#6649=DIRECTION('',(-0.,0.,-1.));
#6650=VECTOR('',#6649,0.1);
#6651=LINE('',#6648,#6650);
#6652=EDGE_CURVE('',#6647,#2121,#6651,.T.);
#6653=ORIENTED_EDGE('',*,*,#6652,.F.);
#6654=CARTESIAN_POINT('',(15.65,0.2,45.1));
#6655=DIRECTION('',(-1.,0.,0.));
#6656=VECTOR('',#6655,0.4);
#6657=LINE('',#6654,#6656);
#6658=EDGE_CURVE('',#6647,#6623,#6657,.T.);
#6659=ORIENTED_EDGE('',*,*,#6658,.T.);
#6660=ORIENTED_EDGE('',*,*,#6628,.T.);
#6661=EDGE_LOOP('',(#6645,#6653,#6659,#6660));
#6662=FACE_BOUND('',#6661,.T.);
#6663=ADVANCED_FACE('',(#6662),#6644,.T.);
#6664=CARTESIAN_POINT('',(15.65,0.,45.1));
#6665=DIRECTION('',(-1.,0.,0.));
#6666=DIRECTION('',(0.,0.,1.));
#6667=AXIS2_PLACEMENT_3D('',#6664,#6665,#6666);
#6668=PLANE('',#6667);
#6669=ORIENTED_EDGE('',*,*,#2126,.F.);
#6670=ORIENTED_EDGE('',*,*,#6611,.F.);
#6671=CARTESIAN_POINT('',(15.65,-0.2,45.1));
#6672=DIRECTION('',(0.,1.,0.));
#6673=VECTOR('',#6672,0.4);
#6674=LINE('',#6671,#6673);
#6675=EDGE_CURVE('',#6600,#6647,#6674,.T.);
#6676=ORIENTED_EDGE('',*,*,#6675,.T.);
#6677=ORIENTED_EDGE('',*,*,#6652,.T.);
#6678=EDGE_LOOP('',(#6669,#6670,#6676,#6677));
#6679=FACE_BOUND('',#6678,.T.);
#6680=ADVANCED_FACE('',(#6679),#6668,.T.);
#6681=CARTESIAN_POINT('',(-1.25,0.,45.1));
#6682=DIRECTION('',(-0.,0.,-1.));
#6683=DIRECTION('',(0.,-1.,0.));
#6684=AXIS2_PLACEMENT_3D('',#6681,#6682,#6683);
#6685=PLANE('',#6684);
#6686=ORIENTED_EDGE('',*,*,#6605,.F.);
#6687=ORIENTED_EDGE('',*,*,#6634,.F.);
#6688=ORIENTED_EDGE('',*,*,#6658,.F.);
#6689=ORIENTED_EDGE('',*,*,#6675,.F.);
#6690=EDGE_LOOP('',(#6686,#6687,#6688,#6689));
#6691=FACE_BOUND('',#6690,.T.);
#6692=ADVANCED_FACE('',(#6691),#6685,.T.);
#6693=CARTESIAN_POINT('',(16.9,-0.,46.4));
#6694=DIRECTION('',(0.,0.,1.));
#6695=DIRECTION('',(1.,0.,-0.));
#6696=AXIS2_PLACEMENT_3D('',#6693,#6694,#6695);
#6697=PLANE('',#6696);
#6698=CARTESIAN_POINT('',(23.,2.8,46.4));
#6699=VERTEX_POINT('',#6698);
#6700=CARTESIAN_POINT('',(23.,-2.8,46.4));
#6701=VERTEX_POINT('',#6700);
#6702=CARTESIAN_POINT('',(23.,2.8,46.4));
#6703=DIRECTION('',(-0.,-1.,0.));
#6704=VECTOR('',#6703,5.6);
#6705=LINE('',#6702,#6704);
#6706=EDGE_CURVE('',#6699,#6701,#6705,.T.);
#6707=ORIENTED_EDGE('',*,*,#6706,.T.);
#6708=CARTESIAN_POINT('',(16.9,-2.8,46.4));
#6709=VERTEX_POINT('',#6708);
#6710=CARTESIAN_POINT('',(16.9,-2.8,46.4));
#6711=DIRECTION('',(1.,-0.,-0.));
#6712=VECTOR('',#6711,6.1);
#6713=LINE('',#6710,#6712);
#6714=EDGE_CURVE('',#6709,#6701,#6713,.T.);
#6715=ORIENTED_EDGE('',*,*,#6714,.F.);
#6716=CARTESIAN_POINT('',(16.9,2.8,46.4));
#6717=VERTEX_POINT('',#6716);
#6718=CARTESIAN_POINT('',(16.9,2.8,46.4));
#6719=DIRECTION('',(-0.,-1.,0.));
#6720=VECTOR('',#6719,5.6);
#6721=LINE('',#6718,#6720);
#6722=EDGE_CURVE('',#6717,#6709,#6721,.T.);
#6723=ORIENTED_EDGE('',*,*,#6722,.F.);
#6724=CARTESIAN_POINT('',(16.9,2.8,46.4));
#6725=DIRECTION('',(1.,-0.,-0.));
#6726=VECTOR('',#6725,6.1);
#6727=LINE('',#6724,#6726);
#6728=EDGE_CURVE('',#6717,#6699,#6727,.T.);
#6729=ORIENTED_EDGE('',*,*,#6728,.T.);
#6730=EDGE_LOOP('',(#6707,#6715,#6723,#6729));
#6731=FACE_BOUND('',#6730,.T.);
#6732=ADVANCED_FACE('',(#6731),#6697,.F.);
#6733=CARTESIAN_POINT('',(16.9,-2.8,46.6));
#6734=DIRECTION('',(0.,1.,-0.));
#6735=DIRECTION('',(1.,-0.,-0.));
#6736=AXIS2_PLACEMENT_3D('',#6733,#6734,#6735);
#6737=PLANE('',#6736);
#6738=CARTESIAN_POINT('',(23.,-2.8,46.8));
#6739=VERTEX_POINT('',#6738);
#6740=CARTESIAN_POINT('',(23.,-2.8,46.4));
#6741=DIRECTION('',(0.,0.,1.));
#6742=VECTOR('',#6741,0.4);
#6743=LINE('',#6740,#6742);
#6744=EDGE_CURVE('',#6701,#6739,#6743,.T.);
#6745=ORIENTED_EDGE('',*,*,#6744,.T.);
#6746=CARTESIAN_POINT('',(16.9,-2.8,46.8));
#6747=VERTEX_POINT('',#6746);
#6748=CARTESIAN_POINT('',(16.9,-2.8,46.8));
#6749=DIRECTION('',(1.,-0.,-0.));
#6750=VECTOR('',#6749,6.1);
#6751=LINE('',#6748,#6750);
#6752=EDGE_CURVE('',#6747,#6739,#6751,.T.);
#6753=ORIENTED_EDGE('',*,*,#6752,.F.);
#6754=CARTESIAN_POINT('',(16.9,-2.8,46.4));
#6755=DIRECTION('',(0.,0.,1.));
#6756=VECTOR('',#6755,0.4);
#6757=LINE('',#6754,#6756);
#6758=EDGE_CURVE('',#6709,#6747,#6757,.T.);
#6759=ORIENTED_EDGE('',*,*,#6758,.F.);
#6760=ORIENTED_EDGE('',*,*,#6714,.T.);
#6761=EDGE_LOOP('',(#6745,#6753,#6759,#6760));
#6762=FACE_BOUND('',#6761,.T.);
#6763=ADVANCED_FACE('',(#6762),#6737,.F.);
#6764=CARTESIAN_POINT('',(16.9,-0.,46.8));
#6765=DIRECTION('',(-0.,0.,-1.));
#6766=DIRECTION('',(-1.,0.,0.));
#6767=AXIS2_PLACEMENT_3D('',#6764,#6765,#6766);
#6768=PLANE('',#6767);
#6769=CARTESIAN_POINT('',(23.,2.8,46.8));
#6770=VERTEX_POINT('',#6769);
#6771=CARTESIAN_POINT('',(23.,-2.8,46.8));
#6772=DIRECTION('',(0.,1.,-0.));
#6773=VECTOR('',#6772,5.6);
#6774=LINE('',#6771,#6773);
#6775=EDGE_CURVE('',#6739,#6770,#6774,.T.);
#6776=ORIENTED_EDGE('',*,*,#6775,.T.);
#6777=CARTESIAN_POINT('',(16.9,2.8,46.8));
#6778=VERTEX_POINT('',#6777);
#6779=CARTESIAN_POINT('',(16.9,2.8,46.8));
#6780=DIRECTION('',(1.,-0.,-0.));
#6781=VECTOR('',#6780,6.1);
#6782=LINE('',#6779,#6781);
#6783=EDGE_CURVE('',#6778,#6770,#6782,.T.);
#6784=ORIENTED_EDGE('',*,*,#6783,.F.);
#6785=CARTESIAN_POINT('',(16.9,-2.8,46.8));
#6786=DIRECTION('',(0.,1.,-0.));
#6787=VECTOR('',#6786,5.6);
#6788=LINE('',#6785,#6787);
#6789=EDGE_CURVE('',#6747,#6778,#6788,.T.);
#6790=ORIENTED_EDGE('',*,*,#6789,.F.);
#6791=ORIENTED_EDGE('',*,*,#6752,.T.);
#6792=EDGE_LOOP('',(#6776,#6784,#6790,#6791));
#6793=FACE_BOUND('',#6792,.T.);
#6794=ADVANCED_FACE('',(#6793),#6768,.F.);
#6795=CARTESIAN_POINT('',(16.9,-2.5,46.5));
#6796=DIRECTION('',(1.,-0.,-0.));
#6797=DIRECTION('',(-0.,-1.,0.));
#6798=AXIS2_PLACEMENT_3D('',#6795,#6796,#6797);
#6799=CYLINDRICAL_SURFACE('',#6798,1.4);
#6800=ORIENTED_EDGE('',*,*,#1912,.T.);
#6801=CARTESIAN_POINT('',(16.9,-2.5,45.1));
#6802=VERTEX_POINT('',#6801);
#6803=CARTESIAN_POINT('',(16.9,-2.5,45.1));
#6804=DIRECTION('',(1.,-0.,-0.));
#6805=VECTOR('',#6804,6.6);
#6806=LINE('',#6803,#6805);
#6807=EDGE_CURVE('',#6802,#1906,#6806,.T.);
#6808=ORIENTED_EDGE('',*,*,#6807,.F.);
#6809=CARTESIAN_POINT('',(16.9,-3.9,46.5));
#6810=VERTEX_POINT('',#6809);
#6811=CARTESIAN_POINT('',(16.9,-2.5,46.5));
#6812=DIRECTION('',(1.,-0.,-0.));
#6813=DIRECTION('',(-0.,-1.,-0.));
#6814=AXIS2_PLACEMENT_3D('',#6811,#6812,#6813);
#6815=CIRCLE('',#6814,1.4);
#6816=EDGE_CURVE('',#6810,#6802,#6815,.T.);
#6817=ORIENTED_EDGE('',*,*,#6816,.F.);
#6818=CARTESIAN_POINT('',(16.9,-3.9,46.5));
#6819=DIRECTION('',(1.,-0.,-0.));
#6820=VECTOR('',#6819,6.6);
#6821=LINE('',#6818,#6820);
#6822=EDGE_CURVE('',#6810,#1904,#6821,.T.);
#6823=ORIENTED_EDGE('',*,*,#6822,.T.);
#6824=EDGE_LOOP('',(#6800,#6808,#6817,#6823));
#6825=FACE_BOUND('',#6824,.T.);
#6826=ADVANCED_FACE('',(#6825),#6799,.F.);
#6827=CARTESIAN_POINT('',(16.9,-0.,45.1));
#6828=DIRECTION('',(-0.,0.,-1.));
#6829=DIRECTION('',(-1.,0.,0.));
#6830=AXIS2_PLACEMENT_3D('',#6827,#6828,#6829);
#6831=PLANE('',#6830);
#6832=ORIENTED_EDGE('',*,*,#1951,.T.);
#6833=CARTESIAN_POINT('',(16.9,2.5,45.1));
#6834=VERTEX_POINT('',#6833);
#6835=CARTESIAN_POINT('',(16.9,2.5,45.1));
#6836=DIRECTION('',(1.,-0.,-0.));
#6837=VECTOR('',#6836,6.6);
#6838=LINE('',#6835,#6837);
#6839=EDGE_CURVE('',#6834,#1939,#6838,.T.);
#6840=ORIENTED_EDGE('',*,*,#6839,.F.);
#6841=CARTESIAN_POINT('',(16.9,-2.5,45.1));
#6842=DIRECTION('',(0.,1.,-0.));
#6843=VECTOR('',#6842,5.);
#6844=LINE('',#6841,#6843);
#6845=EDGE_CURVE('',#6802,#6834,#6844,.T.);
#6846=ORIENTED_EDGE('',*,*,#6845,.F.);
#6847=ORIENTED_EDGE('',*,*,#6807,.T.);
#6848=EDGE_LOOP('',(#6832,#6840,#6846,#6847));
#6849=FACE_BOUND('',#6848,.T.);
#6850=ADVANCED_FACE('',(#6849),#6831,.F.);
#6851=CARTESIAN_POINT('',(16.9,2.5,46.5));
#6852=DIRECTION('',(1.,-0.,-0.));
#6853=DIRECTION('',(-0.,-1.,0.));
#6854=AXIS2_PLACEMENT_3D('',#6851,#6852,#6853);
#6855=CYLINDRICAL_SURFACE('',#6854,1.4);
#6856=ORIENTED_EDGE('',*,*,#1945,.T.);
#6857=CARTESIAN_POINT('',(16.9,3.9,46.5));
#6858=VERTEX_POINT('',#6857);
#6859=CARTESIAN_POINT('',(16.9,3.9,46.5));
#6860=DIRECTION('',(1.,-0.,-0.));
#6861=VECTOR('',#6860,6.6);
#6862=LINE('',#6859,#6861);
#6863=EDGE_CURVE('',#6858,#1931,#6862,.T.);
#6864=ORIENTED_EDGE('',*,*,#6863,.F.);
#6865=CARTESIAN_POINT('',(16.9,2.5,46.5));
#6866=DIRECTION('',(1.,-0.,-0.));
#6867=DIRECTION('',(-0.,0.,-1.));
#6868=AXIS2_PLACEMENT_3D('',#6865,#6866,#6867);
#6869=CIRCLE('',#6868,1.4);
#6870=EDGE_CURVE('',#6834,#6858,#6869,.T.);
#6871=ORIENTED_EDGE('',*,*,#6870,.F.);
#6872=ORIENTED_EDGE('',*,*,#6839,.T.);
#6873=EDGE_LOOP('',(#6856,#6864,#6871,#6872));
#6874=FACE_BOUND('',#6873,.T.);
#6875=ADVANCED_FACE('',(#6874),#6855,.F.);
#6876=CARTESIAN_POINT('',(16.9,3.9,47.2));
#6877=DIRECTION('',(0.,1.,-0.));
#6878=DIRECTION('',(1.,-0.,-0.));
#6879=AXIS2_PLACEMENT_3D('',#6876,#6877,#6878);
#6880=PLANE('',#6879);
#6881=ORIENTED_EDGE('',*,*,#1936,.T.);
#6882=CARTESIAN_POINT('',(16.9,3.9,47.9));
#6883=VERTEX_POINT('',#6882);
#6884=CARTESIAN_POINT('',(16.9,3.9,47.9));
#6885=DIRECTION('',(1.,-0.,-0.));
#6886=VECTOR('',#6885,6.6);
#6887=LINE('',#6884,#6886);
#6888=EDGE_CURVE('',#6883,#1923,#6887,.T.);
#6889=ORIENTED_EDGE('',*,*,#6888,.F.);
#6890=CARTESIAN_POINT('',(16.9,3.9,46.5));
#6891=DIRECTION('',(0.,0.,1.));
#6892=VECTOR('',#6891,1.4);
#6893=LINE('',#6890,#6892);
#6894=EDGE_CURVE('',#6858,#6883,#6893,.T.);
#6895=ORIENTED_EDGE('',*,*,#6894,.F.);
#6896=ORIENTED_EDGE('',*,*,#6863,.T.);
#6897=EDGE_LOOP('',(#6881,#6889,#6895,#6896));
#6898=FACE_BOUND('',#6897,.T.);
#6899=ADVANCED_FACE('',(#6898),#6880,.F.);
#6900=CARTESIAN_POINT('',(16.9,-0.,47.9));
#6901=DIRECTION('',(0.,0.,1.));
#6902=DIRECTION('',(1.,0.,-0.));
#6903=AXIS2_PLACEMENT_3D('',#6900,#6901,#6902);
#6904=PLANE('',#6903);
#6905=ORIENTED_EDGE('',*,*,#1928,.T.);
#6906=CARTESIAN_POINT('',(16.9,-3.9,47.9));
#6907=VERTEX_POINT('',#6906);
#6908=CARTESIAN_POINT('',(16.9,-3.9,47.9));
#6909=DIRECTION('',(1.,-0.,-0.));
#6910=VECTOR('',#6909,6.6);
#6911=LINE('',#6908,#6910);
#6912=EDGE_CURVE('',#6907,#1915,#6911,.T.);
#6913=ORIENTED_EDGE('',*,*,#6912,.F.);
#6914=CARTESIAN_POINT('',(16.9,3.9,47.9));
#6915=DIRECTION('',(-0.,-1.,0.));
#6916=VECTOR('',#6915,7.8);
#6917=LINE('',#6914,#6916);
#6918=EDGE_CURVE('',#6883,#6907,#6917,.T.);
#6919=ORIENTED_EDGE('',*,*,#6918,.F.);
#6920=ORIENTED_EDGE('',*,*,#6888,.T.);
#6921=EDGE_LOOP('',(#6905,#6913,#6919,#6920));
#6922=FACE_BOUND('',#6921,.T.);
#6923=ADVANCED_FACE('',(#6922),#6904,.F.);
#6924=CARTESIAN_POINT('',(16.9,-3.9,47.2));
#6925=DIRECTION('',(0.,1.,-0.));
#6926=DIRECTION('',(1.,-0.,-0.));
#6927=AXIS2_PLACEMENT_3D('',#6924,#6925,#6926);
#6928=PLANE('',#6927);
#6929=ORIENTED_EDGE('',*,*,#1920,.F.);
#6930=ORIENTED_EDGE('',*,*,#6822,.F.);
#6931=CARTESIAN_POINT('',(16.9,-3.9,46.5));
#6932=DIRECTION('',(0.,0.,1.));
#6933=VECTOR('',#6932,1.4);
#6934=LINE('',#6931,#6933);
#6935=EDGE_CURVE('',#6810,#6907,#6934,.T.);
#6936=ORIENTED_EDGE('',*,*,#6935,.T.);
#6937=ORIENTED_EDGE('',*,*,#6912,.T.);
#6938=EDGE_LOOP('',(#6929,#6930,#6936,#6937));
#6939=FACE_BOUND('',#6938,.T.);
#6940=ADVANCED_FACE('',(#6939),#6928,.T.);
#6941=CARTESIAN_POINT('',(16.9,2.8,46.6));
#6942=DIRECTION('',(-0.,-1.,0.));
#6943=DIRECTION('',(-1.,0.,0.));
#6944=AXIS2_PLACEMENT_3D('',#6941,#6942,#6943);
#6945=PLANE('',#6944);
#6946=CARTESIAN_POINT('',(23.,2.8,46.8));
#6947=DIRECTION('',(-0.,0.,-1.));
#6948=VECTOR('',#6947,0.4);
#6949=LINE('',#6946,#6948);
#6950=EDGE_CURVE('',#6770,#6699,#6949,.T.);
#6951=ORIENTED_EDGE('',*,*,#6950,.T.);
#6952=ORIENTED_EDGE('',*,*,#6728,.F.);
#6953=CARTESIAN_POINT('',(16.9,2.8,46.8));
#6954=DIRECTION('',(-0.,0.,-1.));
#6955=VECTOR('',#6954,0.4);
#6956=LINE('',#6953,#6955);
#6957=EDGE_CURVE('',#6778,#6717,#6956,.T.);
#6958=ORIENTED_EDGE('',*,*,#6957,.F.);
#6959=ORIENTED_EDGE('',*,*,#6783,.T.);
#6960=EDGE_LOOP('',(#6951,#6952,#6958,#6959));
#6961=FACE_BOUND('',#6960,.T.);
#6962=ADVANCED_FACE('',(#6961),#6945,.F.);
#6963=CARTESIAN_POINT('',(16.9,-0.,45.));
#6964=DIRECTION('',(1.,-0.,-0.));
#6965=DIRECTION('',(-0.,-1.,0.));
#6966=AXIS2_PLACEMENT_3D('',#6963,#6964,#6965);
#6967=PLANE('',#6966);
#6968=ORIENTED_EDGE('',*,*,#6816,.T.);
#6969=ORIENTED_EDGE('',*,*,#6845,.T.);
#6970=ORIENTED_EDGE('',*,*,#6870,.T.);
#6971=ORIENTED_EDGE('',*,*,#6894,.T.);
#6972=ORIENTED_EDGE('',*,*,#6918,.T.);
#6973=ORIENTED_EDGE('',*,*,#6935,.F.);
#6974=EDGE_LOOP('',(#6968,#6969,#6970,#6971,#6972,#6973));
#6975=FACE_BOUND('',#6974,.T.);
#6976=ORIENTED_EDGE('',*,*,#6722,.T.);
#6977=ORIENTED_EDGE('',*,*,#6758,.T.);
#6978=ORIENTED_EDGE('',*,*,#6789,.T.);
#6979=ORIENTED_EDGE('',*,*,#6957,.T.);
#6980=EDGE_LOOP('',(#6976,#6977,#6978,#6979));
#6981=FACE_BOUND('',#6980,.T.);
#6982=ADVANCED_FACE('',(#6975,#6981),#6967,.T.);
#6983=CARTESIAN_POINT('',(23.,-0.,45.));
#6984=DIRECTION('',(1.,-0.,-0.));
#6985=DIRECTION('',(-0.,-1.,0.));
#6986=AXIS2_PLACEMENT_3D('',#6983,#6984,#6985);
#6987=PLANE('',#6986);
#6988=ORIENTED_EDGE('',*,*,#6706,.F.);
#6989=ORIENTED_EDGE('',*,*,#6950,.F.);
#6990=ORIENTED_EDGE('',*,*,#6775,.F.);
#6991=ORIENTED_EDGE('',*,*,#6744,.F.);
#6992=EDGE_LOOP('',(#6988,#6989,#6990,#6991));
#6993=FACE_BOUND('',#6992,.T.);
#6994=ADVANCED_FACE('',(#6993),#6987,.T.);
#6995=CARTESIAN_POINT('',(-1.25,-21.,43.6));
#6996=DIRECTION('',(-0.,0.,-1.));
#6997=DIRECTION('',(-1.,0.,0.));
#6998=AXIS2_PLACEMENT_3D('',#6995,#6996,#6997);
#6999=CONICAL_SURFACE('',#6998,1.25,45.);
#7000=CARTESIAN_POINT('',(-3.1,-21.,43.));
#7001=DIRECTION('',(0.707106781,-0.,0.707106781));
#7002=VECTOR('',#7001,0.848528137);
#7003=LINE('',#7000,#7002);
#7004=EDGE_CURVE('',#5904,#6029,#7003,.T.);
#7005=ORIENTED_EDGE('',*,*,#7004,.F.);
#7006=ORIENTED_EDGE('',*,*,#5910,.F.);
#7007=ORIENTED_EDGE('',*,*,#7004,.T.);
#7008=ORIENTED_EDGE('',*,*,#6043,.F.);
#7009=EDGE_LOOP('',(#7005,#7006,#7007,#7008));
#7010=FACE_BOUND('',#7009,.T.);
#7011=ADVANCED_FACE('',(#7010),#6999,.F.);
#7012=CARTESIAN_POINT('',(-14.25,15.,43.6));
#7013=DIRECTION('',(-0.,0.,-1.));
#7014=DIRECTION('',(-1.,0.,0.));
#7015=AXIS2_PLACEMENT_3D('',#7012,#7013,#7014);
#7016=CONICAL_SURFACE('',#7015,1.25,45.);
#7017=CARTESIAN_POINT('',(-16.1,15.,43.));
#7018=DIRECTION('',(0.707106781,-0.,0.707106781));
#7019=VECTOR('',#7018,0.848528137);
#7020=LINE('',#7017,#7019);
#7021=EDGE_CURVE('',#5848,#5977,#7020,.T.);
#7022=ORIENTED_EDGE('',*,*,#7021,.F.);
#7023=ORIENTED_EDGE('',*,*,#5854,.F.);
#7024=ORIENTED_EDGE('',*,*,#7021,.T.);
#7025=ORIENTED_EDGE('',*,*,#5991,.F.);
#7026=EDGE_LOOP('',(#7022,#7023,#7024,#7025));
#7027=FACE_BOUND('',#7026,.T.);
#7028=ADVANCED_FACE('',(#7027),#7016,.F.);
#7029=CARTESIAN_POINT('',(11.75,15.,43.6));
#7030=DIRECTION('',(-0.,0.,-1.));
#7031=DIRECTION('',(-1.,0.,0.));
#7032=AXIS2_PLACEMENT_3D('',#7029,#7030,#7031);
#7033=CONICAL_SURFACE('',#7032,1.25,45.);
#7034=CARTESIAN_POINT('',(9.9,15.,43.));
#7035=DIRECTION('',(0.707106781,-0.,0.707106781));
#7036=VECTOR('',#7035,0.848528137);
#7037=LINE('',#7034,#7036);
#7038=EDGE_CURVE('',#5792,#5925,#7037,.T.);
#7039=ORIENTED_EDGE('',*,*,#7038,.F.);
#7040=ORIENTED_EDGE('',*,*,#5798,.F.);
#7041=ORIENTED_EDGE('',*,*,#7038,.T.);
#7042=ORIENTED_EDGE('',*,*,#5939,.F.);
#7043=EDGE_LOOP('',(#7039,#7040,#7041,#7042));
#7044=FACE_BOUND('',#7043,.T.);
#7045=ADVANCED_FACE('',(#7044),#7033,.F.);
#7046=CARTESIAN_POINT('',(-9.45,-15.187052989,46.5));
#7047=DIRECTION('',(1.,0.,-0.));
#7048=DIRECTION('',(-0.,0.,-1.));
#7049=AXIS2_PLACEMENT_3D('',#7046,#7047,#7048);
#7050=PLANE('',#7049);
#7051=ORIENTED_EDGE('',*,*,#1699,.F.);
#7052=ORIENTED_EDGE('',*,*,#1886,.F.);
#7053=CARTESIAN_POINT('',(-9.45,-15.337052989,46.5));
#7054=VERTEX_POINT('',#7053);
#7055=CARTESIAN_POINT('',(-9.45,-15.037052989,46.5));
#7056=DIRECTION('',(0.,-1.,0.));
#7057=VECTOR('',#7056,0.3);
#7058=LINE('',#7055,#7057);
#7059=EDGE_CURVE('',#1875,#7054,#7058,.T.);
#7060=ORIENTED_EDGE('',*,*,#7059,.T.);
#7061=CARTESIAN_POINT('',(-9.45,-15.337052989,46.5));
#7062=DIRECTION('',(-0.,0.,-1.));
#7063=VECTOR('',#7062,3.5);
#7064=LINE('',#7061,#7063);
#7065=EDGE_CURVE('',#7054,#1694,#7064,.T.);
#7066=ORIENTED_EDGE('',*,*,#7065,.T.);
#7067=EDGE_LOOP('',(#7051,#7052,#7060,#7066));
#7068=FACE_BOUND('',#7067,.T.);
#7069=ADVANCED_FACE('',(#7068),#7050,.T.);
#7070=CARTESIAN_POINT('',(-6.05,-15.187052989,46.5));
#7071=DIRECTION('',(1.,0.,-0.));
#7072=DIRECTION('',(-0.,0.,-1.));
#7073=AXIS2_PLACEMENT_3D('',#7070,#7071,#7072);
#7074=PLANE('',#7073);
#7075=ORIENTED_EDGE('',*,*,#1779,.T.);
#7076=CARTESIAN_POINT('',(-6.05,-15.337052989,46.5));
#7077=VERTEX_POINT('',#7076);
#7078=CARTESIAN_POINT('',(-6.05,-15.337052989,46.5));
#7079=DIRECTION('',(-0.,0.,-1.));
#7080=VECTOR('',#7079,3.5);
#7081=LINE('',#7078,#7080);
#7082=EDGE_CURVE('',#7077,#1766,#7081,.T.);
#7083=ORIENTED_EDGE('',*,*,#7082,.F.);
#7084=CARTESIAN_POINT('',(-6.05,-15.037052989,46.5));
#7085=DIRECTION('',(0.,-1.,0.));
#7086=VECTOR('',#7085,0.3);
#7087=LINE('',#7084,#7086);
#7088=EDGE_CURVE('',#1867,#7077,#7087,.T.);
#7089=ORIENTED_EDGE('',*,*,#7088,.F.);
#7090=ORIENTED_EDGE('',*,*,#1872,.T.);
#7091=EDGE_LOOP('',(#7075,#7083,#7089,#7090));
#7092=FACE_BOUND('',#7091,.T.);
#7093=ADVANCED_FACE('',(#7092),#7074,.F.);
#7094=CARTESIAN_POINT('',(-5.925,-15.337052989,46.5));
#7095=DIRECTION('',(0.,1.,0.));
#7096=DIRECTION('',(-0.,0.,-1.));
#7097=AXIS2_PLACEMENT_3D('',#7094,#7095,#7096);
#7098=PLANE('',#7097);
#7099=ORIENTED_EDGE('',*,*,#1771,.T.);
#7100=CARTESIAN_POINT('',(-5.8,-15.337052989,46.5));
#7101=VERTEX_POINT('',#7100);
#7102=CARTESIAN_POINT('',(-5.8,-15.337052989,46.5));
#7103=DIRECTION('',(-0.,0.,-1.));
#7104=VECTOR('',#7103,3.5);
#7105=LINE('',#7102,#7104);
#7106=EDGE_CURVE('',#7101,#1758,#7105,.T.);
#7107=ORIENTED_EDGE('',*,*,#7106,.F.);
#7108=CARTESIAN_POINT('',(-6.05,-15.337052989,46.5));
#7109=DIRECTION('',(1.,0.,-0.));
#7110=VECTOR('',#7109,0.25);
#7111=LINE('',#7108,#7110);
#7112=EDGE_CURVE('',#7077,#7101,#7111,.T.);
#7113=ORIENTED_EDGE('',*,*,#7112,.F.);
#7114=ORIENTED_EDGE('',*,*,#7082,.T.);
#7115=EDGE_LOOP('',(#7099,#7107,#7113,#7114));
#7116=FACE_BOUND('',#7115,.T.);
#7117=ADVANCED_FACE('',(#7116),#7098,.F.);
#7118=CARTESIAN_POINT('',(-5.8,-15.562052989,46.5));
#7119=DIRECTION('',(1.,0.,-0.));
#7120=DIRECTION('',(-0.,0.,-1.));
#7121=AXIS2_PLACEMENT_3D('',#7118,#7119,#7120);
#7122=PLANE('',#7121);
#7123=ORIENTED_EDGE('',*,*,#1763,.T.);
#7124=CARTESIAN_POINT('',(-5.8,-16.037052989,46.5));
#7125=VERTEX_POINT('',#7124);
#7126=CARTESIAN_POINT('',(-5.8,-16.037052989,46.5));
#7127=DIRECTION('',(-0.,0.,-1.));
#7128=VECTOR('',#7127,3.5);
#7129=LINE('',#7126,#7128);
#7130=EDGE_CURVE('',#7125,#1750,#7129,.T.);
#7131=ORIENTED_EDGE('',*,*,#7130,.F.);
#7132=CARTESIAN_POINT('',(-5.8,-15.337052989,46.5));
#7133=DIRECTION('',(0.,-1.,0.));
#7134=VECTOR('',#7133,0.7);
#7135=LINE('',#7132,#7134);
#7136=EDGE_CURVE('',#7101,#7125,#7135,.T.);
#7137=ORIENTED_EDGE('',*,*,#7136,.F.);
#7138=ORIENTED_EDGE('',*,*,#7106,.T.);
#7139=EDGE_LOOP('',(#7123,#7131,#7137,#7138));
#7140=FACE_BOUND('',#7139,.T.);
#7141=ADVANCED_FACE('',(#7140),#7122,.F.);
#7142=CARTESIAN_POINT('',(-7.75,-16.037052989,46.5));
#7143=DIRECTION('',(0.,-1.,0.));
#7144=DIRECTION('',(0.,0.,1.));
#7145=AXIS2_PLACEMENT_3D('',#7142,#7143,#7144);
#7146=PLANE('',#7145);
#7147=ORIENTED_EDGE('',*,*,#1755,.F.);
#7148=CARTESIAN_POINT('',(-5.75,-16.037052989,46.5));
#7149=VERTEX_POINT('',#7148);
#7150=CARTESIAN_POINT('',(-5.75,-16.037052989,46.5));
#7151=DIRECTION('',(-0.,0.,-1.));
#7152=VECTOR('',#7151,3.5);
#7153=LINE('',#7150,#7152);
#7154=EDGE_CURVE('',#7149,#1742,#7153,.T.);
#7155=ORIENTED_EDGE('',*,*,#7154,.F.);
#7156=CARTESIAN_POINT('',(-5.75,-16.037052989,46.5));
#7157=DIRECTION('',(-1.,0.,0.));
#7158=VECTOR('',#7157,0.05);
#7159=LINE('',#7156,#7158);
#7160=EDGE_CURVE('',#7149,#7125,#7159,.T.);
#7161=ORIENTED_EDGE('',*,*,#7160,.T.);
#7162=ORIENTED_EDGE('',*,*,#7130,.T.);
#7163=EDGE_LOOP('',(#7147,#7155,#7161,#7162));
#7164=FACE_BOUND('',#7163,.T.);
#7165=ADVANCED_FACE('',(#7164),#7146,.T.);
#7166=CARTESIAN_POINT('',(-5.75,-17.037052989,46.5));
#7167=DIRECTION('',(-1.,0.,0.));
#7168=DIRECTION('',(0.,0.,1.));
#7169=AXIS2_PLACEMENT_3D('',#7166,#7167,#7168);
#7170=PLANE('',#7169);
#7171=ORIENTED_EDGE('',*,*,#1747,.F.);
#7172=CARTESIAN_POINT('',(-5.75,-18.037052989,46.5));
#7173=VERTEX_POINT('',#7172);
#7174=CARTESIAN_POINT('',(-5.75,-18.037052989,46.5));
#7175=DIRECTION('',(-0.,0.,-1.));
#7176=VECTOR('',#7175,3.5);
#7177=LINE('',#7174,#7176);
#7178=EDGE_CURVE('',#7173,#1734,#7177,.T.);
#7179=ORIENTED_EDGE('',*,*,#7178,.F.);
#7180=CARTESIAN_POINT('',(-5.75,-18.037052989,46.5));
#7181=DIRECTION('',(0.,1.,0.));
#7182=VECTOR('',#7181,2.);
#7183=LINE('',#7180,#7182);
#7184=EDGE_CURVE('',#7173,#7149,#7183,.T.);
#7185=ORIENTED_EDGE('',*,*,#7184,.T.);
#7186=ORIENTED_EDGE('',*,*,#7154,.T.);
#7187=EDGE_LOOP('',(#7171,#7179,#7185,#7186));
#7188=FACE_BOUND('',#7187,.T.);
#7189=ADVANCED_FACE('',(#7188),#7170,.T.);
#7190=CARTESIAN_POINT('',(-7.75,-18.037052989,46.5));
#7191=DIRECTION('',(0.,1.,0.));
#7192=DIRECTION('',(-0.,0.,-1.));
#7193=AXIS2_PLACEMENT_3D('',#7190,#7191,#7192);
#7194=PLANE('',#7193);
#7195=ORIENTED_EDGE('',*,*,#1739,.F.);
#7196=CARTESIAN_POINT('',(-9.75,-18.037052989,46.5));
#7197=VERTEX_POINT('',#7196);
#7198=CARTESIAN_POINT('',(-9.75,-18.037052989,46.5));
#7199=DIRECTION('',(-0.,0.,-1.));
#7200=VECTOR('',#7199,3.5);
#7201=LINE('',#7198,#7200);
#7202=EDGE_CURVE('',#7197,#1726,#7201,.T.);
#7203=ORIENTED_EDGE('',*,*,#7202,.F.);
#7204=CARTESIAN_POINT('',(-9.75,-18.037052989,46.5));
#7205=DIRECTION('',(1.,0.,-0.));
#7206=VECTOR('',#7205,4.);
#7207=LINE('',#7204,#7206);
#7208=EDGE_CURVE('',#7197,#7173,#7207,.T.);
#7209=ORIENTED_EDGE('',*,*,#7208,.T.);
#7210=ORIENTED_EDGE('',*,*,#7178,.T.);
#7211=EDGE_LOOP('',(#7195,#7203,#7209,#7210));
#7212=FACE_BOUND('',#7211,.T.);
#7213=ADVANCED_FACE('',(#7212),#7194,.T.);
#7214=CARTESIAN_POINT('',(-9.75,-17.037052989,46.5));
#7215=DIRECTION('',(1.,0.,-0.));
#7216=DIRECTION('',(-0.,0.,-1.));
#7217=AXIS2_PLACEMENT_3D('',#7214,#7215,#7216);
#7218=PLANE('',#7217);
#7219=ORIENTED_EDGE('',*,*,#1731,.F.);
#7220=CARTESIAN_POINT('',(-9.75,-16.037052989,46.5));
#7221=VERTEX_POINT('',#7220);
#7222=CARTESIAN_POINT('',(-9.75,-16.037052989,46.5));
#7223=DIRECTION('',(-0.,0.,-1.));
#7224=VECTOR('',#7223,3.5);
#7225=LINE('',#7222,#7224);
#7226=EDGE_CURVE('',#7221,#1718,#7225,.T.);
#7227=ORIENTED_EDGE('',*,*,#7226,.F.);
#7228=CARTESIAN_POINT('',(-9.75,-16.037052989,46.5));
#7229=DIRECTION('',(0.,-1.,0.));
#7230=VECTOR('',#7229,2.);
#7231=LINE('',#7228,#7230);
#7232=EDGE_CURVE('',#7221,#7197,#7231,.T.);
#7233=ORIENTED_EDGE('',*,*,#7232,.T.);
#7234=ORIENTED_EDGE('',*,*,#7202,.T.);
#7235=EDGE_LOOP('',(#7219,#7227,#7233,#7234));
#7236=FACE_BOUND('',#7235,.T.);
#7237=ADVANCED_FACE('',(#7236),#7218,.T.);
#7238=CARTESIAN_POINT('',(-7.75,-16.037052989,46.5));
#7239=DIRECTION('',(0.,-1.,0.));
#7240=DIRECTION('',(0.,0.,1.));
#7241=AXIS2_PLACEMENT_3D('',#7238,#7239,#7240);
#7242=PLANE('',#7241);
#7243=ORIENTED_EDGE('',*,*,#1723,.F.);
#7244=CARTESIAN_POINT('',(-9.7,-16.037052989,46.5));
#7245=VERTEX_POINT('',#7244);
#7246=CARTESIAN_POINT('',(-9.7,-16.037052989,46.5));
#7247=DIRECTION('',(-0.,0.,-1.));
#7248=VECTOR('',#7247,3.5);
#7249=LINE('',#7246,#7248);
#7250=EDGE_CURVE('',#7245,#1710,#7249,.T.);
#7251=ORIENTED_EDGE('',*,*,#7250,.F.);
#7252=CARTESIAN_POINT('',(-9.7,-16.037052989,46.5));
#7253=DIRECTION('',(-1.,0.,0.));
#7254=VECTOR('',#7253,0.05);
#7255=LINE('',#7252,#7254);
#7256=EDGE_CURVE('',#7245,#7221,#7255,.T.);
#7257=ORIENTED_EDGE('',*,*,#7256,.T.);
#7258=ORIENTED_EDGE('',*,*,#7226,.T.);
#7259=EDGE_LOOP('',(#7243,#7251,#7257,#7258));
#7260=FACE_BOUND('',#7259,.T.);
#7261=ADVANCED_FACE('',(#7260),#7242,.T.);
#7262=CARTESIAN_POINT('',(-9.7,-15.562052989,46.5));
#7263=DIRECTION('',(1.,0.,-0.));
#7264=DIRECTION('',(-0.,0.,-1.));
#7265=AXIS2_PLACEMENT_3D('',#7262,#7263,#7264);
#7266=PLANE('',#7265);
#7267=ORIENTED_EDGE('',*,*,#1715,.F.);
#7268=CARTESIAN_POINT('',(-9.7,-15.337052989,46.5));
#7269=VERTEX_POINT('',#7268);
#7270=CARTESIAN_POINT('',(-9.7,-15.337052989,46.5));
#7271=DIRECTION('',(-0.,0.,-1.));
#7272=VECTOR('',#7271,3.5);
#7273=LINE('',#7270,#7272);
#7274=EDGE_CURVE('',#7269,#1702,#7273,.T.);
#7275=ORIENTED_EDGE('',*,*,#7274,.F.);
#7276=CARTESIAN_POINT('',(-9.7,-15.337052989,46.5));
#7277=DIRECTION('',(0.,-1.,0.));
#7278=VECTOR('',#7277,0.7);
#7279=LINE('',#7276,#7278);
#7280=EDGE_CURVE('',#7269,#7245,#7279,.T.);
#7281=ORIENTED_EDGE('',*,*,#7280,.T.);
#7282=ORIENTED_EDGE('',*,*,#7250,.T.);
#7283=EDGE_LOOP('',(#7267,#7275,#7281,#7282));
#7284=FACE_BOUND('',#7283,.T.);
#7285=ADVANCED_FACE('',(#7284),#7266,.T.);
#7286=CARTESIAN_POINT('',(-8.349970048,-17.399981882,46.5));
#7287=DIRECTION('',(-0.,0.,-1.));
#7288=DIRECTION('',(-1.,0.,0.));
#7289=AXIS2_PLACEMENT_3D('',#7286,#7287,#7288);
#7290=CYLINDRICAL_SURFACE('',#7289,0.25);
#7291=CARTESIAN_POINT('',(-8.599970048,-17.399981882,43.));
#7292=VERTEX_POINT('',#7291);
#7293=CARTESIAN_POINT('',(-8.599970048,-17.399981882,46.5));
#7294=VERTEX_POINT('',#7293);
#7295=CARTESIAN_POINT('',(-8.599970048,-17.399981882,43.));
#7296=DIRECTION('',(0.,-0.,1.));
#7297=VECTOR('',#7296,3.5);
#7298=LINE('',#7295,#7297);
#7299=EDGE_CURVE('',#7292,#7294,#7298,.T.);
#7300=ORIENTED_EDGE('',*,*,#7299,.T.);
#7301=CARTESIAN_POINT('',(-8.349970048,-17.399981882,46.5));
#7302=DIRECTION('',(-0.,0.,-1.));
#7303=DIRECTION('',(-1.,0.,0.));
#7304=AXIS2_PLACEMENT_3D('',#7301,#7302,#7303);
#7305=CIRCLE('',#7304,0.25);
#7306=EDGE_CURVE('',#7294,#7294,#7305,.T.);
#7307=ORIENTED_EDGE('',*,*,#7306,.T.);
#7308=ORIENTED_EDGE('',*,*,#7299,.F.);
#7309=CARTESIAN_POINT('',(-8.349970048,-17.399981882,43.));
#7310=DIRECTION('',(-0.,0.,-1.));
#7311=DIRECTION('',(-1.,0.,0.));
#7312=AXIS2_PLACEMENT_3D('',#7309,#7310,#7311);
#7313=CIRCLE('',#7312,0.25);
#7314=EDGE_CURVE('',#7292,#7292,#7313,.T.);
#7315=ORIENTED_EDGE('',*,*,#7314,.F.);
#7316=EDGE_LOOP('',(#7300,#7307,#7308,#7315));
#7317=FACE_BOUND('',#7316,.T.);
#7318=ADVANCED_FACE('',(#7317),#7290,.T.);
#7319=CARTESIAN_POINT('',(-9.575,-15.337052989,46.5));
#7320=DIRECTION('',(0.,-1.,0.));
#7321=DIRECTION('',(0.,0.,1.));
#7322=AXIS2_PLACEMENT_3D('',#7319,#7320,#7321);
#7323=PLANE('',#7322);
#7324=ORIENTED_EDGE('',*,*,#1707,.F.);
#7325=ORIENTED_EDGE('',*,*,#7065,.F.);
#7326=CARTESIAN_POINT('',(-9.45,-15.337052989,46.5));
#7327=DIRECTION('',(-1.,0.,0.));
#7328=VECTOR('',#7327,0.25);
#7329=LINE('',#7326,#7328);
#7330=EDGE_CURVE('',#7054,#7269,#7329,.T.);
#7331=ORIENTED_EDGE('',*,*,#7330,.T.);
#7332=ORIENTED_EDGE('',*,*,#7274,.T.);
#7333=EDGE_LOOP('',(#7324,#7325,#7331,#7332));
#7334=FACE_BOUND('',#7333,.T.);
#7335=ADVANCED_FACE('',(#7334),#7323,.T.);
#7336=CARTESIAN_POINT('',(-7.15,-17.4,46.5));
#7337=DIRECTION('',(-0.,0.,-1.));
#7338=DIRECTION('',(-1.,0.,0.));
#7339=AXIS2_PLACEMENT_3D('',#7336,#7337,#7338);
#7340=CYLINDRICAL_SURFACE('',#7339,0.25);
#7341=CARTESIAN_POINT('',(-7.4,-17.4,43.));
#7342=VERTEX_POINT('',#7341);
#7343=CARTESIAN_POINT('',(-7.4,-17.4,46.5));
#7344=VERTEX_POINT('',#7343);
#7345=CARTESIAN_POINT('',(-7.4,-17.4,43.));
#7346=DIRECTION('',(0.,-0.,1.));
#7347=VECTOR('',#7346,3.5);
#7348=LINE('',#7345,#7347);
#7349=EDGE_CURVE('',#7342,#7344,#7348,.T.);
#7350=ORIENTED_EDGE('',*,*,#7349,.T.);
#7351=CARTESIAN_POINT('',(-7.15,-17.4,46.5));
#7352=DIRECTION('',(-0.,0.,-1.));
#7353=DIRECTION('',(-1.,0.,0.));
#7354=AXIS2_PLACEMENT_3D('',#7351,#7352,#7353);
#7355=CIRCLE('',#7354,0.25);
#7356=EDGE_CURVE('',#7344,#7344,#7355,.T.);
#7357=ORIENTED_EDGE('',*,*,#7356,.T.);
#7358=ORIENTED_EDGE('',*,*,#7349,.F.);
#7359=CARTESIAN_POINT('',(-7.15,-17.4,43.));
#7360=DIRECTION('',(-0.,0.,-1.));
#7361=DIRECTION('',(-1.,0.,0.));
#7362=AXIS2_PLACEMENT_3D('',#7359,#7360,#7361);
#7363=CIRCLE('',#7362,0.25);
#7364=EDGE_CURVE('',#7342,#7342,#7363,.T.);
#7365=ORIENTED_EDGE('',*,*,#7364,.F.);
#7366=EDGE_LOOP('',(#7350,#7357,#7358,#7365));
#7367=FACE_BOUND('',#7366,.T.);
#7368=ADVANCED_FACE('',(#7367),#7340,.T.);
#7369=CARTESIAN_POINT('',(-1.25,0.,46.5));
#7370=DIRECTION('',(-0.,0.,-1.));
#7371=DIRECTION('',(-1.,0.,0.));
#7372=AXIS2_PLACEMENT_3D('',#7369,#7370,#7371);
#7373=PLANE('',#7372);
#7374=ORIENTED_EDGE('',*,*,#7059,.F.);
#7375=ORIENTED_EDGE('',*,*,#1880,.T.);
#7376=ORIENTED_EDGE('',*,*,#7088,.T.);
#7377=ORIENTED_EDGE('',*,*,#7112,.T.);
#7378=ORIENTED_EDGE('',*,*,#7136,.T.);
#7379=ORIENTED_EDGE('',*,*,#7160,.F.);
#7380=ORIENTED_EDGE('',*,*,#7184,.F.);
#7381=ORIENTED_EDGE('',*,*,#7208,.F.);
#7382=ORIENTED_EDGE('',*,*,#7232,.F.);
#7383=ORIENTED_EDGE('',*,*,#7256,.F.);
#7384=ORIENTED_EDGE('',*,*,#7280,.F.);
#7385=ORIENTED_EDGE('',*,*,#7330,.F.);
#7386=EDGE_LOOP('',(#7374,#7375,#7376,#7377,#7378,#7379,#7380,#7381,#7382,#7383,#7384,#7385));
#7387=FACE_BOUND('',#7386,.T.);
#7388=ORIENTED_EDGE('',*,*,#7306,.F.);
#7389=EDGE_LOOP('',(#7388));
#7390=FACE_BOUND('',#7389,.T.);
#7391=ORIENTED_EDGE('',*,*,#7356,.F.);
#7392=EDGE_LOOP('',(#7391));
#7393=FACE_BOUND('',#7392,.T.);
#7394=ADVANCED_FACE('',(#7387,#7390,#7393),#7373,.T.);
#7395=CARTESIAN_POINT('',(-1.25,0.,43.));
#7396=DIRECTION('',(-0.,0.,-1.));
#7397=DIRECTION('',(0.,1.,0.));
#7398=AXIS2_PLACEMENT_3D('',#7395,#7396,#7397);
#7399=PLANE('',#7398);
#7400=ORIENTED_EDGE('',*,*,#7314,.T.);
#7401=EDGE_LOOP('',(#7400));
#7402=FACE_BOUND('',#7401,.T.);
#7403=ADVANCED_FACE('',(#7402),#7399,.T.);
#7404=CARTESIAN_POINT('',(-1.25,0.,43.));
#7405=DIRECTION('',(-0.,0.,-1.));
#7406=DIRECTION('',(0.,1.,0.));
#7407=AXIS2_PLACEMENT_3D('',#7404,#7405,#7406);
#7408=PLANE('',#7407);
#7409=ORIENTED_EDGE('',*,*,#7364,.T.);
#7410=EDGE_LOOP('',(#7409));
#7411=FACE_BOUND('',#7410,.T.);
#7412=ADVANCED_FACE('',(#7411),#7408,.T.);
#7413=CARTESIAN_POINT('',(-9.75,-15.187052989,45.));
#7414=DIRECTION('',(-1.,0.,0.));
#7415=DIRECTION('',(0.,0.,1.));
#7416=AXIS2_PLACEMENT_3D('',#7413,#7414,#7415);
#7417=PLANE('',#7416);
#7418=ORIENTED_EDGE('',*,*,#1683,.F.);
#7419=CARTESIAN_POINT('',(-9.75,-15.787052989,45.));
#7420=VERTEX_POINT('',#7419);
#7421=CARTESIAN_POINT('',(-9.75,-15.787052989,45.));
#7422=DIRECTION('',(-0.,0.,-1.));
#7423=VECTOR('',#7422,2.);
#7424=LINE('',#7421,#7423);
#7425=EDGE_CURVE('',#7420,#1668,#7424,.T.);
#7426=ORIENTED_EDGE('',*,*,#7425,.F.);
#7427=CARTESIAN_POINT('',(-9.75,-15.787052989,45.));
#7428=DIRECTION('',(0.,1.,0.));
#7429=VECTOR('',#7428,0.75);
#7430=LINE('',#7427,#7429);
#7431=EDGE_CURVE('',#7420,#1836,#7430,.T.);
#7432=ORIENTED_EDGE('',*,*,#7431,.T.);
#7433=ORIENTED_EDGE('',*,*,#1893,.T.);
#7434=EDGE_LOOP('',(#7418,#7426,#7432,#7433));
#7435=FACE_BOUND('',#7434,.T.);
#7436=ADVANCED_FACE('',(#7435),#7417,.T.);
#7437=CARTESIAN_POINT('',(-10.,-15.787052989,45.));
#7438=DIRECTION('',(0.,-1.,0.));
#7439=DIRECTION('',(0.,0.,1.));
#7440=AXIS2_PLACEMENT_3D('',#7437,#7438,#7439);
#7441=PLANE('',#7440);
#7442=ORIENTED_EDGE('',*,*,#1675,.T.);
#7443=CARTESIAN_POINT('',(-10.25,-15.787052989,45.));
#7444=VERTEX_POINT('',#7443);
#7445=CARTESIAN_POINT('',(-10.25,-15.787052989,45.));
#7446=DIRECTION('',(-0.,0.,-1.));
#7447=VECTOR('',#7446,2.);
#7448=LINE('',#7445,#7447);
#7449=EDGE_CURVE('',#7444,#1670,#7448,.T.);
#7450=ORIENTED_EDGE('',*,*,#7449,.F.);
#7451=CARTESIAN_POINT('',(-9.75,-15.787052989,45.));
#7452=DIRECTION('',(-1.,0.,0.));
#7453=VECTOR('',#7452,0.5);
#7454=LINE('',#7451,#7453);
#7455=EDGE_CURVE('',#7420,#7444,#7454,.T.);
#7456=ORIENTED_EDGE('',*,*,#7455,.F.);
#7457=ORIENTED_EDGE('',*,*,#7425,.T.);
#7458=EDGE_LOOP('',(#7442,#7450,#7456,#7457));
#7459=FACE_BOUND('',#7458,.T.);
#7460=ADVANCED_FACE('',(#7459),#7441,.F.);
#7461=CARTESIAN_POINT('',(-10.25,-17.037052989,45.));
#7462=DIRECTION('',(1.,0.,-0.));
#7463=DIRECTION('',(-0.,0.,-1.));
#7464=AXIS2_PLACEMENT_3D('',#7461,#7462,#7463);
#7465=PLANE('',#7464);
#7466=ORIENTED_EDGE('',*,*,#1825,.T.);
#7467=CARTESIAN_POINT('',(-10.25,-18.287052989,45.));
#7468=VERTEX_POINT('',#7467);
#7469=CARTESIAN_POINT('',(-10.25,-18.287052989,45.));
#7470=DIRECTION('',(-0.,0.,-1.));
#7471=VECTOR('',#7470,2.);
#7472=LINE('',#7469,#7471);
#7473=EDGE_CURVE('',#7468,#1814,#7472,.T.);
#7474=ORIENTED_EDGE('',*,*,#7473,.F.);
#7475=CARTESIAN_POINT('',(-10.25,-15.787052989,45.));
#7476=DIRECTION('',(0.,-1.,0.));
#7477=VECTOR('',#7476,2.5);
#7478=LINE('',#7475,#7477);
#7479=EDGE_CURVE('',#7444,#7468,#7478,.T.);
#7480=ORIENTED_EDGE('',*,*,#7479,.F.);
#7481=ORIENTED_EDGE('',*,*,#7449,.T.);
#7482=EDGE_LOOP('',(#7466,#7474,#7480,#7481));
#7483=FACE_BOUND('',#7482,.T.);
#7484=ADVANCED_FACE('',(#7483),#7465,.F.);
#7485=CARTESIAN_POINT('',(-7.75,-18.287052989,45.));
#7486=DIRECTION('',(0.,1.,0.));
#7487=DIRECTION('',(-0.,0.,-1.));
#7488=AXIS2_PLACEMENT_3D('',#7485,#7486,#7487);
#7489=PLANE('',#7488);
#7490=ORIENTED_EDGE('',*,*,#1819,.T.);
#7491=CARTESIAN_POINT('',(-5.25,-18.287052989,45.));
#7492=VERTEX_POINT('',#7491);
#7493=CARTESIAN_POINT('',(-5.25,-18.287052989,45.));
#7494=DIRECTION('',(-0.,0.,-1.));
#7495=VECTOR('',#7494,2.);
#7496=LINE('',#7493,#7495);
#7497=EDGE_CURVE('',#7492,#1806,#7496,.T.);
#7498=ORIENTED_EDGE('',*,*,#7497,.F.);
#7499=CARTESIAN_POINT('',(-10.25,-18.287052989,45.));
#7500=DIRECTION('',(1.,0.,-0.));
#7501=VECTOR('',#7500,5.);
#7502=LINE('',#7499,#7501);
#7503=EDGE_CURVE('',#7468,#7492,#7502,.T.);
#7504=ORIENTED_EDGE('',*,*,#7503,.F.);
#7505=ORIENTED_EDGE('',*,*,#7473,.T.);
#7506=EDGE_LOOP('',(#7490,#7498,#7504,#7505));
#7507=FACE_BOUND('',#7506,.T.);
#7508=ADVANCED_FACE('',(#7507),#7489,.F.);
#7509=CARTESIAN_POINT('',(-5.25,-17.037052989,45.));
#7510=DIRECTION('',(-1.,0.,0.));
#7511=DIRECTION('',(0.,0.,1.));
#7512=AXIS2_PLACEMENT_3D('',#7509,#7510,#7511);
#7513=PLANE('',#7512);
#7514=ORIENTED_EDGE('',*,*,#1811,.T.);
#7515=CARTESIAN_POINT('',(-5.25,-15.787052989,45.));
#7516=VERTEX_POINT('',#7515);
#7517=CARTESIAN_POINT('',(-5.25,-15.787052989,45.));
#7518=DIRECTION('',(-0.,0.,-1.));
#7519=VECTOR('',#7518,2.);
#7520=LINE('',#7517,#7519);
#7521=EDGE_CURVE('',#7516,#1798,#7520,.T.);
#7522=ORIENTED_EDGE('',*,*,#7521,.F.);
#7523=CARTESIAN_POINT('',(-5.25,-18.287052989,45.));
#7524=DIRECTION('',(0.,1.,0.));
#7525=VECTOR('',#7524,2.5);
#7526=LINE('',#7523,#7525);
#7527=EDGE_CURVE('',#7492,#7516,#7526,.T.);
#7528=ORIENTED_EDGE('',*,*,#7527,.F.);
#7529=ORIENTED_EDGE('',*,*,#7497,.T.);
#7530=EDGE_LOOP('',(#7514,#7522,#7528,#7529));
#7531=FACE_BOUND('',#7530,.T.);
#7532=ADVANCED_FACE('',(#7531),#7513,.F.);
#7533=CARTESIAN_POINT('',(-5.5,-15.787052989,45.));
#7534=DIRECTION('',(0.,-1.,0.));
#7535=DIRECTION('',(0.,0.,1.));
#7536=AXIS2_PLACEMENT_3D('',#7533,#7534,#7535);
#7537=PLANE('',#7536);
#7538=ORIENTED_EDGE('',*,*,#1803,.T.);
#7539=CARTESIAN_POINT('',(-5.75,-15.787052989,45.));
#7540=VERTEX_POINT('',#7539);
#7541=CARTESIAN_POINT('',(-5.75,-15.787052989,45.));
#7542=DIRECTION('',(-0.,0.,-1.));
#7543=VECTOR('',#7542,2.);
#7544=LINE('',#7541,#7543);
#7545=EDGE_CURVE('',#7540,#1790,#7544,.T.);
#7546=ORIENTED_EDGE('',*,*,#7545,.F.);
#7547=CARTESIAN_POINT('',(-5.25,-15.787052989,45.));
#7548=DIRECTION('',(-1.,0.,0.));
#7549=VECTOR('',#7548,0.5);
#7550=LINE('',#7547,#7549);
#7551=EDGE_CURVE('',#7516,#7540,#7550,.T.);
#7552=ORIENTED_EDGE('',*,*,#7551,.F.);
#7553=ORIENTED_EDGE('',*,*,#7521,.T.);
#7554=EDGE_LOOP('',(#7538,#7546,#7552,#7553));
#7555=FACE_BOUND('',#7554,.T.);
#7556=ADVANCED_FACE('',(#7555),#7537,.F.);
#7557=CARTESIAN_POINT('',(-5.75,-15.562052989,45.));
#7558=DIRECTION('',(-1.,0.,0.));
#7559=DIRECTION('',(0.,0.,1.));
#7560=AXIS2_PLACEMENT_3D('',#7557,#7558,#7559);
#7561=PLANE('',#7560);
#7562=ORIENTED_EDGE('',*,*,#1795,.T.);
#7563=ORIENTED_EDGE('',*,*,#1863,.F.);
#7564=CARTESIAN_POINT('',(-5.75,-15.787052989,45.));
#7565=DIRECTION('',(0.,1.,0.));
#7566=VECTOR('',#7565,0.75);
#7567=LINE('',#7564,#7566);
#7568=EDGE_CURVE('',#7540,#1852,#7567,.T.);
#7569=ORIENTED_EDGE('',*,*,#7568,.F.);
#7570=ORIENTED_EDGE('',*,*,#7545,.T.);
#7571=EDGE_LOOP('',(#7562,#7563,#7569,#7570));
#7572=FACE_BOUND('',#7571,.T.);
#7573=ADVANCED_FACE('',(#7572),#7561,.F.);
#7574=CARTESIAN_POINT('',(-1.25,0.,45.));
#7575=DIRECTION('',(-0.,0.,-1.));
#7576=DIRECTION('',(-1.,0.,0.));
#7577=AXIS2_PLACEMENT_3D('',#7574,#7575,#7576);
#7578=PLANE('',#7577);
#7579=ORIENTED_EDGE('',*,*,#1841,.T.);
#7580=ORIENTED_EDGE('',*,*,#7431,.F.);
#7581=ORIENTED_EDGE('',*,*,#7455,.T.);
#7582=ORIENTED_EDGE('',*,*,#7479,.T.);
#7583=ORIENTED_EDGE('',*,*,#7503,.T.);
#7584=ORIENTED_EDGE('',*,*,#7527,.T.);
#7585=ORIENTED_EDGE('',*,*,#7551,.T.);
#7586=ORIENTED_EDGE('',*,*,#7568,.T.);
#7587=ORIENTED_EDGE('',*,*,#1857,.T.);
#7588=ORIENTED_EDGE('',*,*,#1573,.T.);
#7589=ORIENTED_EDGE('',*,*,#1611,.T.);
#7590=ORIENTED_EDGE('',*,*,#1642,.T.);
#7591=EDGE_LOOP('',(#7579,#7580,#7581,#7582,#7583,#7584,#7585,#7586,#7587,#7588,#7589,#7590));
#7592=FACE_BOUND('',#7591,.T.);
#7593=ADVANCED_FACE('',(#7592),#7578,.T.);
#7594=CARTESIAN_POINT('',(1.125,0.,41.));
#7595=DIRECTION('',(0.707106781,0.,0.707106781));
#7596=DIRECTION('',(0.,1.,0.));
#7597=AXIS2_PLACEMENT_3D('',#7594,#7595,#7596);
#7598=PLANE('',#7597);
#7599=CARTESIAN_POINT('',(0.625,18.375,41.5));
#7600=DIRECTION('',(0.577350269,-0.577350269,-0.577350269));
#7601=VECTOR('',#7600,0.866025404);
#7602=LINE('',#7599,#7601);
#7603=EDGE_CURVE('',#5087,#2524,#7602,.T.);
#7604=ORIENTED_EDGE('',*,*,#7603,.F.);
#7605=ORIENTED_EDGE('',*,*,#5092,.F.);
#7606=CARTESIAN_POINT('',(1.125,20.125,41.));
#7607=DIRECTION('',(-0.577350269,-0.577350269,0.577350269));
#7608=VECTOR('',#7607,0.866025404);
#7609=LINE('',#7606,#7608);
#7610=EDGE_CURVE('',#2506,#5079,#7609,.T.);
#7611=ORIENTED_EDGE('',*,*,#7610,.F.);
#7612=ORIENTED_EDGE('',*,*,#2535,.F.);
#7613=EDGE_LOOP('',(#7604,#7605,#7611,#7612));
#7614=FACE_BOUND('',#7613,.T.);
#7615=ADVANCED_FACE('',(#7614),#7598,.F.);
#7616=CARTESIAN_POINT('',(-1.25,20.125,41.));
#7617=DIRECTION('',(0.,0.707106781,0.707106781));
#7618=DIRECTION('',(-1.,0.,0.));
#7619=AXIS2_PLACEMENT_3D('',#7616,#7617,#7618);
#7620=PLANE('',#7619);
#7621=ORIENTED_EDGE('',*,*,#7610,.T.);
#7622=ORIENTED_EDGE('',*,*,#5183,.F.);
#7623=CARTESIAN_POINT('',(-1.125,20.125,41.));
#7624=DIRECTION('',(0.577350269,-0.577350269,0.577350269));
#7625=VECTOR('',#7624,0.866025404);
#7626=LINE('',#7623,#7625);
#7627=EDGE_CURVE('',#2508,#5149,#7626,.T.);
#7628=ORIENTED_EDGE('',*,*,#7627,.F.);
#7629=ORIENTED_EDGE('',*,*,#2513,.F.);
#7630=EDGE_LOOP('',(#7621,#7622,#7628,#7629));
#7631=FACE_BOUND('',#7630,.T.);
#7632=ADVANCED_FACE('',(#7631),#7620,.F.);
#7633=CARTESIAN_POINT('',(-1.25,17.875,41.));
#7634=DIRECTION('',(0.,-0.707106781,0.707106781));
#7635=DIRECTION('',(1.,0.,-0.));
#7636=AXIS2_PLACEMENT_3D('',#7633,#7634,#7635);
#7637=PLANE('',#7636);
#7638=ORIENTED_EDGE('',*,*,#7603,.T.);
#7639=ORIENTED_EDGE('',*,*,#2529,.F.);
#7640=CARTESIAN_POINT('',(-0.625,18.375,41.5));
#7641=DIRECTION('',(-0.577350269,-0.577350269,-0.577350269));
#7642=VECTOR('',#7641,0.866025404);
#7643=LINE('',#7640,#7642);
#7644=EDGE_CURVE('',#5118,#2516,#7643,.T.);
#7645=ORIENTED_EDGE('',*,*,#7644,.F.);
#7646=ORIENTED_EDGE('',*,*,#5123,.F.);
#7647=EDGE_LOOP('',(#7638,#7639,#7645,#7646));
#7648=FACE_BOUND('',#7647,.T.);
#7649=ADVANCED_FACE('',(#7648),#7637,.F.);
#7650=CARTESIAN_POINT('',(-1.125,0.,41.));
#7651=DIRECTION('',(-0.707106781,0.,0.707106781));
#7652=DIRECTION('',(0.,-1.,0.));
#7653=AXIS2_PLACEMENT_3D('',#7650,#7651,#7652);
#7654=PLANE('',#7653);
#7655=ORIENTED_EDGE('',*,*,#7627,.T.);
#7656=ORIENTED_EDGE('',*,*,#5154,.F.);
#7657=ORIENTED_EDGE('',*,*,#7644,.T.);
#7658=ORIENTED_EDGE('',*,*,#2521,.F.);
#7659=EDGE_LOOP('',(#7655,#7656,#7657,#7658));
#7660=FACE_BOUND('',#7659,.T.);
#7661=ADVANCED_FACE('',(#7660),#7654,.F.);
#7662=CARTESIAN_POINT('',(-3.875,0.,41.));
#7663=DIRECTION('',(0.707106781,0.,0.707106781));
#7664=DIRECTION('',(0.,1.,0.));
#7665=AXIS2_PLACEMENT_3D('',#7662,#7663,#7664);
#7666=PLANE('',#7665);
#7667=CARTESIAN_POINT('',(-4.375,18.375,41.5));
#7668=DIRECTION('',(0.577350269,-0.577350269,-0.577350269));
#7669=VECTOR('',#7668,0.866025404);
#7670=LINE('',#7667,#7669);
#7671=EDGE_CURVE('',#5223,#2558,#7670,.T.);
#7672=ORIENTED_EDGE('',*,*,#7671,.F.);
#7673=ORIENTED_EDGE('',*,*,#5228,.F.);
#7674=CARTESIAN_POINT('',(-3.875,20.125,41.));
#7675=DIRECTION('',(-0.577350269,-0.577350269,0.577350269));
#7676=VECTOR('',#7675,0.866025404);
#7677=LINE('',#7674,#7676);
#7678=EDGE_CURVE('',#2540,#5215,#7677,.T.);
#7679=ORIENTED_EDGE('',*,*,#7678,.F.);
#7680=ORIENTED_EDGE('',*,*,#2569,.F.);
#7681=EDGE_LOOP('',(#7672,#7673,#7679,#7680));
#7682=FACE_BOUND('',#7681,.T.);
#7683=ADVANCED_FACE('',(#7682),#7666,.F.);
#7684=CARTESIAN_POINT('',(-1.25,20.125,41.));
#7685=DIRECTION('',(0.,0.707106781,0.707106781));
#7686=DIRECTION('',(-1.,0.,0.));
#7687=AXIS2_PLACEMENT_3D('',#7684,#7685,#7686);
#7688=PLANE('',#7687);
#7689=ORIENTED_EDGE('',*,*,#7678,.T.);
#7690=ORIENTED_EDGE('',*,*,#5319,.F.);
#7691=CARTESIAN_POINT('',(-6.125,20.125,41.));
#7692=DIRECTION('',(0.577350269,-0.577350269,0.577350269));
#7693=VECTOR('',#7692,0.866025404);
#7694=LINE('',#7691,#7693);
#7695=EDGE_CURVE('',#2542,#5285,#7694,.T.);
#7696=ORIENTED_EDGE('',*,*,#7695,.F.);
#7697=ORIENTED_EDGE('',*,*,#2547,.F.);
#7698=EDGE_LOOP('',(#7689,#7690,#7696,#7697));
#7699=FACE_BOUND('',#7698,.T.);
#7700=ADVANCED_FACE('',(#7699),#7688,.F.);
#7701=CARTESIAN_POINT('',(-1.25,17.875,41.));
#7702=DIRECTION('',(0.,-0.707106781,0.707106781));
#7703=DIRECTION('',(1.,0.,-0.));
#7704=AXIS2_PLACEMENT_3D('',#7701,#7702,#7703);
#7705=PLANE('',#7704);
#7706=ORIENTED_EDGE('',*,*,#7671,.T.);
#7707=ORIENTED_EDGE('',*,*,#2563,.F.);
#7708=CARTESIAN_POINT('',(-5.625,18.375,41.5));
#7709=DIRECTION('',(-0.577350269,-0.577350269,-0.577350269));
#7710=VECTOR('',#7709,0.866025404);
#7711=LINE('',#7708,#7710);
#7712=EDGE_CURVE('',#5254,#2550,#7711,.T.);
#7713=ORIENTED_EDGE('',*,*,#7712,.F.);
#7714=ORIENTED_EDGE('',*,*,#5259,.F.);
#7715=EDGE_LOOP('',(#7706,#7707,#7713,#7714));
#7716=FACE_BOUND('',#7715,.T.);
#7717=ADVANCED_FACE('',(#7716),#7705,.F.);
#7718=CARTESIAN_POINT('',(-6.125,0.,41.));
#7719=DIRECTION('',(-0.707106781,0.,0.707106781));
#7720=DIRECTION('',(0.,-1.,0.));
#7721=AXIS2_PLACEMENT_3D('',#7718,#7719,#7720);
#7722=PLANE('',#7721);
#7723=ORIENTED_EDGE('',*,*,#7695,.T.);
#7724=ORIENTED_EDGE('',*,*,#5290,.F.);
#7725=ORIENTED_EDGE('',*,*,#7712,.T.);
#7726=ORIENTED_EDGE('',*,*,#2555,.F.);
#7727=EDGE_LOOP('',(#7723,#7724,#7725,#7726));
#7728=FACE_BOUND('',#7727,.T.);
#7729=ADVANCED_FACE('',(#7728),#7722,.F.);
#7730=CARTESIAN_POINT('',(-1.25,17.875,41.));
#7731=DIRECTION('',(0.,-0.707106781,0.707106781));
#7732=DIRECTION('',(1.,0.,-0.));
#7733=AXIS2_PLACEMENT_3D('',#7730,#7731,#7732);
#7734=PLANE('',#7733);
#7735=CARTESIAN_POINT('',(-3.125,18.375,41.5));
#7736=DIRECTION('',(-0.577350269,-0.577350269,-0.577350269));
#7737=VECTOR('',#7736,0.866025404);
#7738=LINE('',#7735,#7737);
#7739=EDGE_CURVE('',#5390,#2592,#7738,.T.);
#7740=ORIENTED_EDGE('',*,*,#7739,.F.);
#7741=ORIENTED_EDGE('',*,*,#5395,.F.);
#7742=CARTESIAN_POINT('',(-1.375,17.875,41.));
#7743=DIRECTION('',(-0.577350269,0.577350269,0.577350269));
#7744=VECTOR('',#7743,0.866025404);
#7745=LINE('',#7742,#7744);
#7746=EDGE_CURVE('',#2574,#5359,#7745,.T.);
#7747=ORIENTED_EDGE('',*,*,#7746,.F.);
#7748=ORIENTED_EDGE('',*,*,#2603,.F.);
#7749=EDGE_LOOP('',(#7740,#7741,#7747,#7748));
#7750=FACE_BOUND('',#7749,.T.);
#7751=ADVANCED_FACE('',(#7750),#7734,.F.);
#7752=CARTESIAN_POINT('',(-1.375,0.,41.));
#7753=DIRECTION('',(0.707106781,0.,0.707106781));
#7754=DIRECTION('',(0.,1.,0.));
#7755=AXIS2_PLACEMENT_3D('',#7752,#7753,#7754);
#7756=PLANE('',#7755);
#7757=ORIENTED_EDGE('',*,*,#7746,.T.);
#7758=ORIENTED_EDGE('',*,*,#5364,.F.);
#7759=CARTESIAN_POINT('',(-1.375,20.125,41.));
#7760=DIRECTION('',(-0.577350269,-0.577350269,0.577350269));
#7761=VECTOR('',#7760,0.866025404);
#7762=LINE('',#7759,#7761);
#7763=EDGE_CURVE('',#2576,#5351,#7762,.T.);
#7764=ORIENTED_EDGE('',*,*,#7763,.F.);
#7765=ORIENTED_EDGE('',*,*,#2581,.F.);
#7766=EDGE_LOOP('',(#7757,#7758,#7764,#7765));
#7767=FACE_BOUND('',#7766,.T.);
#7768=ADVANCED_FACE('',(#7767),#7756,.F.);
#7769=CARTESIAN_POINT('',(-3.625,0.,41.));
#7770=DIRECTION('',(-0.707106781,0.,0.707106781));
#7771=DIRECTION('',(0.,-1.,0.));
#7772=AXIS2_PLACEMENT_3D('',#7769,#7770,#7771);
#7773=PLANE('',#7772);
#7774=ORIENTED_EDGE('',*,*,#7739,.T.);
#7775=ORIENTED_EDGE('',*,*,#2597,.F.);
#7776=CARTESIAN_POINT('',(-3.125,19.625,41.5));
#7777=DIRECTION('',(-0.577350269,0.577350269,-0.577350269));
#7778=VECTOR('',#7777,0.866025404);
#7779=LINE('',#7776,#7778);
#7780=EDGE_CURVE('',#5421,#2584,#7779,.T.);
#7781=ORIENTED_EDGE('',*,*,#7780,.F.);
#7782=ORIENTED_EDGE('',*,*,#5426,.F.);
#7783=EDGE_LOOP('',(#7774,#7775,#7781,#7782));
#7784=FACE_BOUND('',#7783,.T.);
#7785=ADVANCED_FACE('',(#7784),#7773,.F.);
#7786=CARTESIAN_POINT('',(-1.25,20.125,41.));
#7787=DIRECTION('',(0.,0.707106781,0.707106781));
#7788=DIRECTION('',(-1.,0.,0.));
#7789=AXIS2_PLACEMENT_3D('',#7786,#7787,#7788);
#7790=PLANE('',#7789);
#7791=ORIENTED_EDGE('',*,*,#7763,.T.);
#7792=ORIENTED_EDGE('',*,*,#5455,.F.);
#7793=ORIENTED_EDGE('',*,*,#7780,.T.);
#7794=ORIENTED_EDGE('',*,*,#2589,.F.);
#7795=EDGE_LOOP('',(#7791,#7792,#7793,#7794));
#7796=FACE_BOUND('',#7795,.T.);
#7797=ADVANCED_FACE('',(#7796),#7790,.F.);
#7798=CARTESIAN_POINT('',(-1.25,17.875,41.));
#7799=DIRECTION('',(0.,-0.707106781,0.707106781));
#7800=DIRECTION('',(1.,0.,-0.));
#7801=AXIS2_PLACEMENT_3D('',#7798,#7799,#7800);
#7802=PLANE('',#7801);
#7803=CARTESIAN_POINT('',(-8.125,18.375,41.5));
#7804=DIRECTION('',(-0.577350269,-0.577350269,-0.577350269));
#7805=VECTOR('',#7804,0.866025404);
#7806=LINE('',#7803,#7805);
#7807=EDGE_CURVE('',#5662,#2626,#7806,.T.);
#7808=ORIENTED_EDGE('',*,*,#7807,.F.);
#7809=ORIENTED_EDGE('',*,*,#5667,.F.);
#7810=CARTESIAN_POINT('',(-6.375,17.875,41.));
#7811=DIRECTION('',(-0.577350269,0.577350269,0.577350269));
#7812=VECTOR('',#7811,0.866025404);
#7813=LINE('',#7810,#7812);
#7814=EDGE_CURVE('',#2608,#5631,#7813,.T.);
#7815=ORIENTED_EDGE('',*,*,#7814,.F.);
#7816=ORIENTED_EDGE('',*,*,#2637,.F.);
#7817=EDGE_LOOP('',(#7808,#7809,#7815,#7816));
#7818=FACE_BOUND('',#7817,.T.);
#7819=ADVANCED_FACE('',(#7818),#7802,.F.);
#7820=CARTESIAN_POINT('',(-6.375,0.,41.));
#7821=DIRECTION('',(0.707106781,0.,0.707106781));
#7822=DIRECTION('',(0.,1.,0.));
#7823=AXIS2_PLACEMENT_3D('',#7820,#7821,#7822);
#7824=PLANE('',#7823);
#7825=ORIENTED_EDGE('',*,*,#7814,.T.);
#7826=ORIENTED_EDGE('',*,*,#5636,.F.);
#7827=CARTESIAN_POINT('',(-6.375,20.125,41.));
#7828=DIRECTION('',(-0.577350269,-0.577350269,0.577350269));
#7829=VECTOR('',#7828,0.866025404);
#7830=LINE('',#7827,#7829);
#7831=EDGE_CURVE('',#2610,#5623,#7830,.T.);
#7832=ORIENTED_EDGE('',*,*,#7831,.F.);
#7833=ORIENTED_EDGE('',*,*,#2615,.F.);
#7834=EDGE_LOOP('',(#7825,#7826,#7832,#7833));
#7835=FACE_BOUND('',#7834,.T.);
#7836=ADVANCED_FACE('',(#7835),#7824,.F.);
#7837=CARTESIAN_POINT('',(-8.625,0.,41.));
#7838=DIRECTION('',(-0.707106781,0.,0.707106781));
#7839=DIRECTION('',(0.,-1.,0.));
#7840=AXIS2_PLACEMENT_3D('',#7837,#7838,#7839);
#7841=PLANE('',#7840);
#7842=ORIENTED_EDGE('',*,*,#7807,.T.);
#7843=ORIENTED_EDGE('',*,*,#2631,.F.);
#7844=CARTESIAN_POINT('',(-8.125,19.625,41.5));
#7845=DIRECTION('',(-0.577350269,0.577350269,-0.577350269));
#7846=VECTOR('',#7845,0.866025404);
#7847=LINE('',#7844,#7846);
#7848=EDGE_CURVE('',#5693,#2618,#7847,.T.);
#7849=ORIENTED_EDGE('',*,*,#7848,.F.);
#7850=ORIENTED_EDGE('',*,*,#5698,.F.);
#7851=EDGE_LOOP('',(#7842,#7843,#7849,#7850));
#7852=FACE_BOUND('',#7851,.T.);
#7853=ADVANCED_FACE('',(#7852),#7841,.F.);
#7854=CARTESIAN_POINT('',(-1.25,20.125,41.));
#7855=DIRECTION('',(0.,0.707106781,0.707106781));
#7856=DIRECTION('',(-1.,0.,0.));
#7857=AXIS2_PLACEMENT_3D('',#7854,#7855,#7856);
#7858=PLANE('',#7857);
#7859=ORIENTED_EDGE('',*,*,#7831,.T.);
#7860=ORIENTED_EDGE('',*,*,#5727,.F.);
#7861=ORIENTED_EDGE('',*,*,#7848,.T.);
#7862=ORIENTED_EDGE('',*,*,#2623,.F.);
#7863=EDGE_LOOP('',(#7859,#7860,#7861,#7862));
#7864=FACE_BOUND('',#7863,.T.);
#7865=ADVANCED_FACE('',(#7864),#7858,.F.);
#7866=CARTESIAN_POINT('',(-1.25,17.875,41.));
#7867=DIRECTION('',(0.,-0.707106781,0.707106781));
#7868=DIRECTION('',(1.,0.,-0.));
#7869=AXIS2_PLACEMENT_3D('',#7866,#7867,#7868);
#7870=PLANE('',#7869);
#7871=CARTESIAN_POINT('',(-10.625,18.375,41.5));
#7872=DIRECTION('',(-0.577350269,-0.577350269,-0.577350269));
#7873=VECTOR('',#7872,0.866025404);
#7874=LINE('',#7871,#7873);
#7875=EDGE_CURVE('',#4982,#2660,#7874,.T.);
#7876=ORIENTED_EDGE('',*,*,#7875,.F.);
#7877=ORIENTED_EDGE('',*,*,#4987,.F.);
#7878=CARTESIAN_POINT('',(-8.875,17.875,41.));
#7879=DIRECTION('',(-0.577350269,0.577350269,0.577350269));
#7880=VECTOR('',#7879,0.866025404);
#7881=LINE('',#7878,#7880);
#7882=EDGE_CURVE('',#2642,#4951,#7881,.T.);
#7883=ORIENTED_EDGE('',*,*,#7882,.F.);
#7884=ORIENTED_EDGE('',*,*,#2671,.F.);
#7885=EDGE_LOOP('',(#7876,#7877,#7883,#7884));
#7886=FACE_BOUND('',#7885,.T.);
#7887=ADVANCED_FACE('',(#7886),#7870,.F.);
#7888=CARTESIAN_POINT('',(-8.875,0.,41.));
#7889=DIRECTION('',(0.707106781,0.,0.707106781));
#7890=DIRECTION('',(0.,1.,0.));
#7891=AXIS2_PLACEMENT_3D('',#7888,#7889,#7890);
#7892=PLANE('',#7891);
#7893=ORIENTED_EDGE('',*,*,#7882,.T.);
#7894=ORIENTED_EDGE('',*,*,#4956,.F.);
#7895=CARTESIAN_POINT('',(-8.875,20.125,41.));
#7896=DIRECTION('',(-0.577350269,-0.577350269,0.577350269));
#7897=VECTOR('',#7896,0.866025404);
#7898=LINE('',#7895,#7897);
#7899=EDGE_CURVE('',#2644,#4943,#7898,.T.);
#7900=ORIENTED_EDGE('',*,*,#7899,.F.);
#7901=ORIENTED_EDGE('',*,*,#2649,.F.);
#7902=EDGE_LOOP('',(#7893,#7894,#7900,#7901));
#7903=FACE_BOUND('',#7902,.T.);
#7904=ADVANCED_FACE('',(#7903),#7892,.F.);
#7905=CARTESIAN_POINT('',(-11.125,0.,41.));
#7906=DIRECTION('',(-0.707106781,0.,0.707106781));
#7907=DIRECTION('',(0.,-1.,0.));
#7908=AXIS2_PLACEMENT_3D('',#7905,#7906,#7907);
#7909=PLANE('',#7908);
#7910=ORIENTED_EDGE('',*,*,#7875,.T.);
#7911=ORIENTED_EDGE('',*,*,#2665,.F.);
#7912=CARTESIAN_POINT('',(-10.625,19.625,41.5));
#7913=DIRECTION('',(-0.577350269,0.577350269,-0.577350269));
#7914=VECTOR('',#7913,0.866025404);
#7915=LINE('',#7912,#7914);
#7916=EDGE_CURVE('',#5013,#2652,#7915,.T.);
#7917=ORIENTED_EDGE('',*,*,#7916,.F.);
#7918=ORIENTED_EDGE('',*,*,#5018,.F.);
#7919=EDGE_LOOP('',(#7910,#7911,#7917,#7918));
#7920=FACE_BOUND('',#7919,.T.);
#7921=ADVANCED_FACE('',(#7920),#7909,.F.);
#7922=CARTESIAN_POINT('',(-1.25,20.125,41.));
#7923=DIRECTION('',(0.,0.707106781,0.707106781));
#7924=DIRECTION('',(-1.,0.,0.));
#7925=AXIS2_PLACEMENT_3D('',#7922,#7923,#7924);
#7926=PLANE('',#7925);
#7927=ORIENTED_EDGE('',*,*,#7899,.T.);
#7928=ORIENTED_EDGE('',*,*,#5047,.F.);
#7929=ORIENTED_EDGE('',*,*,#7916,.T.);
#7930=ORIENTED_EDGE('',*,*,#2657,.F.);
#7931=EDGE_LOOP('',(#7927,#7928,#7929,#7930));
#7932=FACE_BOUND('',#7931,.T.);
#7933=ADVANCED_FACE('',(#7932),#7926,.F.);
#7934=CARTESIAN_POINT('',(3.875,0.,41.));
#7935=DIRECTION('',(-0.707106781,0.,0.707106781));
#7936=DIRECTION('',(0.,-1.,0.));
#7937=AXIS2_PLACEMENT_3D('',#7934,#7935,#7936);
#7938=PLANE('',#7937);
#7939=CARTESIAN_POINT('',(4.375,19.625,41.5));
#7940=DIRECTION('',(-0.577350269,0.577350269,-0.577350269));
#7941=VECTOR('',#7940,0.866025404);
#7942=LINE('',#7939,#7941);
#7943=EDGE_CURVE('',#4741,#2694,#7942,.T.);
#7944=ORIENTED_EDGE('',*,*,#7943,.F.);
#7945=ORIENTED_EDGE('',*,*,#4746,.F.);
#7946=CARTESIAN_POINT('',(3.875,17.875,41.));
#7947=DIRECTION('',(0.577350269,0.577350269,0.577350269));
#7948=VECTOR('',#7947,0.866025404);
#7949=LINE('',#7946,#7948);
#7950=EDGE_CURVE('',#2676,#4710,#7949,.T.);
#7951=ORIENTED_EDGE('',*,*,#7950,.F.);
#7952=ORIENTED_EDGE('',*,*,#2705,.F.);
#7953=EDGE_LOOP('',(#7944,#7945,#7951,#7952));
#7954=FACE_BOUND('',#7953,.T.);
#7955=ADVANCED_FACE('',(#7954),#7938,.F.);
#7956=CARTESIAN_POINT('',(-1.25,17.875,41.));
#7957=DIRECTION('',(0.,-0.707106781,0.707106781));
#7958=DIRECTION('',(1.,0.,-0.));
#7959=AXIS2_PLACEMENT_3D('',#7956,#7957,#7958);
#7960=PLANE('',#7959);
#7961=ORIENTED_EDGE('',*,*,#7950,.T.);
#7962=ORIENTED_EDGE('',*,*,#4715,.F.);
#7963=CARTESIAN_POINT('',(6.125,17.875,41.));
#7964=DIRECTION('',(-0.577350269,0.577350269,0.577350269));
#7965=VECTOR('',#7964,0.866025404);
#7966=LINE('',#7963,#7965);
#7967=EDGE_CURVE('',#2678,#4679,#7966,.T.);
#7968=ORIENTED_EDGE('',*,*,#7967,.F.);
#7969=ORIENTED_EDGE('',*,*,#2683,.F.);
#7970=EDGE_LOOP('',(#7961,#7962,#7968,#7969));
#7971=FACE_BOUND('',#7970,.T.);
#7972=ADVANCED_FACE('',(#7971),#7960,.F.);
#7973=CARTESIAN_POINT('',(-1.25,20.125,41.));
#7974=DIRECTION('',(0.,0.707106781,0.707106781));
#7975=DIRECTION('',(-1.,0.,0.));
#7976=AXIS2_PLACEMENT_3D('',#7973,#7974,#7975);
#7977=PLANE('',#7976);
#7978=ORIENTED_EDGE('',*,*,#7943,.T.);
#7979=ORIENTED_EDGE('',*,*,#2699,.F.);
#7980=CARTESIAN_POINT('',(5.625,19.625,41.5));
#7981=DIRECTION('',(0.577350269,0.577350269,-0.577350269));
#7982=VECTOR('',#7981,0.866025404);
#7983=LINE('',#7980,#7982);
#7984=EDGE_CURVE('',#4671,#2686,#7983,.T.);
#7985=ORIENTED_EDGE('',*,*,#7984,.F.);
#7986=ORIENTED_EDGE('',*,*,#4775,.F.);
#7987=EDGE_LOOP('',(#7978,#7979,#7985,#7986));
#7988=FACE_BOUND('',#7987,.T.);
#7989=ADVANCED_FACE('',(#7988),#7977,.F.);
#7990=CARTESIAN_POINT('',(6.125,0.,41.));
#7991=DIRECTION('',(0.707106781,0.,0.707106781));
#7992=DIRECTION('',(0.,1.,0.));
#7993=AXIS2_PLACEMENT_3D('',#7990,#7991,#7992);
#7994=PLANE('',#7993);
#7995=ORIENTED_EDGE('',*,*,#7967,.T.);
#7996=ORIENTED_EDGE('',*,*,#4684,.F.);
#7997=ORIENTED_EDGE('',*,*,#7984,.T.);
#7998=ORIENTED_EDGE('',*,*,#2691,.F.);
#7999=EDGE_LOOP('',(#7995,#7996,#7997,#7998));
#8000=FACE_BOUND('',#7999,.T.);
#8001=ADVANCED_FACE('',(#8000),#7994,.F.);
#8002=CARTESIAN_POINT('',(8.625,0.,41.));
#8003=DIRECTION('',(0.707106781,0.,0.707106781));
#8004=DIRECTION('',(0.,1.,0.));
#8005=AXIS2_PLACEMENT_3D('',#8002,#8003,#8004);
#8006=PLANE('',#8005);
#8007=CARTESIAN_POINT('',(8.125,18.375,41.5));
#8008=DIRECTION('',(0.577350269,-0.577350269,-0.577350269));
#8009=VECTOR('',#8008,0.866025404);
#8010=LINE('',#8007,#8009);
#8011=EDGE_CURVE('',#5526,#2728,#8010,.T.);
#8012=ORIENTED_EDGE('',*,*,#8011,.F.);
#8013=ORIENTED_EDGE('',*,*,#5531,.F.);
#8014=CARTESIAN_POINT('',(8.625,20.125,41.));
#8015=DIRECTION('',(-0.577350269,-0.577350269,0.577350269));
#8016=VECTOR('',#8015,0.866025404);
#8017=LINE('',#8014,#8016);
#8018=EDGE_CURVE('',#2710,#5495,#8017,.T.);
#8019=ORIENTED_EDGE('',*,*,#8018,.F.);
#8020=ORIENTED_EDGE('',*,*,#2739,.F.);
#8021=EDGE_LOOP('',(#8012,#8013,#8019,#8020));
#8022=FACE_BOUND('',#8021,.T.);
#8023=ADVANCED_FACE('',(#8022),#8006,.F.);
#8024=CARTESIAN_POINT('',(-1.25,20.125,41.));
#8025=DIRECTION('',(0.,0.707106781,0.707106781));
#8026=DIRECTION('',(-1.,0.,0.));
#8027=AXIS2_PLACEMENT_3D('',#8024,#8025,#8026);
#8028=PLANE('',#8027);
#8029=ORIENTED_EDGE('',*,*,#8018,.T.);
#8030=ORIENTED_EDGE('',*,*,#5500,.F.);
#8031=CARTESIAN_POINT('',(6.375,20.125,41.));
#8032=DIRECTION('',(0.577350269,-0.577350269,0.577350269));
#8033=VECTOR('',#8032,0.866025404);
#8034=LINE('',#8031,#8033);
#8035=EDGE_CURVE('',#2712,#5487,#8034,.T.);
#8036=ORIENTED_EDGE('',*,*,#8035,.F.);
#8037=ORIENTED_EDGE('',*,*,#2717,.F.);
#8038=EDGE_LOOP('',(#8029,#8030,#8036,#8037));
#8039=FACE_BOUND('',#8038,.T.);
#8040=ADVANCED_FACE('',(#8039),#8028,.F.);
#8041=CARTESIAN_POINT('',(-1.25,17.875,41.));
#8042=DIRECTION('',(0.,-0.707106781,0.707106781));
#8043=DIRECTION('',(1.,0.,-0.));
#8044=AXIS2_PLACEMENT_3D('',#8041,#8042,#8043);
#8045=PLANE('',#8044);
#8046=ORIENTED_EDGE('',*,*,#8011,.T.);
#8047=ORIENTED_EDGE('',*,*,#2733,.F.);
#8048=CARTESIAN_POINT('',(6.875,18.375,41.5));
#8049=DIRECTION('',(-0.577350269,-0.577350269,-0.577350269));
#8050=VECTOR('',#8049,0.866025404);
#8051=LINE('',#8048,#8050);
#8052=EDGE_CURVE('',#5557,#2720,#8051,.T.);
#8053=ORIENTED_EDGE('',*,*,#8052,.F.);
#8054=ORIENTED_EDGE('',*,*,#5562,.F.);
#8055=EDGE_LOOP('',(#8046,#8047,#8053,#8054));
#8056=FACE_BOUND('',#8055,.T.);
#8057=ADVANCED_FACE('',(#8056),#8045,.F.);
#8058=CARTESIAN_POINT('',(6.375,0.,41.));
#8059=DIRECTION('',(-0.707106781,0.,0.707106781));
#8060=DIRECTION('',(0.,-1.,0.));
#8061=AXIS2_PLACEMENT_3D('',#8058,#8059,#8060);
#8062=PLANE('',#8061);
#8063=ORIENTED_EDGE('',*,*,#8035,.T.);
#8064=ORIENTED_EDGE('',*,*,#5591,.F.);
#8065=ORIENTED_EDGE('',*,*,#8052,.T.);
#8066=ORIENTED_EDGE('',*,*,#2725,.F.);
#8067=EDGE_LOOP('',(#8063,#8064,#8065,#8066));
#8068=FACE_BOUND('',#8067,.T.);
#8069=ADVANCED_FACE('',(#8068),#8062,.F.);
#8070=CARTESIAN_POINT('',(-1.25,20.125,41.));
#8071=DIRECTION('',(0.,0.707106781,0.707106781));
#8072=DIRECTION('',(-1.,0.,0.));
#8073=AXIS2_PLACEMENT_3D('',#8070,#8071,#8072);
#8074=PLANE('',#8073);
#8075=CARTESIAN_POINT('',(3.125,19.625,41.5));
#8076=DIRECTION('',(0.577350269,0.577350269,-0.577350269));
#8077=VECTOR('',#8076,0.866025404);
#8078=LINE('',#8075,#8077);
#8079=EDGE_CURVE('',#4807,#2762,#8078,.T.);
#8080=ORIENTED_EDGE('',*,*,#8079,.F.);
#8081=ORIENTED_EDGE('',*,*,#4911,.F.);
#8082=CARTESIAN_POINT('',(1.375,20.125,41.));
#8083=DIRECTION('',(0.577350269,-0.577350269,0.577350269));
#8084=VECTOR('',#8083,0.866025404);
#8085=LINE('',#8082,#8084);
#8086=EDGE_CURVE('',#2744,#4877,#8085,.T.);
#8087=ORIENTED_EDGE('',*,*,#8086,.F.);
#8088=ORIENTED_EDGE('',*,*,#2773,.F.);
#8089=EDGE_LOOP('',(#8080,#8081,#8087,#8088));
#8090=FACE_BOUND('',#8089,.T.);
#8091=ADVANCED_FACE('',(#8090),#8074,.F.);
#8092=CARTESIAN_POINT('',(1.375,0.,41.));
#8093=DIRECTION('',(-0.707106781,0.,0.707106781));
#8094=DIRECTION('',(0.,-1.,0.));
#8095=AXIS2_PLACEMENT_3D('',#8092,#8093,#8094);
#8096=PLANE('',#8095);
#8097=ORIENTED_EDGE('',*,*,#8086,.T.);
#8098=ORIENTED_EDGE('',*,*,#4882,.F.);
#8099=CARTESIAN_POINT('',(1.375,17.875,41.));
#8100=DIRECTION('',(0.577350269,0.577350269,0.577350269));
#8101=VECTOR('',#8100,0.866025404);
#8102=LINE('',#8099,#8101);
#8103=EDGE_CURVE('',#2746,#4846,#8102,.T.);
#8104=ORIENTED_EDGE('',*,*,#8103,.F.);
#8105=ORIENTED_EDGE('',*,*,#2751,.F.);
#8106=EDGE_LOOP('',(#8097,#8098,#8104,#8105));
#8107=FACE_BOUND('',#8106,.T.);
#8108=ADVANCED_FACE('',(#8107),#8096,.F.);
#8109=CARTESIAN_POINT('',(3.625,0.,41.));
#8110=DIRECTION('',(0.707106781,0.,0.707106781));
#8111=DIRECTION('',(0.,1.,0.));
#8112=AXIS2_PLACEMENT_3D('',#8109,#8110,#8111);
#8113=PLANE('',#8112);
#8114=ORIENTED_EDGE('',*,*,#8079,.T.);
#8115=ORIENTED_EDGE('',*,*,#2767,.F.);
#8116=CARTESIAN_POINT('',(3.125,18.375,41.5));
#8117=DIRECTION('',(0.577350269,-0.577350269,-0.577350269));
#8118=VECTOR('',#8117,0.866025404);
#8119=LINE('',#8116,#8118);
#8120=EDGE_CURVE('',#4815,#2754,#8119,.T.);
#8121=ORIENTED_EDGE('',*,*,#8120,.F.);
#8122=ORIENTED_EDGE('',*,*,#4820,.F.);
#8123=EDGE_LOOP('',(#8114,#8115,#8121,#8122));
#8124=FACE_BOUND('',#8123,.T.);
#8125=ADVANCED_FACE('',(#8124),#8113,.F.);
#8126=CARTESIAN_POINT('',(-1.25,17.875,41.));
#8127=DIRECTION('',(0.,-0.707106781,0.707106781));
#8128=DIRECTION('',(1.,0.,-0.));
#8129=AXIS2_PLACEMENT_3D('',#8126,#8127,#8128);
#8130=PLANE('',#8129);
#8131=ORIENTED_EDGE('',*,*,#8103,.T.);
#8132=ORIENTED_EDGE('',*,*,#4851,.F.);
#8133=ORIENTED_EDGE('',*,*,#8120,.T.);
#8134=ORIENTED_EDGE('',*,*,#2759,.F.);
#8135=EDGE_LOOP('',(#8131,#8132,#8133,#8134));
#8136=FACE_BOUND('',#8135,.T.);
#8137=ADVANCED_FACE('',(#8136),#8130,.F.);
#8138=CARTESIAN_POINT('',(17.109910458,-11.160322727,47.));
#8139=DIRECTION('',(-0.583565613,-0.812065992,0.));
#8140=DIRECTION('',(-0.812065992,0.583565613,0.));
#8141=AXIS2_PLACEMENT_3D('',#8138,#8139,#8140);
#8142=CYLINDRICAL_SURFACE('',#8141,0.5);
#8143=CARTESIAN_POINT('',(17.123684937,-11.141154727,47.));
#8144=DIRECTION('',(0.986860572,0.161574167,-0.));
#8145=DIRECTION('',(-0.161574167,0.986860572,0.));
#8146=AXIS2_PLACEMENT_3D('',#8143,#8144,#8145);
#8147=ELLIPSE('',#8146,0.707106781,0.5);
#8148=EDGE_CURVE('',#3717,#3676,#8147,.T.);
#8149=ORIENTED_EDGE('',*,*,#8148,.F.);
#8150=ORIENTED_EDGE('',*,*,#3746,.F.);
#8151=CARTESIAN_POINT('',(15.472003996,-13.439566234,47.));
#8152=DIRECTION('',(0.161574167,-0.986860572,-0.));
#8153=DIRECTION('',(-0.986860572,-0.161574167,0.));
#8154=AXIS2_PLACEMENT_3D('',#8151,#8152,#8153);
#8155=ELLIPSE('',#8154,0.707106781,0.5);
#8156=EDGE_CURVE('',#3652,#3735,#8155,.T.);
#8157=ORIENTED_EDGE('',*,*,#8156,.F.);
#8158=ORIENTED_EDGE('',*,*,#3687,.F.);
#8159=EDGE_LOOP('',(#8149,#8150,#8157,#8158));
#8160=FACE_BOUND('',#8159,.T.);
#8161=ADVANCED_FACE('',(#8160),#8142,.T.);
#8162=CARTESIAN_POINT('',(15.878036992,-13.73134904,47.));
#8163=DIRECTION('',(0.812065992,-0.583565613,-0.));
#8164=DIRECTION('',(-0.583565613,-0.812065992,0.));
#8165=AXIS2_PLACEMENT_3D('',#8162,#8163,#8164);
#8166=CYLINDRICAL_SURFACE('',#8165,0.5);
#8167=ORIENTED_EDGE('',*,*,#8156,.T.);
#8168=ORIENTED_EDGE('',*,*,#3740,.F.);
#8169=CARTESIAN_POINT('',(16.284069988,-14.023131847,47.));
#8170=DIRECTION('',(0.986860572,0.161574167,-0.));
#8171=DIRECTION('',(0.161574167,-0.986860572,-0.));
#8172=AXIS2_PLACEMENT_3D('',#8169,#8170,#8171);
#8173=ELLIPSE('',#8172,0.707106781,0.5);
#8174=EDGE_CURVE('',#3621,#3727,#8173,.T.);
#8175=ORIENTED_EDGE('',*,*,#8174,.F.);
#8176=ORIENTED_EDGE('',*,*,#3663,.F.);
#8177=EDGE_LOOP('',(#8167,#8168,#8175,#8176));
#8178=FACE_BOUND('',#8177,.T.);
#8179=ADVANCED_FACE('',(#8178),#8166,.T.);
#8180=CARTESIAN_POINT('',(18.01571939,-11.782187153,47.));
#8181=DIRECTION('',(-0.812065992,0.583565613,0.));
#8182=DIRECTION('',(0.583565613,0.812065992,-0.));
#8183=AXIS2_PLACEMENT_3D('',#8180,#8181,#8182);
#8184=CYLINDRICAL_SURFACE('',#8183,0.5);
#8185=ORIENTED_EDGE('',*,*,#8148,.T.);
#8186=ORIENTED_EDGE('',*,*,#3704,.F.);
#8187=CARTESIAN_POINT('',(17.935750928,-11.72472034,47.));
#8188=DIRECTION('',(0.161574167,-0.986860572,-0.));
#8189=DIRECTION('',(-0.986860572,-0.161574167,0.));
#8190=AXIS2_PLACEMENT_3D('',#8187,#8188,#8189);
#8191=ELLIPSE('',#8190,0.707106781,0.5);
#8192=EDGE_CURVE('',#3719,#3629,#8191,.T.);
#8193=ORIENTED_EDGE('',*,*,#8192,.F.);
#8194=ORIENTED_EDGE('',*,*,#3724,.F.);
#8195=EDGE_LOOP('',(#8185,#8186,#8193,#8194));
#8196=FACE_BOUND('',#8195,.T.);
#8197=ADVANCED_FACE('',(#8196),#8184,.T.);
#8198=CARTESIAN_POINT('',(16.784579423,-13.326643429,47.));
#8199=DIRECTION('',(0.583565613,0.812065992,-0.));
#8200=DIRECTION('',(0.812065992,-0.583565613,-0.));
#8201=AXIS2_PLACEMENT_3D('',#8198,#8199,#8200);
#8202=CYLINDRICAL_SURFACE('',#8201,0.5);
#8203=ORIENTED_EDGE('',*,*,#8174,.T.);
#8204=ORIENTED_EDGE('',*,*,#3732,.F.);
#8205=ORIENTED_EDGE('',*,*,#8192,.T.);
#8206=ORIENTED_EDGE('',*,*,#3634,.F.);
#8207=EDGE_LOOP('',(#8203,#8204,#8205,#8206));
#8208=FACE_BOUND('',#8207,.T.);
#8209=ADVANCED_FACE('',(#8208),#8202,.T.);
#8210=CARTESIAN_POINT('',(-2.01062326,1.067471097,47.));
#8211=DIRECTION('',(-0.814402691,-0.580300143,0.));
#8212=DIRECTION('',(-0.580300143,0.814402691,0.));
#8213=AXIS2_PLACEMENT_3D('',#8210,#8211,#8212);
#8214=CYLINDRICAL_SURFACE('',#8213,0.5);
#8215=CARTESIAN_POINT('',(15.466866211,13.521002683,47.));
#8216=DIRECTION('',(-0.165535499,-0.986203832,0.));
#8217=DIRECTION('',(0.986203832,-0.165535499,-0.));
#8218=AXIS2_PLACEMENT_3D('',#8215,#8216,#8217);
#8219=ELLIPSE('',#8218,0.707106781,0.5);
#8220=EDGE_CURVE('',#3812,#3871,#8219,.T.);
#8221=ORIENTED_EDGE('',*,*,#8220,.F.);
#8222=ORIENTED_EDGE('',*,*,#3840,.F.);
#8223=CARTESIAN_POINT('',(16.281268903,14.101302826,47.));
#8224=DIRECTION('',(0.986203832,-0.165535499,-0.));
#8225=DIRECTION('',(-0.165535499,-0.986203832,0.));
#8226=AXIS2_PLACEMENT_3D('',#8223,#8224,#8225);
#8227=ELLIPSE('',#8226,0.707106781,0.5);
#8228=EDGE_CURVE('',#3853,#3765,#8227,.T.);
#8229=ORIENTED_EDGE('',*,*,#8228,.F.);
#8230=ORIENTED_EDGE('',*,*,#3882,.F.);
#8231=EDGE_LOOP('',(#8221,#8222,#8229,#8230));
#8232=FACE_BOUND('',#8231,.T.);
#8233=ADVANCED_FACE('',(#8232),#8214,.T.);
#8234=CARTESIAN_POINT('',(17.041892163,13.033831729,47.));
#8235=DIRECTION('',(-0.580300143,0.814402691,0.));
#8236=DIRECTION('',(0.814402691,0.580300143,-0.));
#8237=AXIS2_PLACEMENT_3D('',#8234,#8235,#8236);
#8238=CYLINDRICAL_SURFACE('',#8237,0.5);
#8239=ORIENTED_EDGE('',*,*,#8228,.T.);
#8240=ORIENTED_EDGE('',*,*,#3770,.F.);
#8241=CARTESIAN_POINT('',(17.936215314,11.778724024,47.));
#8242=DIRECTION('',(-0.165535499,-0.986203832,0.));
#8243=DIRECTION('',(-0.986203832,0.165535499,0.));
#8244=AXIS2_PLACEMENT_3D('',#8241,#8242,#8243);
#8245=ELLIPSE('',#8244,0.707106781,0.5);
#8246=EDGE_CURVE('',#3855,#3757,#8245,.T.);
#8247=ORIENTED_EDGE('',*,*,#8246,.F.);
#8248=ORIENTED_EDGE('',*,*,#3860,.F.);
#8249=EDGE_LOOP('',(#8239,#8240,#8247,#8248));
#8250=FACE_BOUND('',#8249,.T.);
#8251=ADVANCED_FACE('',(#8250),#8238,.T.);
#8252=CARTESIAN_POINT('',(16.227489472,12.453531585,47.));
#8253=DIRECTION('',(0.580300143,-0.814402691,-0.));
#8254=DIRECTION('',(-0.814402691,-0.580300143,0.));
#8255=AXIS2_PLACEMENT_3D('',#8252,#8253,#8254);
#8256=CYLINDRICAL_SURFACE('',#8255,0.5);
#8257=ORIENTED_EDGE('',*,*,#8220,.T.);
#8258=ORIENTED_EDGE('',*,*,#3876,.F.);
#8259=CARTESIAN_POINT('',(17.121812622,11.198423881,47.));
#8260=DIRECTION('',(0.986203832,-0.165535499,-0.));
#8261=DIRECTION('',(-0.165535499,-0.986203832,0.));
#8262=AXIS2_PLACEMENT_3D('',#8259,#8260,#8261);
#8263=ELLIPSE('',#8262,0.707106781,0.5);
#8264=EDGE_CURVE('',#3788,#3863,#8263,.T.);
#8265=ORIENTED_EDGE('',*,*,#8264,.F.);
#8266=ORIENTED_EDGE('',*,*,#3823,.F.);
#8267=EDGE_LOOP('',(#8257,#8258,#8265,#8266));
#8268=FACE_BOUND('',#8267,.T.);
#8269=ADVANCED_FACE('',(#8268),#8256,.T.);
#8270=CARTESIAN_POINT('',(-0.35567685,-1.255107705,47.));
#8271=DIRECTION('',(0.814402691,0.580300143,-0.));
#8272=DIRECTION('',(0.580300143,-0.814402691,-0.));
#8273=AXIS2_PLACEMENT_3D('',#8270,#8271,#8272);
#8274=CYLINDRICAL_SURFACE('',#8273,0.5);
#8275=ORIENTED_EDGE('',*,*,#8246,.T.);
#8276=ORIENTED_EDGE('',*,*,#3799,.F.);
#8277=ORIENTED_EDGE('',*,*,#8264,.T.);
#8278=ORIENTED_EDGE('',*,*,#3868,.F.);
#8279=EDGE_LOOP('',(#8275,#8276,#8277,#8278));
#8280=FACE_BOUND('',#8279,.T.);
#8281=ADVANCED_FACE('',(#8280),#8274,.T.);
#8282=CARTESIAN_POINT('',(4.25,4.,47.5));
#8283=DIRECTION('',(0.,-1.,0.));
#8284=DIRECTION('',(0.,0.,1.));
#8285=AXIS2_PLACEMENT_3D('',#8282,#8283,#8284);
#8286=CYLINDRICAL_SURFACE('',#8285,0.5);
#8287=CARTESIAN_POINT('',(4.25,5.5,47.5));
#8288=DIRECTION('',(0.707106781,0.707106781,-0.));
#8289=DIRECTION('',(-0.707106781,0.707106781,0.));
#8290=AXIS2_PLACEMENT_3D('',#8287,#8288,#8289);
#8291=ELLIPSE('',#8290,0.707106781,0.5);
#8292=EDGE_CURVE('',#4125,#4037,#8291,.T.);
#8293=ORIENTED_EDGE('',*,*,#8292,.F.);
#8294=ORIENTED_EDGE('',*,*,#4154,.F.);
#8295=CARTESIAN_POINT('',(4.25,2.5,47.5));
#8296=DIRECTION('',(0.707106781,-0.707106781,-0.));
#8297=DIRECTION('',(-0.707106781,-0.707106781,0.));
#8298=AXIS2_PLACEMENT_3D('',#8295,#8296,#8297);
#8299=ELLIPSE('',#8298,0.707106781,0.5);
#8300=EDGE_CURVE('',#4084,#4143,#8299,.T.);
#8301=ORIENTED_EDGE('',*,*,#8300,.F.);
#8302=ORIENTED_EDGE('',*,*,#4112,.F.);
#8303=EDGE_LOOP('',(#8293,#8294,#8301,#8302));
#8304=FACE_BOUND('',#8303,.T.);
#8305=ADVANCED_FACE('',(#8304),#8286,.T.);
#8306=CARTESIAN_POINT('',(5.75,2.5,47.5));
#8307=DIRECTION('',(1.,0.,-0.));
#8308=DIRECTION('',(-0.,0.,-1.));
#8309=AXIS2_PLACEMENT_3D('',#8306,#8307,#8308);
#8310=CYLINDRICAL_SURFACE('',#8309,0.5);
#8311=ORIENTED_EDGE('',*,*,#8300,.T.);
#8312=ORIENTED_EDGE('',*,*,#4148,.F.);
#8313=CARTESIAN_POINT('',(7.25,2.5,47.5));
#8314=DIRECTION('',(0.707106781,0.707106781,-0.));
#8315=DIRECTION('',(0.707106781,-0.707106781,-0.));
#8316=AXIS2_PLACEMENT_3D('',#8313,#8314,#8315);
#8317=ELLIPSE('',#8316,0.707106781,0.5);
#8318=EDGE_CURVE('',#4060,#4135,#8317,.T.);
#8319=ORIENTED_EDGE('',*,*,#8318,.F.);
#8320=ORIENTED_EDGE('',*,*,#4095,.F.);
#8321=EDGE_LOOP('',(#8311,#8312,#8319,#8320));
#8322=FACE_BOUND('',#8321,.T.);
#8323=ADVANCED_FACE('',(#8322),#8310,.T.);
#8324=CARTESIAN_POINT('',(5.75,5.5,47.5));
#8325=DIRECTION('',(-1.,0.,0.));
#8326=DIRECTION('',(0.,0.,1.));
#8327=AXIS2_PLACEMENT_3D('',#8324,#8325,#8326);
#8328=CYLINDRICAL_SURFACE('',#8327,0.5);
#8329=ORIENTED_EDGE('',*,*,#8292,.T.);
#8330=ORIENTED_EDGE('',*,*,#4042,.F.);
#8331=CARTESIAN_POINT('',(7.25,5.5,47.5));
#8332=DIRECTION('',(0.707106781,-0.707106781,-0.));
#8333=DIRECTION('',(-0.707106781,-0.707106781,0.));
#8334=AXIS2_PLACEMENT_3D('',#8331,#8332,#8333);
#8335=ELLIPSE('',#8334,0.707106781,0.5);
#8336=EDGE_CURVE('',#4127,#4029,#8335,.T.);
#8337=ORIENTED_EDGE('',*,*,#8336,.F.);
#8338=ORIENTED_EDGE('',*,*,#4132,.F.);
#8339=EDGE_LOOP('',(#8329,#8330,#8337,#8338));
#8340=FACE_BOUND('',#8339,.T.);
#8341=ADVANCED_FACE('',(#8340),#8328,.T.);
#8342=CARTESIAN_POINT('',(7.25,4.,47.5));
#8343=DIRECTION('',(0.,1.,0.));
#8344=DIRECTION('',(-0.,0.,-1.));
#8345=AXIS2_PLACEMENT_3D('',#8342,#8343,#8344);
#8346=CYLINDRICAL_SURFACE('',#8345,0.5);
#8347=ORIENTED_EDGE('',*,*,#8318,.T.);
#8348=ORIENTED_EDGE('',*,*,#4140,.F.);
#8349=ORIENTED_EDGE('',*,*,#8336,.T.);
#8350=ORIENTED_EDGE('',*,*,#4071,.F.);
#8351=EDGE_LOOP('',(#8347,#8348,#8349,#8350));
#8352=FACE_BOUND('',#8351,.T.);
#8353=ADVANCED_FACE('',(#8352),#8346,.T.);
#8354=CARTESIAN_POINT('',(-13.75,10.5,47.5));
#8355=DIRECTION('',(-1.,0.,0.));
#8356=DIRECTION('',(0.,0.,1.));
#8357=AXIS2_PLACEMENT_3D('',#8354,#8355,#8356);
#8358=CYLINDRICAL_SURFACE('',#8357,0.5);
#8359=CARTESIAN_POINT('',(-13.75,10.5,47.));
#8360=VERTEX_POINT('',#8359);
#8361=CARTESIAN_POINT('',(-13.75,10.5,47.5));
#8362=DIRECTION('',(-0.707106781,-0.707106781,0.));
#8363=DIRECTION('',(-0.707106781,0.707106781,0.));
#8364=AXIS2_PLACEMENT_3D('',#8361,#8362,#8363);
#8365=ELLIPSE('',#8364,0.707106781,0.5);
#8366=EDGE_CURVE('',#4173,#8360,#8365,.T.);
#8367=ORIENTED_EDGE('',*,*,#8366,.F.);
#8368=ORIENTED_EDGE('',*,*,#4178,.F.);
#8369=CARTESIAN_POINT('',(-13.75,10.5,47.5));
#8370=DIRECTION('',(0.707106781,-0.707106781,-0.));
#8371=DIRECTION('',(0.707106781,0.707106781,-0.));
#8372=AXIS2_PLACEMENT_3D('',#8369,#8370,#8371);
#8373=ELLIPSE('',#8372,0.707106781,0.5);
#8374=EDGE_CURVE('',#8360,#4165,#8373,.T.);
#8375=ORIENTED_EDGE('',*,*,#8374,.F.);
#8376=EDGE_LOOP('',(#8367,#8368,#8375));
#8377=FACE_BOUND('',#8376,.T.);
#8378=ADVANCED_FACE('',(#8377),#8358,.T.);
#8379=CARTESIAN_POINT('',(-13.75,10.,47.5));
#8380=DIRECTION('',(0.,-1.,0.));
#8381=DIRECTION('',(0.,0.,1.));
#8382=AXIS2_PLACEMENT_3D('',#8379,#8380,#8381);
#8383=CYLINDRICAL_SURFACE('',#8382,0.5);
#8384=ORIENTED_EDGE('',*,*,#4248,.F.);
#8385=ORIENTED_EDGE('',*,*,#8366,.T.);
#8386=CARTESIAN_POINT('',(-13.75,9.5,47.));
#8387=VERTEX_POINT('',#8386);
#8388=CARTESIAN_POINT('',(-13.75,9.5,47.));
#8389=DIRECTION('',(-0.,1.,-0.));
#8390=VECTOR('',#8389,1.);
#8391=LINE('',#8388,#8390);
#8392=EDGE_CURVE('',#8387,#8360,#8391,.T.);
#8393=ORIENTED_EDGE('',*,*,#8392,.F.);
#8394=CARTESIAN_POINT('',(-13.75,9.5,47.5));
#8395=DIRECTION('',(0.707106781,-0.707106781,-0.));
#8396=DIRECTION('',(-0.707106781,-0.707106781,0.));
#8397=AXIS2_PLACEMENT_3D('',#8394,#8395,#8396);
#8398=ELLIPSE('',#8397,0.707106781,0.5);
#8399=EDGE_CURVE('',#4220,#8387,#8398,.T.);
#8400=ORIENTED_EDGE('',*,*,#8399,.F.);
#8401=EDGE_LOOP('',(#8384,#8385,#8393,#8400));
#8402=FACE_BOUND('',#8401,.T.);
#8403=ADVANCED_FACE('',(#8402),#8383,.T.);
#8404=CARTESIAN_POINT('',(-13.75,10.,47.5));
#8405=DIRECTION('',(0.,1.,0.));
#8406=DIRECTION('',(-0.,0.,-1.));
#8407=AXIS2_PLACEMENT_3D('',#8404,#8405,#8406);
#8408=CYLINDRICAL_SURFACE('',#8407,0.5);
#8409=ORIENTED_EDGE('',*,*,#8374,.T.);
#8410=ORIENTED_EDGE('',*,*,#4207,.F.);
#8411=CARTESIAN_POINT('',(-13.75,9.5,47.5));
#8412=DIRECTION('',(-0.707106781,-0.707106781,0.));
#8413=DIRECTION('',(-0.707106781,0.707106781,0.));
#8414=AXIS2_PLACEMENT_3D('',#8411,#8412,#8413);
#8415=ELLIPSE('',#8414,0.707106781,0.5);
#8416=EDGE_CURVE('',#8387,#4196,#8415,.T.);
#8417=ORIENTED_EDGE('',*,*,#8416,.F.);
#8418=ORIENTED_EDGE('',*,*,#8392,.T.);
#8419=EDGE_LOOP('',(#8409,#8410,#8417,#8418));
#8420=FACE_BOUND('',#8419,.T.);
#8421=ADVANCED_FACE('',(#8420),#8408,.T.);
#8422=CARTESIAN_POINT('',(-13.75,9.5,47.5));
#8423=DIRECTION('',(1.,0.,-0.));
#8424=DIRECTION('',(-0.,0.,-1.));
#8425=AXIS2_PLACEMENT_3D('',#8422,#8423,#8424);
#8426=CYLINDRICAL_SURFACE('',#8425,0.5);
#8427=ORIENTED_EDGE('',*,*,#4231,.F.);
#8428=ORIENTED_EDGE('',*,*,#8399,.T.);
#8429=ORIENTED_EDGE('',*,*,#8416,.T.);
#8430=EDGE_LOOP('',(#8427,#8428,#8429));
#8431=FACE_BOUND('',#8430,.T.);
#8432=ADVANCED_FACE('',(#8431),#8426,.T.);
#8433=CARTESIAN_POINT('',(-13.75,5.,47.5));
#8434=DIRECTION('',(0.,-1.,0.));
#8435=DIRECTION('',(0.,0.,1.));
#8436=AXIS2_PLACEMENT_3D('',#8433,#8434,#8435);
#8437=CYLINDRICAL_SURFACE('',#8436,0.5);
#8438=CARTESIAN_POINT('',(-13.75,6.5,47.5));
#8439=DIRECTION('',(0.707106781,0.707106781,-0.));
#8440=DIRECTION('',(-0.707106781,0.707106781,0.));
#8441=AXIS2_PLACEMENT_3D('',#8438,#8439,#8440);
#8442=ELLIPSE('',#8441,0.707106781,0.5);
#8443=EDGE_CURVE('',#4357,#4269,#8442,.T.);
#8444=ORIENTED_EDGE('',*,*,#8443,.F.);
#8445=ORIENTED_EDGE('',*,*,#4386,.F.);
#8446=CARTESIAN_POINT('',(-13.75,3.5,47.5));
#8447=DIRECTION('',(0.707106781,-0.707106781,-0.));
#8448=DIRECTION('',(-0.707106781,-0.707106781,0.));
#8449=AXIS2_PLACEMENT_3D('',#8446,#8447,#8448);
#8450=ELLIPSE('',#8449,0.707106781,0.5);
#8451=EDGE_CURVE('',#4316,#4375,#8450,.T.);
#8452=ORIENTED_EDGE('',*,*,#8451,.F.);
#8453=ORIENTED_EDGE('',*,*,#4344,.F.);
#8454=EDGE_LOOP('',(#8444,#8445,#8452,#8453));
#8455=FACE_BOUND('',#8454,.T.);
#8456=ADVANCED_FACE('',(#8455),#8437,.T.);
#8457=CARTESIAN_POINT('',(-12.25,3.5,47.5));
#8458=DIRECTION('',(1.,0.,-0.));
#8459=DIRECTION('',(-0.,0.,-1.));
#8460=AXIS2_PLACEMENT_3D('',#8457,#8458,#8459);
#8461=CYLINDRICAL_SURFACE('',#8460,0.5);
#8462=ORIENTED_EDGE('',*,*,#8451,.T.);
#8463=ORIENTED_EDGE('',*,*,#4380,.F.);
#8464=CARTESIAN_POINT('',(-10.75,3.5,47.5));
#8465=DIRECTION('',(0.707106781,0.707106781,-0.));
#8466=DIRECTION('',(0.707106781,-0.707106781,-0.));
#8467=AXIS2_PLACEMENT_3D('',#8464,#8465,#8466);
#8468=ELLIPSE('',#8467,0.707106781,0.5);
#8469=EDGE_CURVE('',#4292,#4367,#8468,.T.);
#8470=ORIENTED_EDGE('',*,*,#8469,.F.);
#8471=ORIENTED_EDGE('',*,*,#4327,.F.);
#8472=EDGE_LOOP('',(#8462,#8463,#8470,#8471));
#8473=FACE_BOUND('',#8472,.T.);
#8474=ADVANCED_FACE('',(#8473),#8461,.T.);
#8475=CARTESIAN_POINT('',(-12.25,6.5,47.5));
#8476=DIRECTION('',(-1.,0.,0.));
#8477=DIRECTION('',(0.,0.,1.));
#8478=AXIS2_PLACEMENT_3D('',#8475,#8476,#8477);
#8479=CYLINDRICAL_SURFACE('',#8478,0.5);
#8480=ORIENTED_EDGE('',*,*,#8443,.T.);
#8481=ORIENTED_EDGE('',*,*,#4274,.F.);
#8482=CARTESIAN_POINT('',(-10.75,6.5,47.5));
#8483=DIRECTION('',(0.707106781,-0.707106781,-0.));
#8484=DIRECTION('',(-0.707106781,-0.707106781,0.));
#8485=AXIS2_PLACEMENT_3D('',#8482,#8483,#8484);
#8486=ELLIPSE('',#8485,0.707106781,0.5);
#8487=EDGE_CURVE('',#4359,#4261,#8486,.T.);
#8488=ORIENTED_EDGE('',*,*,#8487,.F.);
#8489=ORIENTED_EDGE('',*,*,#4364,.F.);
#8490=EDGE_LOOP('',(#8480,#8481,#8488,#8489));
#8491=FACE_BOUND('',#8490,.T.);
#8492=ADVANCED_FACE('',(#8491),#8479,.T.);
#8493=CARTESIAN_POINT('',(-10.75,5.,47.5));
#8494=DIRECTION('',(0.,1.,0.));
#8495=DIRECTION('',(-0.,0.,-1.));
#8496=AXIS2_PLACEMENT_3D('',#8493,#8494,#8495);
#8497=CYLINDRICAL_SURFACE('',#8496,0.5);
#8498=ORIENTED_EDGE('',*,*,#8469,.T.);
#8499=ORIENTED_EDGE('',*,*,#4372,.F.);
#8500=ORIENTED_EDGE('',*,*,#8487,.T.);
#8501=ORIENTED_EDGE('',*,*,#4303,.F.);
#8502=EDGE_LOOP('',(#8498,#8499,#8500,#8501));
#8503=FACE_BOUND('',#8502,.T.);
#8504=ADVANCED_FACE('',(#8503),#8497,.T.);
#8505=CARTESIAN_POINT('',(-10.75,-5.5,47.5));
#8506=DIRECTION('',(0.,1.,0.));
#8507=DIRECTION('',(-0.,0.,-1.));
#8508=AXIS2_PLACEMENT_3D('',#8505,#8506,#8507);
#8509=CYLINDRICAL_SURFACE('',#8508,0.5);
#8510=CARTESIAN_POINT('',(-10.75,-7.5,47.5));
#8511=DIRECTION('',(-0.707106781,-0.707106781,0.));
#8512=DIRECTION('',(0.707106781,-0.707106781,-0.));
#8513=AXIS2_PLACEMENT_3D('',#8510,#8511,#8512);
#8514=ELLIPSE('',#8513,0.707106781,0.5);
#8515=EDGE_CURVE('',#3989,#3924,#8514,.T.);
#8516=ORIENTED_EDGE('',*,*,#8515,.F.);
#8517=ORIENTED_EDGE('',*,*,#4018,.F.);
#8518=CARTESIAN_POINT('',(-10.75,-3.5,47.5));
#8519=DIRECTION('',(-0.707106781,0.707106781,0.));
#8520=DIRECTION('',(0.707106781,0.707106781,-0.));
#8521=AXIS2_PLACEMENT_3D('',#8518,#8519,#8520);
#8522=ELLIPSE('',#8521,0.707106781,0.5);
#8523=EDGE_CURVE('',#3893,#4007,#8522,.T.);
#8524=ORIENTED_EDGE('',*,*,#8523,.F.);
#8525=ORIENTED_EDGE('',*,*,#3935,.F.);
#8526=EDGE_LOOP('',(#8516,#8517,#8524,#8525));
#8527=FACE_BOUND('',#8526,.T.);
#8528=ADVANCED_FACE('',(#8527),#8509,.T.);
#8529=CARTESIAN_POINT('',(-12.75,-3.5,47.5));
#8530=DIRECTION('',(-1.,0.,0.));
#8531=DIRECTION('',(0.,0.,1.));
#8532=AXIS2_PLACEMENT_3D('',#8529,#8530,#8531);
#8533=CYLINDRICAL_SURFACE('',#8532,0.5);
#8534=ORIENTED_EDGE('',*,*,#8523,.T.);
#8535=ORIENTED_EDGE('',*,*,#4012,.F.);
#8536=CARTESIAN_POINT('',(-14.75,-3.5,47.5));
#8537=DIRECTION('',(-0.707106781,-0.707106781,0.));
#8538=DIRECTION('',(-0.707106781,0.707106781,0.));
#8539=AXIS2_PLACEMENT_3D('',#8536,#8537,#8538);
#8540=ELLIPSE('',#8539,0.707106781,0.5);
#8541=EDGE_CURVE('',#3901,#3999,#8540,.T.);
#8542=ORIENTED_EDGE('',*,*,#8541,.F.);
#8543=ORIENTED_EDGE('',*,*,#3906,.F.);
#8544=EDGE_LOOP('',(#8534,#8535,#8542,#8543));
#8545=FACE_BOUND('',#8544,.T.);
#8546=ADVANCED_FACE('',(#8545),#8533,.T.);
#8547=CARTESIAN_POINT('',(-12.75,-7.5,47.5));
#8548=DIRECTION('',(1.,0.,-0.));
#8549=DIRECTION('',(-0.,0.,-1.));
#8550=AXIS2_PLACEMENT_3D('',#8547,#8548,#8549);
#8551=CYLINDRICAL_SURFACE('',#8550,0.5);
#8552=ORIENTED_EDGE('',*,*,#8515,.T.);
#8553=ORIENTED_EDGE('',*,*,#3959,.F.);
#8554=CARTESIAN_POINT('',(-14.75,-7.5,47.5));
#8555=DIRECTION('',(-0.707106781,0.707106781,0.));
#8556=DIRECTION('',(0.707106781,0.707106781,-0.));
#8557=AXIS2_PLACEMENT_3D('',#8554,#8555,#8556);
#8558=ELLIPSE('',#8557,0.707106781,0.5);
#8559=EDGE_CURVE('',#3991,#3948,#8558,.T.);
#8560=ORIENTED_EDGE('',*,*,#8559,.F.);
#8561=ORIENTED_EDGE('',*,*,#3996,.F.);
#8562=EDGE_LOOP('',(#8552,#8553,#8560,#8561));
#8563=FACE_BOUND('',#8562,.T.);
#8564=ADVANCED_FACE('',(#8563),#8551,.T.);
#8565=CARTESIAN_POINT('',(-14.75,-5.5,47.5));
#8566=DIRECTION('',(0.,-1.,0.));
#8567=DIRECTION('',(0.,0.,1.));
#8568=AXIS2_PLACEMENT_3D('',#8565,#8566,#8567);
#8569=CYLINDRICAL_SURFACE('',#8568,0.5);
#8570=ORIENTED_EDGE('',*,*,#8541,.T.);
#8571=ORIENTED_EDGE('',*,*,#4004,.F.);
#8572=ORIENTED_EDGE('',*,*,#8559,.T.);
#8573=ORIENTED_EDGE('',*,*,#3976,.F.);
#8574=EDGE_LOOP('',(#8570,#8571,#8572,#8573));
#8575=FACE_BOUND('',#8574,.T.);
#8576=ADVANCED_FACE('',(#8575),#8569,.T.);
#8577=CARTESIAN_POINT('',(-10.75,10.,47.5));
#8578=DIRECTION('',(0.,1.,0.));
#8579=DIRECTION('',(-0.,0.,-1.));
#8580=AXIS2_PLACEMENT_3D('',#8577,#8578,#8579);
#8581=CYLINDRICAL_SURFACE('',#8580,0.5);
#8582=CARTESIAN_POINT('',(-10.75,9.5,47.5));
#8583=DIRECTION('',(-0.707106781,-0.707106781,0.));
#8584=DIRECTION('',(0.707106781,-0.707106781,-0.));
#8585=AXIS2_PLACEMENT_3D('',#8582,#8583,#8584);
#8586=ELLIPSE('',#8585,0.707106781,0.5);
#8587=EDGE_CURVE('',#4493,#4428,#8586,.T.);
#8588=ORIENTED_EDGE('',*,*,#8587,.F.);
#8589=ORIENTED_EDGE('',*,*,#4522,.F.);
#8590=CARTESIAN_POINT('',(-10.75,10.5,47.5));
#8591=DIRECTION('',(-0.707106781,0.707106781,0.));
#8592=DIRECTION('',(0.707106781,0.707106781,-0.));
#8593=AXIS2_PLACEMENT_3D('',#8590,#8591,#8592);
#8594=ELLIPSE('',#8593,0.707106781,0.5);
#8595=EDGE_CURVE('',#4397,#4511,#8594,.T.);
#8596=ORIENTED_EDGE('',*,*,#8595,.F.);
#8597=ORIENTED_EDGE('',*,*,#4439,.F.);
#8598=EDGE_LOOP('',(#8588,#8589,#8596,#8597));
#8599=FACE_BOUND('',#8598,.T.);
#8600=ADVANCED_FACE('',(#8599),#8581,.T.);
#8601=CARTESIAN_POINT('',(-11.25,10.5,47.5));
#8602=DIRECTION('',(-1.,0.,0.));
#8603=DIRECTION('',(0.,0.,1.));
#8604=AXIS2_PLACEMENT_3D('',#8601,#8602,#8603);
#8605=CYLINDRICAL_SURFACE('',#8604,0.5);
#8606=ORIENTED_EDGE('',*,*,#8595,.T.);
#8607=ORIENTED_EDGE('',*,*,#4516,.F.);
#8608=CARTESIAN_POINT('',(-11.75,10.5,47.5));
#8609=DIRECTION('',(-0.707106781,-0.707106781,0.));
#8610=DIRECTION('',(-0.707106781,0.707106781,0.));
#8611=AXIS2_PLACEMENT_3D('',#8608,#8609,#8610);
#8612=ELLIPSE('',#8611,0.707106781,0.5);
#8613=EDGE_CURVE('',#4405,#4503,#8612,.T.);
#8614=ORIENTED_EDGE('',*,*,#8613,.F.);
#8615=ORIENTED_EDGE('',*,*,#4410,.F.);
#8616=EDGE_LOOP('',(#8606,#8607,#8614,#8615));
#8617=FACE_BOUND('',#8616,.T.);
#8618=ADVANCED_FACE('',(#8617),#8605,.T.);
#8619=CARTESIAN_POINT('',(-11.25,9.5,47.5));
#8620=DIRECTION('',(1.,0.,-0.));
#8621=DIRECTION('',(-0.,0.,-1.));
#8622=AXIS2_PLACEMENT_3D('',#8619,#8620,#8621);
#8623=CYLINDRICAL_SURFACE('',#8622,0.5);
#8624=ORIENTED_EDGE('',*,*,#8587,.T.);
#8625=ORIENTED_EDGE('',*,*,#4463,.F.);
#8626=CARTESIAN_POINT('',(-11.75,9.5,47.5));
#8627=DIRECTION('',(-0.707106781,0.707106781,0.));
#8628=DIRECTION('',(0.707106781,0.707106781,-0.));
#8629=AXIS2_PLACEMENT_3D('',#8626,#8627,#8628);
#8630=ELLIPSE('',#8629,0.707106781,0.5);
#8631=EDGE_CURVE('',#4495,#4452,#8630,.T.);
#8632=ORIENTED_EDGE('',*,*,#8631,.F.);
#8633=ORIENTED_EDGE('',*,*,#4500,.F.);
#8634=EDGE_LOOP('',(#8624,#8625,#8632,#8633));
#8635=FACE_BOUND('',#8634,.T.);
#8636=ADVANCED_FACE('',(#8635),#8623,.T.);
#8637=CARTESIAN_POINT('',(-11.75,10.,47.5));
#8638=DIRECTION('',(0.,-1.,0.));
#8639=DIRECTION('',(0.,0.,1.));
#8640=AXIS2_PLACEMENT_3D('',#8637,#8638,#8639);
#8641=CYLINDRICAL_SURFACE('',#8640,0.5);
#8642=ORIENTED_EDGE('',*,*,#8613,.T.);
#8643=ORIENTED_EDGE('',*,*,#4508,.F.);
#8644=ORIENTED_EDGE('',*,*,#8631,.T.);
#8645=ORIENTED_EDGE('',*,*,#4480,.F.);
#8646=EDGE_LOOP('',(#8642,#8643,#8644,#8645));
#8647=FACE_BOUND('',#8646,.T.);
#8648=ADVANCED_FACE('',(#8647),#8641,.T.);
#8649=CARTESIAN_POINT('',(3.25,-6.5,47.5));
#8650=DIRECTION('',(1.,0.,-0.));
#8651=DIRECTION('',(-0.,0.,-1.));
#8652=AXIS2_PLACEMENT_3D('',#8649,#8650,#8651);
#8653=CYLINDRICAL_SURFACE('',#8652,0.5);
#8654=CARTESIAN_POINT('',(2.25,-6.5,47.5));
#8655=DIRECTION('',(-0.707106781,0.707106781,0.));
#8656=DIRECTION('',(-0.707106781,-0.707106781,0.));
#8657=AXIS2_PLACEMENT_3D('',#8654,#8655,#8656);
#8658=ELLIPSE('',#8657,0.707106781,0.5);
#8659=EDGE_CURVE('',#4629,#4588,#8658,.T.);
#8660=ORIENTED_EDGE('',*,*,#8659,.F.);
#8661=ORIENTED_EDGE('',*,*,#4658,.F.);
#8662=CARTESIAN_POINT('',(4.25,-6.5,47.5));
#8663=DIRECTION('',(0.707106781,0.707106781,-0.));
#8664=DIRECTION('',(0.707106781,-0.707106781,-0.));
#8665=AXIS2_PLACEMENT_3D('',#8662,#8663,#8664);
#8666=ELLIPSE('',#8665,0.707106781,0.5);
#8667=EDGE_CURVE('',#4564,#4647,#8666,.T.);
#8668=ORIENTED_EDGE('',*,*,#8667,.F.);
#8669=ORIENTED_EDGE('',*,*,#4599,.F.);
#8670=EDGE_LOOP('',(#8660,#8661,#8668,#8669));
#8671=FACE_BOUND('',#8670,.T.);
#8672=ADVANCED_FACE('',(#8671),#8653,.T.);
#8673=CARTESIAN_POINT('',(4.25,-5.5,47.5));
#8674=DIRECTION('',(0.,1.,0.));
#8675=DIRECTION('',(-0.,0.,-1.));
#8676=AXIS2_PLACEMENT_3D('',#8673,#8674,#8675);
#8677=CYLINDRICAL_SURFACE('',#8676,0.5);
#8678=ORIENTED_EDGE('',*,*,#8667,.T.);
#8679=ORIENTED_EDGE('',*,*,#4652,.F.);
#8680=CARTESIAN_POINT('',(4.25,-4.5,47.5));
#8681=DIRECTION('',(-0.707106781,0.707106781,0.));
#8682=DIRECTION('',(0.707106781,0.707106781,-0.));
#8683=AXIS2_PLACEMENT_3D('',#8680,#8681,#8682);
#8684=ELLIPSE('',#8683,0.707106781,0.5);
#8685=EDGE_CURVE('',#4533,#4639,#8684,.T.);
#8686=ORIENTED_EDGE('',*,*,#8685,.F.);
#8687=ORIENTED_EDGE('',*,*,#4575,.F.);
#8688=EDGE_LOOP('',(#8678,#8679,#8686,#8687));
#8689=FACE_BOUND('',#8688,.T.);
#8690=ADVANCED_FACE('',(#8689),#8677,.T.);
#8691=CARTESIAN_POINT('',(2.25,-5.5,47.5));
#8692=DIRECTION('',(0.,-1.,0.));
#8693=DIRECTION('',(0.,0.,1.));
#8694=AXIS2_PLACEMENT_3D('',#8691,#8692,#8693);
#8695=CYLINDRICAL_SURFACE('',#8694,0.5);
#8696=ORIENTED_EDGE('',*,*,#8659,.T.);
#8697=ORIENTED_EDGE('',*,*,#4616,.F.);
#8698=CARTESIAN_POINT('',(2.25,-4.5,47.5));
#8699=DIRECTION('',(0.707106781,0.707106781,-0.));
#8700=DIRECTION('',(0.707106781,-0.707106781,-0.));
#8701=AXIS2_PLACEMENT_3D('',#8698,#8699,#8700);
#8702=ELLIPSE('',#8701,0.707106781,0.5);
#8703=EDGE_CURVE('',#4631,#4541,#8702,.T.);
#8704=ORIENTED_EDGE('',*,*,#8703,.F.);
#8705=ORIENTED_EDGE('',*,*,#4636,.F.);
#8706=EDGE_LOOP('',(#8696,#8697,#8704,#8705));
#8707=FACE_BOUND('',#8706,.T.);
#8708=ADVANCED_FACE('',(#8707),#8695,.T.);
#8709=CARTESIAN_POINT('',(3.25,-4.5,47.5));
#8710=DIRECTION('',(-1.,0.,0.));
#8711=DIRECTION('',(0.,0.,1.));
#8712=AXIS2_PLACEMENT_3D('',#8709,#8710,#8711);
#8713=CYLINDRICAL_SURFACE('',#8712,0.5);
#8714=ORIENTED_EDGE('',*,*,#8685,.T.);
#8715=ORIENTED_EDGE('',*,*,#4644,.F.);
#8716=ORIENTED_EDGE('',*,*,#8703,.T.);
#8717=ORIENTED_EDGE('',*,*,#4546,.F.);
#8718=EDGE_LOOP('',(#8714,#8715,#8716,#8717));
#8719=FACE_BOUND('',#8718,.T.);
#8720=ADVANCED_FACE('',(#8719),#8713,.T.);
#8721=CARTESIAN_POINT('',(-8.875,7.25,52.8));
#8722=DIRECTION('',(-0.894427191,0.447213595,0.));
#8723=DIRECTION('',(0.447213595,0.894427191,-0.));
#8724=AXIS2_PLACEMENT_3D('',#8721,#8722,#8723);
#8725=PLANE('',#8724);
#8726=CARTESIAN_POINT('',(-9.,7.,51.3));
#8727=VERTEX_POINT('',#8726);
#8728=CARTESIAN_POINT('',(-8.75,7.5,51.3));
#8729=VERTEX_POINT('',#8728);
#8730=CARTESIAN_POINT('',(-9.,7.,51.3));
#8731=DIRECTION('',(0.447213595,0.894427191,-0.));
#8732=VECTOR('',#8731,0.559016994);
#8733=LINE('',#8730,#8732);
#8734=EDGE_CURVE('',#8727,#8729,#8733,.T.);
#8735=ORIENTED_EDGE('',*,*,#8734,.F.);
#8736=CARTESIAN_POINT('',(-9.,7.,52.8));
#8737=VERTEX_POINT('',#8736);
#8738=CARTESIAN_POINT('',(-9.,7.,52.8));
#8739=DIRECTION('',(-0.,0.,-1.));
#8740=VECTOR('',#8739,1.5);
#8741=LINE('',#8738,#8740);
#8742=EDGE_CURVE('',#8737,#8727,#8741,.T.);
#8743=ORIENTED_EDGE('',*,*,#8742,.F.);
#8744=CARTESIAN_POINT('',(-8.75,7.5,52.8));
#8745=VERTEX_POINT('',#8744);
#8746=CARTESIAN_POINT('',(-9.,7.,52.8));
#8747=DIRECTION('',(0.447213595,0.894427191,-0.));
#8748=VECTOR('',#8747,0.559016994);
#8749=LINE('',#8746,#8748);
#8750=EDGE_CURVE('',#8737,#8745,#8749,.T.);
#8751=ORIENTED_EDGE('',*,*,#8750,.T.);
#8752=CARTESIAN_POINT('',(-8.75,7.5,52.8));
#8753=DIRECTION('',(-0.,0.,-1.));
#8754=VECTOR('',#8753,1.5);
#8755=LINE('',#8752,#8754);
#8756=EDGE_CURVE('',#8745,#8729,#8755,.T.);
#8757=ORIENTED_EDGE('',*,*,#8756,.T.);
#8758=EDGE_LOOP('',(#8735,#8743,#8751,#8757));
#8759=FACE_BOUND('',#8758,.T.);
#8760=ADVANCED_FACE('',(#8759),#8725,.T.);
#8761=CARTESIAN_POINT('',(-16.,7.,52.8));
#8762=DIRECTION('',(0.,1.,0.));
#8763=DIRECTION('',(-0.,0.,-1.));
#8764=AXIS2_PLACEMENT_3D('',#8761,#8762,#8763);
#8765=PLANE('',#8764);
#8766=CARTESIAN_POINT('',(-13.75,7.,51.3));
#8767=VERTEX_POINT('',#8766);
#8768=CARTESIAN_POINT('',(-13.75,7.,51.3));
#8769=DIRECTION('',(1.,0.,-0.));
#8770=VECTOR('',#8769,4.75);
#8771=LINE('',#8768,#8770);
#8772=EDGE_CURVE('',#8767,#8727,#8771,.T.);
#8773=ORIENTED_EDGE('',*,*,#8772,.F.);
#8774=CARTESIAN_POINT('',(-13.75,7.,52.8));
#8775=VERTEX_POINT('',#8774);
#8776=CARTESIAN_POINT('',(-13.75,7.,52.8));
#8777=DIRECTION('',(-0.,0.,-1.));
#8778=VECTOR('',#8777,1.5);
#8779=LINE('',#8776,#8778);
#8780=EDGE_CURVE('',#8775,#8767,#8779,.T.);
#8781=ORIENTED_EDGE('',*,*,#8780,.F.);
#8782=CARTESIAN_POINT('',(-13.75,7.,52.8));
#8783=DIRECTION('',(1.,0.,-0.));
#8784=VECTOR('',#8783,4.75);
#8785=LINE('',#8782,#8784);
#8786=EDGE_CURVE('',#8775,#8737,#8785,.T.);
#8787=ORIENTED_EDGE('',*,*,#8786,.T.);
#8788=ORIENTED_EDGE('',*,*,#8742,.T.);
#8789=EDGE_LOOP('',(#8773,#8781,#8787,#8788));
#8790=FACE_BOUND('',#8789,.T.);
#8791=ADVANCED_FACE('',(#8790),#8765,.T.);
#8792=CARTESIAN_POINT('',(-13.75,7.25,52.8));
#8793=DIRECTION('',(1.,0.,-0.));
#8794=DIRECTION('',(-0.,0.,-1.));
#8795=AXIS2_PLACEMENT_3D('',#8792,#8793,#8794);
#8796=PLANE('',#8795);
#8797=CARTESIAN_POINT('',(-13.75,7.5,51.3));
#8798=VERTEX_POINT('',#8797);
#8799=CARTESIAN_POINT('',(-13.75,7.5,51.3));
#8800=DIRECTION('',(0.,-1.,0.));
#8801=VECTOR('',#8800,0.5);
#8802=LINE('',#8799,#8801);
#8803=EDGE_CURVE('',#8798,#8767,#8802,.T.);
#8804=ORIENTED_EDGE('',*,*,#8803,.F.);
#8805=CARTESIAN_POINT('',(-13.75,7.5,52.8));
#8806=VERTEX_POINT('',#8805);
#8807=CARTESIAN_POINT('',(-13.75,7.5,52.8));
#8808=DIRECTION('',(-0.,0.,-1.));
#8809=VECTOR('',#8808,1.5);
#8810=LINE('',#8807,#8809);
#8811=EDGE_CURVE('',#8806,#8798,#8810,.T.);
#8812=ORIENTED_EDGE('',*,*,#8811,.F.);
#8813=CARTESIAN_POINT('',(-13.75,7.5,52.8));
#8814=DIRECTION('',(0.,-1.,0.));
#8815=VECTOR('',#8814,0.5);
#8816=LINE('',#8813,#8815);
#8817=EDGE_CURVE('',#8806,#8775,#8816,.T.);
#8818=ORIENTED_EDGE('',*,*,#8817,.T.);
#8819=ORIENTED_EDGE('',*,*,#8780,.T.);
#8820=EDGE_LOOP('',(#8804,#8812,#8818,#8819));
#8821=FACE_BOUND('',#8820,.T.);
#8822=ADVANCED_FACE('',(#8821),#8796,.T.);
#8823=CARTESIAN_POINT('',(-18.375,7.5,52.8));
#8824=DIRECTION('',(0.,1.,0.));
#8825=DIRECTION('',(-0.,0.,-1.));
#8826=AXIS2_PLACEMENT_3D('',#8823,#8824,#8825);
#8827=PLANE('',#8826);
#8828=ORIENTED_EDGE('',*,*,#432,.F.);
#8829=ORIENTED_EDGE('',*,*,#599,.F.);
#8830=CARTESIAN_POINT('',(-23.,7.5,52.8));
#8831=DIRECTION('',(1.,0.,-0.));
#8832=VECTOR('',#8831,9.25);
#8833=LINE('',#8830,#8832);
#8834=EDGE_CURVE('',#588,#8806,#8833,.T.);
#8835=ORIENTED_EDGE('',*,*,#8834,.T.);
#8836=ORIENTED_EDGE('',*,*,#8811,.T.);
#8837=CARTESIAN_POINT('',(-13.75,7.5,51.3));
#8838=DIRECTION('',(1.,0.,-0.));
#8839=VECTOR('',#8838,5.);
#8840=LINE('',#8837,#8839);
#8841=EDGE_CURVE('',#8798,#8729,#8840,.T.);
#8842=ORIENTED_EDGE('',*,*,#8841,.T.);
#8843=ORIENTED_EDGE('',*,*,#8756,.F.);
#8844=CARTESIAN_POINT('',(-8.5,7.5,52.8));
#8845=VERTEX_POINT('',#8844);
#8846=CARTESIAN_POINT('',(-8.75,7.5,52.8));
#8847=DIRECTION('',(1.,0.,-0.));
#8848=VECTOR('',#8847,0.25);
#8849=LINE('',#8846,#8848);
#8850=EDGE_CURVE('',#8745,#8845,#8849,.T.);
#8851=ORIENTED_EDGE('',*,*,#8850,.T.);
#8852=CARTESIAN_POINT('',(-8.5,7.5,52.8));
#8853=DIRECTION('',(-0.,0.,-1.));
#8854=VECTOR('',#8853,3.);
#8855=LINE('',#8852,#8854);
#8856=EDGE_CURVE('',#8845,#427,#8855,.T.);
#8857=ORIENTED_EDGE('',*,*,#8856,.T.);
#8858=EDGE_LOOP('',(#8828,#8829,#8835,#8836,#8842,#8843,#8851,#8857));
#8859=FACE_BOUND('',#8858,.T.);
#8860=ADVANCED_FACE('',(#8859),#8827,.T.);
#8861=CARTESIAN_POINT('',(-23.5,-5.75,52.8));
#8862=DIRECTION('',(-1.,0.,0.));
#8863=DIRECTION('',(0.,0.,1.));
#8864=AXIS2_PLACEMENT_3D('',#8861,#8862,#8863);
#8865=PLANE('',#8864);
#8866=ORIENTED_EDGE('',*,*,#456,.F.);
#8867=CARTESIAN_POINT('',(-23.5,-7.5,52.8));
#8868=VERTEX_POINT('',#8867);
#8869=CARTESIAN_POINT('',(-23.5,-7.5,52.8));
#8870=DIRECTION('',(-0.,0.,-1.));
#8871=VECTOR('',#8870,3.);
#8872=LINE('',#8869,#8871);
#8873=EDGE_CURVE('',#8868,#443,#8872,.T.);
#8874=ORIENTED_EDGE('',*,*,#8873,.F.);
#8875=CARTESIAN_POINT('',(-23.5,-7.5,52.8));
#8876=DIRECTION('',(0.,1.,0.));
#8877=VECTOR('',#8876,3.5);
#8878=LINE('',#8875,#8877);
#8879=EDGE_CURVE('',#8868,#634,#8878,.T.);
#8880=ORIENTED_EDGE('',*,*,#8879,.T.);
#8881=ORIENTED_EDGE('',*,*,#639,.T.);
#8882=CARTESIAN_POINT('',(-23.5,-4.,52.7));
#8883=DIRECTION('',(-0.,0.,-1.));
#8884=VECTOR('',#8883,2.4);
#8885=LINE('',#8882,#8884);
#8886=EDGE_CURVE('',#626,#656,#8885,.T.);
#8887=ORIENTED_EDGE('',*,*,#8886,.T.);
#8888=ORIENTED_EDGE('',*,*,#661,.T.);
#8889=EDGE_LOOP('',(#8866,#8874,#8880,#8881,#8887,#8888));
#8890=FACE_BOUND('',#8889,.T.);
#8891=ADVANCED_FACE('',(#8890),#8865,.T.);
#8892=CARTESIAN_POINT('',(-16.,-7.5,52.8));
#8893=DIRECTION('',(0.,-1.,0.));
#8894=DIRECTION('',(0.,0.,1.));
#8895=AXIS2_PLACEMENT_3D('',#8892,#8893,#8894);
#8896=PLANE('',#8895);
#8897=ORIENTED_EDGE('',*,*,#448,.F.);
#8898=CARTESIAN_POINT('',(-8.5,-7.5,52.8));
#8899=VERTEX_POINT('',#8898);
#8900=CARTESIAN_POINT('',(-8.5,-7.5,52.8));
#8901=DIRECTION('',(-0.,0.,-1.));
#8902=VECTOR('',#8901,3.);
#8903=LINE('',#8900,#8902);
#8904=EDGE_CURVE('',#8899,#435,#8903,.T.);
#8905=ORIENTED_EDGE('',*,*,#8904,.F.);
#8906=CARTESIAN_POINT('',(-8.5,-7.5,52.8));
#8907=DIRECTION('',(-1.,0.,0.));
#8908=VECTOR('',#8907,15.);
#8909=LINE('',#8906,#8908);
#8910=EDGE_CURVE('',#8899,#8868,#8909,.T.);
#8911=ORIENTED_EDGE('',*,*,#8910,.T.);
#8912=ORIENTED_EDGE('',*,*,#8873,.T.);
#8913=EDGE_LOOP('',(#8897,#8905,#8911,#8912));
#8914=FACE_BOUND('',#8913,.T.);
#8915=ADVANCED_FACE('',(#8914),#8896,.T.);
#8916=CARTESIAN_POINT('',(-8.5,-2.,52.8));
#8917=DIRECTION('',(1.,0.,-0.));
#8918=DIRECTION('',(-0.,0.,-1.));
#8919=AXIS2_PLACEMENT_3D('',#8916,#8917,#8918);
#8920=PLANE('',#8919);
#8921=ORIENTED_EDGE('',*,*,#440,.F.);
#8922=ORIENTED_EDGE('',*,*,#8856,.F.);
#8923=CARTESIAN_POINT('',(-8.5,7.5,52.8));
#8924=DIRECTION('',(0.,-1.,0.));
#8925=VECTOR('',#8924,15.);
#8926=LINE('',#8923,#8925);
#8927=EDGE_CURVE('',#8845,#8899,#8926,.T.);
#8928=ORIENTED_EDGE('',*,*,#8927,.T.);
#8929=ORIENTED_EDGE('',*,*,#8904,.T.);
#8930=EDGE_LOOP('',(#8921,#8922,#8928,#8929));
#8931=FACE_BOUND('',#8930,.T.);
#8932=ADVANCED_FACE('',(#8931),#8920,.T.);
#8933=CARTESIAN_POINT('',(-1.25,0.,52.8));
#8934=DIRECTION('',(0.,0.,1.));
#8935=DIRECTION('',(0.,-1.,0.));
#8936=AXIS2_PLACEMENT_3D('',#8933,#8934,#8935);
#8937=PLANE('',#8936);
#8938=ORIENTED_EDGE('',*,*,#8750,.F.);
#8939=ORIENTED_EDGE('',*,*,#8786,.F.);
#8940=ORIENTED_EDGE('',*,*,#8817,.F.);
#8941=ORIENTED_EDGE('',*,*,#8834,.F.);
#8942=ORIENTED_EDGE('',*,*,#593,.F.);
#8943=ORIENTED_EDGE('',*,*,#645,.F.);
#8944=ORIENTED_EDGE('',*,*,#8879,.F.);
#8945=ORIENTED_EDGE('',*,*,#8910,.F.);
#8946=ORIENTED_EDGE('',*,*,#8927,.F.);
#8947=ORIENTED_EDGE('',*,*,#8850,.F.);
#8948=EDGE_LOOP('',(#8938,#8939,#8940,#8941,#8942,#8943,#8944,#8945,#8946,#8947));
#8949=FACE_BOUND('',#8948,.T.);
#8950=ADVANCED_FACE('',(#8949),#8937,.T.);
#8951=CARTESIAN_POINT('',(-1.25,0.,51.3));
#8952=DIRECTION('',(0.,0.,1.));
#8953=DIRECTION('',(0.,-1.,0.));
#8954=AXIS2_PLACEMENT_3D('',#8951,#8952,#8953);
#8955=PLANE('',#8954);
#8956=ORIENTED_EDGE('',*,*,#8803,.T.);
#8957=ORIENTED_EDGE('',*,*,#8772,.T.);
#8958=ORIENTED_EDGE('',*,*,#8734,.T.);
#8959=ORIENTED_EDGE('',*,*,#8841,.F.);
#8960=EDGE_LOOP('',(#8956,#8957,#8958,#8959));
#8961=FACE_BOUND('',#8960,.T.);
#8962=ADVANCED_FACE('',(#8961),#8955,.T.);
#8963=CARTESIAN_POINT('',(-14.5,-4.,51.3));
#8964=DIRECTION('',(0.,1.,0.));
#8965=DIRECTION('',(-0.,0.,-1.));
#8966=AXIS2_PLACEMENT_3D('',#8963,#8964,#8965);
#8967=PLANE('',#8966);
#8968=ORIENTED_EDGE('',*,*,#8886,.F.);
#8969=CARTESIAN_POINT('',(-14.5,-4.,52.7));
#8970=VERTEX_POINT('',#8969);
#8971=CARTESIAN_POINT('',(-14.5,-4.,52.7));
#8972=DIRECTION('',(-1.,0.,0.));
#8973=VECTOR('',#8972,9.);
#8974=LINE('',#8971,#8973);
#8975=EDGE_CURVE('',#8970,#626,#8974,.T.);
#8976=ORIENTED_EDGE('',*,*,#8975,.F.);
#8977=CARTESIAN_POINT('',(-14.5,-4.,50.3));
#8978=VERTEX_POINT('',#8977);
#8979=CARTESIAN_POINT('',(-14.5,-4.,52.7));
#8980=DIRECTION('',(-0.,0.,-1.));
#8981=VECTOR('',#8980,2.4);
#8982=LINE('',#8979,#8981);
#8983=EDGE_CURVE('',#8970,#8978,#8982,.T.);
#8984=ORIENTED_EDGE('',*,*,#8983,.T.);
#8985=CARTESIAN_POINT('',(-14.5,-4.,50.3));
#8986=DIRECTION('',(-1.,0.,0.));
#8987=VECTOR('',#8986,9.);
#8988=LINE('',#8985,#8987);
#8989=EDGE_CURVE('',#8978,#656,#8988,.T.);
#8990=ORIENTED_EDGE('',*,*,#8989,.T.);
#8991=EDGE_LOOP('',(#8968,#8976,#8984,#8990));
#8992=FACE_BOUND('',#8991,.T.);
#8993=ADVANCED_FACE('',(#8992),#8967,.T.);
#8994=CARTESIAN_POINT('',(-14.5,1.5,52.7));
#8995=DIRECTION('',(-0.,0.,-1.));
#8996=DIRECTION('',(-1.,0.,0.));
#8997=AXIS2_PLACEMENT_3D('',#8994,#8995,#8996);
#8998=PLANE('',#8997);
#8999=CARTESIAN_POINT('',(-14.5,7.,52.7));
#9000=VERTEX_POINT('',#8999);
#9001=CARTESIAN_POINT('',(-14.5,7.,52.7));
#9002=DIRECTION('',(-1.,0.,0.));
#9003=VECTOR('',#9002,8.5);
#9004=LINE('',#9001,#9003);
#9005=EDGE_CURVE('',#9000,#564,#9004,.T.);
#9006=ORIENTED_EDGE('',*,*,#9005,.F.);
#9007=CARTESIAN_POINT('',(-14.5,7.,52.7));
#9008=DIRECTION('',(0.,-1.,0.));
#9009=VECTOR('',#9008,11.);
#9010=LINE('',#9007,#9009);
#9011=EDGE_CURVE('',#9000,#8970,#9010,.T.);
#9012=ORIENTED_EDGE('',*,*,#9011,.T.);
#9013=ORIENTED_EDGE('',*,*,#8975,.T.);
#9014=ORIENTED_EDGE('',*,*,#631,.F.);
#9015=ORIENTED_EDGE('',*,*,#577,.F.);
#9016=EDGE_LOOP('',(#9006,#9012,#9013,#9014,#9015));
#9017=FACE_BOUND('',#9016,.T.);
#9018=ADVANCED_FACE('',(#9017),#8998,.T.);
#9019=CARTESIAN_POINT('',(-14.5,7.,51.3));
#9020=DIRECTION('',(0.,-1.,0.));
#9021=DIRECTION('',(0.,0.,1.));
#9022=AXIS2_PLACEMENT_3D('',#9019,#9020,#9021);
#9023=PLANE('',#9022);
#9024=CARTESIAN_POINT('',(-14.5,7.,50.3));
#9025=VERTEX_POINT('',#9024);
#9026=CARTESIAN_POINT('',(-14.5,7.,50.3));
#9027=DIRECTION('',(-1.,0.,0.));
#9028=VECTOR('',#9027,8.5);
#9029=LINE('',#9026,#9028);
#9030=EDGE_CURVE('',#9025,#562,#9029,.T.);
#9031=ORIENTED_EDGE('',*,*,#9030,.F.);
#9032=CARTESIAN_POINT('',(-14.5,7.,50.3));
#9033=DIRECTION('',(0.,0.,1.));
#9034=VECTOR('',#9033,2.4);
#9035=LINE('',#9032,#9034);
#9036=EDGE_CURVE('',#9025,#9000,#9035,.T.);
#9037=ORIENTED_EDGE('',*,*,#9036,.T.);
#9038=ORIENTED_EDGE('',*,*,#9005,.T.);
#9039=ORIENTED_EDGE('',*,*,#569,.F.);
#9040=EDGE_LOOP('',(#9031,#9037,#9038,#9039));
#9041=FACE_BOUND('',#9040,.T.);
#9042=ADVANCED_FACE('',(#9041),#9023,.T.);
#9043=CARTESIAN_POINT('',(-14.5,1.5,50.3));
#9044=DIRECTION('',(0.,0.,1.));
#9045=DIRECTION('',(1.,0.,-0.));
#9046=AXIS2_PLACEMENT_3D('',#9043,#9044,#9045);
#9047=PLANE('',#9046);
#9048=ORIENTED_EDGE('',*,*,#667,.F.);
#9049=ORIENTED_EDGE('',*,*,#8989,.F.);
#9050=CARTESIAN_POINT('',(-14.5,-4.,50.3));
#9051=DIRECTION('',(0.,1.,0.));
#9052=VECTOR('',#9051,11.);
#9053=LINE('',#9050,#9052);
#9054=EDGE_CURVE('',#8978,#9025,#9053,.T.);
#9055=ORIENTED_EDGE('',*,*,#9054,.T.);
#9056=ORIENTED_EDGE('',*,*,#9030,.T.);
#9057=ORIENTED_EDGE('',*,*,#614,.F.);
#9058=EDGE_LOOP('',(#9048,#9049,#9055,#9056,#9057));
#9059=FACE_BOUND('',#9058,.T.);
#9060=ADVANCED_FACE('',(#9059),#9047,.T.);
#9061=CARTESIAN_POINT('',(-14.5,0.,49.8));
#9062=DIRECTION('',(-1.,0.,0.));
#9063=DIRECTION('',(0.,-1.,0.));
#9064=AXIS2_PLACEMENT_3D('',#9061,#9062,#9063);
#9065=PLANE('',#9064);
#9066=ORIENTED_EDGE('',*,*,#8983,.F.);
#9067=ORIENTED_EDGE('',*,*,#9011,.F.);
#9068=ORIENTED_EDGE('',*,*,#9036,.F.);
#9069=ORIENTED_EDGE('',*,*,#9054,.F.);
#9070=EDGE_LOOP('',(#9066,#9067,#9068,#9069));
#9071=FACE_BOUND('',#9070,.T.);
#9072=ADVANCED_FACE('',(#9071),#9065,.T.);
#9073=CARTESIAN_POINT('',(-1.15,-1.2,50.8));
#9074=DIRECTION('',(0.,-1.,0.));
#9075=DIRECTION('',(0.,0.,1.));
#9076=AXIS2_PLACEMENT_3D('',#9073,#9074,#9075);
#9077=PLANE('',#9076);
#9078=ORIENTED_EDGE('',*,*,#474,.T.);
#9079=CARTESIAN_POINT('',(-1.25,-1.2,50.8));
#9080=VERTEX_POINT('',#9079);
#9081=CARTESIAN_POINT('',(-1.25,-1.2,50.8));
#9082=DIRECTION('',(-0.,0.,-1.));
#9083=VECTOR('',#9082,1.);
#9084=LINE('',#9081,#9083);
#9085=EDGE_CURVE('',#9080,#469,#9084,.T.);
#9086=ORIENTED_EDGE('',*,*,#9085,.F.);
#9087=CARTESIAN_POINT('',(-1.05,-1.2,50.8));
#9088=VERTEX_POINT('',#9087);
#9089=CARTESIAN_POINT('',(-1.05,-1.2,50.8));
#9090=DIRECTION('',(-1.,0.,0.));
#9091=VECTOR('',#9090,0.2);
#9092=LINE('',#9089,#9091);
#9093=EDGE_CURVE('',#9088,#9080,#9092,.T.);
#9094=ORIENTED_EDGE('',*,*,#9093,.F.);
#9095=CARTESIAN_POINT('',(-1.05,-1.2,50.8));
#9096=DIRECTION('',(-0.,0.,-1.));
#9097=VECTOR('',#9096,1.);
#9098=LINE('',#9095,#9097);
#9099=EDGE_CURVE('',#9088,#467,#9098,.T.);
#9100=ORIENTED_EDGE('',*,*,#9099,.T.);
#9101=EDGE_LOOP('',(#9078,#9086,#9094,#9100));
#9102=FACE_BOUND('',#9101,.T.);
#9103=ADVANCED_FACE('',(#9102),#9077,.F.);
#9104=CARTESIAN_POINT('',(-1.25,-6.,50.8));
#9105=DIRECTION('',(1.,0.,-0.));
#9106=DIRECTION('',(-0.,0.,-1.));
#9107=AXIS2_PLACEMENT_3D('',#9104,#9105,#9106);
#9108=PLANE('',#9107);
#9109=ORIENTED_EDGE('',*,*,#551,.T.);
#9110=CARTESIAN_POINT('',(-1.25,-10.8,50.8));
#9111=VERTEX_POINT('',#9110);
#9112=CARTESIAN_POINT('',(-1.25,-10.8,50.8));
#9113=DIRECTION('',(-0.,0.,-1.));
#9114=VECTOR('',#9113,1.);
#9115=LINE('',#9112,#9114);
#9116=EDGE_CURVE('',#9111,#540,#9115,.T.);
#9117=ORIENTED_EDGE('',*,*,#9116,.F.);
#9118=CARTESIAN_POINT('',(-1.25,-1.2,50.8));
#9119=DIRECTION('',(0.,-1.,0.));
#9120=VECTOR('',#9119,9.6);
#9121=LINE('',#9118,#9120);
#9122=EDGE_CURVE('',#9080,#9111,#9121,.T.);
#9123=ORIENTED_EDGE('',*,*,#9122,.F.);
#9124=ORIENTED_EDGE('',*,*,#9085,.T.);
#9125=EDGE_LOOP('',(#9109,#9117,#9123,#9124));
#9126=FACE_BOUND('',#9125,.T.);
#9127=ADVANCED_FACE('',(#9126),#9108,.F.);
#9128=CARTESIAN_POINT('',(-1.15,-10.8,50.8));
#9129=DIRECTION('',(0.,1.,0.));
#9130=DIRECTION('',(-0.,0.,-1.));
#9131=AXIS2_PLACEMENT_3D('',#9128,#9129,#9130);
#9132=PLANE('',#9131);
#9133=ORIENTED_EDGE('',*,*,#545,.T.);
#9134=CARTESIAN_POINT('',(-1.05,-10.8,50.8));
#9135=VERTEX_POINT('',#9134);
#9136=CARTESIAN_POINT('',(-1.05,-10.8,50.8));
#9137=DIRECTION('',(-0.,0.,-1.));
#9138=VECTOR('',#9137,1.);
#9139=LINE('',#9136,#9138);
#9140=EDGE_CURVE('',#9135,#532,#9139,.T.);
#9141=ORIENTED_EDGE('',*,*,#9140,.F.);
#9142=CARTESIAN_POINT('',(-1.25,-10.8,50.8));
#9143=DIRECTION('',(1.,0.,-0.));
#9144=VECTOR('',#9143,0.2);
#9145=LINE('',#9142,#9144);
#9146=EDGE_CURVE('',#9111,#9135,#9145,.T.);
#9147=ORIENTED_EDGE('',*,*,#9146,.F.);
#9148=ORIENTED_EDGE('',*,*,#9116,.T.);
#9149=EDGE_LOOP('',(#9133,#9141,#9147,#9148));
#9150=FACE_BOUND('',#9149,.T.);
#9151=ADVANCED_FACE('',(#9150),#9132,.F.);
#9152=CARTESIAN_POINT('',(-1.05,-10.9,50.8));
#9153=DIRECTION('',(1.,0.,-0.));
#9154=DIRECTION('',(-0.,0.,-1.));
#9155=AXIS2_PLACEMENT_3D('',#9152,#9153,#9154);
#9156=PLANE('',#9155);
#9157=ORIENTED_EDGE('',*,*,#537,.T.);
#9158=CARTESIAN_POINT('',(-1.05,-11.,50.8));
#9159=VERTEX_POINT('',#9158);
#9160=CARTESIAN_POINT('',(-1.05,-11.,50.8));
#9161=DIRECTION('',(-0.,0.,-1.));
#9162=VECTOR('',#9161,1.);
#9163=LINE('',#9160,#9162);
#9164=EDGE_CURVE('',#9159,#524,#9163,.T.);
#9165=ORIENTED_EDGE('',*,*,#9164,.F.);
#9166=CARTESIAN_POINT('',(-1.05,-10.8,50.8));
#9167=DIRECTION('',(0.,-1.,0.));
#9168=VECTOR('',#9167,0.2);
#9169=LINE('',#9166,#9168);
#9170=EDGE_CURVE('',#9135,#9159,#9169,.T.);
#9171=ORIENTED_EDGE('',*,*,#9170,.F.);
#9172=ORIENTED_EDGE('',*,*,#9140,.T.);
#9173=EDGE_LOOP('',(#9157,#9165,#9171,#9172));
#9174=FACE_BOUND('',#9173,.T.);
#9175=ADVANCED_FACE('',(#9174),#9156,.F.);
#9176=CARTESIAN_POINT('',(-0.65,-11.,50.8));
#9177=DIRECTION('',(0.,1.,0.));
#9178=DIRECTION('',(-0.,0.,-1.));
#9179=AXIS2_PLACEMENT_3D('',#9176,#9177,#9178);
#9180=PLANE('',#9179);
#9181=ORIENTED_EDGE('',*,*,#529,.T.);
#9182=CARTESIAN_POINT('',(-0.25,-11.,50.8));
#9183=VERTEX_POINT('',#9182);
#9184=CARTESIAN_POINT('',(-0.25,-11.,50.8));
#9185=DIRECTION('',(-0.,0.,-1.));
#9186=VECTOR('',#9185,1.);
#9187=LINE('',#9184,#9186);
#9188=EDGE_CURVE('',#9183,#516,#9187,.T.);
#9189=ORIENTED_EDGE('',*,*,#9188,.F.);
#9190=CARTESIAN_POINT('',(-1.05,-11.,50.8));
#9191=DIRECTION('',(1.,0.,-0.));
#9192=VECTOR('',#9191,0.8);
#9193=LINE('',#9190,#9192);
#9194=EDGE_CURVE('',#9159,#9183,#9193,.T.);
#9195=ORIENTED_EDGE('',*,*,#9194,.F.);
#9196=ORIENTED_EDGE('',*,*,#9164,.T.);
#9197=EDGE_LOOP('',(#9181,#9189,#9195,#9196));
#9198=FACE_BOUND('',#9197,.T.);
#9199=ADVANCED_FACE('',(#9198),#9180,.F.);
#9200=CARTESIAN_POINT('',(-0.25,-10.8,50.8));
#9201=DIRECTION('',(-1.,0.,0.));
#9202=DIRECTION('',(0.,0.,1.));
#9203=AXIS2_PLACEMENT_3D('',#9200,#9201,#9202);
#9204=PLANE('',#9203);
#9205=ORIENTED_EDGE('',*,*,#521,.T.);
#9206=CARTESIAN_POINT('',(-0.25,-10.6,50.8));
#9207=VERTEX_POINT('',#9206);
#9208=CARTESIAN_POINT('',(-0.25,-10.6,50.8));
#9209=DIRECTION('',(-0.,0.,-1.));
#9210=VECTOR('',#9209,1.);
#9211=LINE('',#9208,#9210);
#9212=EDGE_CURVE('',#9207,#508,#9211,.T.);
#9213=ORIENTED_EDGE('',*,*,#9212,.F.);
#9214=CARTESIAN_POINT('',(-0.25,-11.,50.8));
#9215=DIRECTION('',(0.,1.,0.));
#9216=VECTOR('',#9215,0.4);
#9217=LINE('',#9214,#9216);
#9218=EDGE_CURVE('',#9183,#9207,#9217,.T.);
#9219=ORIENTED_EDGE('',*,*,#9218,.F.);
#9220=ORIENTED_EDGE('',*,*,#9188,.T.);
#9221=EDGE_LOOP('',(#9205,#9213,#9219,#9220));
#9222=FACE_BOUND('',#9221,.T.);
#9223=ADVANCED_FACE('',(#9222),#9204,.F.);
#9224=CARTESIAN_POINT('',(0.25,-10.6,50.8));
#9225=DIRECTION('',(0.,1.,0.));
#9226=DIRECTION('',(-0.,0.,-1.));
#9227=AXIS2_PLACEMENT_3D('',#9224,#9225,#9226);
#9228=PLANE('',#9227);
#9229=ORIENTED_EDGE('',*,*,#513,.T.);
#9230=ORIENTED_EDGE('',*,*,#62,.F.);
#9231=CARTESIAN_POINT('',(-0.25,-10.6,50.8));
#9232=DIRECTION('',(1.,0.,-0.));
#9233=VECTOR('',#9232,1.);
#9234=LINE('',#9231,#9233);
#9235=EDGE_CURVE('',#9207,#51,#9234,.T.);
#9236=ORIENTED_EDGE('',*,*,#9235,.F.);
#9237=ORIENTED_EDGE('',*,*,#9212,.T.);
#9238=EDGE_LOOP('',(#9229,#9230,#9236,#9237));
#9239=FACE_BOUND('',#9238,.T.);
#9240=ADVANCED_FACE('',(#9239),#9228,.F.);
#9241=CARTESIAN_POINT('',(0.25,-1.4,50.8));
#9242=DIRECTION('',(0.,1.,0.));
#9243=DIRECTION('',(-0.,0.,-1.));
#9244=AXIS2_PLACEMENT_3D('',#9241,#9242,#9243);
#9245=PLANE('',#9244);
#9246=ORIENTED_EDGE('',*,*,#504,.F.);
#9247=CARTESIAN_POINT('',(-0.25,-1.4,50.8));
#9248=VERTEX_POINT('',#9247);
#9249=CARTESIAN_POINT('',(-0.25,-1.4,50.8));
#9250=DIRECTION('',(-0.,0.,-1.));
#9251=VECTOR('',#9250,1.);
#9252=LINE('',#9249,#9251);
#9253=EDGE_CURVE('',#9248,#493,#9252,.T.);
#9254=ORIENTED_EDGE('',*,*,#9253,.F.);
#9255=CARTESIAN_POINT('',(-0.25,-1.4,50.8));
#9256=DIRECTION('',(1.,0.,-0.));
#9257=VECTOR('',#9256,1.);
#9258=LINE('',#9255,#9257);
#9259=EDGE_CURVE('',#9248,#43,#9258,.T.);
#9260=ORIENTED_EDGE('',*,*,#9259,.T.);
#9261=ORIENTED_EDGE('',*,*,#48,.T.);
#9262=EDGE_LOOP('',(#9246,#9254,#9260,#9261));
#9263=FACE_BOUND('',#9262,.T.);
#9264=ADVANCED_FACE('',(#9263),#9245,.T.);
#9265=CARTESIAN_POINT('',(-0.25,-1.2,50.8));
#9266=DIRECTION('',(1.,0.,-0.));
#9267=DIRECTION('',(-0.,0.,-1.));
#9268=AXIS2_PLACEMENT_3D('',#9265,#9266,#9267);
#9269=PLANE('',#9268);
#9270=ORIENTED_EDGE('',*,*,#498,.F.);
#9271=CARTESIAN_POINT('',(-0.25,-1.,50.8));
#9272=VERTEX_POINT('',#9271);
#9273=CARTESIAN_POINT('',(-0.25,-1.,50.8));
#9274=DIRECTION('',(-0.,0.,-1.));
#9275=VECTOR('',#9274,1.);
#9276=LINE('',#9273,#9275);
#9277=EDGE_CURVE('',#9272,#485,#9276,.T.);
#9278=ORIENTED_EDGE('',*,*,#9277,.F.);
#9279=CARTESIAN_POINT('',(-0.25,-1.,50.8));
#9280=DIRECTION('',(0.,-1.,0.));
#9281=VECTOR('',#9280,0.4);
#9282=LINE('',#9279,#9281);
#9283=EDGE_CURVE('',#9272,#9248,#9282,.T.);
#9284=ORIENTED_EDGE('',*,*,#9283,.T.);
#9285=ORIENTED_EDGE('',*,*,#9253,.T.);
#9286=EDGE_LOOP('',(#9270,#9278,#9284,#9285));
#9287=FACE_BOUND('',#9286,.T.);
#9288=ADVANCED_FACE('',(#9287),#9269,.T.);
#9289=CARTESIAN_POINT('',(-0.65,-1.,50.8));
#9290=DIRECTION('',(0.,-1.,0.));
#9291=DIRECTION('',(0.,0.,1.));
#9292=AXIS2_PLACEMENT_3D('',#9289,#9290,#9291);
#9293=PLANE('',#9292);
#9294=ORIENTED_EDGE('',*,*,#490,.T.);
#9295=CARTESIAN_POINT('',(-1.05,-1.,50.8));
#9296=VERTEX_POINT('',#9295);
#9297=CARTESIAN_POINT('',(-1.05,-1.,50.8));
#9298=DIRECTION('',(-0.,0.,-1.));
#9299=VECTOR('',#9298,1.);
#9300=LINE('',#9297,#9299);
#9301=EDGE_CURVE('',#9296,#477,#9300,.T.);
#9302=ORIENTED_EDGE('',*,*,#9301,.F.);
#9303=CARTESIAN_POINT('',(-0.25,-1.,50.8));
#9304=DIRECTION('',(-1.,0.,0.));
#9305=VECTOR('',#9304,0.8);
#9306=LINE('',#9303,#9305);
#9307=EDGE_CURVE('',#9272,#9296,#9306,.T.);
#9308=ORIENTED_EDGE('',*,*,#9307,.F.);
#9309=ORIENTED_EDGE('',*,*,#9277,.T.);
#9310=EDGE_LOOP('',(#9294,#9302,#9308,#9309));
#9311=FACE_BOUND('',#9310,.T.);
#9312=ADVANCED_FACE('',(#9311),#9293,.F.);
#9313=CARTESIAN_POINT('',(-1.05,-10.9,50.8));
#9314=DIRECTION('',(1.,0.,-0.));
#9315=DIRECTION('',(-0.,0.,-1.));
#9316=AXIS2_PLACEMENT_3D('',#9313,#9314,#9315);
#9317=PLANE('',#9316);
#9318=ORIENTED_EDGE('',*,*,#482,.T.);
#9319=ORIENTED_EDGE('',*,*,#9099,.F.);
#9320=CARTESIAN_POINT('',(-1.05,-1.,50.8));
#9321=DIRECTION('',(0.,-1.,0.));
#9322=VECTOR('',#9321,0.2);
#9323=LINE('',#9320,#9322);
#9324=EDGE_CURVE('',#9296,#9088,#9323,.T.);
#9325=ORIENTED_EDGE('',*,*,#9324,.F.);
#9326=ORIENTED_EDGE('',*,*,#9301,.T.);
#9327=EDGE_LOOP('',(#9318,#9319,#9325,#9326));
#9328=FACE_BOUND('',#9327,.T.);
#9329=ADVANCED_FACE('',(#9328),#9317,.F.);
#9330=CARTESIAN_POINT('',(-1.25,0.,50.8));
#9331=DIRECTION('',(0.,0.,1.));
#9332=DIRECTION('',(0.,-1.,0.));
#9333=AXIS2_PLACEMENT_3D('',#9330,#9331,#9332);
#9334=PLANE('',#9333);
#9335=ORIENTED_EDGE('',*,*,#9093,.T.);
#9336=ORIENTED_EDGE('',*,*,#9122,.T.);
#9337=ORIENTED_EDGE('',*,*,#9146,.T.);
#9338=ORIENTED_EDGE('',*,*,#9170,.T.);
#9339=ORIENTED_EDGE('',*,*,#9194,.T.);
#9340=ORIENTED_EDGE('',*,*,#9218,.T.);
#9341=ORIENTED_EDGE('',*,*,#9235,.T.);
#9342=ORIENTED_EDGE('',*,*,#56,.T.);
#9343=ORIENTED_EDGE('',*,*,#9259,.F.);
#9344=ORIENTED_EDGE('',*,*,#9283,.F.);
#9345=ORIENTED_EDGE('',*,*,#9307,.T.);
#9346=ORIENTED_EDGE('',*,*,#9324,.T.);
#9347=EDGE_LOOP('',(#9335,#9336,#9337,#9338,#9339,#9340,#9341,#9342,#9343,#9344,#9345,#9346));
#9348=FACE_BOUND('',#9347,.T.);
#9349=ADVANCED_FACE('',(#9348),#9334,.T.);
#9350=CARTESIAN_POINT('',(-4.75,8.,52.8));
#9351=DIRECTION('',(0.,-1.,0.));
#9352=DIRECTION('',(0.,0.,1.));
#9353=AXIS2_PLACEMENT_3D('',#9350,#9351,#9352);
#9354=PLANE('',#9353);
#9355=CARTESIAN_POINT('',(-5.35,8.,51.3));
#9356=VERTEX_POINT('',#9355);
#9357=CARTESIAN_POINT('',(-5.35,8.,51.3));
#9358=DIRECTION('',(-0.,0.,-1.));
#9359=VECTOR('',#9358,1.5);
#9360=LINE('',#9357,#9359);
#9361=EDGE_CURVE('',#9356,#133,#9360,.T.);
#9362=ORIENTED_EDGE('',*,*,#9361,.F.);
#9363=CARTESIAN_POINT('',(-5.15,8.,51.3));
#9364=VERTEX_POINT('',#9363);
#9365=CARTESIAN_POINT('',(-5.15,8.,51.3));
#9366=DIRECTION('',(-1.,0.,0.));
#9367=VECTOR('',#9366,0.2);
#9368=LINE('',#9365,#9367);
#9369=EDGE_CURVE('',#9364,#9356,#9368,.T.);
#9370=ORIENTED_EDGE('',*,*,#9369,.F.);
#9371=CARTESIAN_POINT('',(-5.15,8.,51.3));
#9372=DIRECTION('',(-0.,0.,-1.));
#9373=VECTOR('',#9372,1.5);
#9374=LINE('',#9371,#9373);
#9375=EDGE_CURVE('',#9364,#109,#9374,.T.);
#9376=ORIENTED_EDGE('',*,*,#9375,.T.);
#9377=ORIENTED_EDGE('',*,*,#114,.F.);
#9378=CARTESIAN_POINT('',(-4.35,8.,51.3));
#9379=VERTEX_POINT('',#9378);
#9380=CARTESIAN_POINT('',(-4.35,8.,51.3));
#9381=DIRECTION('',(-0.,0.,-1.));
#9382=VECTOR('',#9381,1.5);
#9383=LINE('',#9380,#9382);
#9384=EDGE_CURVE('',#9379,#107,#9383,.T.);
#9385=ORIENTED_EDGE('',*,*,#9384,.F.);
#9386=CARTESIAN_POINT('',(-4.15,8.,51.3));
#9387=VERTEX_POINT('',#9386);
#9388=CARTESIAN_POINT('',(-4.15,8.,51.3));
#9389=DIRECTION('',(-1.,0.,0.));
#9390=VECTOR('',#9389,0.2);
#9391=LINE('',#9388,#9390);
#9392=EDGE_CURVE('',#9387,#9379,#9391,.T.);
#9393=ORIENTED_EDGE('',*,*,#9392,.F.);
#9394=CARTESIAN_POINT('',(-4.15,8.,51.3));
#9395=DIRECTION('',(-0.,0.,-1.));
#9396=VECTOR('',#9395,1.5);
#9397=LINE('',#9394,#9396);
#9398=EDGE_CURVE('',#9387,#365,#9397,.T.);
#9399=ORIENTED_EDGE('',*,*,#9398,.T.);
#9400=ORIENTED_EDGE('',*,*,#370,.F.);
#9401=CARTESIAN_POINT('',(-3.35,8.,51.3));
#9402=VERTEX_POINT('',#9401);
#9403=CARTESIAN_POINT('',(-3.35,8.,51.3));
#9404=DIRECTION('',(-0.,0.,-1.));
#9405=VECTOR('',#9404,1.5);
#9406=LINE('',#9403,#9405);
#9407=EDGE_CURVE('',#9402,#357,#9406,.T.);
#9408=ORIENTED_EDGE('',*,*,#9407,.F.);
#9409=CARTESIAN_POINT('',(-3.15,8.,51.3));
#9410=VERTEX_POINT('',#9409);
#9411=CARTESIAN_POINT('',(-3.15,8.,51.3));
#9412=DIRECTION('',(-1.,0.,0.));
#9413=VECTOR('',#9412,0.2);
#9414=LINE('',#9411,#9413);
#9415=EDGE_CURVE('',#9410,#9402,#9414,.T.);
#9416=ORIENTED_EDGE('',*,*,#9415,.F.);
#9417=CARTESIAN_POINT('',(-3.15,8.,51.3));
#9418=DIRECTION('',(-0.,0.,-1.));
#9419=VECTOR('',#9418,1.5);
#9420=LINE('',#9417,#9419);
#9421=EDGE_CURVE('',#9410,#333,#9420,.T.);
#9422=ORIENTED_EDGE('',*,*,#9421,.T.);
#9423=ORIENTED_EDGE('',*,*,#338,.F.);
#9424=CARTESIAN_POINT('',(-2.25,8.,52.8));
#9425=VERTEX_POINT('',#9424);
#9426=CARTESIAN_POINT('',(-2.25,8.,52.8));
#9427=DIRECTION('',(-0.,0.,-1.));
#9428=VECTOR('',#9427,3.);
#9429=LINE('',#9426,#9428);
#9430=EDGE_CURVE('',#9425,#325,#9429,.T.);
#9431=ORIENTED_EDGE('',*,*,#9430,.F.);
#9432=CARTESIAN_POINT('',(-7.25,8.,52.8));
#9433=VERTEX_POINT('',#9432);
#9434=CARTESIAN_POINT('',(-2.25,8.,52.8));
#9435=DIRECTION('',(-1.,0.,0.));
#9436=VECTOR('',#9435,5.);
#9437=LINE('',#9434,#9436);
#9438=EDGE_CURVE('',#9425,#9433,#9437,.T.);
#9439=ORIENTED_EDGE('',*,*,#9438,.T.);
#9440=CARTESIAN_POINT('',(-7.25,8.,52.8));
#9441=DIRECTION('',(-0.,0.,-1.));
#9442=VECTOR('',#9441,3.);
#9443=LINE('',#9440,#9442);
#9444=EDGE_CURVE('',#9433,#173,#9443,.T.);
#9445=ORIENTED_EDGE('',*,*,#9444,.T.);
#9446=ORIENTED_EDGE('',*,*,#178,.F.);
#9447=CARTESIAN_POINT('',(-6.35,8.,51.3));
#9448=VERTEX_POINT('',#9447);
#9449=CARTESIAN_POINT('',(-6.35,8.,51.3));
#9450=DIRECTION('',(-0.,0.,-1.));
#9451=VECTOR('',#9450,1.5);
#9452=LINE('',#9449,#9451);
#9453=EDGE_CURVE('',#9448,#165,#9452,.T.);
#9454=ORIENTED_EDGE('',*,*,#9453,.F.);
#9455=CARTESIAN_POINT('',(-6.15,8.,51.3));
#9456=VERTEX_POINT('',#9455);
#9457=CARTESIAN_POINT('',(-6.15,8.,51.3));
#9458=DIRECTION('',(-1.,0.,0.));
#9459=VECTOR('',#9458,0.2);
#9460=LINE('',#9457,#9459);
#9461=EDGE_CURVE('',#9456,#9448,#9460,.T.);
#9462=ORIENTED_EDGE('',*,*,#9461,.F.);
#9463=CARTESIAN_POINT('',(-6.15,8.,51.3));
#9464=DIRECTION('',(-0.,0.,-1.));
#9465=VECTOR('',#9464,1.5);
#9466=LINE('',#9463,#9465);
#9467=EDGE_CURVE('',#9456,#141,#9466,.T.);
#9468=ORIENTED_EDGE('',*,*,#9467,.T.);
#9469=ORIENTED_EDGE('',*,*,#146,.F.);
#9470=EDGE_LOOP('',(#9362,#9370,#9376,#9377,#9385,#9393,#9399,#9400,#9408,#9416,#9422,#9423,#9431,#9439,#9445,#9446,#9454,#9462,#9468,#9469));
#9471=FACE_BOUND('',#9470,.T.);
#9472=ADVANCED_FACE('',(#9471),#9354,.T.);
#9473=CARTESIAN_POINT('',(-2.25,10.5,52.8));
#9474=DIRECTION('',(1.,0.,-0.));
#9475=DIRECTION('',(-0.,0.,-1.));
#9476=AXIS2_PLACEMENT_3D('',#9473,#9474,#9475);
#9477=PLANE('',#9476);
#9478=ORIENTED_EDGE('',*,*,#330,.F.);
#9479=CARTESIAN_POINT('',(-2.25,13.,52.8));
#9480=VERTEX_POINT('',#9479);
#9481=CARTESIAN_POINT('',(-2.25,13.,52.8));
#9482=DIRECTION('',(-0.,0.,-1.));
#9483=VECTOR('',#9482,3.);
#9484=LINE('',#9481,#9483);
#9485=EDGE_CURVE('',#9480,#317,#9484,.T.);
#9486=ORIENTED_EDGE('',*,*,#9485,.F.);
#9487=CARTESIAN_POINT('',(-2.25,13.,52.8));
#9488=DIRECTION('',(0.,-1.,0.));
#9489=VECTOR('',#9488,5.);
#9490=LINE('',#9487,#9489);
#9491=EDGE_CURVE('',#9480,#9425,#9490,.T.);
#9492=ORIENTED_EDGE('',*,*,#9491,.T.);
#9493=ORIENTED_EDGE('',*,*,#9430,.T.);
#9494=EDGE_LOOP('',(#9478,#9486,#9492,#9493));
#9495=FACE_BOUND('',#9494,.T.);
#9496=ADVANCED_FACE('',(#9495),#9477,.T.);
#9497=CARTESIAN_POINT('',(-4.75,13.,52.8));
#9498=DIRECTION('',(0.,1.,0.));
#9499=DIRECTION('',(-0.,0.,-1.));
#9500=AXIS2_PLACEMENT_3D('',#9497,#9498,#9499);
#9501=PLANE('',#9500);
#9502=CARTESIAN_POINT('',(-3.15,13.,51.3));
#9503=VERTEX_POINT('',#9502);
#9504=CARTESIAN_POINT('',(-3.15,13.,51.3));
#9505=DIRECTION('',(-0.,0.,-1.));
#9506=VECTOR('',#9505,1.5);
#9507=LINE('',#9504,#9506);
#9508=EDGE_CURVE('',#9503,#309,#9507,.T.);
#9509=ORIENTED_EDGE('',*,*,#9508,.F.);
#9510=CARTESIAN_POINT('',(-3.35,13.,51.3));
#9511=VERTEX_POINT('',#9510);
#9512=CARTESIAN_POINT('',(-3.35,13.,51.3));
#9513=DIRECTION('',(1.,0.,-0.));
#9514=VECTOR('',#9513,0.2);
#9515=LINE('',#9512,#9514);
#9516=EDGE_CURVE('',#9511,#9503,#9515,.T.);
#9517=ORIENTED_EDGE('',*,*,#9516,.F.);
#9518=CARTESIAN_POINT('',(-3.35,13.,51.3));
#9519=DIRECTION('',(-0.,0.,-1.));
#9520=VECTOR('',#9519,1.5);
#9521=LINE('',#9518,#9520);
#9522=EDGE_CURVE('',#9511,#285,#9521,.T.);
#9523=ORIENTED_EDGE('',*,*,#9522,.T.);
#9524=ORIENTED_EDGE('',*,*,#290,.F.);
#9525=CARTESIAN_POINT('',(-4.15,13.,51.3));
#9526=VERTEX_POINT('',#9525);
#9527=CARTESIAN_POINT('',(-4.15,13.,51.3));
#9528=DIRECTION('',(-0.,0.,-1.));
#9529=VECTOR('',#9528,1.5);
#9530=LINE('',#9527,#9529);
#9531=EDGE_CURVE('',#9526,#277,#9530,.T.);
#9532=ORIENTED_EDGE('',*,*,#9531,.F.);
#9533=CARTESIAN_POINT('',(-4.35,13.,51.3));
#9534=VERTEX_POINT('',#9533);
#9535=CARTESIAN_POINT('',(-4.35,13.,51.3));
#9536=DIRECTION('',(1.,0.,-0.));
#9537=VECTOR('',#9536,0.2);
#9538=LINE('',#9535,#9537);
#9539=EDGE_CURVE('',#9534,#9526,#9538,.T.);
#9540=ORIENTED_EDGE('',*,*,#9539,.F.);
#9541=CARTESIAN_POINT('',(-4.35,13.,51.3));
#9542=DIRECTION('',(-0.,0.,-1.));
#9543=VECTOR('',#9542,1.5);
#9544=LINE('',#9541,#9543);
#9545=EDGE_CURVE('',#9534,#253,#9544,.T.);
#9546=ORIENTED_EDGE('',*,*,#9545,.T.);
#9547=ORIENTED_EDGE('',*,*,#258,.F.);
#9548=CARTESIAN_POINT('',(-5.15,13.,51.3));
#9549=VERTEX_POINT('',#9548);
#9550=CARTESIAN_POINT('',(-5.15,13.,51.3));
#9551=DIRECTION('',(-0.,0.,-1.));
#9552=VECTOR('',#9551,1.5);
#9553=LINE('',#9550,#9552);
#9554=EDGE_CURVE('',#9549,#245,#9553,.T.);
#9555=ORIENTED_EDGE('',*,*,#9554,.F.);
#9556=CARTESIAN_POINT('',(-5.35,13.,51.3));
#9557=VERTEX_POINT('',#9556);
#9558=CARTESIAN_POINT('',(-5.35,13.,51.3));
#9559=DIRECTION('',(1.,0.,-0.));
#9560=VECTOR('',#9559,0.2);
#9561=LINE('',#9558,#9560);
#9562=EDGE_CURVE('',#9557,#9549,#9561,.T.);
#9563=ORIENTED_EDGE('',*,*,#9562,.F.);
#9564=CARTESIAN_POINT('',(-5.35,13.,51.3));
#9565=DIRECTION('',(-0.,0.,-1.));
#9566=VECTOR('',#9565,1.5);
#9567=LINE('',#9564,#9566);
#9568=EDGE_CURVE('',#9557,#221,#9567,.T.);
#9569=ORIENTED_EDGE('',*,*,#9568,.T.);
#9570=ORIENTED_EDGE('',*,*,#226,.F.);
#9571=CARTESIAN_POINT('',(-6.15,13.,51.3));
#9572=VERTEX_POINT('',#9571);
#9573=CARTESIAN_POINT('',(-6.15,13.,51.3));
#9574=DIRECTION('',(-0.,0.,-1.));
#9575=VECTOR('',#9574,1.5);
#9576=LINE('',#9573,#9575);
#9577=EDGE_CURVE('',#9572,#213,#9576,.T.);
#9578=ORIENTED_EDGE('',*,*,#9577,.F.);
#9579=CARTESIAN_POINT('',(-6.35,13.,51.3));
#9580=VERTEX_POINT('',#9579);
#9581=CARTESIAN_POINT('',(-6.35,13.,51.3));
#9582=DIRECTION('',(1.,0.,-0.));
#9583=VECTOR('',#9582,0.2);
#9584=LINE('',#9581,#9583);
#9585=EDGE_CURVE('',#9580,#9572,#9584,.T.);
#9586=ORIENTED_EDGE('',*,*,#9585,.F.);
#9587=CARTESIAN_POINT('',(-6.35,13.,51.3));
#9588=DIRECTION('',(-0.,0.,-1.));
#9589=VECTOR('',#9588,1.5);
#9590=LINE('',#9587,#9589);
#9591=EDGE_CURVE('',#9580,#189,#9590,.T.);
#9592=ORIENTED_EDGE('',*,*,#9591,.T.);
#9593=ORIENTED_EDGE('',*,*,#194,.F.);
#9594=CARTESIAN_POINT('',(-7.25,13.,52.8));
#9595=VERTEX_POINT('',#9594);
#9596=CARTESIAN_POINT('',(-7.25,13.,52.8));
#9597=DIRECTION('',(-0.,0.,-1.));
#9598=VECTOR('',#9597,3.);
#9599=LINE('',#9596,#9598);
#9600=EDGE_CURVE('',#9595,#181,#9599,.T.);
#9601=ORIENTED_EDGE('',*,*,#9600,.F.);
#9602=CARTESIAN_POINT('',(-7.25,13.,52.8));
#9603=DIRECTION('',(1.,0.,-0.));
#9604=VECTOR('',#9603,5.);
#9605=LINE('',#9602,#9604);
#9606=EDGE_CURVE('',#9595,#9480,#9605,.T.);
#9607=ORIENTED_EDGE('',*,*,#9606,.T.);
#9608=ORIENTED_EDGE('',*,*,#9485,.T.);
#9609=ORIENTED_EDGE('',*,*,#322,.F.);
#9610=EDGE_LOOP('',(#9509,#9517,#9523,#9524,#9532,#9540,#9546,#9547,#9555,#9563,#9569,#9570,#9578,#9586,#9592,#9593,#9601,#9607,#9608,#9609));
#9611=FACE_BOUND('',#9610,.T.);
#9612=ADVANCED_FACE('',(#9611),#9501,.T.);
#9613=CARTESIAN_POINT('',(-7.25,10.5,52.8));
#9614=DIRECTION('',(-1.,0.,0.));
#9615=DIRECTION('',(0.,0.,1.));
#9616=AXIS2_PLACEMENT_3D('',#9613,#9614,#9615);
#9617=PLANE('',#9616);
#9618=ORIENTED_EDGE('',*,*,#186,.F.);
#9619=ORIENTED_EDGE('',*,*,#9444,.F.);
#9620=CARTESIAN_POINT('',(-7.25,8.,52.8));
#9621=DIRECTION('',(0.,1.,0.));
#9622=VECTOR('',#9621,5.);
#9623=LINE('',#9620,#9622);
#9624=EDGE_CURVE('',#9433,#9595,#9623,.T.);
#9625=ORIENTED_EDGE('',*,*,#9624,.T.);
#9626=ORIENTED_EDGE('',*,*,#9600,.T.);
#9627=EDGE_LOOP('',(#9618,#9619,#9625,#9626));
#9628=FACE_BOUND('',#9627,.T.);
#9629=ADVANCED_FACE('',(#9628),#9617,.T.);
#9630=CARTESIAN_POINT('',(-1.25,0.,52.8));
#9631=DIRECTION('',(0.,0.,1.));
#9632=DIRECTION('',(0.,-1.,0.));
#9633=AXIS2_PLACEMENT_3D('',#9630,#9631,#9632);
#9634=PLANE('',#9633);
#9635=ORIENTED_EDGE('',*,*,#9438,.F.);
#9636=ORIENTED_EDGE('',*,*,#9491,.F.);
#9637=ORIENTED_EDGE('',*,*,#9606,.F.);
#9638=ORIENTED_EDGE('',*,*,#9624,.F.);
#9639=EDGE_LOOP('',(#9635,#9636,#9637,#9638));
#9640=FACE_BOUND('',#9639,.T.);
#9641=ADVANCED_FACE('',(#9640),#9634,.T.);
#9642=CARTESIAN_POINT('',(-6.35,13.3,51.3));
#9643=DIRECTION('',(-1.,0.,0.));
#9644=DIRECTION('',(0.,0.,1.));
#9645=AXIS2_PLACEMENT_3D('',#9642,#9643,#9644);
#9646=PLANE('',#9645);
#9647=ORIENTED_EDGE('',*,*,#9591,.F.);
#9648=CARTESIAN_POINT('',(-6.35,13.6,50.7));
#9649=VERTEX_POINT('',#9648);
#9650=CARTESIAN_POINT('',(-6.35,13.,50.7));
#9651=DIRECTION('',(-1.,0.,0.));
#9652=DIRECTION('',(0.,0.,1.));
#9653=AXIS2_PLACEMENT_3D('',#9650,#9651,#9652);
#9654=CIRCLE('',#9653,0.6);
#9655=EDGE_CURVE('',#9580,#9649,#9654,.T.);
#9656=ORIENTED_EDGE('',*,*,#9655,.T.);
#9657=CARTESIAN_POINT('',(-6.35,13.6,50.7));
#9658=DIRECTION('',(-0.,0.,-1.));
#9659=VECTOR('',#9658,0.9);
#9660=LINE('',#9657,#9659);
#9661=EDGE_CURVE('',#9649,#197,#9660,.T.);
#9662=ORIENTED_EDGE('',*,*,#9661,.T.);
#9663=ORIENTED_EDGE('',*,*,#202,.F.);
#9664=EDGE_LOOP('',(#9647,#9656,#9662,#9663));
#9665=FACE_BOUND('',#9664,.T.);
#9666=ADVANCED_FACE('',(#9665),#9646,.T.);
#9667=CARTESIAN_POINT('',(-6.15,13.3,51.3));
#9668=DIRECTION('',(1.,0.,-0.));
#9669=DIRECTION('',(-0.,0.,-1.));
#9670=AXIS2_PLACEMENT_3D('',#9667,#9668,#9669);
#9671=PLANE('',#9670);
#9672=CARTESIAN_POINT('',(-6.15,13.6,50.7));
#9673=VERTEX_POINT('',#9672);
#9674=CARTESIAN_POINT('',(-6.15,13.6,50.7));
#9675=DIRECTION('',(-0.,0.,-1.));
#9676=VECTOR('',#9675,0.9);
#9677=LINE('',#9674,#9676);
#9678=EDGE_CURVE('',#9673,#205,#9677,.T.);
#9679=ORIENTED_EDGE('',*,*,#9678,.F.);
#9680=CARTESIAN_POINT('',(-6.15,13.,50.7));
#9681=DIRECTION('',(1.,0.,-0.));
#9682=DIRECTION('',(-0.,0.,-1.));
#9683=AXIS2_PLACEMENT_3D('',#9680,#9681,#9682);
#9684=CIRCLE('',#9683,0.6);
#9685=EDGE_CURVE('',#9673,#9572,#9684,.T.);
#9686=ORIENTED_EDGE('',*,*,#9685,.T.);
#9687=ORIENTED_EDGE('',*,*,#9577,.T.);
#9688=ORIENTED_EDGE('',*,*,#218,.F.);
#9689=EDGE_LOOP('',(#9679,#9686,#9687,#9688));
#9690=FACE_BOUND('',#9689,.T.);
#9691=ADVANCED_FACE('',(#9690),#9671,.T.);
#9692=CARTESIAN_POINT('',(-6.25,13.6,51.3));
#9693=DIRECTION('',(0.,1.,0.));
#9694=DIRECTION('',(-0.,0.,-1.));
#9695=AXIS2_PLACEMENT_3D('',#9692,#9693,#9694);
#9696=PLANE('',#9695);
#9697=ORIENTED_EDGE('',*,*,#9661,.F.);
#9698=CARTESIAN_POINT('',(-6.35,13.6,50.7));
#9699=DIRECTION('',(1.,0.,-0.));
#9700=VECTOR('',#9699,0.2);
#9701=LINE('',#9698,#9700);
#9702=EDGE_CURVE('',#9649,#9673,#9701,.T.);
#9703=ORIENTED_EDGE('',*,*,#9702,.T.);
#9704=ORIENTED_EDGE('',*,*,#9678,.T.);
#9705=ORIENTED_EDGE('',*,*,#210,.F.);
#9706=EDGE_LOOP('',(#9697,#9703,#9704,#9705));
#9707=FACE_BOUND('',#9706,.T.);
#9708=ADVANCED_FACE('',(#9707),#9696,.T.);
#9709=CARTESIAN_POINT('',(-4.35,13.3,51.3));
#9710=DIRECTION('',(-1.,0.,0.));
#9711=DIRECTION('',(0.,0.,1.));
#9712=AXIS2_PLACEMENT_3D('',#9709,#9710,#9711);
#9713=PLANE('',#9712);
#9714=ORIENTED_EDGE('',*,*,#9545,.F.);
#9715=CARTESIAN_POINT('',(-4.35,13.6,50.7));
#9716=VERTEX_POINT('',#9715);
#9717=CARTESIAN_POINT('',(-4.35,13.,50.7));
#9718=DIRECTION('',(-1.,0.,0.));
#9719=DIRECTION('',(0.,0.,1.));
#9720=AXIS2_PLACEMENT_3D('',#9717,#9718,#9719);
#9721=CIRCLE('',#9720,0.6);
#9722=EDGE_CURVE('',#9534,#9716,#9721,.T.);
#9723=ORIENTED_EDGE('',*,*,#9722,.T.);
#9724=CARTESIAN_POINT('',(-4.35,13.6,50.7));
#9725=DIRECTION('',(-0.,0.,-1.));
#9726=VECTOR('',#9725,0.9);
#9727=LINE('',#9724,#9726);
#9728=EDGE_CURVE('',#9716,#261,#9727,.T.);
#9729=ORIENTED_EDGE('',*,*,#9728,.T.);
#9730=ORIENTED_EDGE('',*,*,#266,.F.);
#9731=EDGE_LOOP('',(#9714,#9723,#9729,#9730));
#9732=FACE_BOUND('',#9731,.T.);
#9733=ADVANCED_FACE('',(#9732),#9713,.T.);
#9734=CARTESIAN_POINT('',(-4.15,13.3,51.3));
#9735=DIRECTION('',(1.,0.,-0.));
#9736=DIRECTION('',(-0.,0.,-1.));
#9737=AXIS2_PLACEMENT_3D('',#9734,#9735,#9736);
#9738=PLANE('',#9737);
#9739=CARTESIAN_POINT('',(-4.15,13.6,50.7));
#9740=VERTEX_POINT('',#9739);
#9741=CARTESIAN_POINT('',(-4.15,13.6,50.7));
#9742=DIRECTION('',(-0.,0.,-1.));
#9743=VECTOR('',#9742,0.9);
#9744=LINE('',#9741,#9743);
#9745=EDGE_CURVE('',#9740,#269,#9744,.T.);
#9746=ORIENTED_EDGE('',*,*,#9745,.F.);
#9747=CARTESIAN_POINT('',(-4.15,13.,50.7));
#9748=DIRECTION('',(1.,0.,-0.));
#9749=DIRECTION('',(-0.,0.,-1.));
#9750=AXIS2_PLACEMENT_3D('',#9747,#9748,#9749);
#9751=CIRCLE('',#9750,0.6);
#9752=EDGE_CURVE('',#9740,#9526,#9751,.T.);
#9753=ORIENTED_EDGE('',*,*,#9752,.T.);
#9754=ORIENTED_EDGE('',*,*,#9531,.T.);
#9755=ORIENTED_EDGE('',*,*,#282,.F.);
#9756=EDGE_LOOP('',(#9746,#9753,#9754,#9755));
#9757=FACE_BOUND('',#9756,.T.);
#9758=ADVANCED_FACE('',(#9757),#9738,.T.);
#9759=CARTESIAN_POINT('',(-4.25,13.6,51.3));
#9760=DIRECTION('',(0.,1.,0.));
#9761=DIRECTION('',(-0.,0.,-1.));
#9762=AXIS2_PLACEMENT_3D('',#9759,#9760,#9761);
#9763=PLANE('',#9762);
#9764=ORIENTED_EDGE('',*,*,#9728,.F.);
#9765=CARTESIAN_POINT('',(-4.35,13.6,50.7));
#9766=DIRECTION('',(1.,0.,-0.));
#9767=VECTOR('',#9766,0.2);
#9768=LINE('',#9765,#9767);
#9769=EDGE_CURVE('',#9716,#9740,#9768,.T.);
#9770=ORIENTED_EDGE('',*,*,#9769,.T.);
#9771=ORIENTED_EDGE('',*,*,#9745,.T.);
#9772=ORIENTED_EDGE('',*,*,#274,.F.);
#9773=EDGE_LOOP('',(#9764,#9770,#9771,#9772));
#9774=FACE_BOUND('',#9773,.T.);
#9775=ADVANCED_FACE('',(#9774),#9763,.T.);
#9776=CARTESIAN_POINT('',(-5.35,13.3,51.3));
#9777=DIRECTION('',(-1.,0.,0.));
#9778=DIRECTION('',(0.,0.,1.));
#9779=AXIS2_PLACEMENT_3D('',#9776,#9777,#9778);
#9780=PLANE('',#9779);
#9781=ORIENTED_EDGE('',*,*,#9568,.F.);
#9782=CARTESIAN_POINT('',(-5.35,13.6,50.7));
#9783=VERTEX_POINT('',#9782);
#9784=CARTESIAN_POINT('',(-5.35,13.,50.7));
#9785=DIRECTION('',(-1.,0.,0.));
#9786=DIRECTION('',(0.,0.,1.));
#9787=AXIS2_PLACEMENT_3D('',#9784,#9785,#9786);
#9788=CIRCLE('',#9787,0.6);
#9789=EDGE_CURVE('',#9557,#9783,#9788,.T.);
#9790=ORIENTED_EDGE('',*,*,#9789,.T.);
#9791=CARTESIAN_POINT('',(-5.35,13.6,50.7));
#9792=DIRECTION('',(-0.,0.,-1.));
#9793=VECTOR('',#9792,0.9);
#9794=LINE('',#9791,#9793);
#9795=EDGE_CURVE('',#9783,#229,#9794,.T.);
#9796=ORIENTED_EDGE('',*,*,#9795,.T.);
#9797=ORIENTED_EDGE('',*,*,#234,.F.);
#9798=EDGE_LOOP('',(#9781,#9790,#9796,#9797));
#9799=FACE_BOUND('',#9798,.T.);
#9800=ADVANCED_FACE('',(#9799),#9780,.T.);
#9801=CARTESIAN_POINT('',(-5.15,13.3,51.3));
#9802=DIRECTION('',(1.,0.,-0.));
#9803=DIRECTION('',(-0.,0.,-1.));
#9804=AXIS2_PLACEMENT_3D('',#9801,#9802,#9803);
#9805=PLANE('',#9804);
#9806=CARTESIAN_POINT('',(-5.15,13.6,50.7));
#9807=VERTEX_POINT('',#9806);
#9808=CARTESIAN_POINT('',(-5.15,13.6,50.7));
#9809=DIRECTION('',(-0.,0.,-1.));
#9810=VECTOR('',#9809,0.9);
#9811=LINE('',#9808,#9810);
#9812=EDGE_CURVE('',#9807,#237,#9811,.T.);
#9813=ORIENTED_EDGE('',*,*,#9812,.F.);
#9814=CARTESIAN_POINT('',(-5.15,13.,50.7));
#9815=DIRECTION('',(1.,0.,-0.));
#9816=DIRECTION('',(-0.,0.,-1.));
#9817=AXIS2_PLACEMENT_3D('',#9814,#9815,#9816);
#9818=CIRCLE('',#9817,0.6);
#9819=EDGE_CURVE('',#9807,#9549,#9818,.T.);
#9820=ORIENTED_EDGE('',*,*,#9819,.T.);
#9821=ORIENTED_EDGE('',*,*,#9554,.T.);
#9822=ORIENTED_EDGE('',*,*,#250,.F.);
#9823=EDGE_LOOP('',(#9813,#9820,#9821,#9822));
#9824=FACE_BOUND('',#9823,.T.);
#9825=ADVANCED_FACE('',(#9824),#9805,.T.);
#9826=CARTESIAN_POINT('',(-5.25,13.6,51.3));
#9827=DIRECTION('',(0.,1.,0.));
#9828=DIRECTION('',(-0.,0.,-1.));
#9829=AXIS2_PLACEMENT_3D('',#9826,#9827,#9828);
#9830=PLANE('',#9829);
#9831=ORIENTED_EDGE('',*,*,#9795,.F.);
#9832=CARTESIAN_POINT('',(-5.35,13.6,50.7));
#9833=DIRECTION('',(1.,0.,-0.));
#9834=VECTOR('',#9833,0.2);
#9835=LINE('',#9832,#9834);
#9836=EDGE_CURVE('',#9783,#9807,#9835,.T.);
#9837=ORIENTED_EDGE('',*,*,#9836,.T.);
#9838=ORIENTED_EDGE('',*,*,#9812,.T.);
#9839=ORIENTED_EDGE('',*,*,#242,.F.);
#9840=EDGE_LOOP('',(#9831,#9837,#9838,#9839));
#9841=FACE_BOUND('',#9840,.T.);
#9842=ADVANCED_FACE('',(#9841),#9830,.T.);
#9843=CARTESIAN_POINT('',(-3.35,13.3,51.3));
#9844=DIRECTION('',(-1.,0.,0.));
#9845=DIRECTION('',(0.,0.,1.));
#9846=AXIS2_PLACEMENT_3D('',#9843,#9844,#9845);
#9847=PLANE('',#9846);
#9848=ORIENTED_EDGE('',*,*,#9522,.F.);
#9849=CARTESIAN_POINT('',(-3.35,13.6,50.7));
#9850=VERTEX_POINT('',#9849);
#9851=CARTESIAN_POINT('',(-3.35,13.,50.7));
#9852=DIRECTION('',(-1.,0.,0.));
#9853=DIRECTION('',(0.,0.,1.));
#9854=AXIS2_PLACEMENT_3D('',#9851,#9852,#9853);
#9855=CIRCLE('',#9854,0.6);
#9856=EDGE_CURVE('',#9511,#9850,#9855,.T.);
#9857=ORIENTED_EDGE('',*,*,#9856,.T.);
#9858=CARTESIAN_POINT('',(-3.35,13.6,50.7));
#9859=DIRECTION('',(-0.,0.,-1.));
#9860=VECTOR('',#9859,0.9);
#9861=LINE('',#9858,#9860);
#9862=EDGE_CURVE('',#9850,#293,#9861,.T.);
#9863=ORIENTED_EDGE('',*,*,#9862,.T.);
#9864=ORIENTED_EDGE('',*,*,#298,.F.);
#9865=EDGE_LOOP('',(#9848,#9857,#9863,#9864));
#9866=FACE_BOUND('',#9865,.T.);
#9867=ADVANCED_FACE('',(#9866),#9847,.T.);
#9868=CARTESIAN_POINT('',(-3.15,13.3,51.3));
#9869=DIRECTION('',(1.,0.,-0.));
#9870=DIRECTION('',(-0.,0.,-1.));
#9871=AXIS2_PLACEMENT_3D('',#9868,#9869,#9870);
#9872=PLANE('',#9871);
#9873=CARTESIAN_POINT('',(-3.15,13.6,50.7));
#9874=VERTEX_POINT('',#9873);
#9875=CARTESIAN_POINT('',(-3.15,13.6,50.7));
#9876=DIRECTION('',(-0.,0.,-1.));
#9877=VECTOR('',#9876,0.9);
#9878=LINE('',#9875,#9877);
#9879=EDGE_CURVE('',#9874,#301,#9878,.T.);
#9880=ORIENTED_EDGE('',*,*,#9879,.F.);
#9881=CARTESIAN_POINT('',(-3.15,13.,50.7));
#9882=DIRECTION('',(1.,0.,-0.));
#9883=DIRECTION('',(-0.,0.,-1.));
#9884=AXIS2_PLACEMENT_3D('',#9881,#9882,#9883);
#9885=CIRCLE('',#9884,0.6);
#9886=EDGE_CURVE('',#9874,#9503,#9885,.T.);
#9887=ORIENTED_EDGE('',*,*,#9886,.T.);
#9888=ORIENTED_EDGE('',*,*,#9508,.T.);
#9889=ORIENTED_EDGE('',*,*,#314,.F.);
#9890=EDGE_LOOP('',(#9880,#9887,#9888,#9889));
#9891=FACE_BOUND('',#9890,.T.);
#9892=ADVANCED_FACE('',(#9891),#9872,.T.);
#9893=CARTESIAN_POINT('',(-3.25,13.6,51.3));
#9894=DIRECTION('',(0.,1.,0.));
#9895=DIRECTION('',(-0.,0.,-1.));
#9896=AXIS2_PLACEMENT_3D('',#9893,#9894,#9895);
#9897=PLANE('',#9896);
#9898=ORIENTED_EDGE('',*,*,#9862,.F.);
#9899=CARTESIAN_POINT('',(-3.35,13.6,50.7));
#9900=DIRECTION('',(1.,0.,-0.));
#9901=VECTOR('',#9900,0.2);
#9902=LINE('',#9899,#9901);
#9903=EDGE_CURVE('',#9850,#9874,#9902,.T.);
#9904=ORIENTED_EDGE('',*,*,#9903,.T.);
#9905=ORIENTED_EDGE('',*,*,#9879,.T.);
#9906=ORIENTED_EDGE('',*,*,#306,.F.);
#9907=EDGE_LOOP('',(#9898,#9904,#9905,#9906));
#9908=FACE_BOUND('',#9907,.T.);
#9909=ADVANCED_FACE('',(#9908),#9897,.T.);
#9910=CARTESIAN_POINT('',(-3.15,7.7,51.3));
#9911=DIRECTION('',(1.,0.,-0.));
#9912=DIRECTION('',(-0.,0.,-1.));
#9913=AXIS2_PLACEMENT_3D('',#9910,#9911,#9912);
#9914=PLANE('',#9913);
#9915=ORIENTED_EDGE('',*,*,#9421,.F.);
#9916=CARTESIAN_POINT('',(-3.15,7.4,50.7));
#9917=VERTEX_POINT('',#9916);
#9918=CARTESIAN_POINT('',(-3.15,8.,50.7));
#9919=DIRECTION('',(1.,0.,-0.));
#9920=DIRECTION('',(-0.,0.,-1.));
#9921=AXIS2_PLACEMENT_3D('',#9918,#9919,#9920);
#9922=CIRCLE('',#9921,0.6);
#9923=EDGE_CURVE('',#9410,#9917,#9922,.T.);
#9924=ORIENTED_EDGE('',*,*,#9923,.T.);
#9925=CARTESIAN_POINT('',(-3.15,7.4,50.7));
#9926=DIRECTION('',(-0.,0.,-1.));
#9927=VECTOR('',#9926,0.9);
#9928=LINE('',#9925,#9927);
#9929=EDGE_CURVE('',#9917,#341,#9928,.T.);
#9930=ORIENTED_EDGE('',*,*,#9929,.T.);
#9931=ORIENTED_EDGE('',*,*,#346,.F.);
#9932=EDGE_LOOP('',(#9915,#9924,#9930,#9931));
#9933=FACE_BOUND('',#9932,.T.);
#9934=ADVANCED_FACE('',(#9933),#9914,.T.);
#9935=CARTESIAN_POINT('',(-3.35,7.7,51.3));
#9936=DIRECTION('',(-1.,0.,0.));
#9937=DIRECTION('',(0.,0.,1.));
#9938=AXIS2_PLACEMENT_3D('',#9935,#9936,#9937);
#9939=PLANE('',#9938);
#9940=CARTESIAN_POINT('',(-3.35,7.4,50.7));
#9941=VERTEX_POINT('',#9940);
#9942=CARTESIAN_POINT('',(-3.35,7.4,50.7));
#9943=DIRECTION('',(-0.,0.,-1.));
#9944=VECTOR('',#9943,0.9);
#9945=LINE('',#9942,#9944);
#9946=EDGE_CURVE('',#9941,#349,#9945,.T.);
#9947=ORIENTED_EDGE('',*,*,#9946,.F.);
#9948=CARTESIAN_POINT('',(-3.35,8.,50.7));
#9949=DIRECTION('',(-1.,0.,0.));
#9950=DIRECTION('',(0.,0.,1.));
#9951=AXIS2_PLACEMENT_3D('',#9948,#9949,#9950);
#9952=CIRCLE('',#9951,0.6);
#9953=EDGE_CURVE('',#9941,#9402,#9952,.T.);
#9954=ORIENTED_EDGE('',*,*,#9953,.T.);
#9955=ORIENTED_EDGE('',*,*,#9407,.T.);
#9956=ORIENTED_EDGE('',*,*,#362,.F.);
#9957=EDGE_LOOP('',(#9947,#9954,#9955,#9956));
#9958=FACE_BOUND('',#9957,.T.);
#9959=ADVANCED_FACE('',(#9958),#9939,.T.);
#9960=CARTESIAN_POINT('',(-3.25,7.4,51.3));
#9961=DIRECTION('',(0.,-1.,0.));
#9962=DIRECTION('',(0.,0.,1.));
#9963=AXIS2_PLACEMENT_3D('',#9960,#9961,#9962);
#9964=PLANE('',#9963);
#9965=ORIENTED_EDGE('',*,*,#9929,.F.);
#9966=CARTESIAN_POINT('',(-3.15,7.4,50.7));
#9967=DIRECTION('',(-1.,0.,0.));
#9968=VECTOR('',#9967,0.2);
#9969=LINE('',#9966,#9968);
#9970=EDGE_CURVE('',#9917,#9941,#9969,.T.);
#9971=ORIENTED_EDGE('',*,*,#9970,.T.);
#9972=ORIENTED_EDGE('',*,*,#9946,.T.);
#9973=ORIENTED_EDGE('',*,*,#354,.F.);
#9974=EDGE_LOOP('',(#9965,#9971,#9972,#9973));
#9975=FACE_BOUND('',#9974,.T.);
#9976=ADVANCED_FACE('',(#9975),#9964,.T.);
#9977=CARTESIAN_POINT('',(-4.15,7.7,51.3));
#9978=DIRECTION('',(1.,0.,-0.));
#9979=DIRECTION('',(-0.,0.,-1.));
#9980=AXIS2_PLACEMENT_3D('',#9977,#9978,#9979);
#9981=PLANE('',#9980);
#9982=ORIENTED_EDGE('',*,*,#9398,.F.);
#9983=CARTESIAN_POINT('',(-4.15,7.4,50.7));
#9984=VERTEX_POINT('',#9983);
#9985=CARTESIAN_POINT('',(-4.15,8.,50.7));
#9986=DIRECTION('',(1.,0.,-0.));
#9987=DIRECTION('',(-0.,0.,-1.));
#9988=AXIS2_PLACEMENT_3D('',#9985,#9986,#9987);
#9989=CIRCLE('',#9988,0.6);
#9990=EDGE_CURVE('',#9387,#9984,#9989,.T.);
#9991=ORIENTED_EDGE('',*,*,#9990,.T.);
#9992=CARTESIAN_POINT('',(-4.15,7.4,50.7));
#9993=DIRECTION('',(-0.,0.,-1.));
#9994=VECTOR('',#9993,0.9);
#9995=LINE('',#9992,#9994);
#9996=EDGE_CURVE('',#9984,#373,#9995,.T.);
#9997=ORIENTED_EDGE('',*,*,#9996,.T.);
#9998=ORIENTED_EDGE('',*,*,#378,.F.);
#9999=EDGE_LOOP('',(#9982,#9991,#9997,#9998));
#10000=FACE_BOUND('',#9999,.T.);
#10001=ADVANCED_FACE('',(#10000),#9981,.T.);
#10002=CARTESIAN_POINT('',(-4.35,7.7,51.3));
#10003=DIRECTION('',(-1.,0.,0.));
#10004=DIRECTION('',(0.,0.,1.));
#10005=AXIS2_PLACEMENT_3D('',#10002,#10003,#10004);
#10006=PLANE('',#10005);
#10007=CARTESIAN_POINT('',(-4.35,7.4,50.7));
#10008=VERTEX_POINT('',#10007);
#10009=CARTESIAN_POINT('',(-4.35,7.4,50.7));
#10010=DIRECTION('',(-0.,0.,-1.));
#10011=VECTOR('',#10010,0.9);
#10012=LINE('',#10009,#10011);
#10013=EDGE_CURVE('',#10008,#381,#10012,.T.);
#10014=ORIENTED_EDGE('',*,*,#10013,.F.);
#10015=CARTESIAN_POINT('',(-4.35,8.,50.7));
#10016=DIRECTION('',(-1.,0.,0.));
#10017=DIRECTION('',(0.,0.,1.));
#10018=AXIS2_PLACEMENT_3D('',#10015,#10016,#10017);
#10019=CIRCLE('',#10018,0.6);
#10020=EDGE_CURVE('',#10008,#9379,#10019,.T.);
#10021=ORIENTED_EDGE('',*,*,#10020,.T.);
#10022=ORIENTED_EDGE('',*,*,#9384,.T.);
#10023=ORIENTED_EDGE('',*,*,#392,.F.);
#10024=EDGE_LOOP('',(#10014,#10021,#10022,#10023));
#10025=FACE_BOUND('',#10024,.T.);
#10026=ADVANCED_FACE('',(#10025),#10006,.T.);
#10027=CARTESIAN_POINT('',(-4.25,7.4,51.3));
#10028=DIRECTION('',(0.,-1.,0.));
#10029=DIRECTION('',(0.,0.,1.));
#10030=AXIS2_PLACEMENT_3D('',#10027,#10028,#10029);
#10031=PLANE('',#10030);
#10032=ORIENTED_EDGE('',*,*,#9996,.F.);
#10033=CARTESIAN_POINT('',(-4.15,7.4,50.7));
#10034=DIRECTION('',(-1.,0.,0.));
#10035=VECTOR('',#10034,0.2);
#10036=LINE('',#10033,#10035);
#10037=EDGE_CURVE('',#9984,#10008,#10036,.T.);
#10038=ORIENTED_EDGE('',*,*,#10037,.T.);
#10039=ORIENTED_EDGE('',*,*,#10013,.T.);
#10040=ORIENTED_EDGE('',*,*,#386,.F.);
#10041=EDGE_LOOP('',(#10032,#10038,#10039,#10040));
#10042=FACE_BOUND('',#10041,.T.);
#10043=ADVANCED_FACE('',(#10042),#10031,.T.);
#10044=CARTESIAN_POINT('',(-6.15,7.7,51.3));
#10045=DIRECTION('',(1.,0.,-0.));
#10046=DIRECTION('',(-0.,0.,-1.));
#10047=AXIS2_PLACEMENT_3D('',#10044,#10045,#10046);
#10048=PLANE('',#10047);
#10049=ORIENTED_EDGE('',*,*,#9467,.F.);
#10050=CARTESIAN_POINT('',(-6.15,7.4,50.7));
#10051=VERTEX_POINT('',#10050);
#10052=CARTESIAN_POINT('',(-6.15,8.,50.7));
#10053=DIRECTION('',(1.,0.,-0.));
#10054=DIRECTION('',(-0.,0.,-1.));
#10055=AXIS2_PLACEMENT_3D('',#10052,#10053,#10054);
#10056=CIRCLE('',#10055,0.6);
#10057=EDGE_CURVE('',#9456,#10051,#10056,.T.);
#10058=ORIENTED_EDGE('',*,*,#10057,.T.);
#10059=CARTESIAN_POINT('',(-6.15,7.4,50.7));
#10060=DIRECTION('',(-0.,0.,-1.));
#10061=VECTOR('',#10060,0.9);
#10062=LINE('',#10059,#10061);
#10063=EDGE_CURVE('',#10051,#149,#10062,.T.);
#10064=ORIENTED_EDGE('',*,*,#10063,.T.);
#10065=ORIENTED_EDGE('',*,*,#154,.F.);
#10066=EDGE_LOOP('',(#10049,#10058,#10064,#10065));
#10067=FACE_BOUND('',#10066,.T.);
#10068=ADVANCED_FACE('',(#10067),#10048,.T.);
#10069=CARTESIAN_POINT('',(-6.35,7.7,51.3));
#10070=DIRECTION('',(-1.,0.,0.));
#10071=DIRECTION('',(0.,0.,1.));
#10072=AXIS2_PLACEMENT_3D('',#10069,#10070,#10071);
#10073=PLANE('',#10072);
#10074=CARTESIAN_POINT('',(-6.35,7.4,50.7));
#10075=VERTEX_POINT('',#10074);
#10076=CARTESIAN_POINT('',(-6.35,7.4,50.7));
#10077=DIRECTION('',(-0.,0.,-1.));
#10078=VECTOR('',#10077,0.9);
#10079=LINE('',#10076,#10078);
#10080=EDGE_CURVE('',#10075,#157,#10079,.T.);
#10081=ORIENTED_EDGE('',*,*,#10080,.F.);
#10082=CARTESIAN_POINT('',(-6.35,8.,50.7));
#10083=DIRECTION('',(-1.,0.,0.));
#10084=DIRECTION('',(0.,0.,1.));
#10085=AXIS2_PLACEMENT_3D('',#10082,#10083,#10084);
#10086=CIRCLE('',#10085,0.6);
#10087=EDGE_CURVE('',#10075,#9448,#10086,.T.);
#10088=ORIENTED_EDGE('',*,*,#10087,.T.);
#10089=ORIENTED_EDGE('',*,*,#9453,.T.);
#10090=ORIENTED_EDGE('',*,*,#170,.F.);
#10091=EDGE_LOOP('',(#10081,#10088,#10089,#10090));
#10092=FACE_BOUND('',#10091,.T.);
#10093=ADVANCED_FACE('',(#10092),#10073,.T.);
#10094=CARTESIAN_POINT('',(-6.25,7.4,51.3));
#10095=DIRECTION('',(0.,-1.,0.));
#10096=DIRECTION('',(0.,0.,1.));
#10097=AXIS2_PLACEMENT_3D('',#10094,#10095,#10096);
#10098=PLANE('',#10097);
#10099=ORIENTED_EDGE('',*,*,#10063,.F.);
#10100=CARTESIAN_POINT('',(-6.15,7.4,50.7));
#10101=DIRECTION('',(-1.,0.,0.));
#10102=VECTOR('',#10101,0.2);
#10103=LINE('',#10100,#10102);
#10104=EDGE_CURVE('',#10051,#10075,#10103,.T.);
#10105=ORIENTED_EDGE('',*,*,#10104,.T.);
#10106=ORIENTED_EDGE('',*,*,#10080,.T.);
#10107=ORIENTED_EDGE('',*,*,#162,.F.);
#10108=EDGE_LOOP('',(#10099,#10105,#10106,#10107));
#10109=FACE_BOUND('',#10108,.T.);
#10110=ADVANCED_FACE('',(#10109),#10098,.T.);
#10111=CARTESIAN_POINT('',(-5.15,7.7,51.3));
#10112=DIRECTION('',(1.,0.,-0.));
#10113=DIRECTION('',(-0.,0.,-1.));
#10114=AXIS2_PLACEMENT_3D('',#10111,#10112,#10113);
#10115=PLANE('',#10114);
#10116=ORIENTED_EDGE('',*,*,#9375,.F.);
#10117=CARTESIAN_POINT('',(-5.15,7.4,50.7));
#10118=VERTEX_POINT('',#10117);
#10119=CARTESIAN_POINT('',(-5.15,8.,50.7));
#10120=DIRECTION('',(1.,0.,-0.));
#10121=DIRECTION('',(-0.,0.,-1.));
#10122=AXIS2_PLACEMENT_3D('',#10119,#10120,#10121);
#10123=CIRCLE('',#10122,0.6);
#10124=EDGE_CURVE('',#9364,#10118,#10123,.T.);
#10125=ORIENTED_EDGE('',*,*,#10124,.T.);
#10126=CARTESIAN_POINT('',(-5.15,7.4,50.7));
#10127=DIRECTION('',(-0.,0.,-1.));
#10128=VECTOR('',#10127,0.9);
#10129=LINE('',#10126,#10128);
#10130=EDGE_CURVE('',#10118,#117,#10129,.T.);
#10131=ORIENTED_EDGE('',*,*,#10130,.T.);
#10132=ORIENTED_EDGE('',*,*,#122,.F.);
#10133=EDGE_LOOP('',(#10116,#10125,#10131,#10132));
#10134=FACE_BOUND('',#10133,.T.);
#10135=ADVANCED_FACE('',(#10134),#10115,.T.);
#10136=CARTESIAN_POINT('',(-5.35,7.7,51.3));
#10137=DIRECTION('',(-1.,0.,0.));
#10138=DIRECTION('',(0.,0.,1.));
#10139=AXIS2_PLACEMENT_3D('',#10136,#10137,#10138);
#10140=PLANE('',#10139);
#10141=CARTESIAN_POINT('',(-5.35,7.4,50.7));
#10142=VERTEX_POINT('',#10141);
#10143=CARTESIAN_POINT('',(-5.35,7.4,50.7));
#10144=DIRECTION('',(-0.,0.,-1.));
#10145=VECTOR('',#10144,0.9);
#10146=LINE('',#10143,#10145);
#10147=EDGE_CURVE('',#10142,#125,#10146,.T.);
#10148=ORIENTED_EDGE('',*,*,#10147,.F.);
#10149=CARTESIAN_POINT('',(-5.35,8.,50.7));
#10150=DIRECTION('',(-1.,0.,0.));
#10151=DIRECTION('',(0.,0.,1.));
#10152=AXIS2_PLACEMENT_3D('',#10149,#10150,#10151);
#10153=CIRCLE('',#10152,0.6);
#10154=EDGE_CURVE('',#10142,#9356,#10153,.T.);
#10155=ORIENTED_EDGE('',*,*,#10154,.T.);
#10156=ORIENTED_EDGE('',*,*,#9361,.T.);
#10157=ORIENTED_EDGE('',*,*,#138,.F.);
#10158=EDGE_LOOP('',(#10148,#10155,#10156,#10157));
#10159=FACE_BOUND('',#10158,.T.);
#10160=ADVANCED_FACE('',(#10159),#10140,.T.);
#10161=CARTESIAN_POINT('',(-5.25,7.4,51.3));
#10162=DIRECTION('',(0.,-1.,0.));
#10163=DIRECTION('',(0.,0.,1.));
#10164=AXIS2_PLACEMENT_3D('',#10161,#10162,#10163);
#10165=PLANE('',#10164);
#10166=ORIENTED_EDGE('',*,*,#10130,.F.);
#10167=CARTESIAN_POINT('',(-5.15,7.4,50.7));
#10168=DIRECTION('',(-1.,0.,0.));
#10169=VECTOR('',#10168,0.2);
#10170=LINE('',#10167,#10169);
#10171=EDGE_CURVE('',#10118,#10142,#10170,.T.);
#10172=ORIENTED_EDGE('',*,*,#10171,.T.);
#10173=ORIENTED_EDGE('',*,*,#10147,.T.);
#10174=ORIENTED_EDGE('',*,*,#130,.F.);
#10175=EDGE_LOOP('',(#10166,#10172,#10173,#10174));
#10176=FACE_BOUND('',#10175,.T.);
#10177=ADVANCED_FACE('',(#10176),#10165,.T.);
#10178=CARTESIAN_POINT('',(-6.25,8.,50.7));
#10179=DIRECTION('',(-1.,0.,0.));
#10180=DIRECTION('',(0.,0.,1.));
#10181=AXIS2_PLACEMENT_3D('',#10178,#10179,#10180);
#10182=CYLINDRICAL_SURFACE('',#10181,0.6);
#10183=ORIENTED_EDGE('',*,*,#10057,.F.);
#10184=ORIENTED_EDGE('',*,*,#9461,.T.);
#10185=ORIENTED_EDGE('',*,*,#10087,.F.);
#10186=ORIENTED_EDGE('',*,*,#10104,.F.);
#10187=EDGE_LOOP('',(#10183,#10184,#10185,#10186));
#10188=FACE_BOUND('',#10187,.T.);
#10189=ADVANCED_FACE('',(#10188),#10182,.T.);
#10190=CARTESIAN_POINT('',(-3.25,13.,50.7));
#10191=DIRECTION('',(1.,0.,-0.));
#10192=DIRECTION('',(-0.,0.,-1.));
#10193=AXIS2_PLACEMENT_3D('',#10190,#10191,#10192);
#10194=CYLINDRICAL_SURFACE('',#10193,0.6);
#10195=ORIENTED_EDGE('',*,*,#9856,.F.);
#10196=ORIENTED_EDGE('',*,*,#9516,.T.);
#10197=ORIENTED_EDGE('',*,*,#9886,.F.);
#10198=ORIENTED_EDGE('',*,*,#9903,.F.);
#10199=EDGE_LOOP('',(#10195,#10196,#10197,#10198));
#10200=FACE_BOUND('',#10199,.T.);
#10201=ADVANCED_FACE('',(#10200),#10194,.T.);
#10202=CARTESIAN_POINT('',(-5.25,13.,50.7));
#10203=DIRECTION('',(1.,0.,-0.));
#10204=DIRECTION('',(-0.,0.,-1.));
#10205=AXIS2_PLACEMENT_3D('',#10202,#10203,#10204);
#10206=CYLINDRICAL_SURFACE('',#10205,0.6);
#10207=ORIENTED_EDGE('',*,*,#9789,.F.);
#10208=ORIENTED_EDGE('',*,*,#9562,.T.);
#10209=ORIENTED_EDGE('',*,*,#9819,.F.);
#10210=ORIENTED_EDGE('',*,*,#9836,.F.);
#10211=EDGE_LOOP('',(#10207,#10208,#10209,#10210));
#10212=FACE_BOUND('',#10211,.T.);
#10213=ADVANCED_FACE('',(#10212),#10206,.T.);
#10214=CARTESIAN_POINT('',(-4.25,13.,50.7));
#10215=DIRECTION('',(1.,0.,-0.));
#10216=DIRECTION('',(-0.,0.,-1.));
#10217=AXIS2_PLACEMENT_3D('',#10214,#10215,#10216);
#10218=CYLINDRICAL_SURFACE('',#10217,0.6);
#10219=ORIENTED_EDGE('',*,*,#9722,.F.);
#10220=ORIENTED_EDGE('',*,*,#9539,.T.);
#10221=ORIENTED_EDGE('',*,*,#9752,.F.);
#10222=ORIENTED_EDGE('',*,*,#9769,.F.);
#10223=EDGE_LOOP('',(#10219,#10220,#10221,#10222));
#10224=FACE_BOUND('',#10223,.T.);
#10225=ADVANCED_FACE('',(#10224),#10218,.T.);
#10226=CARTESIAN_POINT('',(-3.25,8.,50.7));
#10227=DIRECTION('',(-1.,0.,0.));
#10228=DIRECTION('',(0.,0.,1.));
#10229=AXIS2_PLACEMENT_3D('',#10226,#10227,#10228);
#10230=CYLINDRICAL_SURFACE('',#10229,0.6);
#10231=ORIENTED_EDGE('',*,*,#9923,.F.);
#10232=ORIENTED_EDGE('',*,*,#9415,.T.);
#10233=ORIENTED_EDGE('',*,*,#9953,.F.);
#10234=ORIENTED_EDGE('',*,*,#9970,.F.);
#10235=EDGE_LOOP('',(#10231,#10232,#10233,#10234));
#10236=FACE_BOUND('',#10235,.T.);
#10237=ADVANCED_FACE('',(#10236),#10230,.T.);
#10238=CARTESIAN_POINT('',(-5.25,8.,50.7));
#10239=DIRECTION('',(-1.,0.,0.));
#10240=DIRECTION('',(0.,0.,1.));
#10241=AXIS2_PLACEMENT_3D('',#10238,#10239,#10240);
#10242=CYLINDRICAL_SURFACE('',#10241,0.6);
#10243=ORIENTED_EDGE('',*,*,#10124,.F.);
#10244=ORIENTED_EDGE('',*,*,#9369,.T.);
#10245=ORIENTED_EDGE('',*,*,#10154,.F.);
#10246=ORIENTED_EDGE('',*,*,#10171,.F.);
#10247=EDGE_LOOP('',(#10243,#10244,#10245,#10246));
#10248=FACE_BOUND('',#10247,.T.);
#10249=ADVANCED_FACE('',(#10248),#10242,.T.);
#10250=CARTESIAN_POINT('',(-4.25,8.,50.7));
#10251=DIRECTION('',(-1.,0.,0.));
#10252=DIRECTION('',(0.,0.,1.));
#10253=AXIS2_PLACEMENT_3D('',#10250,#10251,#10252);
#10254=CYLINDRICAL_SURFACE('',#10253,0.6);
#10255=ORIENTED_EDGE('',*,*,#9990,.F.);
#10256=ORIENTED_EDGE('',*,*,#9392,.T.);
#10257=ORIENTED_EDGE('',*,*,#10020,.F.);
#10258=ORIENTED_EDGE('',*,*,#10037,.F.);
#10259=EDGE_LOOP('',(#10255,#10256,#10257,#10258));
#10260=FACE_BOUND('',#10259,.T.);
#10261=ADVANCED_FACE('',(#10260),#10254,.T.);
#10262=CARTESIAN_POINT('',(-6.25,13.,50.7));
#10263=DIRECTION('',(1.,0.,-0.));
#10264=DIRECTION('',(-0.,0.,-1.));
#10265=AXIS2_PLACEMENT_3D('',#10262,#10263,#10264);
#10266=CYLINDRICAL_SURFACE('',#10265,0.6);
#10267=ORIENTED_EDGE('',*,*,#9655,.F.);
#10268=ORIENTED_EDGE('',*,*,#9585,.T.);
#10269=ORIENTED_EDGE('',*,*,#9685,.F.);
#10270=ORIENTED_EDGE('',*,*,#9702,.F.);
#10271=EDGE_LOOP('',(#10267,#10268,#10269,#10270));
#10272=FACE_BOUND('',#10271,.T.);
#10273=ADVANCED_FACE('',(#10272),#10266,.T.);
#10274=CARTESIAN_POINT('',(-0.65,-1.6,50.3));
#10275=DIRECTION('',(0.,-1.,0.));
#10276=DIRECTION('',(0.,0.,1.));
#10277=AXIS2_PLACEMENT_3D('',#10274,#10275,#10276);
#10278=PLANE('',#10277);
#10279=ORIENTED_EDGE('',*,*,#74,.F.);
#10280=CARTESIAN_POINT('',(-0.65,-1.6,50.7));
#10281=VERTEX_POINT('',#10280);
#10282=CARTESIAN_POINT('',(-0.65,-1.6,50.7));
#10283=DIRECTION('',(1.,0.,-0.));
#10284=VECTOR('',#10283,1.4);
#10285=LINE('',#10282,#10284);
#10286=EDGE_CURVE('',#10281,#67,#10285,.T.);
#10287=ORIENTED_EDGE('',*,*,#10286,.F.);
#10288=CARTESIAN_POINT('',(-0.65,-1.6,49.9));
#10289=VERTEX_POINT('',#10288);
#10290=CARTESIAN_POINT('',(-0.65,-1.6,50.7));
#10291=DIRECTION('',(-0.,0.,-1.));
#10292=VECTOR('',#10291,0.8);
#10293=LINE('',#10290,#10292);
#10294=EDGE_CURVE('',#10281,#10289,#10293,.T.);
#10295=ORIENTED_EDGE('',*,*,#10294,.T.);
#10296=CARTESIAN_POINT('',(-0.65,-1.6,49.9));
#10297=DIRECTION('',(1.,0.,-0.));
#10298=VECTOR('',#10297,1.4);
#10299=LINE('',#10296,#10298);
#10300=EDGE_CURVE('',#10289,#69,#10299,.T.);
#10301=ORIENTED_EDGE('',*,*,#10300,.T.);
#10302=EDGE_LOOP('',(#10279,#10287,#10295,#10301));
#10303=FACE_BOUND('',#10302,.T.);
#10304=ADVANCED_FACE('',(#10303),#10278,.T.);
#10305=CARTESIAN_POINT('',(-0.65,-6.,50.7));
#10306=DIRECTION('',(-0.,0.,-1.));
#10307=DIRECTION('',(-1.,0.,0.));
#10308=AXIS2_PLACEMENT_3D('',#10305,#10306,#10307);
#10309=PLANE('',#10308);
#10310=ORIENTED_EDGE('',*,*,#96,.F.);
#10311=CARTESIAN_POINT('',(-0.65,-10.4,50.7));
#10312=VERTEX_POINT('',#10311);
#10313=CARTESIAN_POINT('',(-0.65,-10.4,50.7));
#10314=DIRECTION('',(1.,0.,-0.));
#10315=VECTOR('',#10314,1.4);
#10316=LINE('',#10313,#10315);
#10317=EDGE_CURVE('',#10312,#85,#10316,.T.);
#10318=ORIENTED_EDGE('',*,*,#10317,.F.);
#10319=CARTESIAN_POINT('',(-0.65,-10.4,50.7));
#10320=DIRECTION('',(0.,1.,0.));
#10321=VECTOR('',#10320,8.8);
#10322=LINE('',#10319,#10321);
#10323=EDGE_CURVE('',#10312,#10281,#10322,.T.);
#10324=ORIENTED_EDGE('',*,*,#10323,.T.);
#10325=ORIENTED_EDGE('',*,*,#10286,.T.);
#10326=EDGE_LOOP('',(#10310,#10318,#10324,#10325));
#10327=FACE_BOUND('',#10326,.T.);
#10328=ADVANCED_FACE('',(#10327),#10309,.T.);
#10329=CARTESIAN_POINT('',(-0.65,-10.4,50.3));
#10330=DIRECTION('',(0.,1.,0.));
#10331=DIRECTION('',(-0.,0.,-1.));
#10332=AXIS2_PLACEMENT_3D('',#10329,#10330,#10331);
#10333=PLANE('',#10332);
#10334=ORIENTED_EDGE('',*,*,#90,.F.);
#10335=CARTESIAN_POINT('',(-0.65,-10.4,49.9));
#10336=VERTEX_POINT('',#10335);
#10337=CARTESIAN_POINT('',(-0.65,-10.4,49.9));
#10338=DIRECTION('',(1.,0.,-0.));
#10339=VECTOR('',#10338,1.4);
#10340=LINE('',#10337,#10339);
#10341=EDGE_CURVE('',#10336,#77,#10340,.T.);
#10342=ORIENTED_EDGE('',*,*,#10341,.F.);
#10343=CARTESIAN_POINT('',(-0.65,-10.4,49.9));
#10344=DIRECTION('',(0.,0.,1.));
#10345=VECTOR('',#10344,0.8);
#10346=LINE('',#10343,#10345);
#10347=EDGE_CURVE('',#10336,#10312,#10346,.T.);
#10348=ORIENTED_EDGE('',*,*,#10347,.T.);
#10349=ORIENTED_EDGE('',*,*,#10317,.T.);
#10350=EDGE_LOOP('',(#10334,#10342,#10348,#10349));
#10351=FACE_BOUND('',#10350,.T.);
#10352=ADVANCED_FACE('',(#10351),#10333,.T.);
#10353=CARTESIAN_POINT('',(-0.65,-6.,49.9));
#10354=DIRECTION('',(0.,0.,1.));
#10355=DIRECTION('',(1.,0.,-0.));
#10356=AXIS2_PLACEMENT_3D('',#10353,#10354,#10355);
#10357=PLANE('',#10356);
#10358=ORIENTED_EDGE('',*,*,#82,.F.);
#10359=ORIENTED_EDGE('',*,*,#10300,.F.);
#10360=CARTESIAN_POINT('',(-0.65,-1.6,49.9));
#10361=DIRECTION('',(0.,-1.,0.));
#10362=VECTOR('',#10361,8.8);
#10363=LINE('',#10360,#10362);
#10364=EDGE_CURVE('',#10289,#10336,#10363,.T.);
#10365=ORIENTED_EDGE('',*,*,#10364,.T.);
#10366=ORIENTED_EDGE('',*,*,#10341,.T.);
#10367=EDGE_LOOP('',(#10358,#10359,#10365,#10366));
#10368=FACE_BOUND('',#10367,.T.);
#10369=ADVANCED_FACE('',(#10368),#10357,.T.);
#10370=CARTESIAN_POINT('',(-0.65,0.,49.8));
#10371=DIRECTION('',(1.,0.,-0.));
#10372=DIRECTION('',(0.,1.,0.));
#10373=AXIS2_PLACEMENT_3D('',#10370,#10371,#10372);
#10374=PLANE('',#10373);
#10375=ORIENTED_EDGE('',*,*,#10294,.F.);
#10376=ORIENTED_EDGE('',*,*,#10323,.F.);
#10377=ORIENTED_EDGE('',*,*,#10347,.F.);
#10378=ORIENTED_EDGE('',*,*,#10364,.F.);
#10379=EDGE_LOOP('',(#10375,#10376,#10377,#10378));
#10380=FACE_BOUND('',#10379,.T.);
#10381=ADVANCED_FACE('',(#10380),#10374,.T.);
#10382=CLOSED_SHELL('',(#100,#555,#618,#649,#673,#777,#810,#841,#920,#944,#1053,#1196,#1213,#1235,#1252,#1276,#1293,#1315,#1327,#1349,#1366,#1383,#1400,#1417,#1429,#1451,
#1468,#1480,#1492,#1509,#1521,#1533,#1550,#1559,#1599,#1630,#1661,#1829,#1897,#2007,#2136,#2231,#2271,#2334,#2365,#2405,#2468,#2499,#2811,#3317,#3351,
#3373,#3390,#3407,#3419,#3442,#3465,#3478,#3500,#3546,#3568,#3614,#3645,#3669,#3693,#3710,#3750,#3781,#3805,#3829,#3846,#3886,#3917,#3941,#3965,#3982,
#4022,#4053,#4077,#4101,#4118,#4158,#4189,#4213,#4237,#4254,#4285,#4309,#4333,#4350,#4390,#4421,#4445,#4469,#4486,#4526,#4557,#4581,#4605,#4622,#4662,
#4702,#4733,#4764,#4786,#4798,#4838,#4869,#4900,#4922,#4934,#4974,#5005,#5036,#5058,#5070,#5110,#5141,#5172,#5194,#5206,#5246,#5277,#5308,#5330,#5342,
#5382,#5413,#5444,#5466,#5478,#5518,#5549,#5580,#5602,#5614,#5654,#5685,#5716,#5738,#5750,#5785,#5806,#5841,#5862,#5897,#5918,#5960,#5970,#6012,#6022,
#6064,#6074,#6091,#6103,#6120,#6132,#6163,#6187,#6211,#6228,#6240,#6271,#6295,#6319,#6336,#6348,#6365,#6377,#6394,#6406,#6418,#6430,#6461,#6478,#6495,
#6507,#6531,#6555,#6572,#6584,#6615,#6639,#6663,#6680,#6692,#6732,#6763,#6794,#6826,#6850,#6875,#6899,#6923,#6940,#6962,#6982,#6994,#7011,#7028,#7045,
#7069,#7093,#7117,#7141,#7165,#7189,#7213,#7237,#7261,#7285,#7318,#7335,#7368,#7394,#7403,#7412,#7436,#7460,#7484,#7508,#7532,#7556,#7573,#7593,#7615,
#7632,#7649,#7661,#7683,#7700,#7717,#7729,#7751,#7768,#7785,#7797,#7819,#7836,#7853,#7865,#7887,#7904,#7921,#7933,#7955,#7972,#7989,#8001,#8023,#8040,
#8057,#8069,#8091,#8108,#8125,#8137,#8161,#8179,#8197,#8209,#8233,#8251,#8269,#8281,#8305,#8323,#8341,#8353,#8378,#8403,#8421,#8432,#8456,#8474,#8492,
#8504,#8528,#8546,#8564,#8576,#8600,#8618,#8636,#8648,#8672,#8690,#8708,#8720,#8760,#8791,#8822,#8860,#8891,#8915,#8932,#8950,#8962,#8993,#9018,#9042,
#9060,#9072,#9103,#9127,#9151,#9175,#9199,#9223,#9240,#9264,#9288,#9312,#9329,#9349,#9472,#9496,#9612,#9629,#9641,#9666,#9691,#9708,#9733,#9758,#9775,
#9800,#9825,#9842,#9867,#9892,#9909,#9934,#9959,#9976,#10001,#10026,#10043,#10068,#10093,#10110,#10135,#10160,#10177,#10189,#10201,#10213,#10225,#10237,#10249,#10261,
#10273,#10304,#10328,#10352,#10369,#10381));
#10383=MANIFOLD_SOLID_BREP('ESP-Board',#10382);
#10384=COLOUR_RGB('',0.627451003,0.627451003,0.643137276);
#10385=FILL_AREA_STYLE_COLOUR('',#10384);
#10386=FILL_AREA_STYLE('',(#10385));
#10387=SURFACE_STYLE_FILL_AREA(#10386);
#10388=SURFACE_SIDE_STYLE('',(#10387));
#10389=SURFACE_STYLE_USAGE(.BOTH.,#10388);
#10390=PRESENTATION_STYLE_ASSIGNMENT((#10389));
#26=STYLED_ITEM('',(#10390),#10383);
#16=SHAPE_REPRESENTATION('root',(#15),#10);
#17=ADVANCED_BREP_SHAPE_REPRESENTATION('root',(#10383),#10);
#10398=SHAPE_REPRESENTATION_RELATIONSHIP('','',#16,#17);
#10399=CARTESIAN_POINT('',(0.,0.,0.));
#10400=DIRECTION('',(0.,0.,1.));
#10401=DIRECTION('',(1.,0.,0.));
#10402=AXIS2_PLACEMENT_3D('',#10399,#10400,#10401);
#10404=MAPPED_ITEM('',#10403,#10402);
#10403=REPRESENTATION_MAP(#10402,#16);
#10405=APPLICATION_CONTEXT('Managed model based 3d engineering');
#10406=APPLICATION_PROTOCOL_DEFINITION('international standard','ap242_managed_model_based_3d_engineering',2014,#10405);
#10407=PRODUCT_CONTEXT('',#10405,'mechanical');
#10408=PRODUCT_DEFINITION_CONTEXT('part definition',#10405,'design');
#24=PRODUCT('root','root','',(#10407));
#10409=PRODUCT_RELATED_PRODUCT_CATEGORY('part','',(#24));
#10410=PRODUCT_DEFINITION_FORMATION_WITH_SPECIFIED_SOURCE('','',#24,.NOT_KNOWN.);
#25=PRODUCT_DEFINITION('design','',#10410,#10408);
#23=PRODUCT_DEFINITION_SHAPE('','',#25);
#10411=SHAPE_DEFINITION_REPRESENTATION(#23,#16);
#11=DRAUGHTING_MODEL('',(#10404),#10);
#10412=DESCRIPTIVE_REPRESENTATION_ITEM('KEY','/Users/colinostermann/Library/Containers/com.shapr3d.shapr/Data/tmp/7BAB3EAD-FA7D-4B7A-8C10-C42FE076048A.tmp');
#10413=PROPERTY_DEFINITION('KEY','',#25);
#10414=REPRESENTATION('',(#10412),#10);
#10415=PROPERTY_DEFINITION_REPRESENTATION(#10413,#10414);
#10416=GENERAL_PROPERTY('','KEY','');
#10417=GENERAL_PROPERTY_ASSOCIATION('','',#10416,#10413);
#1=MECHANICAL_DESIGN_GEOMETRIC_PRESENTATION_REPRESENTATION('',(#26),#10);
ENDSEC;
END-ISO-10303-21;
