ISO-10303-21;
HEADER;

/* File generated by Shapr3D Version 26.100.0.11031 */

FILE_DESCRIPTION(('HOOPS Exchange Step'),'2;1');

FILE_NAME('/Users/colinostermann/Library/Containers/com.shapr3d.shapr/Data/tmp/export/temp_export',
'2026-07-13T01:07:23-22:00',
('colinostermann'),
('Shapr3D Limited'),
'HOOPS Exchange 2026.3',
'Shapr3D',
'Authorized');

FILE_SCHEMA( ('AP242_MANAGED_MODEL_BASED_3D_ENGINEERING_MIM_LF {1 0 10303 442 1 1 4}') );

ENDSEC;

DATA;
#3=(NAMED_UNIT(*)PLANE_ANGLE_UNIT()SI_UNIT($,.RADIAN.));
#4=PLANE_ANGLE_MEASURE_WITH_UNIT(PLANE_ANGLE_MEASURE(0.0174532925),#3);
#5=(CONVERSION_BASED_UNIT('DEGREE',#4)NAMED_UNIT(#6)PLANE_ANGLE_UNIT());
#6=DIMENSIONAL_EXPONENTS(0.,0.,0.,0.,0.,0.,0.);
#7=(NAMED_UNIT(*)SI_UNIT($,.STERADIAN.)SOLID_ANGLE_UNIT());
#8=(LENGTH_UNIT()NAMED_UNIT(*)SI_UNIT(.MILLI.,.METRE.));
#9=UNCERTAINTY_MEASURE_WITH_UNIT(LENGTH_MEASURE(1.000000E-05),#8,'DISTANCE_ACCURACY_VALUE','Maximum Tolerance applied to model');
#10=(GEOMETRIC_REPRESENTATION_CONTEXT(3)GLOBAL_UNCERTAINTY_ASSIGNED_CONTEXT((#9))GLOBAL_UNIT_ASSIGNED_CONTEXT((#8,#5,#7))REPRESENTATION_CONTEXT('','root'));
#12=CARTESIAN_POINT('',(0.,0.,0.));
#13=DIRECTION('',(0.,0.,1.));
#14=DIRECTION('',(1.,0.,0.));
#15=AXIS2_PLACEMENT_3D('TS3D_PRODUCT_CSYS',#12,#13,#14);
#27=CARTESIAN_POINT('',(-3.,-36.,90.36));
#28=DIRECTION('',(0.,1.,0.));
#29=DIRECTION('',(0.,-0.,1.));
#30=AXIS2_PLACEMENT_3D('',#27,#28,#29);
#31=PLANE('',#30);
#32=CARTESIAN_POINT('',(-2.6,-36.,92.06));
#33=VERTEX_POINT('',#32);
#34=CARTESIAN_POINT('',(-2.6,-36.,93.36));
#35=VERTEX_POINT('',#34);
#36=CARTESIAN_POINT('',(-2.6,-36.,92.06));
#37=DIRECTION('',(0.,-0.,1.));
#38=VECTOR('',#37,1.3);
#39=LINE('',#36,#38);
#40=EDGE_CURVE('',#33,#35,#39,.T.);
#41=ORIENTED_EDGE('',*,*,#40,.F.);
#42=CARTESIAN_POINT('',(-3.4,-36.,92.06));
#43=VERTEX_POINT('',#42);
#44=CARTESIAN_POINT('',(-2.6,-36.,92.06));
#45=DIRECTION('',(-1.,0.,0.));
#46=VECTOR('',#45,0.8);
#47=LINE('',#44,#46);
#48=EDGE_CURVE('',#33,#43,#47,.T.);
#49=ORIENTED_EDGE('',*,*,#48,.T.);
#50=CARTESIAN_POINT('',(-3.4,-36.,93.36));
#51=VERTEX_POINT('',#50);
#52=CARTESIAN_POINT('',(-3.4,-36.,92.06));
#53=DIRECTION('',(0.,-0.,1.));
#54=VECTOR('',#53,1.3);
#55=LINE('',#52,#54);
#56=EDGE_CURVE('',#43,#51,#55,.T.);
#57=ORIENTED_EDGE('',*,*,#56,.T.);
#58=CARTESIAN_POINT('',(-2.6,-36.,93.36));
#59=DIRECTION('',(-1.,0.,0.));
#60=VECTOR('',#59,0.8);
#61=LINE('',#58,#60);
#62=EDGE_CURVE('',#35,#51,#61,.T.);
#63=ORIENTED_EDGE('',*,*,#62,.F.);
#64=EDGE_LOOP('',(#41,#49,#57,#63));
#65=FACE_BOUND('',#64,.T.);
#66=ADVANCED_FACE('',(#65),#31,.T.);
#67=CARTESIAN_POINT('',(0.,-36.,90.36));
#68=DIRECTION('',(0.,1.,0.));
#69=DIRECTION('',(0.,-0.,1.));
#70=AXIS2_PLACEMENT_3D('',#67,#68,#69);
#71=PLANE('',#70);
#72=CARTESIAN_POINT('',(0.4,-36.,92.06));
#73=VERTEX_POINT('',#72);
#74=CARTESIAN_POINT('',(0.4,-36.,93.36));
#75=VERTEX_POINT('',#74);
#76=CARTESIAN_POINT('',(0.4,-36.,92.06));
#77=DIRECTION('',(0.,-0.,1.));
#78=VECTOR('',#77,1.3);
#79=LINE('',#76,#78);
#80=EDGE_CURVE('',#73,#75,#79,.T.);
#81=ORIENTED_EDGE('',*,*,#80,.F.);
#82=CARTESIAN_POINT('',(-0.4,-36.,92.06));
#83=VERTEX_POINT('',#82);
#84=CARTESIAN_POINT('',(0.4,-36.,92.06));
#85=DIRECTION('',(-1.,0.,0.));
#86=VECTOR('',#85,0.8);
#87=LINE('',#84,#86);
#88=EDGE_CURVE('',#73,#83,#87,.T.);
#89=ORIENTED_EDGE('',*,*,#88,.T.);
#90=CARTESIAN_POINT('',(-0.4,-36.,93.36));
#91=VERTEX_POINT('',#90);
#92=CARTESIAN_POINT('',(-0.4,-36.,92.06));
#93=DIRECTION('',(0.,-0.,1.));
#94=VECTOR('',#93,1.3);
#95=LINE('',#92,#94);
#96=EDGE_CURVE('',#83,#91,#95,.T.);
#97=ORIENTED_EDGE('',*,*,#96,.T.);
#98=CARTESIAN_POINT('',(0.4,-36.,93.36));
#99=DIRECTION('',(-1.,0.,0.));
#100=VECTOR('',#99,0.8);
#101=LINE('',#98,#100);
#102=EDGE_CURVE('',#75,#91,#101,.T.);
#103=ORIENTED_EDGE('',*,*,#102,.F.);
#104=EDGE_LOOP('',(#81,#89,#97,#103));
#105=FACE_BOUND('',#104,.T.);
#106=ADVANCED_FACE('',(#105),#71,.T.);
#107=CARTESIAN_POINT('',(3.,-36.,90.36));
#108=DIRECTION('',(0.,1.,0.));
#109=DIRECTION('',(0.,-0.,1.));
#110=AXIS2_PLACEMENT_3D('',#107,#108,#109);
#111=PLANE('',#110);
#112=CARTESIAN_POINT('',(3.4,-36.,92.06));
#113=VERTEX_POINT('',#112);
#114=CARTESIAN_POINT('',(3.4,-36.,93.36));
#115=VERTEX_POINT('',#114);
#116=CARTESIAN_POINT('',(3.4,-36.,92.06));
#117=DIRECTION('',(0.,-0.,1.));
#118=VECTOR('',#117,1.3);
#119=LINE('',#116,#118);
#120=EDGE_CURVE('',#113,#115,#119,.T.);
#121=ORIENTED_EDGE('',*,*,#120,.F.);
#122=CARTESIAN_POINT('',(2.6,-36.,92.06));
#123=VERTEX_POINT('',#122);
#124=CARTESIAN_POINT('',(3.4,-36.,92.06));
#125=DIRECTION('',(-1.,0.,0.));
#126=VECTOR('',#125,0.8);
#127=LINE('',#124,#126);
#128=EDGE_CURVE('',#113,#123,#127,.T.);
#129=ORIENTED_EDGE('',*,*,#128,.T.);
#130=CARTESIAN_POINT('',(2.6,-36.,93.36));
#131=VERTEX_POINT('',#130);
#132=CARTESIAN_POINT('',(2.6,-36.,92.06));
#133=DIRECTION('',(0.,-0.,1.));
#134=VECTOR('',#133,1.3);
#135=LINE('',#132,#134);
#136=EDGE_CURVE('',#123,#131,#135,.T.);
#137=ORIENTED_EDGE('',*,*,#136,.T.);
#138=CARTESIAN_POINT('',(3.4,-36.,93.36));
#139=DIRECTION('',(-1.,0.,0.));
#140=VECTOR('',#139,0.8);
#141=LINE('',#138,#140);
#142=EDGE_CURVE('',#115,#131,#141,.T.);
#143=ORIENTED_EDGE('',*,*,#142,.F.);
#144=EDGE_LOOP('',(#121,#129,#137,#143));
#145=FACE_BOUND('',#144,.T.);
#146=ADVANCED_FACE('',(#145),#111,.T.);
#147=CARTESIAN_POINT('',(0.,-41.9,93.36));
#148=DIRECTION('',(0.,0.,-1.));
#149=DIRECTION('',(1.,0.,0.));
#150=AXIS2_PLACEMENT_3D('',#147,#148,#149);
#151=PLANE('',#150);
#152=CARTESIAN_POINT('',(4.4,-35.,93.36));
#153=VERTEX_POINT('',#152);
#154=CARTESIAN_POINT('',(4.4,-37.8,93.36));
#155=VERTEX_POINT('',#154);
#156=CARTESIAN_POINT('',(4.4,-35.,93.36));
#157=DIRECTION('',(0.,-1.,-0.));
#158=VECTOR('',#157,2.8);
#159=LINE('',#156,#158);
#160=EDGE_CURVE('',#153,#155,#159,.T.);
#161=ORIENTED_EDGE('',*,*,#160,.T.);
#162=CARTESIAN_POINT('',(1.6,-37.8,93.36));
#163=VERTEX_POINT('',#162);
#164=CARTESIAN_POINT('',(4.4,-37.8,93.36));
#165=DIRECTION('',(-1.,0.,0.));
#166=VECTOR('',#165,2.8);
#167=LINE('',#164,#166);
#168=EDGE_CURVE('',#155,#163,#167,.T.);
#169=ORIENTED_EDGE('',*,*,#168,.T.);
#170=CARTESIAN_POINT('',(1.6,-35.,93.36));
#171=VERTEX_POINT('',#170);
#172=CARTESIAN_POINT('',(1.6,-37.8,93.36));
#173=DIRECTION('',(0.,1.,0.));
#174=VECTOR('',#173,2.8);
#175=LINE('',#172,#174);
#176=EDGE_CURVE('',#163,#171,#175,.T.);
#177=ORIENTED_EDGE('',*,*,#176,.T.);
#178=CARTESIAN_POINT('',(1.6,-35.,93.36));
#179=DIRECTION('',(1.,0.,-0.));
#180=VECTOR('',#179,2.8);
#181=LINE('',#178,#180);
#182=EDGE_CURVE('',#171,#153,#181,.T.);
#183=ORIENTED_EDGE('',*,*,#182,.T.);
#184=EDGE_LOOP('',(#161,#169,#177,#183));
#185=FACE_BOUND('',#184,.T.);
#186=CARTESIAN_POINT('',(2.6,-36.8,93.36));
#187=VERTEX_POINT('',#186);
#188=CARTESIAN_POINT('',(3.4,-36.8,93.36));
#189=VERTEX_POINT('',#188);
#190=CARTESIAN_POINT('',(2.6,-36.8,93.36));
#191=DIRECTION('',(1.,0.,-0.));
#192=VECTOR('',#191,0.8);
#193=LINE('',#190,#192);
#194=EDGE_CURVE('',#187,#189,#193,.T.);
#195=ORIENTED_EDGE('',*,*,#194,.T.);
#196=CARTESIAN_POINT('',(3.4,-36.8,93.36));
#197=DIRECTION('',(0.,1.,0.));
#198=VECTOR('',#197,0.8);
#199=LINE('',#196,#198);
#200=EDGE_CURVE('',#189,#115,#199,.T.);
#201=ORIENTED_EDGE('',*,*,#200,.T.);
#202=ORIENTED_EDGE('',*,*,#142,.T.);
#203=CARTESIAN_POINT('',(2.6,-36.,93.36));
#204=DIRECTION('',(0.,-1.,-0.));
#205=VECTOR('',#204,0.8);
#206=LINE('',#203,#205);
#207=EDGE_CURVE('',#131,#187,#206,.T.);
#208=ORIENTED_EDGE('',*,*,#207,.T.);
#209=EDGE_LOOP('',(#195,#201,#202,#208));
#210=FACE_BOUND('',#209,.T.);
#211=ADVANCED_FACE('',(#185,#210),#151,.T.);
#212=CARTESIAN_POINT('',(0.,-41.9,93.36));
#213=DIRECTION('',(0.,0.,-1.));
#214=DIRECTION('',(1.,0.,0.));
#215=AXIS2_PLACEMENT_3D('',#212,#213,#214);
#216=PLANE('',#215);
#217=CARTESIAN_POINT('',(1.4,-37.8,93.36));
#218=VERTEX_POINT('',#217);
#219=CARTESIAN_POINT('',(-1.4,-37.8,93.36));
#220=VERTEX_POINT('',#219);
#221=CARTESIAN_POINT('',(1.4,-37.8,93.36));
#222=DIRECTION('',(-1.,0.,0.));
#223=VECTOR('',#222,2.8);
#224=LINE('',#221,#223);
#225=EDGE_CURVE('',#218,#220,#224,.T.);
#226=ORIENTED_EDGE('',*,*,#225,.T.);
#227=CARTESIAN_POINT('',(-1.4,-35.,93.36));
#228=VERTEX_POINT('',#227);
#229=CARTESIAN_POINT('',(-1.4,-37.8,93.36));
#230=DIRECTION('',(0.,1.,0.));
#231=VECTOR('',#230,2.8);
#232=LINE('',#229,#231);
#233=EDGE_CURVE('',#220,#228,#232,.T.);
#234=ORIENTED_EDGE('',*,*,#233,.T.);
#235=CARTESIAN_POINT('',(1.4,-35.,93.36));
#236=VERTEX_POINT('',#235);
#237=CARTESIAN_POINT('',(-1.4,-35.,93.36));
#238=DIRECTION('',(1.,0.,-0.));
#239=VECTOR('',#238,2.8);
#240=LINE('',#237,#239);
#241=EDGE_CURVE('',#228,#236,#240,.T.);
#242=ORIENTED_EDGE('',*,*,#241,.T.);
#243=CARTESIAN_POINT('',(1.4,-35.,93.36));
#244=DIRECTION('',(0.,-1.,-0.));
#245=VECTOR('',#244,2.8);
#246=LINE('',#243,#245);
#247=EDGE_CURVE('',#236,#218,#246,.T.);
#248=ORIENTED_EDGE('',*,*,#247,.T.);
#249=EDGE_LOOP('',(#226,#234,#242,#248));
#250=FACE_BOUND('',#249,.T.);
#251=CARTESIAN_POINT('',(-0.4,-36.8,93.36));
#252=VERTEX_POINT('',#251);
#253=CARTESIAN_POINT('',(0.4,-36.8,93.36));
#254=VERTEX_POINT('',#253);
#255=CARTESIAN_POINT('',(-0.4,-36.8,93.36));
#256=DIRECTION('',(1.,0.,-0.));
#257=VECTOR('',#256,0.8);
#258=LINE('',#255,#257);
#259=EDGE_CURVE('',#252,#254,#258,.T.);
#260=ORIENTED_EDGE('',*,*,#259,.T.);
#261=CARTESIAN_POINT('',(0.4,-36.8,93.36));
#262=DIRECTION('',(0.,1.,0.));
#263=VECTOR('',#262,0.8);
#264=LINE('',#261,#263);
#265=EDGE_CURVE('',#254,#75,#264,.T.);
#266=ORIENTED_EDGE('',*,*,#265,.T.);
#267=ORIENTED_EDGE('',*,*,#102,.T.);
#268=CARTESIAN_POINT('',(-0.4,-36.,93.36));
#269=DIRECTION('',(0.,-1.,-0.));
#270=VECTOR('',#269,0.8);
#271=LINE('',#268,#270);
#272=EDGE_CURVE('',#91,#252,#271,.T.);
#273=ORIENTED_EDGE('',*,*,#272,.T.);
#274=EDGE_LOOP('',(#260,#266,#267,#273));
#275=FACE_BOUND('',#274,.T.);
#276=ADVANCED_FACE('',(#250,#275),#216,.T.);
#277=CARTESIAN_POINT('',(0.,-41.9,93.36));
#278=DIRECTION('',(0.,0.,-1.));
#279=DIRECTION('',(1.,0.,0.));
#280=AXIS2_PLACEMENT_3D('',#277,#278,#279);
#281=PLANE('',#280);
#282=CARTESIAN_POINT('',(-1.6,-37.8,93.36));
#283=VERTEX_POINT('',#282);
#284=CARTESIAN_POINT('',(-4.4,-37.8,93.36));
#285=VERTEX_POINT('',#284);
#286=CARTESIAN_POINT('',(-1.6,-37.8,93.36));
#287=DIRECTION('',(-1.,0.,0.));
#288=VECTOR('',#287,2.8);
#289=LINE('',#286,#288);
#290=EDGE_CURVE('',#283,#285,#289,.T.);
#291=ORIENTED_EDGE('',*,*,#290,.T.);
#292=CARTESIAN_POINT('',(-4.4,-35.,93.36));
#293=VERTEX_POINT('',#292);
#294=CARTESIAN_POINT('',(-4.4,-37.8,93.36));
#295=DIRECTION('',(0.,1.,0.));
#296=VECTOR('',#295,2.8);
#297=LINE('',#294,#296);
#298=EDGE_CURVE('',#285,#293,#297,.T.);
#299=ORIENTED_EDGE('',*,*,#298,.T.);
#300=CARTESIAN_POINT('',(-1.6,-35.,93.36));
#301=VERTEX_POINT('',#300);
#302=CARTESIAN_POINT('',(-4.4,-35.,93.36));
#303=DIRECTION('',(1.,0.,-0.));
#304=VECTOR('',#303,2.8);
#305=LINE('',#302,#304);
#306=EDGE_CURVE('',#293,#301,#305,.T.);
#307=ORIENTED_EDGE('',*,*,#306,.T.);
#308=CARTESIAN_POINT('',(-1.6,-35.,93.36));
#309=DIRECTION('',(0.,-1.,-0.));
#310=VECTOR('',#309,2.8);
#311=LINE('',#308,#310);
#312=EDGE_CURVE('',#301,#283,#311,.T.);
#313=ORIENTED_EDGE('',*,*,#312,.T.);
#314=EDGE_LOOP('',(#291,#299,#307,#313));
#315=FACE_BOUND('',#314,.T.);
#316=CARTESIAN_POINT('',(-3.4,-36.8,93.36));
#317=VERTEX_POINT('',#316);
#318=CARTESIAN_POINT('',(-2.6,-36.8,93.36));
#319=VERTEX_POINT('',#318);
#320=CARTESIAN_POINT('',(-3.4,-36.8,93.36));
#321=DIRECTION('',(1.,0.,-0.));
#322=VECTOR('',#321,0.8);
#323=LINE('',#320,#322);
#324=EDGE_CURVE('',#317,#319,#323,.T.);
#325=ORIENTED_EDGE('',*,*,#324,.T.);
#326=CARTESIAN_POINT('',(-2.6,-36.8,93.36));
#327=DIRECTION('',(0.,1.,0.));
#328=VECTOR('',#327,0.8);
#329=LINE('',#326,#328);
#330=EDGE_CURVE('',#319,#35,#329,.T.);
#331=ORIENTED_EDGE('',*,*,#330,.T.);
#332=ORIENTED_EDGE('',*,*,#62,.T.);
#333=CARTESIAN_POINT('',(-3.4,-36.,93.36));
#334=DIRECTION('',(0.,-1.,-0.));
#335=VECTOR('',#334,0.8);
#336=LINE('',#333,#335);
#337=EDGE_CURVE('',#51,#317,#336,.T.);
#338=ORIENTED_EDGE('',*,*,#337,.T.);
#339=EDGE_LOOP('',(#325,#331,#332,#338));
#340=FACE_BOUND('',#339,.T.);
#341=ADVANCED_FACE('',(#315,#340),#281,.T.);
#342=CARTESIAN_POINT('',(0.,-41.9,96.36));
#343=DIRECTION('',(0.,0.,-1.));
#344=DIRECTION('',(1.,0.,0.));
#345=AXIS2_PLACEMENT_3D('',#342,#343,#344);
#346=PLANE('',#345);
#347=CARTESIAN_POINT('',(-5.45,-34.45,96.36));
#348=VERTEX_POINT('',#347);
#349=CARTESIAN_POINT('',(5.45,-34.45,96.36));
#350=VERTEX_POINT('',#349);
#351=CARTESIAN_POINT('',(-5.45,-34.45,96.36));
#352=DIRECTION('',(1.,-0.,-0.));
#353=VECTOR('',#352,10.9);
#354=LINE('',#351,#353);
#355=EDGE_CURVE('',#348,#350,#354,.T.);
#356=ORIENTED_EDGE('',*,*,#355,.T.);
#357=CARTESIAN_POINT('',(5.45,-49.35,96.36));
#358=VERTEX_POINT('',#357);
#359=CARTESIAN_POINT('',(5.45,-34.45,96.36));
#360=DIRECTION('',(-0.,-1.,-0.));
#361=VECTOR('',#360,14.9);
#362=LINE('',#359,#361);
#363=EDGE_CURVE('',#350,#358,#362,.T.);
#364=ORIENTED_EDGE('',*,*,#363,.T.);
#365=CARTESIAN_POINT('',(-5.45,-49.35,96.36));
#366=VERTEX_POINT('',#365);
#367=CARTESIAN_POINT('',(5.45,-49.35,96.36));
#368=DIRECTION('',(-1.,0.,0.));
#369=VECTOR('',#368,10.9);
#370=LINE('',#367,#369);
#371=EDGE_CURVE('',#358,#366,#370,.T.);
#372=ORIENTED_EDGE('',*,*,#371,.T.);
#373=CARTESIAN_POINT('',(-5.45,-49.35,96.36));
#374=DIRECTION('',(0.,1.,0.));
#375=VECTOR('',#374,14.9);
#376=LINE('',#373,#375);
#377=EDGE_CURVE('',#366,#348,#376,.T.);
#378=ORIENTED_EDGE('',*,*,#377,.T.);
#379=EDGE_LOOP('',(#356,#364,#372,#378));
#380=FACE_BOUND('',#379,.T.);
#381=CARTESIAN_POINT('',(-4.25,-46.9,96.36));
#382=VERTEX_POINT('',#381);
#383=CARTESIAN_POINT('',(-4.25,-45.9,96.36));
#384=VERTEX_POINT('',#383);
#385=CARTESIAN_POINT('',(-4.25,-46.9,96.36));
#386=DIRECTION('',(0.,1.,0.));
#387=VECTOR('',#386,1.);
#388=LINE('',#385,#387);
#389=EDGE_CURVE('',#382,#384,#388,.T.);
#390=ORIENTED_EDGE('',*,*,#389,.T.);
#391=CARTESIAN_POINT('',(-4.75,-45.9,96.36));
#392=VERTEX_POINT('',#391);
#393=CARTESIAN_POINT('',(-4.25,-45.9,96.36));
#394=DIRECTION('',(-1.,0.,0.));
#395=VECTOR('',#394,0.5);
#396=LINE('',#393,#395);
#397=EDGE_CURVE('',#384,#392,#396,.T.);
#398=ORIENTED_EDGE('',*,*,#397,.T.);
#399=CARTESIAN_POINT('',(-4.75,-46.9,96.36));
#400=VERTEX_POINT('',#399);
#401=CARTESIAN_POINT('',(-4.75,-45.9,96.36));
#402=DIRECTION('',(0.,-1.,-0.));
#403=VECTOR('',#402,1.);
#404=LINE('',#401,#403);
#405=EDGE_CURVE('',#392,#400,#404,.T.);
#406=ORIENTED_EDGE('',*,*,#405,.T.);
#407=CARTESIAN_POINT('',(-4.75,-46.9,96.36));
#408=DIRECTION('',(1.,0.,-0.));
#409=VECTOR('',#408,0.5);
#410=LINE('',#407,#409);
#411=EDGE_CURVE('',#400,#382,#410,.T.);
#412=ORIENTED_EDGE('',*,*,#411,.T.);
#413=EDGE_LOOP('',(#390,#398,#406,#412));
#414=FACE_BOUND('',#413,.T.);
#415=CARTESIAN_POINT('',(-4.25,-39.9,96.36));
#416=VERTEX_POINT('',#415);
#417=CARTESIAN_POINT('',(-4.25,-38.9,96.36));
#418=VERTEX_POINT('',#417);
#419=CARTESIAN_POINT('',(-4.25,-39.9,96.36));
#420=DIRECTION('',(0.,1.,0.));
#421=VECTOR('',#420,1.);
#422=LINE('',#419,#421);
#423=EDGE_CURVE('',#416,#418,#422,.T.);
#424=ORIENTED_EDGE('',*,*,#423,.T.);
#425=CARTESIAN_POINT('',(-4.75,-38.9,96.36));
#426=VERTEX_POINT('',#425);
#427=CARTESIAN_POINT('',(-4.25,-38.9,96.36));
#428=DIRECTION('',(-1.,0.,0.));
#429=VECTOR('',#428,0.5);
#430=LINE('',#427,#429);
#431=EDGE_CURVE('',#418,#426,#430,.T.);
#432=ORIENTED_EDGE('',*,*,#431,.T.);
#433=CARTESIAN_POINT('',(-4.75,-39.9,96.36));
#434=VERTEX_POINT('',#433);
#435=CARTESIAN_POINT('',(-4.75,-38.9,96.36));
#436=DIRECTION('',(-0.,-1.,-0.));
#437=VECTOR('',#436,1.);
#438=LINE('',#435,#437);
#439=EDGE_CURVE('',#426,#434,#438,.T.);
#440=ORIENTED_EDGE('',*,*,#439,.T.);
#441=CARTESIAN_POINT('',(-4.75,-39.9,96.36));
#442=DIRECTION('',(1.,0.,-0.));
#443=VECTOR('',#442,0.5);
#444=LINE('',#441,#443);
#445=EDGE_CURVE('',#434,#416,#444,.T.);
#446=ORIENTED_EDGE('',*,*,#445,.T.);
#447=EDGE_LOOP('',(#424,#432,#440,#446));
#448=FACE_BOUND('',#447,.T.);
#449=CARTESIAN_POINT('',(2.1,-42.1,96.36));
#450=VERTEX_POINT('',#449);
#451=CARTESIAN_POINT('',(2.1,-41.7,96.36));
#452=VERTEX_POINT('',#451);
#453=CARTESIAN_POINT('',(2.1,-42.1,96.36));
#454=DIRECTION('',(0.,1.,0.));
#455=VECTOR('',#454,0.4);
#456=LINE('',#453,#455);
#457=EDGE_CURVE('',#450,#452,#456,.T.);
#458=ORIENTED_EDGE('',*,*,#457,.T.);
#459=CARTESIAN_POINT('',(1.7,-41.7,96.36));
#460=VERTEX_POINT('',#459);
#461=CARTESIAN_POINT('',(2.1,-41.7,96.36));
#462=DIRECTION('',(-1.,0.,0.));
#463=VECTOR('',#462,0.4);
#464=LINE('',#461,#463);
#465=EDGE_CURVE('',#452,#460,#464,.T.);
#466=ORIENTED_EDGE('',*,*,#465,.T.);
#467=CARTESIAN_POINT('',(1.7,-42.1,96.36));
#468=VERTEX_POINT('',#467);
#469=CARTESIAN_POINT('',(1.7,-41.7,96.36));
#470=DIRECTION('',(0.,-1.,-0.));
#471=VECTOR('',#470,0.4);
#472=LINE('',#469,#471);
#473=EDGE_CURVE('',#460,#468,#472,.T.);
#474=ORIENTED_EDGE('',*,*,#473,.T.);
#475=CARTESIAN_POINT('',(1.7,-42.1,96.36));
#476=DIRECTION('',(1.,0.,-0.));
#477=VECTOR('',#476,0.4);
#478=LINE('',#475,#477);
#479=EDGE_CURVE('',#468,#450,#478,.T.);
#480=ORIENTED_EDGE('',*,*,#479,.T.);
#481=EDGE_LOOP('',(#458,#466,#474,#480));
#482=FACE_BOUND('',#481,.T.);
#483=CARTESIAN_POINT('',(-0.8,-42.1,96.36));
#484=VERTEX_POINT('',#483);
#485=CARTESIAN_POINT('',(-0.8,-41.7,96.36));
#486=VERTEX_POINT('',#485);
#487=CARTESIAN_POINT('',(-0.8,-42.1,96.36));
#488=DIRECTION('',(0.,1.,0.));
#489=VECTOR('',#488,0.4);
#490=LINE('',#487,#489);
#491=EDGE_CURVE('',#484,#486,#490,.T.);
#492=ORIENTED_EDGE('',*,*,#491,.T.);
#493=CARTESIAN_POINT('',(-1.2,-41.7,96.36));
#494=VERTEX_POINT('',#493);
#495=CARTESIAN_POINT('',(-0.8,-41.7,96.36));
#496=DIRECTION('',(-1.,0.,0.));
#497=VECTOR('',#496,0.4);
#498=LINE('',#495,#497);
#499=EDGE_CURVE('',#486,#494,#498,.T.);
#500=ORIENTED_EDGE('',*,*,#499,.T.);
#501=CARTESIAN_POINT('',(-1.2,-42.1,96.36));
#502=VERTEX_POINT('',#501);
#503=CARTESIAN_POINT('',(-1.2,-41.7,96.36));
#504=DIRECTION('',(0.,-1.,-0.));
#505=VECTOR('',#504,0.4);
#506=LINE('',#503,#505);
#507=EDGE_CURVE('',#494,#502,#506,.T.);
#508=ORIENTED_EDGE('',*,*,#507,.T.);
#509=CARTESIAN_POINT('',(-1.2,-42.1,96.36));
#510=DIRECTION('',(1.,0.,-0.));
#511=VECTOR('',#510,0.4);
#512=LINE('',#509,#511);
#513=EDGE_CURVE('',#502,#484,#512,.T.);
#514=ORIENTED_EDGE('',*,*,#513,.T.);
#515=EDGE_LOOP('',(#492,#500,#508,#514));
#516=FACE_BOUND('',#515,.T.);
#517=CARTESIAN_POINT('',(-1.7,-42.1,96.36));
#518=VERTEX_POINT('',#517);
#519=CARTESIAN_POINT('',(-1.7,-41.7,96.36));
#520=VERTEX_POINT('',#519);
#521=CARTESIAN_POINT('',(-1.7,-42.1,96.36));
#522=DIRECTION('',(0.,1.,0.));
#523=VECTOR('',#522,0.4);
#524=LINE('',#521,#523);
#525=EDGE_CURVE('',#518,#520,#524,.T.);
#526=ORIENTED_EDGE('',*,*,#525,.T.);
#527=CARTESIAN_POINT('',(-2.1,-41.7,96.36));
#528=VERTEX_POINT('',#527);
#529=CARTESIAN_POINT('',(-1.7,-41.7,96.36));
#530=DIRECTION('',(-1.,0.,0.));
#531=VECTOR('',#530,0.4);
#532=LINE('',#529,#531);
#533=EDGE_CURVE('',#520,#528,#532,.T.);
#534=ORIENTED_EDGE('',*,*,#533,.T.);
#535=CARTESIAN_POINT('',(-2.1,-42.1,96.36));
#536=VERTEX_POINT('',#535);
#537=CARTESIAN_POINT('',(-2.1,-41.7,96.36));
#538=DIRECTION('',(0.,-1.,-0.));
#539=VECTOR('',#538,0.4);
#540=LINE('',#537,#539);
#541=EDGE_CURVE('',#528,#536,#540,.T.);
#542=ORIENTED_EDGE('',*,*,#541,.T.);
#543=CARTESIAN_POINT('',(-2.1,-42.1,96.36));
#544=DIRECTION('',(1.,0.,-0.));
#545=VECTOR('',#544,0.4);
#546=LINE('',#543,#545);
#547=EDGE_CURVE('',#536,#518,#546,.T.);
#548=ORIENTED_EDGE('',*,*,#547,.T.);
#549=EDGE_LOOP('',(#526,#534,#542,#548));
#550=FACE_BOUND('',#549,.T.);
#551=CARTESIAN_POINT('',(1.2,-42.1,96.36));
#552=VERTEX_POINT('',#551);
#553=CARTESIAN_POINT('',(1.2,-41.7,96.36));
#554=VERTEX_POINT('',#553);
#555=CARTESIAN_POINT('',(1.2,-42.1,96.36));
#556=DIRECTION('',(0.,1.,0.));
#557=VECTOR('',#556,0.4);
#558=LINE('',#555,#557);
#559=EDGE_CURVE('',#552,#554,#558,.T.);
#560=ORIENTED_EDGE('',*,*,#559,.T.);
#561=CARTESIAN_POINT('',(0.8,-41.7,96.36));
#562=VERTEX_POINT('',#561);
#563=CARTESIAN_POINT('',(1.2,-41.7,96.36));
#564=DIRECTION('',(-1.,0.,0.));
#565=VECTOR('',#564,0.4);
#566=LINE('',#563,#565);
#567=EDGE_CURVE('',#554,#562,#566,.T.);
#568=ORIENTED_EDGE('',*,*,#567,.T.);
#569=CARTESIAN_POINT('',(0.8,-42.1,96.36));
#570=VERTEX_POINT('',#569);
#571=CARTESIAN_POINT('',(0.8,-41.7,96.36));
#572=DIRECTION('',(0.,-1.,-0.));
#573=VECTOR('',#572,0.4);
#574=LINE('',#571,#573);
#575=EDGE_CURVE('',#562,#570,#574,.T.);
#576=ORIENTED_EDGE('',*,*,#575,.T.);
#577=CARTESIAN_POINT('',(0.8,-42.1,96.36));
#578=DIRECTION('',(1.,0.,-0.));
#579=VECTOR('',#578,0.4);
#580=LINE('',#577,#579);
#581=EDGE_CURVE('',#570,#552,#580,.T.);
#582=ORIENTED_EDGE('',*,*,#581,.T.);
#583=EDGE_LOOP('',(#560,#568,#576,#582));
#584=FACE_BOUND('',#583,.T.);
#585=CARTESIAN_POINT('',(4.5,-46.4,96.36));
#586=VERTEX_POINT('',#585);
#587=CARTESIAN_POINT('',(4.5,-45.4,96.36));
#588=VERTEX_POINT('',#587);
#589=CARTESIAN_POINT('',(4.5,-46.4,96.36));
#590=DIRECTION('',(0.,1.,0.));
#591=VECTOR('',#590,1.);
#592=LINE('',#589,#591);
#593=EDGE_CURVE('',#586,#588,#592,.T.);
#594=ORIENTED_EDGE('',*,*,#593,.T.);
#595=CARTESIAN_POINT('',(3.5,-45.4,96.36));
#596=VERTEX_POINT('',#595);
#597=CARTESIAN_POINT('',(4.5,-45.4,96.36));
#598=DIRECTION('',(-1.,0.,0.));
#599=VECTOR('',#598,1.);
#600=LINE('',#597,#599);
#601=EDGE_CURVE('',#588,#596,#600,.T.);
#602=ORIENTED_EDGE('',*,*,#601,.T.);
#603=CARTESIAN_POINT('',(3.5,-46.4,96.36));
#604=VERTEX_POINT('',#603);
#605=CARTESIAN_POINT('',(3.5,-45.4,96.36));
#606=DIRECTION('',(0.,-1.,-0.));
#607=VECTOR('',#606,1.);
#608=LINE('',#605,#607);
#609=EDGE_CURVE('',#596,#604,#608,.T.);
#610=ORIENTED_EDGE('',*,*,#609,.T.);
#611=CARTESIAN_POINT('',(3.5,-46.4,96.36));
#612=DIRECTION('',(1.,0.,-0.));
#613=VECTOR('',#612,1.);
#614=LINE('',#611,#613);
#615=EDGE_CURVE('',#604,#586,#614,.T.);
#616=ORIENTED_EDGE('',*,*,#615,.T.);
#617=EDGE_LOOP('',(#594,#602,#610,#616));
#618=FACE_BOUND('',#617,.T.);
#619=CARTESIAN_POINT('',(4.5,-42.4,96.36));
#620=VERTEX_POINT('',#619);
#621=CARTESIAN_POINT('',(4.5,-41.4,96.36));
#622=VERTEX_POINT('',#621);
#623=CARTESIAN_POINT('',(4.5,-42.4,96.36));
#624=DIRECTION('',(0.,1.,0.));
#625=VECTOR('',#624,1.);
#626=LINE('',#623,#625);
#627=EDGE_CURVE('',#620,#622,#626,.T.);
#628=ORIENTED_EDGE('',*,*,#627,.T.);
#629=CARTESIAN_POINT('',(3.5,-41.4,96.36));
#630=VERTEX_POINT('',#629);
#631=CARTESIAN_POINT('',(4.5,-41.4,96.36));
#632=DIRECTION('',(-1.,0.,0.));
#633=VECTOR('',#632,1.);
#634=LINE('',#631,#633);
#635=EDGE_CURVE('',#622,#630,#634,.T.);
#636=ORIENTED_EDGE('',*,*,#635,.T.);
#637=CARTESIAN_POINT('',(3.5,-42.4,96.36));
#638=VERTEX_POINT('',#637);
#639=CARTESIAN_POINT('',(3.5,-41.4,96.36));
#640=DIRECTION('',(0.,-1.,-0.));
#641=VECTOR('',#640,1.);
#642=LINE('',#639,#641);
#643=EDGE_CURVE('',#630,#638,#642,.T.);
#644=ORIENTED_EDGE('',*,*,#643,.T.);
#645=CARTESIAN_POINT('',(3.5,-42.4,96.36));
#646=DIRECTION('',(1.,0.,-0.));
#647=VECTOR('',#646,1.);
#648=LINE('',#645,#647);
#649=EDGE_CURVE('',#638,#620,#648,.T.);
#650=ORIENTED_EDGE('',*,*,#649,.T.);
#651=EDGE_LOOP('',(#628,#636,#644,#650));
#652=FACE_BOUND('',#651,.T.);
#653=CARTESIAN_POINT('',(1.5,-48.4,96.36));
#654=VERTEX_POINT('',#653);
#655=CARTESIAN_POINT('',(1.5,-46.4,96.36));
#656=VERTEX_POINT('',#655);
#657=CARTESIAN_POINT('',(1.5,-48.4,96.36));
#658=DIRECTION('',(0.,1.,0.));
#659=VECTOR('',#658,2.);
#660=LINE('',#657,#659);
#661=EDGE_CURVE('',#654,#656,#660,.T.);
#662=ORIENTED_EDGE('',*,*,#661,.T.);
#663=CARTESIAN_POINT('',(-1.5,-46.4,96.36));
#664=VERTEX_POINT('',#663);
#665=CARTESIAN_POINT('',(1.5,-46.4,96.36));
#666=DIRECTION('',(-1.,0.,0.));
#667=VECTOR('',#666,3.);
#668=LINE('',#665,#667);
#669=EDGE_CURVE('',#656,#664,#668,.T.);
#670=ORIENTED_EDGE('',*,*,#669,.T.);
#671=CARTESIAN_POINT('',(-1.5,-48.4,96.36));
#672=VERTEX_POINT('',#671);
#673=CARTESIAN_POINT('',(-1.5,-46.4,96.36));
#674=DIRECTION('',(0.,-1.,-0.));
#675=VECTOR('',#674,2.);
#676=LINE('',#673,#675);
#677=EDGE_CURVE('',#664,#672,#676,.T.);
#678=ORIENTED_EDGE('',*,*,#677,.T.);
#679=CARTESIAN_POINT('',(-1.5,-48.4,96.36));
#680=DIRECTION('',(1.,0.,-0.));
#681=VECTOR('',#680,3.);
#682=LINE('',#679,#681);
#683=EDGE_CURVE('',#672,#654,#682,.T.);
#684=ORIENTED_EDGE('',*,*,#683,.T.);
#685=EDGE_LOOP('',(#662,#670,#678,#684));
#686=FACE_BOUND('',#685,.T.);
#687=CARTESIAN_POINT('',(4.5,-34.9,96.36));
#688=VERTEX_POINT('',#687);
#689=CARTESIAN_POINT('',(-4.5,-34.9,96.36));
#690=VERTEX_POINT('',#689);
#691=CARTESIAN_POINT('',(4.5,-34.9,96.36));
#692=DIRECTION('',(-1.,0.,0.));
#693=VECTOR('',#692,9.);
#694=LINE('',#691,#693);
#695=EDGE_CURVE('',#688,#690,#694,.T.);
#696=ORIENTED_EDGE('',*,*,#695,.T.);
#697=CARTESIAN_POINT('',(-4.5,-37.9,96.36));
#698=VERTEX_POINT('',#697);
#699=CARTESIAN_POINT('',(-4.5,-34.9,96.36));
#700=DIRECTION('',(0.,-1.,-0.));
#701=VECTOR('',#700,3.);
#702=LINE('',#699,#701);
#703=EDGE_CURVE('',#690,#698,#702,.T.);
#704=ORIENTED_EDGE('',*,*,#703,.T.);
#705=CARTESIAN_POINT('',(4.5,-37.9,96.36));
#706=VERTEX_POINT('',#705);
#707=CARTESIAN_POINT('',(-4.5,-37.9,96.36));
#708=DIRECTION('',(1.,0.,-0.));
#709=VECTOR('',#708,9.);
#710=LINE('',#707,#709);
#711=EDGE_CURVE('',#698,#706,#710,.T.);
#712=ORIENTED_EDGE('',*,*,#711,.T.);
#713=CARTESIAN_POINT('',(4.5,-37.9,96.36));
#714=DIRECTION('',(0.,1.,0.));
#715=VECTOR('',#714,3.);
#716=LINE('',#713,#715);
#717=EDGE_CURVE('',#706,#688,#716,.T.);
#718=ORIENTED_EDGE('',*,*,#717,.T.);
#719=EDGE_LOOP('',(#696,#704,#712,#718));
#720=FACE_BOUND('',#719,.T.);
#721=ADVANCED_FACE('',(#380,#414,#448,#482,#516,#550,#584,#618,#652,#686,#720),#346,.T.);
#722=CARTESIAN_POINT('',(5.5,-41.9,96.36));
#723=DIRECTION('',(1.,-0.,-0.));
#724=DIRECTION('',(-0.,-1.,-0.));
#725=AXIS2_PLACEMENT_3D('',#722,#723,#724);
#726=PLANE('',#725);
#727=CARTESIAN_POINT('',(5.5,-49.35,97.31));
#728=VERTEX_POINT('',#727);
#729=CARTESIAN_POINT('',(5.5,-49.35,96.41));
#730=VERTEX_POINT('',#729);
#731=CARTESIAN_POINT('',(5.5,-49.35,97.31));
#732=DIRECTION('',(0.,0.,-1.));
#733=VECTOR('',#732,0.9);
#734=LINE('',#731,#733);
#735=EDGE_CURVE('',#728,#730,#734,.T.);
#736=ORIENTED_EDGE('',*,*,#735,.T.);
#737=CARTESIAN_POINT('',(5.5,-34.45,96.41));
#738=VERTEX_POINT('',#737);
#739=CARTESIAN_POINT('',(5.5,-49.35,96.41));
#740=DIRECTION('',(0.,1.,0.));
#741=VECTOR('',#740,14.9);
#742=LINE('',#739,#741);
#743=EDGE_CURVE('',#730,#738,#742,.T.);
#744=ORIENTED_EDGE('',*,*,#743,.T.);
#745=CARTESIAN_POINT('',(5.5,-34.45,97.31));
#746=VERTEX_POINT('',#745);
#747=CARTESIAN_POINT('',(5.5,-34.45,96.41));
#748=DIRECTION('',(0.,-0.,1.));
#749=VECTOR('',#748,0.9);
#750=LINE('',#747,#749);
#751=EDGE_CURVE('',#738,#746,#750,.T.);
#752=ORIENTED_EDGE('',*,*,#751,.T.);
#753=CARTESIAN_POINT('',(5.5,-34.45,97.31));
#754=DIRECTION('',(-0.,-1.,-0.));
#755=VECTOR('',#754,14.9);
#756=LINE('',#753,#755);
#757=EDGE_CURVE('',#746,#728,#756,.T.);
#758=ORIENTED_EDGE('',*,*,#757,.T.);
#759=EDGE_LOOP('',(#736,#744,#752,#758));
#760=FACE_BOUND('',#759,.T.);
#761=ADVANCED_FACE('',(#760),#726,.T.);
#762=CARTESIAN_POINT('',(-0.,-49.4,96.36));
#763=DIRECTION('',(-0.,-1.,-0.));
#764=DIRECTION('',(-1.,0.,0.));
#765=AXIS2_PLACEMENT_3D('',#762,#763,#764);
#766=PLANE('',#765);
#767=CARTESIAN_POINT('',(-5.45,-49.4,96.41));
#768=VERTEX_POINT('',#767);
#769=CARTESIAN_POINT('',(5.45,-49.4,96.41));
#770=VERTEX_POINT('',#769);
#771=CARTESIAN_POINT('',(-5.45,-49.4,96.41));
#772=DIRECTION('',(1.,-0.,-0.));
#773=VECTOR('',#772,10.9);
#774=LINE('',#771,#773);
#775=EDGE_CURVE('',#768,#770,#774,.T.);
#776=ORIENTED_EDGE('',*,*,#775,.T.);
#777=CARTESIAN_POINT('',(5.45,-49.4,97.31));
#778=VERTEX_POINT('',#777);
#779=CARTESIAN_POINT('',(5.45,-49.4,96.41));
#780=DIRECTION('',(0.,-0.,1.));
#781=VECTOR('',#780,0.9);
#782=LINE('',#779,#781);
#783=EDGE_CURVE('',#770,#778,#782,.T.);
#784=ORIENTED_EDGE('',*,*,#783,.T.);
#785=CARTESIAN_POINT('',(-5.45,-49.4,97.31));
#786=VERTEX_POINT('',#785);
#787=CARTESIAN_POINT('',(5.45,-49.4,97.31));
#788=DIRECTION('',(-1.,0.,0.));
#789=VECTOR('',#788,10.9);
#790=LINE('',#787,#789);
#791=EDGE_CURVE('',#778,#786,#790,.T.);
#792=ORIENTED_EDGE('',*,*,#791,.T.);
#793=CARTESIAN_POINT('',(-5.45,-49.4,97.31));
#794=DIRECTION('',(0.,0.,-1.));
#795=VECTOR('',#794,0.9);
#796=LINE('',#793,#795);
#797=EDGE_CURVE('',#786,#768,#796,.T.);
#798=ORIENTED_EDGE('',*,*,#797,.T.);
#799=EDGE_LOOP('',(#776,#784,#792,#798));
#800=FACE_BOUND('',#799,.T.);
#801=ADVANCED_FACE('',(#800),#766,.T.);
#802=CARTESIAN_POINT('',(-5.5,-41.9,96.36));
#803=DIRECTION('',(-1.,0.,0.));
#804=DIRECTION('',(0.,1.,0.));
#805=AXIS2_PLACEMENT_3D('',#802,#803,#804);
#806=PLANE('',#805);
#807=CARTESIAN_POINT('',(-5.5,-49.35,97.31));
#808=VERTEX_POINT('',#807);
#809=CARTESIAN_POINT('',(-5.5,-34.45,97.31));
#810=VERTEX_POINT('',#809);
#811=CARTESIAN_POINT('',(-5.5,-49.35,97.31));
#812=DIRECTION('',(0.,1.,0.));
#813=VECTOR('',#812,14.9);
#814=LINE('',#811,#813);
#815=EDGE_CURVE('',#808,#810,#814,.T.);
#816=ORIENTED_EDGE('',*,*,#815,.T.);
#817=CARTESIAN_POINT('',(-5.5,-34.45,96.41));
#818=VERTEX_POINT('',#817);
#819=CARTESIAN_POINT('',(-5.5,-34.45,97.31));
#820=DIRECTION('',(0.,0.,-1.));
#821=VECTOR('',#820,0.9);
#822=LINE('',#819,#821);
#823=EDGE_CURVE('',#810,#818,#822,.T.);
#824=ORIENTED_EDGE('',*,*,#823,.T.);
#825=CARTESIAN_POINT('',(-5.5,-49.35,96.41));
#826=VERTEX_POINT('',#825);
#827=CARTESIAN_POINT('',(-5.5,-34.45,96.41));
#828=DIRECTION('',(-0.,-1.,-0.));
#829=VECTOR('',#828,14.9);
#830=LINE('',#827,#829);
#831=EDGE_CURVE('',#818,#826,#830,.T.);
#832=ORIENTED_EDGE('',*,*,#831,.T.);
#833=CARTESIAN_POINT('',(-5.5,-49.35,96.41));
#834=DIRECTION('',(0.,-0.,1.));
#835=VECTOR('',#834,0.9);
#836=LINE('',#833,#835);
#837=EDGE_CURVE('',#826,#808,#836,.T.);
#838=ORIENTED_EDGE('',*,*,#837,.T.);
#839=EDGE_LOOP('',(#816,#824,#832,#838));
#840=FACE_BOUND('',#839,.T.);
#841=ADVANCED_FACE('',(#840),#806,.T.);
#842=CARTESIAN_POINT('',(0.,-34.4,96.36));
#843=DIRECTION('',(0.,1.,0.));
#844=DIRECTION('',(1.,-0.,-0.));
#845=AXIS2_PLACEMENT_3D('',#842,#843,#844);
#846=PLANE('',#845);
#847=CARTESIAN_POINT('',(5.45,-34.4,97.31));
#848=VERTEX_POINT('',#847);
#849=CARTESIAN_POINT('',(5.45,-34.4,96.41));
#850=VERTEX_POINT('',#849);
#851=CARTESIAN_POINT('',(5.45,-34.4,97.31));
#852=DIRECTION('',(0.,0.,-1.));
#853=VECTOR('',#852,0.9);
#854=LINE('',#851,#853);
#855=EDGE_CURVE('',#848,#850,#854,.T.);
#856=ORIENTED_EDGE('',*,*,#855,.T.);
#857=CARTESIAN_POINT('',(-5.45,-34.4,96.41));
#858=VERTEX_POINT('',#857);
#859=CARTESIAN_POINT('',(5.45,-34.4,96.41));
#860=DIRECTION('',(-1.,0.,0.));
#861=VECTOR('',#860,10.9);
#862=LINE('',#859,#861);
#863=EDGE_CURVE('',#850,#858,#862,.T.);
#864=ORIENTED_EDGE('',*,*,#863,.T.);
#865=CARTESIAN_POINT('',(-5.45,-34.4,97.31));
#866=VERTEX_POINT('',#865);
#867=CARTESIAN_POINT('',(-5.45,-34.4,96.41));
#868=DIRECTION('',(0.,-0.,1.));
#869=VECTOR('',#868,0.9);
#870=LINE('',#867,#869);
#871=EDGE_CURVE('',#858,#866,#870,.T.);
#872=ORIENTED_EDGE('',*,*,#871,.T.);
#873=CARTESIAN_POINT('',(-5.45,-34.4,97.31));
#874=DIRECTION('',(1.,-0.,-0.));
#875=VECTOR('',#874,10.9);
#876=LINE('',#873,#875);
#877=EDGE_CURVE('',#866,#848,#876,.T.);
#878=ORIENTED_EDGE('',*,*,#877,.T.);
#879=EDGE_LOOP('',(#856,#864,#872,#878));
#880=FACE_BOUND('',#879,.T.);
#881=ADVANCED_FACE('',(#880),#846,.T.);
#882=CARTESIAN_POINT('',(0.,-41.9,97.36));
#883=DIRECTION('',(0.,0.,-1.));
#884=DIRECTION('',(1.,0.,0.));
#885=AXIS2_PLACEMENT_3D('',#882,#883,#884);
#886=PLANE('',#885);
#887=CARTESIAN_POINT('',(-2.75,-36.399999999,97.36));
#888=VERTEX_POINT('',#887);
#889=CARTESIAN_POINT('',(-3.25,-36.399999585,97.36));
#890=VERTEX_POINT('',#889);
#891=CARTESIAN_POINT('',(-3.249999999,-36.399999171,97.36));
#892=CARTESIAN_POINT('',(-3.24999904,-36.465371388,97.36));
#893=CARTESIAN_POINT('',(-3.223171497,-36.53036577,97.36));
#894=CARTESIAN_POINT('',(-3.176810489,-36.576742893,97.36));
#895=CARTESIAN_POINT('',(-3.130449482,-36.623120017,97.36));
#896=CARTESIAN_POINT('',(-3.065484536,-36.649985383,97.36));
#897=CARTESIAN_POINT('',(-3.000060869,-36.649999992,97.36));
#898=CARTESIAN_POINT('',(-2.934637202,-36.650014601,97.36));
#899=CARTESIAN_POINT('',(-2.869454721,-36.623017064,97.36));
#900=CARTESIAN_POINT('',(-2.823209688,-36.576763076,97.36));
#901=CARTESIAN_POINT('',(-2.776964656,-36.530509089,97.36));
#902=CARTESIAN_POINT('',(-2.749973404,-36.465364156,97.36));
#903=CARTESIAN_POINT('',(-2.75000002,-36.399902675,97.36));
#904=CARTESIAN_POINT('',(-2.750026635,-36.334441195,97.36));
#905=CARTESIAN_POINT('',(-2.77690506,-36.26952162,97.36));
#906=CARTESIAN_POINT('',(-2.823258304,-36.223188313,97.36));
#907=CARTESIAN_POINT('',(-2.869611548,-36.176855007,97.36));
#908=CARTESIAN_POINT('',(-2.934557347,-36.149979513,97.36));
#909=CARTESIAN_POINT('',(-3.000073588,-36.150000012,97.36));
#910=CARTESIAN_POINT('',(-3.06558983,-36.150020511,97.36));
#911=CARTESIAN_POINT('',(-3.130608028,-36.177018949,97.36));
#912=CARTESIAN_POINT('',(-3.176841512,-36.223288147,97.36));
#913=CARTESIAN_POINT('',(-3.223074996,-36.269557344,97.36));
#914=CARTESIAN_POINT('',(-3.250000958,-36.334626954,97.36));
#915=CARTESIAN_POINT('',(-3.249999999,-36.399999171,97.36));
#916=B_SPLINE_CURVE_WITH_KNOTS('',3,(#891,#892,#893,#894,#895,#896,#897,#898,#899,#900,#901,#902,#903,#904,#905,#906,#907,#908,#909,#910,#911,#912,#913,#914,#915),.UNSPECIFIED.,.T.,.F.,(4,3,3,3,3,3,3,3,4),(0.500061947,0.625061947,0.750061947,0.875061947,1.000061947,1.125061947,1.250061947,1.375061947,1.500061947),.UNSPECIFIED.);
#917=EDGE_CURVE('',#888,#890,#916,.T.);
#918=ORIENTED_EDGE('',*,*,#917,.F.);
#919=CARTESIAN_POINT('',(-3.249999999,-36.399999171,97.36));
#920=CARTESIAN_POINT('',(-3.24999904,-36.465371388,97.36));
#921=CARTESIAN_POINT('',(-3.223171497,-36.53036577,97.36));
#922=CARTESIAN_POINT('',(-3.176810489,-36.576742893,97.36));
#923=CARTESIAN_POINT('',(-3.130449482,-36.623120017,97.36));
#924=CARTESIAN_POINT('',(-3.065484536,-36.649985383,97.36));
#925=CARTESIAN_POINT('',(-3.000060869,-36.649999992,97.36));
#926=CARTESIAN_POINT('',(-2.934637202,-36.650014601,97.36));
#927=CARTESIAN_POINT('',(-2.869454721,-36.623017064,97.36));
#928=CARTESIAN_POINT('',(-2.823209688,-36.576763076,97.36));
#929=CARTESIAN_POINT('',(-2.776964656,-36.530509089,97.36));
#930=CARTESIAN_POINT('',(-2.749973404,-36.465364156,97.36));
#931=CARTESIAN_POINT('',(-2.75000002,-36.399902675,97.36));
#932=CARTESIAN_POINT('',(-2.750026635,-36.334441195,97.36));
#933=CARTESIAN_POINT('',(-2.77690506,-36.26952162,97.36));
#934=CARTESIAN_POINT('',(-2.823258304,-36.223188313,97.36));
#935=CARTESIAN_POINT('',(-2.869611548,-36.176855007,97.36));
#936=CARTESIAN_POINT('',(-2.934557347,-36.149979513,97.36));
#937=CARTESIAN_POINT('',(-3.000073588,-36.150000012,97.36));
#938=CARTESIAN_POINT('',(-3.06558983,-36.150020511,97.36));
#939=CARTESIAN_POINT('',(-3.130608028,-36.177018949,97.36));
#940=CARTESIAN_POINT('',(-3.176841512,-36.223288147,97.36));
#941=CARTESIAN_POINT('',(-3.223074996,-36.269557344,97.36));
#942=CARTESIAN_POINT('',(-3.250000958,-36.334626954,97.36));
#943=CARTESIAN_POINT('',(-3.249999999,-36.399999171,97.36));
#944=B_SPLINE_CURVE_WITH_KNOTS('',3,(#919,#920,#921,#922,#923,#924,#925,#926,#927,#928,#929,#930,#931,#932,#933,#934,#935,#936,#937,#938,#939,#940,#941,#942,#943),.UNSPECIFIED.,.T.,.F.,(4,3,3,3,3,3,3,3,4),(0.500061947,0.625061947,0.750061947,0.875061947,1.000061947,1.125061947,1.250061947,1.375061947,1.500061947),.UNSPECIFIED.);
#945=EDGE_CURVE('',#890,#888,#944,.T.);
#946=ORIENTED_EDGE('',*,*,#945,.F.);
#947=EDGE_LOOP('',(#918,#946));
#948=FACE_BOUND('',#947,.T.);
#949=CARTESIAN_POINT('',(0.25,-36.399999999,97.36));
#950=VERTEX_POINT('',#949);
#951=CARTESIAN_POINT('',(-0.25,-36.399999585,97.36));
#952=VERTEX_POINT('',#951);
#953=CARTESIAN_POINT('',(-0.249999999,-36.399999171,97.36));
#954=CARTESIAN_POINT('',(-0.24999904,-36.465371388,97.36));
#955=CARTESIAN_POINT('',(-0.223171497,-36.53036577,97.36));
#956=CARTESIAN_POINT('',(-0.176810489,-36.576742893,97.36));
#957=CARTESIAN_POINT('',(-0.130449482,-36.623120017,97.36));
#958=CARTESIAN_POINT('',(-0.065484536,-36.649985383,97.36));
#959=CARTESIAN_POINT('',(-0.000060869,-36.649999992,97.36));
#960=CARTESIAN_POINT('',(0.065362798,-36.650014601,97.36));
#961=CARTESIAN_POINT('',(0.130545279,-36.623017064,97.36));
#962=CARTESIAN_POINT('',(0.176790312,-36.576763076,97.36));
#963=CARTESIAN_POINT('',(0.223035344,-36.530509089,97.36));
#964=CARTESIAN_POINT('',(0.250026596,-36.465364156,97.36));
#965=CARTESIAN_POINT('',(0.24999998,-36.399902675,97.36));
#966=CARTESIAN_POINT('',(0.249973365,-36.334441195,97.36));
#967=CARTESIAN_POINT('',(0.22309494,-36.26952162,97.36));
#968=CARTESIAN_POINT('',(0.176741696,-36.223188313,97.36));
#969=CARTESIAN_POINT('',(0.130388452,-36.176855007,97.36));
#970=CARTESIAN_POINT('',(0.065442653,-36.149979513,97.36));
#971=CARTESIAN_POINT('',(-0.000073588,-36.150000012,97.36));
#972=CARTESIAN_POINT('',(-0.06558983,-36.150020511,97.36));
#973=CARTESIAN_POINT('',(-0.130608028,-36.177018949,97.36));
#974=CARTESIAN_POINT('',(-0.176841512,-36.223288147,97.36));
#975=CARTESIAN_POINT('',(-0.223074996,-36.269557344,97.36));
#976=CARTESIAN_POINT('',(-0.250000958,-36.334626954,97.36));
#977=CARTESIAN_POINT('',(-0.249999999,-36.399999171,97.36));
#978=B_SPLINE_CURVE_WITH_KNOTS('',3,(#953,#954,#955,#956,#957,#958,#959,#960,#961,#962,#963,#964,#965,#966,#967,#968,#969,#970,#971,#972,#973,#974,#975,#976,#977),.UNSPECIFIED.,.T.,.F.,(4,3,3,3,3,3,3,3,4),(0.500061947,0.625061947,0.750061947,0.875061947,1.000061947,1.125061947,1.250061947,1.375061947,1.500061947),.UNSPECIFIED.);
#979=EDGE_CURVE('',#950,#952,#978,.T.);
#980=ORIENTED_EDGE('',*,*,#979,.F.);
#981=CARTESIAN_POINT('',(-0.249999999,-36.399999171,97.36));
#982=CARTESIAN_POINT('',(-0.24999904,-36.465371388,97.36));
#983=CARTESIAN_POINT('',(-0.223171497,-36.53036577,97.36));
#984=CARTESIAN_POINT('',(-0.176810489,-36.576742893,97.36));
#985=CARTESIAN_POINT('',(-0.130449482,-36.623120017,97.36));
#986=CARTESIAN_POINT('',(-0.065484536,-36.649985383,97.36));
#987=CARTESIAN_POINT('',(-0.000060869,-36.649999992,97.36));
#988=CARTESIAN_POINT('',(0.065362798,-36.650014601,97.36));
#989=CARTESIAN_POINT('',(0.130545279,-36.623017064,97.36));
#990=CARTESIAN_POINT('',(0.176790312,-36.576763076,97.36));
#991=CARTESIAN_POINT('',(0.223035344,-36.530509089,97.36));
#992=CARTESIAN_POINT('',(0.250026596,-36.465364156,97.36));
#993=CARTESIAN_POINT('',(0.24999998,-36.399902675,97.36));
#994=CARTESIAN_POINT('',(0.249973365,-36.334441195,97.36));
#995=CARTESIAN_POINT('',(0.22309494,-36.26952162,97.36));
#996=CARTESIAN_POINT('',(0.176741696,-36.223188313,97.36));
#997=CARTESIAN_POINT('',(0.130388452,-36.176855007,97.36));
#998=CARTESIAN_POINT('',(0.065442653,-36.149979513,97.36));
#999=CARTESIAN_POINT('',(-0.000073588,-36.150000012,97.36));
#1000=CARTESIAN_POINT('',(-0.06558983,-36.150020511,97.36));
#1001=CARTESIAN_POINT('',(-0.130608028,-36.177018949,97.36));
#1002=CARTESIAN_POINT('',(-0.176841512,-36.223288147,97.36));
#1003=CARTESIAN_POINT('',(-0.223074996,-36.269557344,97.36));
#1004=CARTESIAN_POINT('',(-0.250000958,-36.334626954,97.36));
#1005=CARTESIAN_POINT('',(-0.249999999,-36.399999171,97.36));
#1006=B_SPLINE_CURVE_WITH_KNOTS('',3,(#981,#982,#983,#984,#985,#986,#987,#988,#989,#990,#991,#992,#993,#994,#995,#996,#997,#998,#999,#1000,#1001,#1002,#1003,#1004,#1005),.UNSPECIFIED.,.T.,.F.,(4,3,3,3,3,3,3,3,4),(0.500061947,0.625061947,0.750061947,0.875061947,1.000061947,1.125061947,1.250061947,1.375061947,1.500061947),.UNSPECIFIED.);
#1007=EDGE_CURVE('',#952,#950,#1006,.T.);
#1008=ORIENTED_EDGE('',*,*,#1007,.F.);
#1009=EDGE_LOOP('',(#980,#1008));
#1010=FACE_BOUND('',#1009,.T.);
#1011=CARTESIAN_POINT('',(3.25,-36.399999999,97.36));
#1012=VERTEX_POINT('',#1011);
#1013=CARTESIAN_POINT('',(2.75,-36.399999585,97.36));
#1014=VERTEX_POINT('',#1013);
#1015=CARTESIAN_POINT('',(2.750000001,-36.399999171,97.36));
#1016=CARTESIAN_POINT('',(2.75000096,-36.465371388,97.36));
#1017=CARTESIAN_POINT('',(2.776828503,-36.53036577,97.36));
#1018=CARTESIAN_POINT('',(2.823189511,-36.576742893,97.36));
#1019=CARTESIAN_POINT('',(2.869550518,-36.623120017,97.36));
#1020=CARTESIAN_POINT('',(2.934515464,-36.649985383,97.36));
#1021=CARTESIAN_POINT('',(2.999939131,-36.649999992,97.36));
#1022=CARTESIAN_POINT('',(3.065362798,-36.650014601,97.36));
#1023=CARTESIAN_POINT('',(3.130545279,-36.623017064,97.36));
#1024=CARTESIAN_POINT('',(3.176790312,-36.576763076,97.36));
#1025=CARTESIAN_POINT('',(3.223035344,-36.530509089,97.36));
#1026=CARTESIAN_POINT('',(3.250026596,-36.465364156,97.36));
#1027=CARTESIAN_POINT('',(3.24999998,-36.399902675,97.36));
#1028=CARTESIAN_POINT('',(3.249973365,-36.334441195,97.36));
#1029=CARTESIAN_POINT('',(3.22309494,-36.26952162,97.36));
#1030=CARTESIAN_POINT('',(3.176741696,-36.223188313,97.36));
#1031=CARTESIAN_POINT('',(3.130388452,-36.176855007,97.36));
#1032=CARTESIAN_POINT('',(3.065442653,-36.149979513,97.36));
#1033=CARTESIAN_POINT('',(2.999926412,-36.150000012,97.36));
#1034=CARTESIAN_POINT('',(2.93441017,-36.150020511,97.36));
#1035=CARTESIAN_POINT('',(2.869391972,-36.177018949,97.36));
#1036=CARTESIAN_POINT('',(2.823158488,-36.223288147,97.36));
#1037=CARTESIAN_POINT('',(2.776925004,-36.269557344,97.36));
#1038=CARTESIAN_POINT('',(2.749999042,-36.334626954,97.36));
#1039=CARTESIAN_POINT('',(2.750000001,-36.399999171,97.36));
#1040=B_SPLINE_CURVE_WITH_KNOTS('',3,(#1015,#1016,#1017,#1018,#1019,#1020,#1021,#1022,#1023,#1024,#1025,#1026,#1027,#1028,#1029,#1030,#1031,#1032,#1033,#1034,#1035,#1036,#1037,#1038,#1039),.UNSPECIFIED.,.T.,.F.,(4,3,3,3,3,3,3,3,4),(0.500061947,0.625061947,0.750061947,0.875061947,1.000061947,1.125061947,1.250061947,1.375061947,1.500061947),.UNSPECIFIED.);
#1041=EDGE_CURVE('',#1012,#1014,#1040,.T.);
#1042=ORIENTED_EDGE('',*,*,#1041,.F.);
#1043=CARTESIAN_POINT('',(2.750000001,-36.399999171,97.36));
#1044=CARTESIAN_POINT('',(2.75000096,-36.465371388,97.36));
#1045=CARTESIAN_POINT('',(2.776828503,-36.53036577,97.36));
#1046=CARTESIAN_POINT('',(2.823189511,-36.576742893,97.36));
#1047=CARTESIAN_POINT('',(2.869550518,-36.623120017,97.36));
#1048=CARTESIAN_POINT('',(2.934515464,-36.649985383,97.36));
#1049=CARTESIAN_POINT('',(2.999939131,-36.649999992,97.36));
#1050=CARTESIAN_POINT('',(3.065362798,-36.650014601,97.36));
#1051=CARTESIAN_POINT('',(3.130545279,-36.623017064,97.36));
#1052=CARTESIAN_POINT('',(3.176790312,-36.576763076,97.36));
#1053=CARTESIAN_POINT('',(3.223035344,-36.530509089,97.36));
#1054=CARTESIAN_POINT('',(3.250026596,-36.465364156,97.36));
#1055=CARTESIAN_POINT('',(3.24999998,-36.399902675,97.36));
#1056=CARTESIAN_POINT('',(3.249973365,-36.334441195,97.36));
#1057=CARTESIAN_POINT('',(3.22309494,-36.26952162,97.36));
#1058=CARTESIAN_POINT('',(3.176741696,-36.223188313,97.36));
#1059=CARTESIAN_POINT('',(3.130388452,-36.176855007,97.36));
#1060=CARTESIAN_POINT('',(3.065442653,-36.149979513,97.36));
#1061=CARTESIAN_POINT('',(2.999926412,-36.150000012,97.36));
#1062=CARTESIAN_POINT('',(2.93441017,-36.150020511,97.36));
#1063=CARTESIAN_POINT('',(2.869391972,-36.177018949,97.36));
#1064=CARTESIAN_POINT('',(2.823158488,-36.223288147,97.36));
#1065=CARTESIAN_POINT('',(2.776925004,-36.269557344,97.36));
#1066=CARTESIAN_POINT('',(2.749999042,-36.334626954,97.36));
#1067=CARTESIAN_POINT('',(2.750000001,-36.399999171,97.36));
#1068=B_SPLINE_CURVE_WITH_KNOTS('',3,(#1043,#1044,#1045,#1046,#1047,#1048,#1049,#1050,#1051,#1052,#1053,#1054,#1055,#1056,#1057,#1058,#1059,#1060,#1061,#1062,#1063,#1064,#1065,#1066,#1067),.UNSPECIFIED.,.T.,.F.,(4,3,3,3,3,3,3,3,4),(0.500061947,0.625061947,0.750061947,0.875061947,1.000061947,1.125061947,1.250061947,1.375061947,1.500061947),.UNSPECIFIED.);
#1069=EDGE_CURVE('',#1014,#1012,#1068,.T.);
#1070=ORIENTED_EDGE('',*,*,#1069,.F.);
#1071=EDGE_LOOP('',(#1042,#1070));
#1072=FACE_BOUND('',#1071,.T.);
#1073=CARTESIAN_POINT('',(-5.45,-34.45,97.36));
#1074=VERTEX_POINT('',#1073);
#1075=CARTESIAN_POINT('',(-5.45,-49.35,97.36));
#1076=VERTEX_POINT('',#1075);
#1077=CARTESIAN_POINT('',(-5.45,-34.45,97.36));
#1078=DIRECTION('',(-0.,-1.,-0.));
#1079=VECTOR('',#1078,14.9);
#1080=LINE('',#1077,#1079);
#1081=EDGE_CURVE('',#1074,#1076,#1080,.T.);
#1082=ORIENTED_EDGE('',*,*,#1081,.T.);
#1083=CARTESIAN_POINT('',(5.45,-49.35,97.36));
#1084=VERTEX_POINT('',#1083);
#1085=CARTESIAN_POINT('',(-5.45,-49.35,97.36));
#1086=DIRECTION('',(1.,-0.,-0.));
#1087=VECTOR('',#1086,10.9);
#1088=LINE('',#1085,#1087);
#1089=EDGE_CURVE('',#1076,#1084,#1088,.T.);
#1090=ORIENTED_EDGE('',*,*,#1089,.T.);
#1091=CARTESIAN_POINT('',(5.45,-34.45,97.36));
#1092=VERTEX_POINT('',#1091);
#1093=CARTESIAN_POINT('',(5.45,-49.35,97.36));
#1094=DIRECTION('',(0.,1.,0.));
#1095=VECTOR('',#1094,14.9);
#1096=LINE('',#1093,#1095);
#1097=EDGE_CURVE('',#1084,#1092,#1096,.T.);
#1098=ORIENTED_EDGE('',*,*,#1097,.T.);
#1099=CARTESIAN_POINT('',(5.45,-34.45,97.36));
#1100=DIRECTION('',(-1.,0.,0.));
#1101=VECTOR('',#1100,10.9);
#1102=LINE('',#1099,#1101);
#1103=EDGE_CURVE('',#1092,#1074,#1102,.T.);
#1104=ORIENTED_EDGE('',*,*,#1103,.T.);
#1105=EDGE_LOOP('',(#1082,#1090,#1098,#1104));
#1106=FACE_BOUND('',#1105,.T.);
#1107=ADVANCED_FACE('',(#948,#1010,#1072,#1106),#886,.F.);
#1108=CARTESIAN_POINT('',(4.5,-36.4,93.36));
#1109=DIRECTION('',(1.,0.,0.));
#1110=DIRECTION('',(0.,-0.,1.));
#1111=AXIS2_PLACEMENT_3D('',#1108,#1109,#1110);
#1112=PLANE('',#1111);
#1113=CARTESIAN_POINT('',(4.5,-37.9,93.46));
#1114=VERTEX_POINT('',#1113);
#1115=CARTESIAN_POINT('',(4.5,-37.9,93.46));
#1116=DIRECTION('',(0.,-0.,1.));
#1117=VECTOR('',#1116,2.9);
#1118=LINE('',#1115,#1117);
#1119=EDGE_CURVE('',#1114,#706,#1118,.T.);
#1120=ORIENTED_EDGE('',*,*,#1119,.F.);
#1121=CARTESIAN_POINT('',(4.5,-34.9,93.46));
#1122=VERTEX_POINT('',#1121);
#1123=CARTESIAN_POINT('',(4.5,-37.9,93.46));
#1124=DIRECTION('',(0.,1.,0.));
#1125=VECTOR('',#1124,3.);
#1126=LINE('',#1123,#1125);
#1127=EDGE_CURVE('',#1114,#1122,#1126,.T.);
#1128=ORIENTED_EDGE('',*,*,#1127,.T.);
#1129=CARTESIAN_POINT('',(4.5,-34.9,93.46));
#1130=DIRECTION('',(0.,-0.,1.));
#1131=VECTOR('',#1130,2.9);
#1132=LINE('',#1129,#1131);
#1133=EDGE_CURVE('',#1122,#688,#1132,.T.);
#1134=ORIENTED_EDGE('',*,*,#1133,.T.);
#1135=ORIENTED_EDGE('',*,*,#717,.F.);
#1136=EDGE_LOOP('',(#1120,#1128,#1134,#1135));
#1137=FACE_BOUND('',#1136,.T.);
#1138=ADVANCED_FACE('',(#1137),#1112,.T.);
#1139=CARTESIAN_POINT('',(3.,-37.9,93.36));
#1140=DIRECTION('',(0.,-1.,-0.));
#1141=DIRECTION('',(0.,0.,-1.));
#1142=AXIS2_PLACEMENT_3D('',#1139,#1140,#1141);
#1143=PLANE('',#1142);
#1144=CARTESIAN_POINT('',(-4.5,-37.9,93.46));
#1145=VERTEX_POINT('',#1144);
#1146=CARTESIAN_POINT('',(-4.5,-37.9,93.46));
#1147=DIRECTION('',(0.,-0.,1.));
#1148=VECTOR('',#1147,2.9);
#1149=LINE('',#1146,#1148);
#1150=EDGE_CURVE('',#1145,#698,#1149,.T.);
#1151=ORIENTED_EDGE('',*,*,#1150,.F.);
#1152=CARTESIAN_POINT('',(-1.5,-37.9,93.46));
#1153=VERTEX_POINT('',#1152);
#1154=CARTESIAN_POINT('',(-4.5,-37.9,93.46));
#1155=DIRECTION('',(1.,0.,-0.));
#1156=VECTOR('',#1155,3.);
#1157=LINE('',#1154,#1156);
#1158=EDGE_CURVE('',#1145,#1153,#1157,.T.);
#1159=ORIENTED_EDGE('',*,*,#1158,.T.);
#1160=CARTESIAN_POINT('',(1.5,-37.9,93.46));
#1161=VERTEX_POINT('',#1160);
#1162=CARTESIAN_POINT('',(-1.5,-37.9,93.46));
#1163=DIRECTION('',(1.,0.,-0.));
#1164=VECTOR('',#1163,3.);
#1165=LINE('',#1162,#1164);
#1166=EDGE_CURVE('',#1153,#1161,#1165,.T.);
#1167=ORIENTED_EDGE('',*,*,#1166,.T.);
#1168=CARTESIAN_POINT('',(1.5,-37.9,93.46));
#1169=DIRECTION('',(1.,0.,-0.));
#1170=VECTOR('',#1169,3.);
#1171=LINE('',#1168,#1170);
#1172=EDGE_CURVE('',#1161,#1114,#1171,.T.);
#1173=ORIENTED_EDGE('',*,*,#1172,.T.);
#1174=ORIENTED_EDGE('',*,*,#1119,.T.);
#1175=ORIENTED_EDGE('',*,*,#711,.F.);
#1176=EDGE_LOOP('',(#1151,#1159,#1167,#1173,#1174,#1175));
#1177=FACE_BOUND('',#1176,.T.);
#1178=ADVANCED_FACE('',(#1177),#1143,.T.);
#1179=CARTESIAN_POINT('',(3.,-34.9,93.36));
#1180=DIRECTION('',(0.,1.,0.));
#1181=DIRECTION('',(0.,-0.,1.));
#1182=AXIS2_PLACEMENT_3D('',#1179,#1180,#1181);
#1183=PLANE('',#1182);
#1184=CARTESIAN_POINT('',(1.5,-34.9,93.46));
#1185=VERTEX_POINT('',#1184);
#1186=CARTESIAN_POINT('',(-1.5,-34.9,93.46));
#1187=VERTEX_POINT('',#1186);
#1188=CARTESIAN_POINT('',(1.5,-34.9,93.46));
#1189=DIRECTION('',(-1.,0.,0.));
#1190=VECTOR('',#1189,3.);
#1191=LINE('',#1188,#1190);
#1192=EDGE_CURVE('',#1185,#1187,#1191,.T.);
#1193=ORIENTED_EDGE('',*,*,#1192,.T.);
#1194=CARTESIAN_POINT('',(-4.5,-34.9,93.46));
#1195=VERTEX_POINT('',#1194);
#1196=CARTESIAN_POINT('',(-1.5,-34.9,93.46));
#1197=DIRECTION('',(-1.,0.,0.));
#1198=VECTOR('',#1197,3.);
#1199=LINE('',#1196,#1198);
#1200=EDGE_CURVE('',#1187,#1195,#1199,.T.);
#1201=ORIENTED_EDGE('',*,*,#1200,.T.);
#1202=CARTESIAN_POINT('',(-4.5,-34.9,93.46));
#1203=DIRECTION('',(0.,-0.,1.));
#1204=VECTOR('',#1203,2.9);
#1205=LINE('',#1202,#1204);
#1206=EDGE_CURVE('',#1195,#690,#1205,.T.);
#1207=ORIENTED_EDGE('',*,*,#1206,.T.);
#1208=ORIENTED_EDGE('',*,*,#695,.F.);
#1209=ORIENTED_EDGE('',*,*,#1133,.F.);
#1210=CARTESIAN_POINT('',(4.5,-34.9,93.46));
#1211=DIRECTION('',(-1.,0.,0.));
#1212=VECTOR('',#1211,3.);
#1213=LINE('',#1210,#1212);
#1214=EDGE_CURVE('',#1122,#1185,#1213,.T.);
#1215=ORIENTED_EDGE('',*,*,#1214,.T.);
#1216=EDGE_LOOP('',(#1193,#1201,#1207,#1208,#1209,#1215));
#1217=FACE_BOUND('',#1216,.T.);
#1218=ADVANCED_FACE('',(#1217),#1183,.T.);
#1219=CARTESIAN_POINT('',(3.,-34.9,93.46));
#1220=DIRECTION('',(0.,-0.707106781,0.707106781));
#1221=DIRECTION('',(-1.,0.,0.));
#1222=AXIS2_PLACEMENT_3D('',#1219,#1220,#1221);
#1223=PLANE('',#1222);
#1224=CARTESIAN_POINT('',(4.4,-35.,93.36));
#1225=DIRECTION('',(0.577350269,0.577350269,0.577350269));
#1226=VECTOR('',#1225,0.173205081);
#1227=LINE('',#1224,#1226);
#1228=EDGE_CURVE('',#153,#1122,#1227,.T.);
#1229=ORIENTED_EDGE('',*,*,#1228,.F.);
#1230=ORIENTED_EDGE('',*,*,#182,.F.);
#1231=CARTESIAN_POINT('',(1.5,-34.9,93.46));
#1232=DIRECTION('',(0.577350269,-0.577350269,-0.577350269));
#1233=VECTOR('',#1232,0.173205081);
#1234=LINE('',#1231,#1233);
#1235=EDGE_CURVE('',#1185,#171,#1234,.T.);
#1236=ORIENTED_EDGE('',*,*,#1235,.F.);
#1237=ORIENTED_EDGE('',*,*,#1214,.F.);
#1238=EDGE_LOOP('',(#1229,#1230,#1236,#1237));
#1239=FACE_BOUND('',#1238,.T.);
#1240=ADVANCED_FACE('',(#1239),#1223,.F.);
#1241=CARTESIAN_POINT('',(1.5,-36.4,93.46));
#1242=DIRECTION('',(0.707106781,-0.,0.707106781));
#1243=DIRECTION('',(0.,-1.,-0.));
#1244=AXIS2_PLACEMENT_3D('',#1241,#1242,#1243);
#1245=PLANE('',#1244);
#1246=ORIENTED_EDGE('',*,*,#1235,.T.);
#1247=ORIENTED_EDGE('',*,*,#176,.F.);
#1248=CARTESIAN_POINT('',(1.5,-37.9,93.46));
#1249=DIRECTION('',(0.577350269,0.577350269,-0.577350269));
#1250=VECTOR('',#1249,0.173205081);
#1251=LINE('',#1248,#1250);
#1252=EDGE_CURVE('',#1161,#163,#1251,.T.);
#1253=ORIENTED_EDGE('',*,*,#1252,.F.);
#1254=CARTESIAN_POINT('',(1.5,-34.9,93.46));
#1255=DIRECTION('',(0.,-1.,-0.));
#1256=VECTOR('',#1255,3.);
#1257=LINE('',#1254,#1256);
#1258=EDGE_CURVE('',#1185,#1161,#1257,.T.);
#1259=ORIENTED_EDGE('',*,*,#1258,.F.);
#1260=EDGE_LOOP('',(#1246,#1247,#1253,#1259));
#1261=FACE_BOUND('',#1260,.T.);
#1262=ADVANCED_FACE('',(#1261),#1245,.F.);
#1263=CARTESIAN_POINT('',(4.5,-36.4,93.46));
#1264=DIRECTION('',(-0.707106781,-0.,0.707106781));
#1265=DIRECTION('',(0.,1.,0.));
#1266=AXIS2_PLACEMENT_3D('',#1263,#1264,#1265);
#1267=PLANE('',#1266);
#1268=ORIENTED_EDGE('',*,*,#1228,.T.);
#1269=ORIENTED_EDGE('',*,*,#1127,.F.);
#1270=CARTESIAN_POINT('',(4.4,-37.8,93.36));
#1271=DIRECTION('',(0.577350269,-0.577350269,0.577350269));
#1272=VECTOR('',#1271,0.173205081);
#1273=LINE('',#1270,#1272);
#1274=EDGE_CURVE('',#155,#1114,#1273,.T.);
#1275=ORIENTED_EDGE('',*,*,#1274,.F.);
#1276=ORIENTED_EDGE('',*,*,#160,.F.);
#1277=EDGE_LOOP('',(#1268,#1269,#1275,#1276));
#1278=FACE_BOUND('',#1277,.T.);
#1279=ADVANCED_FACE('',(#1278),#1267,.F.);
#1280=CARTESIAN_POINT('',(3.,-37.9,93.46));
#1281=DIRECTION('',(0.,0.707106781,0.707106781));
#1282=DIRECTION('',(1.,0.,0.));
#1283=AXIS2_PLACEMENT_3D('',#1280,#1281,#1282);
#1284=PLANE('',#1283);
#1285=ORIENTED_EDGE('',*,*,#1252,.T.);
#1286=ORIENTED_EDGE('',*,*,#168,.F.);
#1287=ORIENTED_EDGE('',*,*,#1274,.T.);
#1288=ORIENTED_EDGE('',*,*,#1172,.F.);
#1289=EDGE_LOOP('',(#1285,#1286,#1287,#1288));
#1290=FACE_BOUND('',#1289,.T.);
#1291=ADVANCED_FACE('',(#1290),#1284,.F.);
#1292=CARTESIAN_POINT('',(1.4,-41.9,93.36));
#1293=DIRECTION('',(0.707106781,0.,-0.707106781));
#1294=DIRECTION('',(0.,1.,0.));
#1295=AXIS2_PLACEMENT_3D('',#1292,#1293,#1294);
#1296=PLANE('',#1295);
#1297=CARTESIAN_POINT('',(1.5,-34.9,93.46));
#1298=DIRECTION('',(-0.577350269,-0.577350269,-0.577350269));
#1299=VECTOR('',#1298,0.173205081);
#1300=LINE('',#1297,#1299);
#1301=EDGE_CURVE('',#1185,#236,#1300,.T.);
#1302=ORIENTED_EDGE('',*,*,#1301,.F.);
#1303=ORIENTED_EDGE('',*,*,#1258,.T.);
#1304=CARTESIAN_POINT('',(1.4,-37.8,93.36));
#1305=DIRECTION('',(0.577350269,-0.577350269,0.577350269));
#1306=VECTOR('',#1305,0.173205081);
#1307=LINE('',#1304,#1306);
#1308=EDGE_CURVE('',#218,#1161,#1307,.T.);
#1309=ORIENTED_EDGE('',*,*,#1308,.F.);
#1310=ORIENTED_EDGE('',*,*,#247,.F.);
#1311=EDGE_LOOP('',(#1302,#1303,#1309,#1310));
#1312=FACE_BOUND('',#1311,.T.);
#1313=ADVANCED_FACE('',(#1312),#1296,.T.);
#1314=CARTESIAN_POINT('',(3.,-37.9,93.46));
#1315=DIRECTION('',(0.,0.707106781,0.707106781));
#1316=DIRECTION('',(1.,0.,0.));
#1317=AXIS2_PLACEMENT_3D('',#1314,#1315,#1316);
#1318=PLANE('',#1317);
#1319=ORIENTED_EDGE('',*,*,#1308,.T.);
#1320=ORIENTED_EDGE('',*,*,#1166,.F.);
#1321=CARTESIAN_POINT('',(-1.4,-37.8,93.36));
#1322=DIRECTION('',(-0.577350269,-0.577350269,0.577350269));
#1323=VECTOR('',#1322,0.173205081);
#1324=LINE('',#1321,#1323);
#1325=EDGE_CURVE('',#220,#1153,#1324,.T.);
#1326=ORIENTED_EDGE('',*,*,#1325,.F.);
#1327=ORIENTED_EDGE('',*,*,#225,.F.);
#1328=EDGE_LOOP('',(#1319,#1320,#1326,#1327));
#1329=FACE_BOUND('',#1328,.T.);
#1330=ADVANCED_FACE('',(#1329),#1318,.F.);
#1331=CARTESIAN_POINT('',(3.,-34.9,93.46));
#1332=DIRECTION('',(0.,-0.707106781,0.707106781));
#1333=DIRECTION('',(-1.,0.,0.));
#1334=AXIS2_PLACEMENT_3D('',#1331,#1332,#1333);
#1335=PLANE('',#1334);
#1336=ORIENTED_EDGE('',*,*,#1301,.T.);
#1337=ORIENTED_EDGE('',*,*,#241,.F.);
#1338=CARTESIAN_POINT('',(-1.5,-34.9,93.46));
#1339=DIRECTION('',(0.577350269,-0.577350269,-0.577350269));
#1340=VECTOR('',#1339,0.173205081);
#1341=LINE('',#1338,#1340);
#1342=EDGE_CURVE('',#1187,#228,#1341,.T.);
#1343=ORIENTED_EDGE('',*,*,#1342,.F.);
#1344=ORIENTED_EDGE('',*,*,#1192,.F.);
#1345=EDGE_LOOP('',(#1336,#1337,#1343,#1344));
#1346=FACE_BOUND('',#1345,.T.);
#1347=ADVANCED_FACE('',(#1346),#1335,.F.);
#1348=CARTESIAN_POINT('',(-1.4,-41.9,93.36));
#1349=DIRECTION('',(-0.707106781,0.,-0.707106781));
#1350=DIRECTION('',(0.,-1.,-0.));
#1351=AXIS2_PLACEMENT_3D('',#1348,#1349,#1350);
#1352=PLANE('',#1351);
#1353=ORIENTED_EDGE('',*,*,#1325,.T.);
#1354=CARTESIAN_POINT('',(-1.5,-34.9,93.46));
#1355=DIRECTION('',(0.,-1.,-0.));
#1356=VECTOR('',#1355,3.);
#1357=LINE('',#1354,#1356);
#1358=EDGE_CURVE('',#1187,#1153,#1357,.T.);
#1359=ORIENTED_EDGE('',*,*,#1358,.F.);
#1360=ORIENTED_EDGE('',*,*,#1342,.T.);
#1361=ORIENTED_EDGE('',*,*,#233,.F.);
#1362=EDGE_LOOP('',(#1353,#1359,#1360,#1361));
#1363=FACE_BOUND('',#1362,.T.);
#1364=ADVANCED_FACE('',(#1363),#1352,.T.);
#1365=CARTESIAN_POINT('',(-4.5,-36.4,93.36));
#1366=DIRECTION('',(-1.,0.,0.));
#1367=DIRECTION('',(0.,0.,-1.));
#1368=AXIS2_PLACEMENT_3D('',#1365,#1366,#1367);
#1369=PLANE('',#1368);
#1370=ORIENTED_EDGE('',*,*,#1206,.F.);
#1371=CARTESIAN_POINT('',(-4.5,-34.9,93.46));
#1372=DIRECTION('',(0.,-1.,-0.));
#1373=VECTOR('',#1372,3.);
#1374=LINE('',#1371,#1373);
#1375=EDGE_CURVE('',#1195,#1145,#1374,.T.);
#1376=ORIENTED_EDGE('',*,*,#1375,.T.);
#1377=ORIENTED_EDGE('',*,*,#1150,.T.);
#1378=ORIENTED_EDGE('',*,*,#703,.F.);
#1379=EDGE_LOOP('',(#1370,#1376,#1377,#1378));
#1380=FACE_BOUND('',#1379,.T.);
#1381=ADVANCED_FACE('',(#1380),#1369,.T.);
#1382=CARTESIAN_POINT('',(-1.5,-36.4,93.46));
#1383=DIRECTION('',(-0.707106781,-0.,0.707106781));
#1384=DIRECTION('',(0.,1.,0.));
#1385=AXIS2_PLACEMENT_3D('',#1382,#1383,#1384);
#1386=PLANE('',#1385);
#1387=CARTESIAN_POINT('',(-1.6,-37.8,93.36));
#1388=DIRECTION('',(0.577350269,-0.577350269,0.577350269));
#1389=VECTOR('',#1388,0.173205081);
#1390=LINE('',#1387,#1389);
#1391=EDGE_CURVE('',#283,#1153,#1390,.T.);
#1392=ORIENTED_EDGE('',*,*,#1391,.F.);
#1393=ORIENTED_EDGE('',*,*,#312,.F.);
#1394=CARTESIAN_POINT('',(-1.5,-34.9,93.46));
#1395=DIRECTION('',(-0.577350269,-0.577350269,-0.577350269));
#1396=VECTOR('',#1395,0.173205081);
#1397=LINE('',#1394,#1396);
#1398=EDGE_CURVE('',#1187,#301,#1397,.T.);
#1399=ORIENTED_EDGE('',*,*,#1398,.F.);
#1400=ORIENTED_EDGE('',*,*,#1358,.T.);
#1401=EDGE_LOOP('',(#1392,#1393,#1399,#1400));
#1402=FACE_BOUND('',#1401,.T.);
#1403=ADVANCED_FACE('',(#1402),#1386,.F.);
#1404=CARTESIAN_POINT('',(3.,-34.9,93.46));
#1405=DIRECTION('',(0.,-0.707106781,0.707106781));
#1406=DIRECTION('',(-1.,0.,0.));
#1407=AXIS2_PLACEMENT_3D('',#1404,#1405,#1406);
#1408=PLANE('',#1407);
#1409=ORIENTED_EDGE('',*,*,#1398,.T.);
#1410=ORIENTED_EDGE('',*,*,#306,.F.);
#1411=CARTESIAN_POINT('',(-4.5,-34.9,93.46));
#1412=DIRECTION('',(0.577350269,-0.577350269,-0.577350269));
#1413=VECTOR('',#1412,0.173205081);
#1414=LINE('',#1411,#1413);
#1415=EDGE_CURVE('',#1195,#293,#1414,.T.);
#1416=ORIENTED_EDGE('',*,*,#1415,.F.);
#1417=ORIENTED_EDGE('',*,*,#1200,.F.);
#1418=EDGE_LOOP('',(#1409,#1410,#1416,#1417));
#1419=FACE_BOUND('',#1418,.T.);
#1420=ADVANCED_FACE('',(#1419),#1408,.F.);
#1421=CARTESIAN_POINT('',(3.,-37.9,93.46));
#1422=DIRECTION('',(0.,0.707106781,0.707106781));
#1423=DIRECTION('',(1.,0.,0.));
#1424=AXIS2_PLACEMENT_3D('',#1421,#1422,#1423);
#1425=PLANE('',#1424);
#1426=ORIENTED_EDGE('',*,*,#1391,.T.);
#1427=ORIENTED_EDGE('',*,*,#1158,.F.);
#1428=CARTESIAN_POINT('',(-4.4,-37.8,93.36));
#1429=DIRECTION('',(-0.577350269,-0.577350269,0.577350269));
#1430=VECTOR('',#1429,0.173205081);
#1431=LINE('',#1428,#1430);
#1432=EDGE_CURVE('',#285,#1145,#1431,.T.);
#1433=ORIENTED_EDGE('',*,*,#1432,.F.);
#1434=ORIENTED_EDGE('',*,*,#290,.F.);
#1435=EDGE_LOOP('',(#1426,#1427,#1433,#1434));
#1436=FACE_BOUND('',#1435,.T.);
#1437=ADVANCED_FACE('',(#1436),#1425,.F.);
#1438=CARTESIAN_POINT('',(-4.5,-36.4,93.46));
#1439=DIRECTION('',(0.707106781,-0.,0.707106781));
#1440=DIRECTION('',(0.,-1.,-0.));
#1441=AXIS2_PLACEMENT_3D('',#1438,#1439,#1440);
#1442=PLANE('',#1441);
#1443=ORIENTED_EDGE('',*,*,#1415,.T.);
#1444=ORIENTED_EDGE('',*,*,#298,.F.);
#1445=ORIENTED_EDGE('',*,*,#1432,.T.);
#1446=ORIENTED_EDGE('',*,*,#1375,.F.);
#1447=EDGE_LOOP('',(#1443,#1444,#1445,#1446));
#1448=FACE_BOUND('',#1447,.T.);
#1449=ADVANCED_FACE('',(#1448),#1442,.F.);
#1450=CARTESIAN_POINT('',(-2.6,-36.4,90.36));
#1451=DIRECTION('',(1.,0.,0.));
#1452=DIRECTION('',(0.,-0.,1.));
#1453=AXIS2_PLACEMENT_3D('',#1450,#1451,#1452);
#1454=PLANE('',#1453);
#1455=CARTESIAN_POINT('',(-2.6,-35.9,90.36));
#1456=VERTEX_POINT('',#1455);
#1457=CARTESIAN_POINT('',(-2.6,-30.3,90.36));
#1458=VERTEX_POINT('',#1457);
#1459=CARTESIAN_POINT('',(-2.6,-35.9,90.36));
#1460=DIRECTION('',(0.,1.,0.));
#1461=VECTOR('',#1460,5.6);
#1462=LINE('',#1459,#1461);
#1463=EDGE_CURVE('',#1456,#1458,#1462,.T.);
#1464=ORIENTED_EDGE('',*,*,#1463,.T.);
#1465=CARTESIAN_POINT('',(-2.6,-30.3,91.16));
#1466=VERTEX_POINT('',#1465);
#1467=CARTESIAN_POINT('',(-2.6,-30.3,90.36));
#1468=DIRECTION('',(0.,-0.,1.));
#1469=VECTOR('',#1468,0.8);
#1470=LINE('',#1467,#1469);
#1471=EDGE_CURVE('',#1458,#1466,#1470,.T.);
#1472=ORIENTED_EDGE('',*,*,#1471,.T.);
#1473=CARTESIAN_POINT('',(-2.6,-35.1,91.16));
#1474=VERTEX_POINT('',#1473);
#1475=CARTESIAN_POINT('',(-2.6,-30.3,91.16));
#1476=DIRECTION('',(0.,-1.,-0.));
#1477=VECTOR('',#1476,4.8);
#1478=LINE('',#1475,#1477);
#1479=EDGE_CURVE('',#1466,#1474,#1478,.T.);
#1480=ORIENTED_EDGE('',*,*,#1479,.T.);
#1481=CARTESIAN_POINT('',(-2.6,-35.1,92.06));
#1482=DIRECTION('',(-1.,-0.,-0.));
#1483=DIRECTION('',(0.,-0.,1.));
#1484=AXIS2_PLACEMENT_3D('',#1481,#1482,#1483);
#1485=CIRCLE('',#1484,0.9);
#1486=EDGE_CURVE('',#1474,#33,#1485,.T.);
#1487=ORIENTED_EDGE('',*,*,#1486,.T.);
#1488=ORIENTED_EDGE('',*,*,#40,.T.);
#1489=ORIENTED_EDGE('',*,*,#330,.F.);
#1490=CARTESIAN_POINT('',(-2.6,-36.8,91.26));
#1491=VERTEX_POINT('',#1490);
#1492=CARTESIAN_POINT('',(-2.6,-36.8,91.26));
#1493=DIRECTION('',(0.,-0.,1.));
#1494=VECTOR('',#1493,2.1);
#1495=LINE('',#1492,#1494);
#1496=EDGE_CURVE('',#1491,#319,#1495,.T.);
#1497=ORIENTED_EDGE('',*,*,#1496,.F.);
#1498=CARTESIAN_POINT('',(-2.6,-35.9,91.26));
#1499=DIRECTION('',(1.,0.,0.));
#1500=DIRECTION('',(0.,-0.,1.));
#1501=AXIS2_PLACEMENT_3D('',#1498,#1499,#1500);
#1502=CIRCLE('',#1501,0.9);
#1503=EDGE_CURVE('',#1491,#1456,#1502,.T.);
#1504=ORIENTED_EDGE('',*,*,#1503,.T.);
#1505=EDGE_LOOP('',(#1464,#1472,#1480,#1487,#1488,#1489,#1497,#1504));
#1506=FACE_BOUND('',#1505,.T.);
#1507=ADVANCED_FACE('',(#1506),#1454,.T.);
#1508=CARTESIAN_POINT('',(-3.,-36.8,90.36));
#1509=DIRECTION('',(0.,-1.,-0.));
#1510=DIRECTION('',(0.,0.,-1.));
#1511=AXIS2_PLACEMENT_3D('',#1508,#1509,#1510);
#1512=PLANE('',#1511);
#1513=CARTESIAN_POINT('',(-3.4,-36.8,91.26));
#1514=VERTEX_POINT('',#1513);
#1515=CARTESIAN_POINT('',(-3.4,-36.8,91.26));
#1516=DIRECTION('',(0.,-0.,1.));
#1517=VECTOR('',#1516,2.1);
#1518=LINE('',#1515,#1517);
#1519=EDGE_CURVE('',#1514,#317,#1518,.T.);
#1520=ORIENTED_EDGE('',*,*,#1519,.F.);
#1521=CARTESIAN_POINT('',(-3.4,-36.8,91.26));
#1522=DIRECTION('',(1.,0.,-0.));
#1523=VECTOR('',#1522,0.8);
#1524=LINE('',#1521,#1523);
#1525=EDGE_CURVE('',#1514,#1491,#1524,.T.);
#1526=ORIENTED_EDGE('',*,*,#1525,.T.);
#1527=ORIENTED_EDGE('',*,*,#1496,.T.);
#1528=ORIENTED_EDGE('',*,*,#324,.F.);
#1529=EDGE_LOOP('',(#1520,#1526,#1527,#1528));
#1530=FACE_BOUND('',#1529,.T.);
#1531=ADVANCED_FACE('',(#1530),#1512,.T.);
#1532=CARTESIAN_POINT('',(-3.4,-36.4,90.36));
#1533=DIRECTION('',(-1.,0.,0.));
#1534=DIRECTION('',(0.,0.,-1.));
#1535=AXIS2_PLACEMENT_3D('',#1532,#1533,#1534);
#1536=PLANE('',#1535);
#1537=CARTESIAN_POINT('',(-3.4,-30.3,91.16));
#1538=VERTEX_POINT('',#1537);
#1539=CARTESIAN_POINT('',(-3.4,-35.1,91.16));
#1540=VERTEX_POINT('',#1539);
#1541=CARTESIAN_POINT('',(-3.4,-30.3,91.16));
#1542=DIRECTION('',(0.,-1.,-0.));
#1543=VECTOR('',#1542,4.8);
#1544=LINE('',#1541,#1543);
#1545=EDGE_CURVE('',#1538,#1540,#1544,.T.);
#1546=ORIENTED_EDGE('',*,*,#1545,.F.);
#1547=CARTESIAN_POINT('',(-3.4,-30.3,90.36));
#1548=VERTEX_POINT('',#1547);
#1549=CARTESIAN_POINT('',(-3.4,-30.3,91.16));
#1550=DIRECTION('',(0.,0.,-1.));
#1551=VECTOR('',#1550,0.8);
#1552=LINE('',#1549,#1551);
#1553=EDGE_CURVE('',#1538,#1548,#1552,.T.);
#1554=ORIENTED_EDGE('',*,*,#1553,.T.);
#1555=CARTESIAN_POINT('',(-3.4,-35.9,90.36));
#1556=VERTEX_POINT('',#1555);
#1557=CARTESIAN_POINT('',(-3.4,-30.3,90.36));
#1558=DIRECTION('',(0.,-1.,-0.));
#1559=VECTOR('',#1558,5.6);
#1560=LINE('',#1557,#1559);
#1561=EDGE_CURVE('',#1548,#1556,#1560,.T.);
#1562=ORIENTED_EDGE('',*,*,#1561,.T.);
#1563=CARTESIAN_POINT('',(-3.4,-35.9,91.26));
#1564=DIRECTION('',(-1.,0.,0.));
#1565=DIRECTION('',(0.,0.,-1.));
#1566=AXIS2_PLACEMENT_3D('',#1563,#1564,#1565);
#1567=CIRCLE('',#1566,0.9);
#1568=EDGE_CURVE('',#1556,#1514,#1567,.T.);
#1569=ORIENTED_EDGE('',*,*,#1568,.T.);
#1570=ORIENTED_EDGE('',*,*,#1519,.T.);
#1571=ORIENTED_EDGE('',*,*,#337,.F.);
#1572=ORIENTED_EDGE('',*,*,#56,.F.);
#1573=CARTESIAN_POINT('',(-3.4,-35.1,92.06));
#1574=DIRECTION('',(1.,-0.,-0.));
#1575=DIRECTION('',(0.,0.,-1.));
#1576=AXIS2_PLACEMENT_3D('',#1573,#1574,#1575);
#1577=CIRCLE('',#1576,0.9);
#1578=EDGE_CURVE('',#43,#1540,#1577,.T.);
#1579=ORIENTED_EDGE('',*,*,#1578,.T.);
#1580=EDGE_LOOP('',(#1546,#1554,#1562,#1569,#1570,#1571,#1572,#1579));
#1581=FACE_BOUND('',#1580,.T.);
#1582=ADVANCED_FACE('',(#1581),#1536,.T.);
#1583=CARTESIAN_POINT('',(0.,-41.9,90.36));
#1584=DIRECTION('',(0.,0.,-1.));
#1585=DIRECTION('',(1.,0.,0.));
#1586=AXIS2_PLACEMENT_3D('',#1583,#1584,#1585);
#1587=PLANE('',#1586);
#1588=ORIENTED_EDGE('',*,*,#1561,.F.);
#1589=CARTESIAN_POINT('',(-3.4,-30.3,90.36));
#1590=DIRECTION('',(1.,0.,-0.));
#1591=VECTOR('',#1590,0.8);
#1592=LINE('',#1589,#1591);
#1593=EDGE_CURVE('',#1548,#1458,#1592,.T.);
#1594=ORIENTED_EDGE('',*,*,#1593,.T.);
#1595=ORIENTED_EDGE('',*,*,#1463,.F.);
#1596=CARTESIAN_POINT('',(-2.6,-35.9,90.36));
#1597=DIRECTION('',(-1.,-0.,0.));
#1598=VECTOR('',#1597,0.8);
#1599=LINE('',#1596,#1598);
#1600=EDGE_CURVE('',#1456,#1556,#1599,.T.);
#1601=ORIENTED_EDGE('',*,*,#1600,.T.);
#1602=EDGE_LOOP('',(#1588,#1594,#1595,#1601));
#1603=FACE_BOUND('',#1602,.T.);
#1604=ADVANCED_FACE('',(#1603),#1587,.T.);
#1605=CARTESIAN_POINT('',(0.4,-36.4,90.36));
#1606=DIRECTION('',(1.,0.,0.));
#1607=DIRECTION('',(0.,-0.,1.));
#1608=AXIS2_PLACEMENT_3D('',#1605,#1606,#1607);
#1609=PLANE('',#1608);
#1610=CARTESIAN_POINT('',(0.4,-35.9,90.36));
#1611=VERTEX_POINT('',#1610);
#1612=CARTESIAN_POINT('',(0.4,-30.3,90.36));
#1613=VERTEX_POINT('',#1612);
#1614=CARTESIAN_POINT('',(0.4,-35.9,90.36));
#1615=DIRECTION('',(0.,1.,0.));
#1616=VECTOR('',#1615,5.6);
#1617=LINE('',#1614,#1616);
#1618=EDGE_CURVE('',#1611,#1613,#1617,.T.);
#1619=ORIENTED_EDGE('',*,*,#1618,.T.);
#1620=CARTESIAN_POINT('',(0.4,-30.3,91.16));
#1621=VERTEX_POINT('',#1620);
#1622=CARTESIAN_POINT('',(0.4,-30.3,90.36));
#1623=DIRECTION('',(0.,-0.,1.));
#1624=VECTOR('',#1623,0.8);
#1625=LINE('',#1622,#1624);
#1626=EDGE_CURVE('',#1613,#1621,#1625,.T.);
#1627=ORIENTED_EDGE('',*,*,#1626,.T.);
#1628=CARTESIAN_POINT('',(0.4,-35.1,91.16));
#1629=VERTEX_POINT('',#1628);
#1630=CARTESIAN_POINT('',(0.4,-30.3,91.16));
#1631=DIRECTION('',(0.,-1.,-0.));
#1632=VECTOR('',#1631,4.8);
#1633=LINE('',#1630,#1632);
#1634=EDGE_CURVE('',#1621,#1629,#1633,.T.);
#1635=ORIENTED_EDGE('',*,*,#1634,.T.);
#1636=CARTESIAN_POINT('',(0.4,-35.1,92.06));
#1637=DIRECTION('',(-1.,-0.,-0.));
#1638=DIRECTION('',(0.,-0.,1.));
#1639=AXIS2_PLACEMENT_3D('',#1636,#1637,#1638);
#1640=CIRCLE('',#1639,0.9);
#1641=EDGE_CURVE('',#1629,#73,#1640,.T.);
#1642=ORIENTED_EDGE('',*,*,#1641,.T.);
#1643=ORIENTED_EDGE('',*,*,#80,.T.);
#1644=ORIENTED_EDGE('',*,*,#265,.F.);
#1645=CARTESIAN_POINT('',(0.4,-36.8,91.26));
#1646=VERTEX_POINT('',#1645);
#1647=CARTESIAN_POINT('',(0.4,-36.8,91.26));
#1648=DIRECTION('',(0.,-0.,1.));
#1649=VECTOR('',#1648,2.1);
#1650=LINE('',#1647,#1649);
#1651=EDGE_CURVE('',#1646,#254,#1650,.T.);
#1652=ORIENTED_EDGE('',*,*,#1651,.F.);
#1653=CARTESIAN_POINT('',(0.4,-35.9,91.26));
#1654=DIRECTION('',(1.,0.,0.));
#1655=DIRECTION('',(0.,-0.,1.));
#1656=AXIS2_PLACEMENT_3D('',#1653,#1654,#1655);
#1657=CIRCLE('',#1656,0.9);
#1658=EDGE_CURVE('',#1646,#1611,#1657,.T.);
#1659=ORIENTED_EDGE('',*,*,#1658,.T.);
#1660=EDGE_LOOP('',(#1619,#1627,#1635,#1642,#1643,#1644,#1652,#1659));
#1661=FACE_BOUND('',#1660,.T.);
#1662=ADVANCED_FACE('',(#1661),#1609,.T.);
#1663=CARTESIAN_POINT('',(0.,-36.8,90.36));
#1664=DIRECTION('',(0.,-1.,-0.));
#1665=DIRECTION('',(0.,0.,-1.));
#1666=AXIS2_PLACEMENT_3D('',#1663,#1664,#1665);
#1667=PLANE('',#1666);
#1668=CARTESIAN_POINT('',(-0.4,-36.8,91.26));
#1669=VERTEX_POINT('',#1668);
#1670=CARTESIAN_POINT('',(-0.4,-36.8,91.26));
#1671=DIRECTION('',(0.,-0.,1.));
#1672=VECTOR('',#1671,2.1);
#1673=LINE('',#1670,#1672);
#1674=EDGE_CURVE('',#1669,#252,#1673,.T.);
#1675=ORIENTED_EDGE('',*,*,#1674,.F.);
#1676=CARTESIAN_POINT('',(-0.4,-36.8,91.26));
#1677=DIRECTION('',(1.,0.,-0.));
#1678=VECTOR('',#1677,0.8);
#1679=LINE('',#1676,#1678);
#1680=EDGE_CURVE('',#1669,#1646,#1679,.T.);
#1681=ORIENTED_EDGE('',*,*,#1680,.T.);
#1682=ORIENTED_EDGE('',*,*,#1651,.T.);
#1683=ORIENTED_EDGE('',*,*,#259,.F.);
#1684=EDGE_LOOP('',(#1675,#1681,#1682,#1683));
#1685=FACE_BOUND('',#1684,.T.);
#1686=ADVANCED_FACE('',(#1685),#1667,.T.);
#1687=CARTESIAN_POINT('',(-0.4,-36.4,90.36));
#1688=DIRECTION('',(-1.,0.,0.));
#1689=DIRECTION('',(0.,0.,-1.));
#1690=AXIS2_PLACEMENT_3D('',#1687,#1688,#1689);
#1691=PLANE('',#1690);
#1692=CARTESIAN_POINT('',(-0.4,-30.3,91.16));
#1693=VERTEX_POINT('',#1692);
#1694=CARTESIAN_POINT('',(-0.4,-35.1,91.16));
#1695=VERTEX_POINT('',#1694);
#1696=CARTESIAN_POINT('',(-0.4,-30.3,91.16));
#1697=DIRECTION('',(0.,-1.,-0.));
#1698=VECTOR('',#1697,4.8);
#1699=LINE('',#1696,#1698);
#1700=EDGE_CURVE('',#1693,#1695,#1699,.T.);
#1701=ORIENTED_EDGE('',*,*,#1700,.F.);
#1702=CARTESIAN_POINT('',(-0.4,-30.3,90.36));
#1703=VERTEX_POINT('',#1702);
#1704=CARTESIAN_POINT('',(-0.4,-30.3,91.16));
#1705=DIRECTION('',(0.,0.,-1.));
#1706=VECTOR('',#1705,0.8);
#1707=LINE('',#1704,#1706);
#1708=EDGE_CURVE('',#1693,#1703,#1707,.T.);
#1709=ORIENTED_EDGE('',*,*,#1708,.T.);
#1710=CARTESIAN_POINT('',(-0.4,-35.9,90.36));
#1711=VERTEX_POINT('',#1710);
#1712=CARTESIAN_POINT('',(-0.4,-30.3,90.36));
#1713=DIRECTION('',(0.,-1.,-0.));
#1714=VECTOR('',#1713,5.6);
#1715=LINE('',#1712,#1714);
#1716=EDGE_CURVE('',#1703,#1711,#1715,.T.);
#1717=ORIENTED_EDGE('',*,*,#1716,.T.);
#1718=CARTESIAN_POINT('',(-0.4,-35.9,91.26));
#1719=DIRECTION('',(-1.,0.,0.));
#1720=DIRECTION('',(0.,0.,-1.));
#1721=AXIS2_PLACEMENT_3D('',#1718,#1719,#1720);
#1722=CIRCLE('',#1721,0.9);
#1723=EDGE_CURVE('',#1711,#1669,#1722,.T.);
#1724=ORIENTED_EDGE('',*,*,#1723,.T.);
#1725=ORIENTED_EDGE('',*,*,#1674,.T.);
#1726=ORIENTED_EDGE('',*,*,#272,.F.);
#1727=ORIENTED_EDGE('',*,*,#96,.F.);
#1728=CARTESIAN_POINT('',(-0.4,-35.1,92.06));
#1729=DIRECTION('',(1.,-0.,-0.));
#1730=DIRECTION('',(0.,0.,-1.));
#1731=AXIS2_PLACEMENT_3D('',#1728,#1729,#1730);
#1732=CIRCLE('',#1731,0.9);
#1733=EDGE_CURVE('',#83,#1695,#1732,.T.);
#1734=ORIENTED_EDGE('',*,*,#1733,.T.);
#1735=EDGE_LOOP('',(#1701,#1709,#1717,#1724,#1725,#1726,#1727,#1734));
#1736=FACE_BOUND('',#1735,.T.);
#1737=ADVANCED_FACE('',(#1736),#1691,.T.);
#1738=CARTESIAN_POINT('',(0.,-41.9,90.36));
#1739=DIRECTION('',(0.,0.,-1.));
#1740=DIRECTION('',(1.,0.,0.));
#1741=AXIS2_PLACEMENT_3D('',#1738,#1739,#1740);
#1742=PLANE('',#1741);
#1743=ORIENTED_EDGE('',*,*,#1716,.F.);
#1744=CARTESIAN_POINT('',(-0.4,-30.3,90.36));
#1745=DIRECTION('',(1.,0.,-0.));
#1746=VECTOR('',#1745,0.8);
#1747=LINE('',#1744,#1746);
#1748=EDGE_CURVE('',#1703,#1613,#1747,.T.);
#1749=ORIENTED_EDGE('',*,*,#1748,.T.);
#1750=ORIENTED_EDGE('',*,*,#1618,.F.);
#1751=CARTESIAN_POINT('',(0.4,-35.9,90.36));
#1752=DIRECTION('',(-1.,-0.,0.));
#1753=VECTOR('',#1752,0.8);
#1754=LINE('',#1751,#1753);
#1755=EDGE_CURVE('',#1611,#1711,#1754,.T.);
#1756=ORIENTED_EDGE('',*,*,#1755,.T.);
#1757=EDGE_LOOP('',(#1743,#1749,#1750,#1756));
#1758=FACE_BOUND('',#1757,.T.);
#1759=ADVANCED_FACE('',(#1758),#1742,.T.);
#1760=CARTESIAN_POINT('',(3.4,-36.4,90.36));
#1761=DIRECTION('',(1.,0.,0.));
#1762=DIRECTION('',(0.,-0.,1.));
#1763=AXIS2_PLACEMENT_3D('',#1760,#1761,#1762);
#1764=PLANE('',#1763);
#1765=CARTESIAN_POINT('',(3.4,-35.9,90.36));
#1766=VERTEX_POINT('',#1765);
#1767=CARTESIAN_POINT('',(3.4,-30.3,90.36));
#1768=VERTEX_POINT('',#1767);
#1769=CARTESIAN_POINT('',(3.4,-35.9,90.36));
#1770=DIRECTION('',(0.,1.,0.));
#1771=VECTOR('',#1770,5.6);
#1772=LINE('',#1769,#1771);
#1773=EDGE_CURVE('',#1766,#1768,#1772,.T.);
#1774=ORIENTED_EDGE('',*,*,#1773,.T.);
#1775=CARTESIAN_POINT('',(3.4,-30.3,91.16));
#1776=VERTEX_POINT('',#1775);
#1777=CARTESIAN_POINT('',(3.4,-30.3,90.36));
#1778=DIRECTION('',(0.,-0.,1.));
#1779=VECTOR('',#1778,0.8);
#1780=LINE('',#1777,#1779);
#1781=EDGE_CURVE('',#1768,#1776,#1780,.T.);
#1782=ORIENTED_EDGE('',*,*,#1781,.T.);
#1783=CARTESIAN_POINT('',(3.4,-35.1,91.16));
#1784=VERTEX_POINT('',#1783);
#1785=CARTESIAN_POINT('',(3.4,-30.3,91.16));
#1786=DIRECTION('',(0.,-1.,-0.));
#1787=VECTOR('',#1786,4.8);
#1788=LINE('',#1785,#1787);
#1789=EDGE_CURVE('',#1776,#1784,#1788,.T.);
#1790=ORIENTED_EDGE('',*,*,#1789,.T.);
#1791=CARTESIAN_POINT('',(3.4,-35.1,92.06));
#1792=DIRECTION('',(-1.,-0.,-0.));
#1793=DIRECTION('',(0.,-0.,1.));
#1794=AXIS2_PLACEMENT_3D('',#1791,#1792,#1793);
#1795=CIRCLE('',#1794,0.9);
#1796=EDGE_CURVE('',#1784,#113,#1795,.T.);
#1797=ORIENTED_EDGE('',*,*,#1796,.T.);
#1798=ORIENTED_EDGE('',*,*,#120,.T.);
#1799=ORIENTED_EDGE('',*,*,#200,.F.);
#1800=CARTESIAN_POINT('',(3.4,-36.8,91.26));
#1801=VERTEX_POINT('',#1800);
#1802=CARTESIAN_POINT('',(3.4,-36.8,91.26));
#1803=DIRECTION('',(0.,-0.,1.));
#1804=VECTOR('',#1803,2.1);
#1805=LINE('',#1802,#1804);
#1806=EDGE_CURVE('',#1801,#189,#1805,.T.);
#1807=ORIENTED_EDGE('',*,*,#1806,.F.);
#1808=CARTESIAN_POINT('',(3.4,-35.9,91.26));
#1809=DIRECTION('',(1.,0.,0.));
#1810=DIRECTION('',(0.,-0.,1.));
#1811=AXIS2_PLACEMENT_3D('',#1808,#1809,#1810);
#1812=CIRCLE('',#1811,0.9);
#1813=EDGE_CURVE('',#1801,#1766,#1812,.T.);
#1814=ORIENTED_EDGE('',*,*,#1813,.T.);
#1815=EDGE_LOOP('',(#1774,#1782,#1790,#1797,#1798,#1799,#1807,#1814));
#1816=FACE_BOUND('',#1815,.T.);
#1817=ADVANCED_FACE('',(#1816),#1764,.T.);
#1818=CARTESIAN_POINT('',(3.,-36.8,90.36));
#1819=DIRECTION('',(0.,-1.,-0.));
#1820=DIRECTION('',(0.,0.,-1.));
#1821=AXIS2_PLACEMENT_3D('',#1818,#1819,#1820);
#1822=PLANE('',#1821);
#1823=CARTESIAN_POINT('',(2.6,-36.8,91.26));
#1824=VERTEX_POINT('',#1823);
#1825=CARTESIAN_POINT('',(2.6,-36.8,91.26));
#1826=DIRECTION('',(0.,-0.,1.));
#1827=VECTOR('',#1826,2.1);
#1828=LINE('',#1825,#1827);
#1829=EDGE_CURVE('',#1824,#187,#1828,.T.);
#1830=ORIENTED_EDGE('',*,*,#1829,.F.);
#1831=CARTESIAN_POINT('',(2.6,-36.8,91.26));
#1832=DIRECTION('',(1.,0.,-0.));
#1833=VECTOR('',#1832,0.8);
#1834=LINE('',#1831,#1833);
#1835=EDGE_CURVE('',#1824,#1801,#1834,.T.);
#1836=ORIENTED_EDGE('',*,*,#1835,.T.);
#1837=ORIENTED_EDGE('',*,*,#1806,.T.);
#1838=ORIENTED_EDGE('',*,*,#194,.F.);
#1839=EDGE_LOOP('',(#1830,#1836,#1837,#1838));
#1840=FACE_BOUND('',#1839,.T.);
#1841=ADVANCED_FACE('',(#1840),#1822,.T.);
#1842=CARTESIAN_POINT('',(2.6,-36.4,90.36));
#1843=DIRECTION('',(-1.,0.,0.));
#1844=DIRECTION('',(0.,0.,-1.));
#1845=AXIS2_PLACEMENT_3D('',#1842,#1843,#1844);
#1846=PLANE('',#1845);
#1847=CARTESIAN_POINT('',(2.6,-30.3,91.16));
#1848=VERTEX_POINT('',#1847);
#1849=CARTESIAN_POINT('',(2.6,-35.1,91.16));
#1850=VERTEX_POINT('',#1849);
#1851=CARTESIAN_POINT('',(2.6,-30.3,91.16));
#1852=DIRECTION('',(0.,-1.,-0.));
#1853=VECTOR('',#1852,4.8);
#1854=LINE('',#1851,#1853);
#1855=EDGE_CURVE('',#1848,#1850,#1854,.T.);
#1856=ORIENTED_EDGE('',*,*,#1855,.F.);
#1857=CARTESIAN_POINT('',(2.6,-30.3,90.36));
#1858=VERTEX_POINT('',#1857);
#1859=CARTESIAN_POINT('',(2.6,-30.3,91.16));
#1860=DIRECTION('',(0.,0.,-1.));
#1861=VECTOR('',#1860,0.8);
#1862=LINE('',#1859,#1861);
#1863=EDGE_CURVE('',#1848,#1858,#1862,.T.);
#1864=ORIENTED_EDGE('',*,*,#1863,.T.);
#1865=CARTESIAN_POINT('',(2.6,-35.9,90.36));
#1866=VERTEX_POINT('',#1865);
#1867=CARTESIAN_POINT('',(2.6,-30.3,90.36));
#1868=DIRECTION('',(0.,-1.,-0.));
#1869=VECTOR('',#1868,5.6);
#1870=LINE('',#1867,#1869);
#1871=EDGE_CURVE('',#1858,#1866,#1870,.T.);
#1872=ORIENTED_EDGE('',*,*,#1871,.T.);
#1873=CARTESIAN_POINT('',(2.6,-35.9,91.26));
#1874=DIRECTION('',(-1.,0.,0.));
#1875=DIRECTION('',(0.,0.,-1.));
#1876=AXIS2_PLACEMENT_3D('',#1873,#1874,#1875);
#1877=CIRCLE('',#1876,0.9);
#1878=EDGE_CURVE('',#1866,#1824,#1877,.T.);
#1879=ORIENTED_EDGE('',*,*,#1878,.T.);
#1880=ORIENTED_EDGE('',*,*,#1829,.T.);
#1881=ORIENTED_EDGE('',*,*,#207,.F.);
#1882=ORIENTED_EDGE('',*,*,#136,.F.);
#1883=CARTESIAN_POINT('',(2.6,-35.1,92.06));
#1884=DIRECTION('',(1.,-0.,-0.));
#1885=DIRECTION('',(0.,0.,-1.));
#1886=AXIS2_PLACEMENT_3D('',#1883,#1884,#1885);
#1887=CIRCLE('',#1886,0.9);
#1888=EDGE_CURVE('',#123,#1850,#1887,.T.);
#1889=ORIENTED_EDGE('',*,*,#1888,.T.);
#1890=EDGE_LOOP('',(#1856,#1864,#1872,#1879,#1880,#1881,#1882,#1889));
#1891=FACE_BOUND('',#1890,.T.);
#1892=ADVANCED_FACE('',(#1891),#1846,.T.);
#1893=CARTESIAN_POINT('',(0.,-41.9,90.36));
#1894=DIRECTION('',(0.,0.,-1.));
#1895=DIRECTION('',(1.,0.,0.));
#1896=AXIS2_PLACEMENT_3D('',#1893,#1894,#1895);
#1897=PLANE('',#1896);
#1898=ORIENTED_EDGE('',*,*,#1871,.F.);
#1899=CARTESIAN_POINT('',(2.6,-30.3,90.36));
#1900=DIRECTION('',(1.,0.,-0.));
#1901=VECTOR('',#1900,0.8);
#1902=LINE('',#1899,#1901);
#1903=EDGE_CURVE('',#1858,#1768,#1902,.T.);
#1904=ORIENTED_EDGE('',*,*,#1903,.T.);
#1905=ORIENTED_EDGE('',*,*,#1773,.F.);
#1906=CARTESIAN_POINT('',(3.4,-35.9,90.36));
#1907=DIRECTION('',(-1.,-0.,0.));
#1908=VECTOR('',#1907,0.8);
#1909=LINE('',#1906,#1908);
#1910=EDGE_CURVE('',#1766,#1866,#1909,.T.);
#1911=ORIENTED_EDGE('',*,*,#1910,.T.);
#1912=EDGE_LOOP('',(#1898,#1904,#1905,#1911));
#1913=FACE_BOUND('',#1912,.T.);
#1914=ADVANCED_FACE('',(#1913),#1897,.T.);
#1915=CARTESIAN_POINT('',(3.,-30.,91.16));
#1916=DIRECTION('',(0.,-0.,1.));
#1917=DIRECTION('',(-1.,0.,0.));
#1918=AXIS2_PLACEMENT_3D('',#1915,#1916,#1917);
#1919=PLANE('',#1918);
#1920=ORIENTED_EDGE('',*,*,#1789,.F.);
#1921=CARTESIAN_POINT('',(3.4,-30.3,91.16));
#1922=DIRECTION('',(-1.,0.,0.));
#1923=VECTOR('',#1922,0.8);
#1924=LINE('',#1921,#1923);
#1925=EDGE_CURVE('',#1776,#1848,#1924,.T.);
#1926=ORIENTED_EDGE('',*,*,#1925,.T.);
#1927=ORIENTED_EDGE('',*,*,#1855,.T.);
#1928=CARTESIAN_POINT('',(2.6,-35.1,91.16));
#1929=DIRECTION('',(1.,-0.,-0.));
#1930=VECTOR('',#1929,0.8);
#1931=LINE('',#1928,#1930);
#1932=EDGE_CURVE('',#1850,#1784,#1931,.T.);
#1933=ORIENTED_EDGE('',*,*,#1932,.T.);
#1934=EDGE_LOOP('',(#1920,#1926,#1927,#1933));
#1935=FACE_BOUND('',#1934,.T.);
#1936=ADVANCED_FACE('',(#1935),#1919,.T.);
#1937=CARTESIAN_POINT('',(0.,-30.,97.36));
#1938=DIRECTION('',(0.,1.,0.));
#1939=DIRECTION('',(1.,0.,0.));
#1940=AXIS2_PLACEMENT_3D('',#1937,#1938,#1939);
#1941=PLANE('',#1940);
#1942=CARTESIAN_POINT('',(3.1,-30.,90.66));
#1943=VERTEX_POINT('',#1942);
#1944=CARTESIAN_POINT('',(2.9,-30.,90.66));
#1945=VERTEX_POINT('',#1944);
#1946=CARTESIAN_POINT('',(3.1,-30.,90.66));
#1947=DIRECTION('',(-1.,-0.,0.));
#1948=VECTOR('',#1947,0.2);
#1949=LINE('',#1946,#1948);
#1950=EDGE_CURVE('',#1943,#1945,#1949,.T.);
#1951=ORIENTED_EDGE('',*,*,#1950,.T.);
#1952=CARTESIAN_POINT('',(2.9,-30.,90.86));
#1953=VERTEX_POINT('',#1952);
#1954=CARTESIAN_POINT('',(2.9,-30.,90.66));
#1955=DIRECTION('',(-0.,-0.,1.));
#1956=VECTOR('',#1955,0.2);
#1957=LINE('',#1954,#1956);
#1958=EDGE_CURVE('',#1945,#1953,#1957,.T.);
#1959=ORIENTED_EDGE('',*,*,#1958,.T.);
#1960=CARTESIAN_POINT('',(3.1,-30.,90.86));
#1961=VERTEX_POINT('',#1960);
#1962=CARTESIAN_POINT('',(2.9,-30.,90.86));
#1963=DIRECTION('',(1.,-0.,-0.));
#1964=VECTOR('',#1963,0.2);
#1965=LINE('',#1962,#1964);
#1966=EDGE_CURVE('',#1953,#1961,#1965,.T.);
#1967=ORIENTED_EDGE('',*,*,#1966,.T.);
#1968=CARTESIAN_POINT('',(3.1,-30.,90.86));
#1969=DIRECTION('',(-0.,0.,-1.));
#1970=VECTOR('',#1969,0.2);
#1971=LINE('',#1968,#1970);
#1972=EDGE_CURVE('',#1961,#1943,#1971,.T.);
#1973=ORIENTED_EDGE('',*,*,#1972,.T.);
#1974=EDGE_LOOP('',(#1951,#1959,#1967,#1973));
#1975=FACE_BOUND('',#1974,.T.);
#1976=ADVANCED_FACE('',(#1975),#1941,.T.);
#1977=CARTESIAN_POINT('',(0.,-30.,91.16));
#1978=DIRECTION('',(0.,-0.,1.));
#1979=DIRECTION('',(-1.,0.,0.));
#1980=AXIS2_PLACEMENT_3D('',#1977,#1978,#1979);
#1981=PLANE('',#1980);
#1982=ORIENTED_EDGE('',*,*,#1634,.F.);
#1983=CARTESIAN_POINT('',(0.4,-30.3,91.16));
#1984=DIRECTION('',(-1.,0.,0.));
#1985=VECTOR('',#1984,0.8);
#1986=LINE('',#1983,#1985);
#1987=EDGE_CURVE('',#1621,#1693,#1986,.T.);
#1988=ORIENTED_EDGE('',*,*,#1987,.T.);
#1989=ORIENTED_EDGE('',*,*,#1700,.T.);
#1990=CARTESIAN_POINT('',(-0.4,-35.1,91.16));
#1991=DIRECTION('',(1.,-0.,-0.));
#1992=VECTOR('',#1991,0.8);
#1993=LINE('',#1990,#1992);
#1994=EDGE_CURVE('',#1695,#1629,#1993,.T.);
#1995=ORIENTED_EDGE('',*,*,#1994,.T.);
#1996=EDGE_LOOP('',(#1982,#1988,#1989,#1995));
#1997=FACE_BOUND('',#1996,.T.);
#1998=ADVANCED_FACE('',(#1997),#1981,.T.);
#1999=CARTESIAN_POINT('',(0.,-30.,97.36));
#2000=DIRECTION('',(0.,1.,0.));
#2001=DIRECTION('',(1.,0.,0.));
#2002=AXIS2_PLACEMENT_3D('',#1999,#2000,#2001);
#2003=PLANE('',#2002);
#2004=CARTESIAN_POINT('',(0.1,-30.,90.66));
#2005=VERTEX_POINT('',#2004);
#2006=CARTESIAN_POINT('',(-0.1,-30.,90.66));
#2007=VERTEX_POINT('',#2006);
#2008=CARTESIAN_POINT('',(0.1,-30.,90.66));
#2009=DIRECTION('',(-1.,-0.,0.));
#2010=VECTOR('',#2009,0.2);
#2011=LINE('',#2008,#2010);
#2012=EDGE_CURVE('',#2005,#2007,#2011,.T.);
#2013=ORIENTED_EDGE('',*,*,#2012,.T.);
#2014=CARTESIAN_POINT('',(-0.1,-30.,90.86));
#2015=VERTEX_POINT('',#2014);
#2016=CARTESIAN_POINT('',(-0.1,-30.,90.66));
#2017=DIRECTION('',(-0.,-0.,1.));
#2018=VECTOR('',#2017,0.2);
#2019=LINE('',#2016,#2018);
#2020=EDGE_CURVE('',#2007,#2015,#2019,.T.);
#2021=ORIENTED_EDGE('',*,*,#2020,.T.);
#2022=CARTESIAN_POINT('',(0.1,-30.,90.86));
#2023=VERTEX_POINT('',#2022);
#2024=CARTESIAN_POINT('',(-0.1,-30.,90.86));
#2025=DIRECTION('',(1.,-0.,-0.));
#2026=VECTOR('',#2025,0.2);
#2027=LINE('',#2024,#2026);
#2028=EDGE_CURVE('',#2015,#2023,#2027,.T.);
#2029=ORIENTED_EDGE('',*,*,#2028,.T.);
#2030=CARTESIAN_POINT('',(0.1,-30.,90.86));
#2031=DIRECTION('',(-0.,0.,-1.));
#2032=VECTOR('',#2031,0.2);
#2033=LINE('',#2030,#2032);
#2034=EDGE_CURVE('',#2023,#2005,#2033,.T.);
#2035=ORIENTED_EDGE('',*,*,#2034,.T.);
#2036=EDGE_LOOP('',(#2013,#2021,#2029,#2035));
#2037=FACE_BOUND('',#2036,.T.);
#2038=ADVANCED_FACE('',(#2037),#2003,.T.);
#2039=CARTESIAN_POINT('',(-3.,-30.,91.16));
#2040=DIRECTION('',(0.,-0.,1.));
#2041=DIRECTION('',(-1.,0.,0.));
#2042=AXIS2_PLACEMENT_3D('',#2039,#2040,#2041);
#2043=PLANE('',#2042);
#2044=ORIENTED_EDGE('',*,*,#1479,.F.);
#2045=CARTESIAN_POINT('',(-2.6,-30.3,91.16));
#2046=DIRECTION('',(-1.,0.,0.));
#2047=VECTOR('',#2046,0.8);
#2048=LINE('',#2045,#2047);
#2049=EDGE_CURVE('',#1466,#1538,#2048,.T.);
#2050=ORIENTED_EDGE('',*,*,#2049,.T.);
#2051=ORIENTED_EDGE('',*,*,#1545,.T.);
#2052=CARTESIAN_POINT('',(-3.4,-35.1,91.16));
#2053=DIRECTION('',(1.,-0.,-0.));
#2054=VECTOR('',#2053,0.8);
#2055=LINE('',#2052,#2054);
#2056=EDGE_CURVE('',#1540,#1474,#2055,.T.);
#2057=ORIENTED_EDGE('',*,*,#2056,.T.);
#2058=EDGE_LOOP('',(#2044,#2050,#2051,#2057));
#2059=FACE_BOUND('',#2058,.T.);
#2060=ADVANCED_FACE('',(#2059),#2043,.T.);
#2061=CARTESIAN_POINT('',(0.,-30.,97.36));
#2062=DIRECTION('',(0.,1.,0.));
#2063=DIRECTION('',(1.,0.,0.));
#2064=AXIS2_PLACEMENT_3D('',#2061,#2062,#2063);
#2065=PLANE('',#2064);
#2066=CARTESIAN_POINT('',(-2.9,-30.,90.66));
#2067=VERTEX_POINT('',#2066);
#2068=CARTESIAN_POINT('',(-3.1,-30.,90.66));
#2069=VERTEX_POINT('',#2068);
#2070=CARTESIAN_POINT('',(-2.9,-30.,90.66));
#2071=DIRECTION('',(-1.,-0.,0.));
#2072=VECTOR('',#2071,0.2);
#2073=LINE('',#2070,#2072);
#2074=EDGE_CURVE('',#2067,#2069,#2073,.T.);
#2075=ORIENTED_EDGE('',*,*,#2074,.T.);
#2076=CARTESIAN_POINT('',(-3.1,-30.,90.86));
#2077=VERTEX_POINT('',#2076);
#2078=CARTESIAN_POINT('',(-3.1,-30.,90.66));
#2079=DIRECTION('',(-0.,-0.,1.));
#2080=VECTOR('',#2079,0.2);
#2081=LINE('',#2078,#2080);
#2082=EDGE_CURVE('',#2069,#2077,#2081,.T.);
#2083=ORIENTED_EDGE('',*,*,#2082,.T.);
#2084=CARTESIAN_POINT('',(-2.9,-30.,90.86));
#2085=VERTEX_POINT('',#2084);
#2086=CARTESIAN_POINT('',(-3.1,-30.,90.86));
#2087=DIRECTION('',(1.,-0.,-0.));
#2088=VECTOR('',#2087,0.2);
#2089=LINE('',#2086,#2088);
#2090=EDGE_CURVE('',#2077,#2085,#2089,.T.);
#2091=ORIENTED_EDGE('',*,*,#2090,.T.);
#2092=CARTESIAN_POINT('',(-2.9,-30.,90.86));
#2093=DIRECTION('',(-0.,0.,-1.));
#2094=VECTOR('',#2093,0.2);
#2095=LINE('',#2092,#2094);
#2096=EDGE_CURVE('',#2085,#2067,#2095,.T.);
#2097=ORIENTED_EDGE('',*,*,#2096,.T.);
#2098=EDGE_LOOP('',(#2075,#2083,#2091,#2097));
#2099=FACE_BOUND('',#2098,.T.);
#2100=ADVANCED_FACE('',(#2099),#2065,.T.);
#2101=CARTESIAN_POINT('',(0.,-35.1,92.06));
#2102=DIRECTION('',(1.,0.,0.));
#2103=DIRECTION('',(0.,-0.,1.));
#2104=AXIS2_PLACEMENT_3D('',#2101,#2102,#2103);
#2105=CYLINDRICAL_SURFACE('',#2104,0.9);
#2106=ORIENTED_EDGE('',*,*,#1641,.F.);
#2107=ORIENTED_EDGE('',*,*,#1994,.F.);
#2108=ORIENTED_EDGE('',*,*,#1733,.F.);
#2109=ORIENTED_EDGE('',*,*,#88,.F.);
#2110=EDGE_LOOP('',(#2106,#2107,#2108,#2109));
#2111=FACE_BOUND('',#2110,.T.);
#2112=ADVANCED_FACE('',(#2111),#2105,.F.);
#2113=CARTESIAN_POINT('',(-3.,-35.9,91.26));
#2114=DIRECTION('',(1.,0.,0.));
#2115=DIRECTION('',(0.,-0.,1.));
#2116=AXIS2_PLACEMENT_3D('',#2113,#2114,#2115);
#2117=CYLINDRICAL_SURFACE('',#2116,0.9);
#2118=ORIENTED_EDGE('',*,*,#1568,.F.);
#2119=ORIENTED_EDGE('',*,*,#1600,.F.);
#2120=ORIENTED_EDGE('',*,*,#1503,.F.);
#2121=ORIENTED_EDGE('',*,*,#1525,.F.);
#2122=EDGE_LOOP('',(#2118,#2119,#2120,#2121));
#2123=FACE_BOUND('',#2122,.T.);
#2124=ADVANCED_FACE('',(#2123),#2117,.T.);
#2125=CARTESIAN_POINT('',(-3.,-35.1,92.06));
#2126=DIRECTION('',(1.,0.,0.));
#2127=DIRECTION('',(0.,-0.,1.));
#2128=AXIS2_PLACEMENT_3D('',#2125,#2126,#2127);
#2129=CYLINDRICAL_SURFACE('',#2128,0.9);
#2130=ORIENTED_EDGE('',*,*,#1486,.F.);
#2131=ORIENTED_EDGE('',*,*,#2056,.F.);
#2132=ORIENTED_EDGE('',*,*,#1578,.F.);
#2133=ORIENTED_EDGE('',*,*,#48,.F.);
#2134=EDGE_LOOP('',(#2130,#2131,#2132,#2133));
#2135=FACE_BOUND('',#2134,.T.);
#2136=ADVANCED_FACE('',(#2135),#2129,.F.);
#2137=CARTESIAN_POINT('',(0.,-35.9,91.26));
#2138=DIRECTION('',(1.,0.,0.));
#2139=DIRECTION('',(0.,-0.,1.));
#2140=AXIS2_PLACEMENT_3D('',#2137,#2138,#2139);
#2141=CYLINDRICAL_SURFACE('',#2140,0.9);
#2142=ORIENTED_EDGE('',*,*,#1723,.F.);
#2143=ORIENTED_EDGE('',*,*,#1755,.F.);
#2144=ORIENTED_EDGE('',*,*,#1658,.F.);
#2145=ORIENTED_EDGE('',*,*,#1680,.F.);
#2146=EDGE_LOOP('',(#2142,#2143,#2144,#2145));
#2147=FACE_BOUND('',#2146,.T.);
#2148=ADVANCED_FACE('',(#2147),#2141,.T.);
#2149=CARTESIAN_POINT('',(3.,-35.9,91.26));
#2150=DIRECTION('',(1.,0.,0.));
#2151=DIRECTION('',(0.,-0.,1.));
#2152=AXIS2_PLACEMENT_3D('',#2149,#2150,#2151);
#2153=CYLINDRICAL_SURFACE('',#2152,0.9);
#2154=ORIENTED_EDGE('',*,*,#1878,.F.);
#2155=ORIENTED_EDGE('',*,*,#1910,.F.);
#2156=ORIENTED_EDGE('',*,*,#1813,.F.);
#2157=ORIENTED_EDGE('',*,*,#1835,.F.);
#2158=EDGE_LOOP('',(#2154,#2155,#2156,#2157));
#2159=FACE_BOUND('',#2158,.T.);
#2160=ADVANCED_FACE('',(#2159),#2153,.T.);
#2161=CARTESIAN_POINT('',(3.,-35.1,92.06));
#2162=DIRECTION('',(1.,0.,0.));
#2163=DIRECTION('',(0.,-0.,1.));
#2164=AXIS2_PLACEMENT_3D('',#2161,#2162,#2163);
#2165=CYLINDRICAL_SURFACE('',#2164,0.9);
#2166=ORIENTED_EDGE('',*,*,#1796,.F.);
#2167=ORIENTED_EDGE('',*,*,#1932,.F.);
#2168=ORIENTED_EDGE('',*,*,#1888,.F.);
#2169=ORIENTED_EDGE('',*,*,#128,.F.);
#2170=EDGE_LOOP('',(#2166,#2167,#2168,#2169));
#2171=FACE_BOUND('',#2170,.T.);
#2172=ADVANCED_FACE('',(#2171),#2165,.F.);
#2173=CARTESIAN_POINT('',(1.5,-47.4,95.36));
#2174=DIRECTION('',(1.,0.,0.));
#2175=DIRECTION('',(0.,-0.,1.));
#2176=AXIS2_PLACEMENT_3D('',#2173,#2174,#2175);
#2177=PLANE('',#2176);
#2178=CARTESIAN_POINT('',(1.5,-48.4,95.66));
#2179=VERTEX_POINT('',#2178);
#2180=CARTESIAN_POINT('',(1.5,-48.4,95.66));
#2181=DIRECTION('',(0.,-0.,1.));
#2182=VECTOR('',#2181,0.7);
#2183=LINE('',#2180,#2182);
#2184=EDGE_CURVE('',#2179,#654,#2183,.T.);
#2185=ORIENTED_EDGE('',*,*,#2184,.F.);
#2186=CARTESIAN_POINT('',(1.5,-46.4,95.66));
#2187=VERTEX_POINT('',#2186);
#2188=CARTESIAN_POINT('',(1.5,-48.4,95.66));
#2189=DIRECTION('',(0.,1.,0.));
#2190=VECTOR('',#2189,2.);
#2191=LINE('',#2188,#2190);
#2192=EDGE_CURVE('',#2179,#2187,#2191,.T.);
#2193=ORIENTED_EDGE('',*,*,#2192,.T.);
#2194=CARTESIAN_POINT('',(1.5,-46.4,95.66));
#2195=DIRECTION('',(0.,-0.,1.));
#2196=VECTOR('',#2195,0.7);
#2197=LINE('',#2194,#2196);
#2198=EDGE_CURVE('',#2187,#656,#2197,.T.);
#2199=ORIENTED_EDGE('',*,*,#2198,.T.);
#2200=ORIENTED_EDGE('',*,*,#661,.F.);
#2201=EDGE_LOOP('',(#2185,#2193,#2199,#2200));
#2202=FACE_BOUND('',#2201,.T.);
#2203=ADVANCED_FACE('',(#2202),#2177,.T.);
#2204=CARTESIAN_POINT('',(0.,-48.4,95.36));
#2205=DIRECTION('',(0.,-1.,-0.));
#2206=DIRECTION('',(0.,0.,-1.));
#2207=AXIS2_PLACEMENT_3D('',#2204,#2205,#2206);
#2208=PLANE('',#2207);
#2209=CARTESIAN_POINT('',(-1.5,-48.4,95.66));
#2210=VERTEX_POINT('',#2209);
#2211=CARTESIAN_POINT('',(-1.5,-48.4,95.66));
#2212=DIRECTION('',(0.,-0.,1.));
#2213=VECTOR('',#2212,0.7);
#2214=LINE('',#2211,#2213);
#2215=EDGE_CURVE('',#2210,#672,#2214,.T.);
#2216=ORIENTED_EDGE('',*,*,#2215,.F.);
#2217=CARTESIAN_POINT('',(-1.5,-48.4,95.66));
#2218=DIRECTION('',(1.,0.,-0.));
#2219=VECTOR('',#2218,3.);
#2220=LINE('',#2217,#2219);
#2221=EDGE_CURVE('',#2210,#2179,#2220,.T.);
#2222=ORIENTED_EDGE('',*,*,#2221,.T.);
#2223=ORIENTED_EDGE('',*,*,#2184,.T.);
#2224=ORIENTED_EDGE('',*,*,#683,.F.);
#2225=EDGE_LOOP('',(#2216,#2222,#2223,#2224));
#2226=FACE_BOUND('',#2225,.T.);
#2227=ADVANCED_FACE('',(#2226),#2208,.T.);
#2228=CARTESIAN_POINT('',(-1.5,-47.4,95.36));
#2229=DIRECTION('',(-1.,0.,0.));
#2230=DIRECTION('',(0.,0.,-1.));
#2231=AXIS2_PLACEMENT_3D('',#2228,#2229,#2230);
#2232=PLANE('',#2231);
#2233=CARTESIAN_POINT('',(-1.5,-46.4,95.66));
#2234=VERTEX_POINT('',#2233);
#2235=CARTESIAN_POINT('',(-1.5,-46.4,95.66));
#2236=DIRECTION('',(0.,-0.,1.));
#2237=VECTOR('',#2236,0.7);
#2238=LINE('',#2235,#2237);
#2239=EDGE_CURVE('',#2234,#664,#2238,.T.);
#2240=ORIENTED_EDGE('',*,*,#2239,.F.);
#2241=CARTESIAN_POINT('',(-1.5,-46.4,95.66));
#2242=DIRECTION('',(0.,-1.,-0.));
#2243=VECTOR('',#2242,2.);
#2244=LINE('',#2241,#2243);
#2245=EDGE_CURVE('',#2234,#2210,#2244,.T.);
#2246=ORIENTED_EDGE('',*,*,#2245,.T.);
#2247=ORIENTED_EDGE('',*,*,#2215,.T.);
#2248=ORIENTED_EDGE('',*,*,#677,.F.);
#2249=EDGE_LOOP('',(#2240,#2246,#2247,#2248));
#2250=FACE_BOUND('',#2249,.T.);
#2251=ADVANCED_FACE('',(#2250),#2232,.T.);
#2252=CARTESIAN_POINT('',(0.,-46.4,95.36));
#2253=DIRECTION('',(0.,1.,0.));
#2254=DIRECTION('',(0.,-0.,1.));
#2255=AXIS2_PLACEMENT_3D('',#2252,#2253,#2254);
#2256=PLANE('',#2255);
#2257=ORIENTED_EDGE('',*,*,#2198,.F.);
#2258=CARTESIAN_POINT('',(1.5,-46.4,95.66));
#2259=DIRECTION('',(-1.,0.,0.));
#2260=VECTOR('',#2259,3.);
#2261=LINE('',#2258,#2260);
#2262=EDGE_CURVE('',#2187,#2234,#2261,.T.);
#2263=ORIENTED_EDGE('',*,*,#2262,.T.);
#2264=ORIENTED_EDGE('',*,*,#2239,.T.);
#2265=ORIENTED_EDGE('',*,*,#669,.F.);
#2266=EDGE_LOOP('',(#2257,#2263,#2264,#2265));
#2267=FACE_BOUND('',#2266,.T.);
#2268=ADVANCED_FACE('',(#2267),#2256,.T.);
#2269=CARTESIAN_POINT('',(0.,-41.9,95.36));
#2270=DIRECTION('',(0.,0.,-1.));
#2271=DIRECTION('',(1.,0.,0.));
#2272=AXIS2_PLACEMENT_3D('',#2269,#2270,#2271);
#2273=PLANE('',#2272);
#2274=CARTESIAN_POINT('',(1.2,-46.7,95.36));
#2275=VERTEX_POINT('',#2274);
#2276=CARTESIAN_POINT('',(1.2,-48.1,95.36));
#2277=VERTEX_POINT('',#2276);
#2278=CARTESIAN_POINT('',(1.2,-46.7,95.36));
#2279=DIRECTION('',(-0.,-1.,-0.));
#2280=VECTOR('',#2279,1.4);
#2281=LINE('',#2278,#2280);
#2282=EDGE_CURVE('',#2275,#2277,#2281,.T.);
#2283=ORIENTED_EDGE('',*,*,#2282,.T.);
#2284=CARTESIAN_POINT('',(-1.2,-48.1,95.36));
#2285=VERTEX_POINT('',#2284);
#2286=CARTESIAN_POINT('',(1.2,-48.1,95.36));
#2287=DIRECTION('',(-1.,-0.,0.));
#2288=VECTOR('',#2287,2.4);
#2289=LINE('',#2286,#2288);
#2290=EDGE_CURVE('',#2277,#2285,#2289,.T.);
#2291=ORIENTED_EDGE('',*,*,#2290,.T.);
#2292=CARTESIAN_POINT('',(-1.2,-46.7,95.36));
#2293=VERTEX_POINT('',#2292);
#2294=CARTESIAN_POINT('',(-1.2,-48.1,95.36));
#2295=DIRECTION('',(-0.,1.,0.));
#2296=VECTOR('',#2295,1.4);
#2297=LINE('',#2294,#2296);
#2298=EDGE_CURVE('',#2285,#2293,#2297,.T.);
#2299=ORIENTED_EDGE('',*,*,#2298,.T.);
#2300=CARTESIAN_POINT('',(-1.2,-46.7,95.36));
#2301=DIRECTION('',(1.,-0.,-0.));
#2302=VECTOR('',#2301,2.4);
#2303=LINE('',#2300,#2302);
#2304=EDGE_CURVE('',#2293,#2275,#2303,.T.);
#2305=ORIENTED_EDGE('',*,*,#2304,.T.);
#2306=EDGE_LOOP('',(#2283,#2291,#2299,#2305));
#2307=FACE_BOUND('',#2306,.T.);
#2308=ADVANCED_FACE('',(#2307),#2273,.T.);
#2309=CARTESIAN_POINT('',(4.5,-41.9,95.56));
#2310=DIRECTION('',(1.,0.,0.));
#2311=DIRECTION('',(0.,-0.,1.));
#2312=AXIS2_PLACEMENT_3D('',#2309,#2310,#2311);
#2313=PLANE('',#2312);
#2314=CARTESIAN_POINT('',(4.5,-42.4,95.86));
#2315=VERTEX_POINT('',#2314);
#2316=CARTESIAN_POINT('',(4.5,-42.4,95.86));
#2317=DIRECTION('',(0.,-0.,1.));
#2318=VECTOR('',#2317,0.5);
#2319=LINE('',#2316,#2318);
#2320=EDGE_CURVE('',#2315,#620,#2319,.T.);
#2321=ORIENTED_EDGE('',*,*,#2320,.F.);
#2322=CARTESIAN_POINT('',(4.5,-41.4,95.86));
#2323=VERTEX_POINT('',#2322);
#2324=CARTESIAN_POINT('',(4.5,-42.4,95.86));
#2325=DIRECTION('',(0.,1.,0.));
#2326=VECTOR('',#2325,1.);
#2327=LINE('',#2324,#2326);
#2328=EDGE_CURVE('',#2315,#2323,#2327,.T.);
#2329=ORIENTED_EDGE('',*,*,#2328,.T.);
#2330=CARTESIAN_POINT('',(4.5,-41.4,95.86));
#2331=DIRECTION('',(0.,-0.,1.));
#2332=VECTOR('',#2331,0.5);
#2333=LINE('',#2330,#2332);
#2334=EDGE_CURVE('',#2323,#622,#2333,.T.);
#2335=ORIENTED_EDGE('',*,*,#2334,.T.);
#2336=ORIENTED_EDGE('',*,*,#627,.F.);
#2337=EDGE_LOOP('',(#2321,#2329,#2335,#2336));
#2338=FACE_BOUND('',#2337,.T.);
#2339=ADVANCED_FACE('',(#2338),#2313,.T.);
#2340=CARTESIAN_POINT('',(4.,-42.4,95.56));
#2341=DIRECTION('',(0.,-1.,-0.));
#2342=DIRECTION('',(0.,0.,-1.));
#2343=AXIS2_PLACEMENT_3D('',#2340,#2341,#2342);
#2344=PLANE('',#2343);
#2345=CARTESIAN_POINT('',(3.5,-42.4,95.86));
#2346=VERTEX_POINT('',#2345);
#2347=CARTESIAN_POINT('',(3.5,-42.4,95.86));
#2348=DIRECTION('',(0.,-0.,1.));
#2349=VECTOR('',#2348,0.5);
#2350=LINE('',#2347,#2349);
#2351=EDGE_CURVE('',#2346,#638,#2350,.T.);
#2352=ORIENTED_EDGE('',*,*,#2351,.F.);
#2353=CARTESIAN_POINT('',(3.5,-42.4,95.86));
#2354=DIRECTION('',(1.,0.,-0.));
#2355=VECTOR('',#2354,1.);
#2356=LINE('',#2353,#2355);
#2357=EDGE_CURVE('',#2346,#2315,#2356,.T.);
#2358=ORIENTED_EDGE('',*,*,#2357,.T.);
#2359=ORIENTED_EDGE('',*,*,#2320,.T.);
#2360=ORIENTED_EDGE('',*,*,#649,.F.);
#2361=EDGE_LOOP('',(#2352,#2358,#2359,#2360));
#2362=FACE_BOUND('',#2361,.T.);
#2363=ADVANCED_FACE('',(#2362),#2344,.T.);
#2364=CARTESIAN_POINT('',(3.5,-41.9,95.56));
#2365=DIRECTION('',(-1.,0.,0.));
#2366=DIRECTION('',(0.,0.,-1.));
#2367=AXIS2_PLACEMENT_3D('',#2364,#2365,#2366);
#2368=PLANE('',#2367);
#2369=CARTESIAN_POINT('',(3.5,-41.4,95.86));
#2370=VERTEX_POINT('',#2369);
#2371=CARTESIAN_POINT('',(3.5,-41.4,95.86));
#2372=DIRECTION('',(0.,-0.,1.));
#2373=VECTOR('',#2372,0.5);
#2374=LINE('',#2371,#2373);
#2375=EDGE_CURVE('',#2370,#630,#2374,.T.);
#2376=ORIENTED_EDGE('',*,*,#2375,.F.);
#2377=CARTESIAN_POINT('',(3.5,-41.4,95.86));
#2378=DIRECTION('',(0.,-1.,-0.));
#2379=VECTOR('',#2378,1.);
#2380=LINE('',#2377,#2379);
#2381=EDGE_CURVE('',#2370,#2346,#2380,.T.);
#2382=ORIENTED_EDGE('',*,*,#2381,.T.);
#2383=ORIENTED_EDGE('',*,*,#2351,.T.);
#2384=ORIENTED_EDGE('',*,*,#643,.F.);
#2385=EDGE_LOOP('',(#2376,#2382,#2383,#2384));
#2386=FACE_BOUND('',#2385,.T.);
#2387=ADVANCED_FACE('',(#2386),#2368,.T.);
#2388=CARTESIAN_POINT('',(4.,-41.4,95.56));
#2389=DIRECTION('',(0.,1.,0.));
#2390=DIRECTION('',(0.,-0.,1.));
#2391=AXIS2_PLACEMENT_3D('',#2388,#2389,#2390);
#2392=PLANE('',#2391);
#2393=ORIENTED_EDGE('',*,*,#2334,.F.);
#2394=CARTESIAN_POINT('',(4.5,-41.4,95.86));
#2395=DIRECTION('',(-1.,0.,0.));
#2396=VECTOR('',#2395,1.);
#2397=LINE('',#2394,#2396);
#2398=EDGE_CURVE('',#2323,#2370,#2397,.T.);
#2399=ORIENTED_EDGE('',*,*,#2398,.T.);
#2400=ORIENTED_EDGE('',*,*,#2375,.T.);
#2401=ORIENTED_EDGE('',*,*,#635,.F.);
#2402=EDGE_LOOP('',(#2393,#2399,#2400,#2401));
#2403=FACE_BOUND('',#2402,.T.);
#2404=ADVANCED_FACE('',(#2403),#2392,.T.);
#2405=CARTESIAN_POINT('',(0.,-41.9,95.56));
#2406=DIRECTION('',(0.,0.,-1.));
#2407=DIRECTION('',(1.,0.,0.));
#2408=AXIS2_PLACEMENT_3D('',#2405,#2406,#2407);
#2409=PLANE('',#2408);
#2410=CARTESIAN_POINT('',(3.8,-42.1,95.56));
#2411=VERTEX_POINT('',#2410);
#2412=CARTESIAN_POINT('',(3.8,-41.7,95.56));
#2413=VERTEX_POINT('',#2412);
#2414=CARTESIAN_POINT('',(3.8,-42.1,95.56));
#2415=DIRECTION('',(-0.,1.,0.));
#2416=VECTOR('',#2415,0.4);
#2417=LINE('',#2414,#2416);
#2418=EDGE_CURVE('',#2411,#2413,#2417,.T.);
#2419=ORIENTED_EDGE('',*,*,#2418,.T.);
#2420=CARTESIAN_POINT('',(4.2,-41.7,95.56));
#2421=VERTEX_POINT('',#2420);
#2422=CARTESIAN_POINT('',(3.8,-41.7,95.56));
#2423=DIRECTION('',(1.,-0.,-0.));
#2424=VECTOR('',#2423,0.4);
#2425=LINE('',#2422,#2424);
#2426=EDGE_CURVE('',#2413,#2421,#2425,.T.);
#2427=ORIENTED_EDGE('',*,*,#2426,.T.);
#2428=CARTESIAN_POINT('',(4.2,-42.1,95.56));
#2429=VERTEX_POINT('',#2428);
#2430=CARTESIAN_POINT('',(4.2,-41.7,95.56));
#2431=DIRECTION('',(-0.,-1.,-0.));
#2432=VECTOR('',#2431,0.4);
#2433=LINE('',#2430,#2432);
#2434=EDGE_CURVE('',#2421,#2429,#2433,.T.);
#2435=ORIENTED_EDGE('',*,*,#2434,.T.);
#2436=CARTESIAN_POINT('',(4.2,-42.1,95.56));
#2437=DIRECTION('',(-1.,-0.,0.));
#2438=VECTOR('',#2437,0.4);
#2439=LINE('',#2436,#2438);
#2440=EDGE_CURVE('',#2429,#2411,#2439,.T.);
#2441=ORIENTED_EDGE('',*,*,#2440,.T.);
#2442=EDGE_LOOP('',(#2419,#2427,#2435,#2441));
#2443=FACE_BOUND('',#2442,.T.);
#2444=ADVANCED_FACE('',(#2443),#2409,.T.);
#2445=CARTESIAN_POINT('',(4.5,-45.9,95.56));
#2446=DIRECTION('',(1.,0.,0.));
#2447=DIRECTION('',(0.,-0.,1.));
#2448=AXIS2_PLACEMENT_3D('',#2445,#2446,#2447);
#2449=PLANE('',#2448);
#2450=CARTESIAN_POINT('',(4.5,-46.4,95.86));
#2451=VERTEX_POINT('',#2450);
#2452=CARTESIAN_POINT('',(4.5,-46.4,95.86));
#2453=DIRECTION('',(0.,-0.,1.));
#2454=VECTOR('',#2453,0.5);
#2455=LINE('',#2452,#2454);
#2456=EDGE_CURVE('',#2451,#586,#2455,.T.);
#2457=ORIENTED_EDGE('',*,*,#2456,.F.);
#2458=CARTESIAN_POINT('',(4.5,-45.4,95.86));
#2459=VERTEX_POINT('',#2458);
#2460=CARTESIAN_POINT('',(4.5,-46.4,95.86));
#2461=DIRECTION('',(0.,1.,0.));
#2462=VECTOR('',#2461,1.);
#2463=LINE('',#2460,#2462);
#2464=EDGE_CURVE('',#2451,#2459,#2463,.T.);
#2465=ORIENTED_EDGE('',*,*,#2464,.T.);
#2466=CARTESIAN_POINT('',(4.5,-45.4,95.86));
#2467=DIRECTION('',(0.,-0.,1.));
#2468=VECTOR('',#2467,0.5);
#2469=LINE('',#2466,#2468);
#2470=EDGE_CURVE('',#2459,#588,#2469,.T.);
#2471=ORIENTED_EDGE('',*,*,#2470,.T.);
#2472=ORIENTED_EDGE('',*,*,#593,.F.);
#2473=EDGE_LOOP('',(#2457,#2465,#2471,#2472));
#2474=FACE_BOUND('',#2473,.T.);
#2475=ADVANCED_FACE('',(#2474),#2449,.T.);
#2476=CARTESIAN_POINT('',(4.,-46.4,95.56));
#2477=DIRECTION('',(0.,-1.,-0.));
#2478=DIRECTION('',(0.,0.,-1.));
#2479=AXIS2_PLACEMENT_3D('',#2476,#2477,#2478);
#2480=PLANE('',#2479);
#2481=CARTESIAN_POINT('',(3.5,-46.4,95.86));
#2482=VERTEX_POINT('',#2481);
#2483=CARTESIAN_POINT('',(3.5,-46.4,95.86));
#2484=DIRECTION('',(0.,-0.,1.));
#2485=VECTOR('',#2484,0.5);
#2486=LINE('',#2483,#2485);
#2487=EDGE_CURVE('',#2482,#604,#2486,.T.);
#2488=ORIENTED_EDGE('',*,*,#2487,.F.);
#2489=CARTESIAN_POINT('',(3.5,-46.4,95.86));
#2490=DIRECTION('',(1.,0.,-0.));
#2491=VECTOR('',#2490,1.);
#2492=LINE('',#2489,#2491);
#2493=EDGE_CURVE('',#2482,#2451,#2492,.T.);
#2494=ORIENTED_EDGE('',*,*,#2493,.T.);
#2495=ORIENTED_EDGE('',*,*,#2456,.T.);
#2496=ORIENTED_EDGE('',*,*,#615,.F.);
#2497=EDGE_LOOP('',(#2488,#2494,#2495,#2496));
#2498=FACE_BOUND('',#2497,.T.);
#2499=ADVANCED_FACE('',(#2498),#2480,.T.);
#2500=CARTESIAN_POINT('',(3.5,-45.9,95.56));
#2501=DIRECTION('',(-1.,0.,0.));
#2502=DIRECTION('',(0.,0.,-1.));
#2503=AXIS2_PLACEMENT_3D('',#2500,#2501,#2502);
#2504=PLANE('',#2503);
#2505=CARTESIAN_POINT('',(3.5,-45.4,95.86));
#2506=VERTEX_POINT('',#2505);
#2507=CARTESIAN_POINT('',(3.5,-45.4,95.86));
#2508=DIRECTION('',(0.,-0.,1.));
#2509=VECTOR('',#2508,0.5);
#2510=LINE('',#2507,#2509);
#2511=EDGE_CURVE('',#2506,#596,#2510,.T.);
#2512=ORIENTED_EDGE('',*,*,#2511,.F.);
#2513=CARTESIAN_POINT('',(3.5,-45.4,95.86));
#2514=DIRECTION('',(0.,-1.,-0.));
#2515=VECTOR('',#2514,1.);
#2516=LINE('',#2513,#2515);
#2517=EDGE_CURVE('',#2506,#2482,#2516,.T.);
#2518=ORIENTED_EDGE('',*,*,#2517,.T.);
#2519=ORIENTED_EDGE('',*,*,#2487,.T.);
#2520=ORIENTED_EDGE('',*,*,#609,.F.);
#2521=EDGE_LOOP('',(#2512,#2518,#2519,#2520));
#2522=FACE_BOUND('',#2521,.T.);
#2523=ADVANCED_FACE('',(#2522),#2504,.T.);
#2524=CARTESIAN_POINT('',(4.,-45.4,95.56));
#2525=DIRECTION('',(0.,1.,0.));
#2526=DIRECTION('',(0.,-0.,1.));
#2527=AXIS2_PLACEMENT_3D('',#2524,#2525,#2526);
#2528=PLANE('',#2527);
#2529=ORIENTED_EDGE('',*,*,#2470,.F.);
#2530=CARTESIAN_POINT('',(4.5,-45.4,95.86));
#2531=DIRECTION('',(-1.,0.,0.));
#2532=VECTOR('',#2531,1.);
#2533=LINE('',#2530,#2532);
#2534=EDGE_CURVE('',#2459,#2506,#2533,.T.);
#2535=ORIENTED_EDGE('',*,*,#2534,.T.);
#2536=ORIENTED_EDGE('',*,*,#2511,.T.);
#2537=ORIENTED_EDGE('',*,*,#601,.F.);
#2538=EDGE_LOOP('',(#2529,#2535,#2536,#2537));
#2539=FACE_BOUND('',#2538,.T.);
#2540=ADVANCED_FACE('',(#2539),#2528,.T.);
#2541=CARTESIAN_POINT('',(0.,-41.9,95.56));
#2542=DIRECTION('',(0.,0.,-1.));
#2543=DIRECTION('',(1.,0.,0.));
#2544=AXIS2_PLACEMENT_3D('',#2541,#2542,#2543);
#2545=PLANE('',#2544);
#2546=CARTESIAN_POINT('',(3.8,-45.7,95.56));
#2547=VERTEX_POINT('',#2546);
#2548=CARTESIAN_POINT('',(4.2,-45.7,95.56));
#2549=VERTEX_POINT('',#2548);
#2550=CARTESIAN_POINT('',(3.8,-45.7,95.56));
#2551=DIRECTION('',(1.,-0.,-0.));
#2552=VECTOR('',#2551,0.4);
#2553=LINE('',#2550,#2552);
#2554=EDGE_CURVE('',#2547,#2549,#2553,.T.);
#2555=ORIENTED_EDGE('',*,*,#2554,.T.);
#2556=CARTESIAN_POINT('',(4.2,-46.1,95.56));
#2557=VERTEX_POINT('',#2556);
#2558=CARTESIAN_POINT('',(4.2,-45.7,95.56));
#2559=DIRECTION('',(-0.,-1.,-0.));
#2560=VECTOR('',#2559,0.4);
#2561=LINE('',#2558,#2560);
#2562=EDGE_CURVE('',#2549,#2557,#2561,.T.);
#2563=ORIENTED_EDGE('',*,*,#2562,.T.);
#2564=CARTESIAN_POINT('',(3.8,-46.1,95.56));
#2565=VERTEX_POINT('',#2564);
#2566=CARTESIAN_POINT('',(4.2,-46.1,95.56));
#2567=DIRECTION('',(-1.,-0.,0.));
#2568=VECTOR('',#2567,0.4);
#2569=LINE('',#2566,#2568);
#2570=EDGE_CURVE('',#2557,#2565,#2569,.T.);
#2571=ORIENTED_EDGE('',*,*,#2570,.T.);
#2572=CARTESIAN_POINT('',(3.8,-46.1,95.56));
#2573=DIRECTION('',(-0.,1.,0.));
#2574=VECTOR('',#2573,0.4);
#2575=LINE('',#2572,#2574);
#2576=EDGE_CURVE('',#2565,#2547,#2575,.T.);
#2577=ORIENTED_EDGE('',*,*,#2576,.T.);
#2578=EDGE_LOOP('',(#2555,#2563,#2571,#2577));
#2579=FACE_BOUND('',#2578,.T.);
#2580=ADVANCED_FACE('',(#2579),#2545,.T.);
#2581=CARTESIAN_POINT('',(1.,-41.9,96.36));
#2582=DIRECTION('',(0.,1.,0.));
#2583=DIRECTION('',(0.,-0.,1.));
#2584=AXIS2_PLACEMENT_3D('',#2581,#2582,#2583);
#2585=CYLINDRICAL_SURFACE('',#2584,0.2);
#2586=CARTESIAN_POINT('',(1.,-41.9,96.16));
#2587=VERTEX_POINT('',#2586);
#2588=CARTESIAN_POINT('',(1.,-41.9,96.36));
#2589=DIRECTION('',(-0.707106781,0.707106781,0.));
#2590=DIRECTION('',(0.707106781,0.707106781,0.));
#2591=AXIS2_PLACEMENT_3D('',#2588,#2589,#2590);
#2592=ELLIPSE('',#2591,0.282842712,0.2);
#2593=EDGE_CURVE('',#554,#2587,#2592,.T.);
#2594=ORIENTED_EDGE('',*,*,#2593,.F.);
#2595=ORIENTED_EDGE('',*,*,#559,.F.);
#2596=CARTESIAN_POINT('',(1.,-41.9,96.36));
#2597=DIRECTION('',(-0.707106781,-0.707106781,-0.));
#2598=DIRECTION('',(0.707106781,-0.707106781,-0.));
#2599=AXIS2_PLACEMENT_3D('',#2596,#2597,#2598);
#2600=ELLIPSE('',#2599,0.282842712,0.2);
#2601=EDGE_CURVE('',#2587,#552,#2600,.T.);
#2602=ORIENTED_EDGE('',*,*,#2601,.F.);
#2603=EDGE_LOOP('',(#2594,#2595,#2602));
#2604=FACE_BOUND('',#2603,.T.);
#2605=ADVANCED_FACE('',(#2604),#2585,.T.);
#2606=CARTESIAN_POINT('',(1.,-41.9,96.36));
#2607=DIRECTION('',(-1.,0.,0.));
#2608=DIRECTION('',(0.,0.,-1.));
#2609=AXIS2_PLACEMENT_3D('',#2606,#2607,#2608);
#2610=CYLINDRICAL_SURFACE('',#2609,0.2);
#2611=ORIENTED_EDGE('',*,*,#567,.F.);
#2612=ORIENTED_EDGE('',*,*,#2593,.T.);
#2613=CARTESIAN_POINT('',(1.,-41.9,96.36));
#2614=DIRECTION('',(-0.707106781,-0.707106781,-0.));
#2615=DIRECTION('',(-0.707106781,0.707106781,0.));
#2616=AXIS2_PLACEMENT_3D('',#2613,#2614,#2615);
#2617=ELLIPSE('',#2616,0.282842712,0.2);
#2618=EDGE_CURVE('',#562,#2587,#2617,.T.);
#2619=ORIENTED_EDGE('',*,*,#2618,.F.);
#2620=EDGE_LOOP('',(#2611,#2612,#2619));
#2621=FACE_BOUND('',#2620,.T.);
#2622=ADVANCED_FACE('',(#2621),#2610,.T.);
#2623=CARTESIAN_POINT('',(1.,-41.9,96.36));
#2624=DIRECTION('',(1.,0.,0.));
#2625=DIRECTION('',(0.,-0.,1.));
#2626=AXIS2_PLACEMENT_3D('',#2623,#2624,#2625);
#2627=CYLINDRICAL_SURFACE('',#2626,0.2);
#2628=ORIENTED_EDGE('',*,*,#2601,.T.);
#2629=ORIENTED_EDGE('',*,*,#581,.F.);
#2630=CARTESIAN_POINT('',(1.,-41.9,96.36));
#2631=DIRECTION('',(-0.707106781,0.707106781,0.));
#2632=DIRECTION('',(0.707106781,0.707106781,0.));
#2633=AXIS2_PLACEMENT_3D('',#2630,#2631,#2632);
#2634=ELLIPSE('',#2633,0.282842712,0.2);
#2635=EDGE_CURVE('',#2587,#570,#2634,.T.);
#2636=ORIENTED_EDGE('',*,*,#2635,.F.);
#2637=EDGE_LOOP('',(#2628,#2629,#2636));
#2638=FACE_BOUND('',#2637,.T.);
#2639=ADVANCED_FACE('',(#2638),#2627,.T.);
#2640=CARTESIAN_POINT('',(1.,-41.9,96.36));
#2641=DIRECTION('',(0.,-1.,-0.));
#2642=DIRECTION('',(0.,0.,-1.));
#2643=AXIS2_PLACEMENT_3D('',#2640,#2641,#2642);
#2644=CYLINDRICAL_SURFACE('',#2643,0.2);
#2645=ORIENTED_EDGE('',*,*,#575,.F.);
#2646=ORIENTED_EDGE('',*,*,#2618,.T.);
#2647=ORIENTED_EDGE('',*,*,#2635,.T.);
#2648=EDGE_LOOP('',(#2645,#2646,#2647));
#2649=FACE_BOUND('',#2648,.T.);
#2650=ADVANCED_FACE('',(#2649),#2644,.T.);
#2651=CARTESIAN_POINT('',(1.9,-41.9,96.36));
#2652=DIRECTION('',(0.,1.,0.));
#2653=DIRECTION('',(0.,-0.,1.));
#2654=AXIS2_PLACEMENT_3D('',#2651,#2652,#2653);
#2655=CYLINDRICAL_SURFACE('',#2654,0.2);
#2656=CARTESIAN_POINT('',(1.9,-41.9,96.16));
#2657=VERTEX_POINT('',#2656);
#2658=CARTESIAN_POINT('',(1.9,-41.9,96.36));
#2659=DIRECTION('',(-0.707106781,0.707106781,0.));
#2660=DIRECTION('',(0.707106781,0.707106781,0.));
#2661=AXIS2_PLACEMENT_3D('',#2658,#2659,#2660);
#2662=ELLIPSE('',#2661,0.282842712,0.2);
#2663=EDGE_CURVE('',#452,#2657,#2662,.T.);
#2664=ORIENTED_EDGE('',*,*,#2663,.F.);
#2665=ORIENTED_EDGE('',*,*,#457,.F.);
#2666=CARTESIAN_POINT('',(1.9,-41.9,96.36));
#2667=DIRECTION('',(-0.707106781,-0.707106781,-0.));
#2668=DIRECTION('',(0.707106781,-0.707106781,-0.));
#2669=AXIS2_PLACEMENT_3D('',#2666,#2667,#2668);
#2670=ELLIPSE('',#2669,0.282842712,0.2);
#2671=EDGE_CURVE('',#2657,#450,#2670,.T.);
#2672=ORIENTED_EDGE('',*,*,#2671,.F.);
#2673=EDGE_LOOP('',(#2664,#2665,#2672));
#2674=FACE_BOUND('',#2673,.T.);
#2675=ADVANCED_FACE('',(#2674),#2655,.T.);
#2676=CARTESIAN_POINT('',(1.9,-41.9,96.36));
#2677=DIRECTION('',(-1.,0.,0.));
#2678=DIRECTION('',(0.,0.,-1.));
#2679=AXIS2_PLACEMENT_3D('',#2676,#2677,#2678);
#2680=CYLINDRICAL_SURFACE('',#2679,0.2);
#2681=ORIENTED_EDGE('',*,*,#465,.F.);
#2682=ORIENTED_EDGE('',*,*,#2663,.T.);
#2683=CARTESIAN_POINT('',(1.9,-41.9,96.36));
#2684=DIRECTION('',(-0.707106781,-0.707106781,-0.));
#2685=DIRECTION('',(-0.707106781,0.707106781,0.));
#2686=AXIS2_PLACEMENT_3D('',#2683,#2684,#2685);
#2687=ELLIPSE('',#2686,0.282842712,0.2);
#2688=EDGE_CURVE('',#460,#2657,#2687,.T.);
#2689=ORIENTED_EDGE('',*,*,#2688,.F.);
#2690=EDGE_LOOP('',(#2681,#2682,#2689));
#2691=FACE_BOUND('',#2690,.T.);
#2692=ADVANCED_FACE('',(#2691),#2680,.T.);
#2693=CARTESIAN_POINT('',(1.9,-41.9,96.36));
#2694=DIRECTION('',(1.,0.,0.));
#2695=DIRECTION('',(0.,-0.,1.));
#2696=AXIS2_PLACEMENT_3D('',#2693,#2694,#2695);
#2697=CYLINDRICAL_SURFACE('',#2696,0.2);
#2698=ORIENTED_EDGE('',*,*,#2671,.T.);
#2699=ORIENTED_EDGE('',*,*,#479,.F.);
#2700=CARTESIAN_POINT('',(1.9,-41.9,96.36));
#2701=DIRECTION('',(-0.707106781,0.707106781,0.));
#2702=DIRECTION('',(0.707106781,0.707106781,0.));
#2703=AXIS2_PLACEMENT_3D('',#2700,#2701,#2702);
#2704=ELLIPSE('',#2703,0.282842712,0.2);
#2705=EDGE_CURVE('',#2657,#468,#2704,.T.);
#2706=ORIENTED_EDGE('',*,*,#2705,.F.);
#2707=EDGE_LOOP('',(#2698,#2699,#2706));
#2708=FACE_BOUND('',#2707,.T.);
#2709=ADVANCED_FACE('',(#2708),#2697,.T.);
#2710=CARTESIAN_POINT('',(1.9,-41.9,96.36));
#2711=DIRECTION('',(0.,-1.,-0.));
#2712=DIRECTION('',(0.,0.,-1.));
#2713=AXIS2_PLACEMENT_3D('',#2710,#2711,#2712);
#2714=CYLINDRICAL_SURFACE('',#2713,0.2);
#2715=ORIENTED_EDGE('',*,*,#473,.F.);
#2716=ORIENTED_EDGE('',*,*,#2688,.T.);
#2717=ORIENTED_EDGE('',*,*,#2705,.T.);
#2718=EDGE_LOOP('',(#2715,#2716,#2717));
#2719=FACE_BOUND('',#2718,.T.);
#2720=ADVANCED_FACE('',(#2719),#2714,.T.);
#2721=CARTESIAN_POINT('',(-1.9,-41.9,96.36));
#2722=DIRECTION('',(0.,1.,0.));
#2723=DIRECTION('',(0.,-0.,1.));
#2724=AXIS2_PLACEMENT_3D('',#2721,#2722,#2723);
#2725=CYLINDRICAL_SURFACE('',#2724,0.2);
#2726=CARTESIAN_POINT('',(-1.9,-41.9,96.16));
#2727=VERTEX_POINT('',#2726);
#2728=CARTESIAN_POINT('',(-1.9,-41.9,96.36));
#2729=DIRECTION('',(-0.707106781,0.707106781,0.));
#2730=DIRECTION('',(0.707106781,0.707106781,0.));
#2731=AXIS2_PLACEMENT_3D('',#2728,#2729,#2730);
#2732=ELLIPSE('',#2731,0.282842712,0.2);
#2733=EDGE_CURVE('',#520,#2727,#2732,.T.);
#2734=ORIENTED_EDGE('',*,*,#2733,.F.);
#2735=ORIENTED_EDGE('',*,*,#525,.F.);
#2736=CARTESIAN_POINT('',(-1.9,-41.9,96.36));
#2737=DIRECTION('',(-0.707106781,-0.707106781,-0.));
#2738=DIRECTION('',(0.707106781,-0.707106781,-0.));
#2739=AXIS2_PLACEMENT_3D('',#2736,#2737,#2738);
#2740=ELLIPSE('',#2739,0.282842712,0.2);
#2741=EDGE_CURVE('',#2727,#518,#2740,.T.);
#2742=ORIENTED_EDGE('',*,*,#2741,.F.);
#2743=EDGE_LOOP('',(#2734,#2735,#2742));
#2744=FACE_BOUND('',#2743,.T.);
#2745=ADVANCED_FACE('',(#2744),#2725,.T.);
#2746=CARTESIAN_POINT('',(-1.9,-41.9,96.36));
#2747=DIRECTION('',(-1.,0.,0.));
#2748=DIRECTION('',(0.,0.,-1.));
#2749=AXIS2_PLACEMENT_3D('',#2746,#2747,#2748);
#2750=CYLINDRICAL_SURFACE('',#2749,0.2);
#2751=ORIENTED_EDGE('',*,*,#533,.F.);
#2752=ORIENTED_EDGE('',*,*,#2733,.T.);
#2753=CARTESIAN_POINT('',(-1.9,-41.9,96.36));
#2754=DIRECTION('',(-0.707106781,-0.707106781,-0.));
#2755=DIRECTION('',(-0.707106781,0.707106781,0.));
#2756=AXIS2_PLACEMENT_3D('',#2753,#2754,#2755);
#2757=ELLIPSE('',#2756,0.282842712,0.2);
#2758=EDGE_CURVE('',#528,#2727,#2757,.T.);
#2759=ORIENTED_EDGE('',*,*,#2758,.F.);
#2760=EDGE_LOOP('',(#2751,#2752,#2759));
#2761=FACE_BOUND('',#2760,.T.);
#2762=ADVANCED_FACE('',(#2761),#2750,.T.);
#2763=CARTESIAN_POINT('',(-1.9,-41.9,96.36));
#2764=DIRECTION('',(1.,0.,0.));
#2765=DIRECTION('',(0.,-0.,1.));
#2766=AXIS2_PLACEMENT_3D('',#2763,#2764,#2765);
#2767=CYLINDRICAL_SURFACE('',#2766,0.2);
#2768=ORIENTED_EDGE('',*,*,#2741,.T.);
#2769=ORIENTED_EDGE('',*,*,#547,.F.);
#2770=CARTESIAN_POINT('',(-1.9,-41.9,96.36));
#2771=DIRECTION('',(-0.707106781,0.707106781,0.));
#2772=DIRECTION('',(0.707106781,0.707106781,0.));
#2773=AXIS2_PLACEMENT_3D('',#2770,#2771,#2772);
#2774=ELLIPSE('',#2773,0.282842712,0.2);
#2775=EDGE_CURVE('',#2727,#536,#2774,.T.);
#2776=ORIENTED_EDGE('',*,*,#2775,.F.);
#2777=EDGE_LOOP('',(#2768,#2769,#2776));
#2778=FACE_BOUND('',#2777,.T.);
#2779=ADVANCED_FACE('',(#2778),#2767,.T.);
#2780=CARTESIAN_POINT('',(-1.9,-41.9,96.36));
#2781=DIRECTION('',(0.,-1.,-0.));
#2782=DIRECTION('',(0.,0.,-1.));
#2783=AXIS2_PLACEMENT_3D('',#2780,#2781,#2782);
#2784=CYLINDRICAL_SURFACE('',#2783,0.2);
#2785=ORIENTED_EDGE('',*,*,#541,.F.);
#2786=ORIENTED_EDGE('',*,*,#2758,.T.);
#2787=ORIENTED_EDGE('',*,*,#2775,.T.);
#2788=EDGE_LOOP('',(#2785,#2786,#2787));
#2789=FACE_BOUND('',#2788,.T.);
#2790=ADVANCED_FACE('',(#2789),#2784,.T.);
#2791=CARTESIAN_POINT('',(-1.,-41.9,96.36));
#2792=DIRECTION('',(0.,-1.,-0.));
#2793=DIRECTION('',(0.,0.,-1.));
#2794=AXIS2_PLACEMENT_3D('',#2791,#2792,#2793);
#2795=CYLINDRICAL_SURFACE('',#2794,0.2);
#2796=CARTESIAN_POINT('',(-1.,-41.9,96.16));
#2797=VERTEX_POINT('',#2796);
#2798=CARTESIAN_POINT('',(-1.,-41.9,96.36));
#2799=DIRECTION('',(0.707106781,-0.707106781,-0.));
#2800=DIRECTION('',(-0.707106781,-0.707106781,-0.));
#2801=AXIS2_PLACEMENT_3D('',#2798,#2799,#2800);
#2802=ELLIPSE('',#2801,0.282842712,0.2);
#2803=EDGE_CURVE('',#502,#2797,#2802,.T.);
#2804=ORIENTED_EDGE('',*,*,#2803,.F.);
#2805=ORIENTED_EDGE('',*,*,#507,.F.);
#2806=CARTESIAN_POINT('',(-1.,-41.9,96.36));
#2807=DIRECTION('',(0.707106781,0.707106781,0.));
#2808=DIRECTION('',(-0.707106781,0.707106781,0.));
#2809=AXIS2_PLACEMENT_3D('',#2806,#2807,#2808);
#2810=ELLIPSE('',#2809,0.282842712,0.2);
#2811=EDGE_CURVE('',#2797,#494,#2810,.T.);
#2812=ORIENTED_EDGE('',*,*,#2811,.F.);
#2813=EDGE_LOOP('',(#2804,#2805,#2812));
#2814=FACE_BOUND('',#2813,.T.);
#2815=ADVANCED_FACE('',(#2814),#2795,.T.);
#2816=CARTESIAN_POINT('',(-1.,-41.9,96.36));
#2817=DIRECTION('',(1.,0.,0.));
#2818=DIRECTION('',(0.,-0.,1.));
#2819=AXIS2_PLACEMENT_3D('',#2816,#2817,#2818);
#2820=CYLINDRICAL_SURFACE('',#2819,0.2);
#2821=ORIENTED_EDGE('',*,*,#513,.F.);
#2822=ORIENTED_EDGE('',*,*,#2803,.T.);
#2823=CARTESIAN_POINT('',(-1.,-41.9,96.36));
#2824=DIRECTION('',(0.707106781,0.707106781,0.));
#2825=DIRECTION('',(0.707106781,-0.707106781,-0.));
#2826=AXIS2_PLACEMENT_3D('',#2823,#2824,#2825);
#2827=ELLIPSE('',#2826,0.282842712,0.2);
#2828=EDGE_CURVE('',#484,#2797,#2827,.T.);
#2829=ORIENTED_EDGE('',*,*,#2828,.F.);
#2830=EDGE_LOOP('',(#2821,#2822,#2829));
#2831=FACE_BOUND('',#2830,.T.);
#2832=ADVANCED_FACE('',(#2831),#2820,.T.);
#2833=CARTESIAN_POINT('',(-1.,-41.9,96.36));
#2834=DIRECTION('',(-1.,0.,0.));
#2835=DIRECTION('',(0.,0.,-1.));
#2836=AXIS2_PLACEMENT_3D('',#2833,#2834,#2835);
#2837=CYLINDRICAL_SURFACE('',#2836,0.2);
#2838=ORIENTED_EDGE('',*,*,#2811,.T.);
#2839=ORIENTED_EDGE('',*,*,#499,.F.);
#2840=CARTESIAN_POINT('',(-1.,-41.9,96.36));
#2841=DIRECTION('',(0.707106781,-0.707106781,-0.));
#2842=DIRECTION('',(-0.707106781,-0.707106781,-0.));
#2843=AXIS2_PLACEMENT_3D('',#2840,#2841,#2842);
#2844=ELLIPSE('',#2843,0.282842712,0.2);
#2845=EDGE_CURVE('',#2797,#486,#2844,.T.);
#2846=ORIENTED_EDGE('',*,*,#2845,.F.);
#2847=EDGE_LOOP('',(#2838,#2839,#2846));
#2848=FACE_BOUND('',#2847,.T.);
#2849=ADVANCED_FACE('',(#2848),#2837,.T.);
#2850=CARTESIAN_POINT('',(-1.,-41.9,96.36));
#2851=DIRECTION('',(0.,1.,0.));
#2852=DIRECTION('',(0.,-0.,1.));
#2853=AXIS2_PLACEMENT_3D('',#2850,#2851,#2852);
#2854=CYLINDRICAL_SURFACE('',#2853,0.2);
#2855=ORIENTED_EDGE('',*,*,#491,.F.);
#2856=ORIENTED_EDGE('',*,*,#2828,.T.);
#2857=ORIENTED_EDGE('',*,*,#2845,.T.);
#2858=EDGE_LOOP('',(#2855,#2856,#2857));
#2859=FACE_BOUND('',#2858,.T.);
#2860=ADVANCED_FACE('',(#2859),#2854,.T.);
#2861=CARTESIAN_POINT('',(-4.25,-39.4,95.86));
#2862=DIRECTION('',(1.,0.,0.));
#2863=DIRECTION('',(0.,-0.,1.));
#2864=AXIS2_PLACEMENT_3D('',#2861,#2862,#2863);
#2865=PLANE('',#2864);
#2866=CARTESIAN_POINT('',(-4.25,-39.9,96.06));
#2867=VERTEX_POINT('',#2866);
#2868=CARTESIAN_POINT('',(-4.25,-39.9,96.06));
#2869=DIRECTION('',(0.,-0.,1.));
#2870=VECTOR('',#2869,0.3);
#2871=LINE('',#2868,#2870);
#2872=EDGE_CURVE('',#2867,#416,#2871,.T.);
#2873=ORIENTED_EDGE('',*,*,#2872,.F.);
#2874=CARTESIAN_POINT('',(-4.25,-38.9,96.06));
#2875=VERTEX_POINT('',#2874);
#2876=CARTESIAN_POINT('',(-4.25,-39.9,96.06));
#2877=DIRECTION('',(0.,1.,0.));
#2878=VECTOR('',#2877,1.);
#2879=LINE('',#2876,#2878);
#2880=EDGE_CURVE('',#2867,#2875,#2879,.T.);
#2881=ORIENTED_EDGE('',*,*,#2880,.T.);
#2882=CARTESIAN_POINT('',(-4.25,-38.9,96.06));
#2883=DIRECTION('',(0.,-0.,1.));
#2884=VECTOR('',#2883,0.3);
#2885=LINE('',#2882,#2884);
#2886=EDGE_CURVE('',#2875,#418,#2885,.T.);
#2887=ORIENTED_EDGE('',*,*,#2886,.T.);
#2888=ORIENTED_EDGE('',*,*,#423,.F.);
#2889=EDGE_LOOP('',(#2873,#2881,#2887,#2888));
#2890=FACE_BOUND('',#2889,.T.);
#2891=ADVANCED_FACE('',(#2890),#2865,.T.);
#2892=CARTESIAN_POINT('',(-4.5,-39.9,95.86));
#2893=DIRECTION('',(0.,-1.,-0.));
#2894=DIRECTION('',(0.,0.,-1.));
#2895=AXIS2_PLACEMENT_3D('',#2892,#2893,#2894);
#2896=PLANE('',#2895);
#2897=CARTESIAN_POINT('',(-4.75,-39.9,96.06));
#2898=VERTEX_POINT('',#2897);
#2899=CARTESIAN_POINT('',(-4.75,-39.9,96.06));
#2900=DIRECTION('',(0.,-0.,1.));
#2901=VECTOR('',#2900,0.3);
#2902=LINE('',#2899,#2901);
#2903=EDGE_CURVE('',#2898,#434,#2902,.T.);
#2904=ORIENTED_EDGE('',*,*,#2903,.F.);
#2905=CARTESIAN_POINT('',(-4.75,-39.9,96.06));
#2906=DIRECTION('',(1.,0.,-0.));
#2907=VECTOR('',#2906,0.5);
#2908=LINE('',#2905,#2907);
#2909=EDGE_CURVE('',#2898,#2867,#2908,.T.);
#2910=ORIENTED_EDGE('',*,*,#2909,.T.);
#2911=ORIENTED_EDGE('',*,*,#2872,.T.);
#2912=ORIENTED_EDGE('',*,*,#445,.F.);
#2913=EDGE_LOOP('',(#2904,#2910,#2911,#2912));
#2914=FACE_BOUND('',#2913,.T.);
#2915=ADVANCED_FACE('',(#2914),#2896,.T.);
#2916=CARTESIAN_POINT('',(-4.75,-39.4,95.86));
#2917=DIRECTION('',(-1.,0.,0.));
#2918=DIRECTION('',(0.,1.,0.));
#2919=AXIS2_PLACEMENT_3D('',#2916,#2917,#2918);
#2920=PLANE('',#2919);
#2921=CARTESIAN_POINT('',(-4.75,-38.9,96.06));
#2922=VERTEX_POINT('',#2921);
#2923=CARTESIAN_POINT('',(-4.75,-38.9,96.06));
#2924=DIRECTION('',(0.,-0.,1.));
#2925=VECTOR('',#2924,0.3);
#2926=LINE('',#2923,#2925);
#2927=EDGE_CURVE('',#2922,#426,#2926,.T.);
#2928=ORIENTED_EDGE('',*,*,#2927,.F.);
#2929=CARTESIAN_POINT('',(-4.75,-38.9,96.06));
#2930=DIRECTION('',(-0.,-1.,-0.));
#2931=VECTOR('',#2930,1.);
#2932=LINE('',#2929,#2931);
#2933=EDGE_CURVE('',#2922,#2898,#2932,.T.);
#2934=ORIENTED_EDGE('',*,*,#2933,.T.);
#2935=ORIENTED_EDGE('',*,*,#2903,.T.);
#2936=ORIENTED_EDGE('',*,*,#439,.F.);
#2937=EDGE_LOOP('',(#2928,#2934,#2935,#2936));
#2938=FACE_BOUND('',#2937,.T.);
#2939=ADVANCED_FACE('',(#2938),#2920,.T.);
#2940=CARTESIAN_POINT('',(-4.5,-38.9,95.86));
#2941=DIRECTION('',(0.,1.,0.));
#2942=DIRECTION('',(0.,-0.,1.));
#2943=AXIS2_PLACEMENT_3D('',#2940,#2941,#2942);
#2944=PLANE('',#2943);
#2945=ORIENTED_EDGE('',*,*,#2886,.F.);
#2946=CARTESIAN_POINT('',(-4.25,-38.9,96.06));
#2947=DIRECTION('',(-1.,0.,0.));
#2948=VECTOR('',#2947,0.5);
#2949=LINE('',#2946,#2948);
#2950=EDGE_CURVE('',#2875,#2922,#2949,.T.);
#2951=ORIENTED_EDGE('',*,*,#2950,.T.);
#2952=ORIENTED_EDGE('',*,*,#2927,.T.);
#2953=ORIENTED_EDGE('',*,*,#431,.F.);
#2954=EDGE_LOOP('',(#2945,#2951,#2952,#2953));
#2955=FACE_BOUND('',#2954,.T.);
#2956=ADVANCED_FACE('',(#2955),#2944,.T.);
#2957=CARTESIAN_POINT('',(0.,-41.9,95.86));
#2958=DIRECTION('',(0.,0.,-1.));
#2959=DIRECTION('',(1.,0.,0.));
#2960=AXIS2_PLACEMENT_3D('',#2957,#2958,#2959);
#2961=PLANE('',#2960);
#2962=CARTESIAN_POINT('',(-4.55,-39.1,95.86));
#2963=VERTEX_POINT('',#2962);
#2964=CARTESIAN_POINT('',(-4.45,-39.1,95.86));
#2965=VERTEX_POINT('',#2964);
#2966=CARTESIAN_POINT('',(-4.55,-39.1,95.86));
#2967=DIRECTION('',(1.,-0.,-0.));
#2968=VECTOR('',#2967,0.1);
#2969=LINE('',#2966,#2968);
#2970=EDGE_CURVE('',#2963,#2965,#2969,.T.);
#2971=ORIENTED_EDGE('',*,*,#2970,.T.);
#2972=CARTESIAN_POINT('',(-4.45,-39.7,95.86));
#2973=VERTEX_POINT('',#2972);
#2974=CARTESIAN_POINT('',(-4.45,-39.1,95.86));
#2975=DIRECTION('',(-0.,-1.,-0.));
#2976=VECTOR('',#2975,0.6);
#2977=LINE('',#2974,#2976);
#2978=EDGE_CURVE('',#2965,#2973,#2977,.T.);
#2979=ORIENTED_EDGE('',*,*,#2978,.T.);
#2980=CARTESIAN_POINT('',(-4.55,-39.7,95.86));
#2981=VERTEX_POINT('',#2980);
#2982=CARTESIAN_POINT('',(-4.45,-39.7,95.86));
#2983=DIRECTION('',(-1.,-0.,0.));
#2984=VECTOR('',#2983,0.1);
#2985=LINE('',#2982,#2984);
#2986=EDGE_CURVE('',#2973,#2981,#2985,.T.);
#2987=ORIENTED_EDGE('',*,*,#2986,.T.);
#2988=CARTESIAN_POINT('',(-4.55,-39.7,95.86));
#2989=DIRECTION('',(0.,1.,0.));
#2990=VECTOR('',#2989,0.6);
#2991=LINE('',#2988,#2990);
#2992=EDGE_CURVE('',#2981,#2963,#2991,.T.);
#2993=ORIENTED_EDGE('',*,*,#2992,.T.);
#2994=EDGE_LOOP('',(#2971,#2979,#2987,#2993));
#2995=FACE_BOUND('',#2994,.T.);
#2996=ADVANCED_FACE('',(#2995),#2961,.T.);
#2997=CARTESIAN_POINT('',(-4.25,-46.4,95.86));
#2998=DIRECTION('',(1.,0.,0.));
#2999=DIRECTION('',(0.,-0.,1.));
#3000=AXIS2_PLACEMENT_3D('',#2997,#2998,#2999);
#3001=PLANE('',#3000);
#3002=CARTESIAN_POINT('',(-4.25,-46.9,96.06));
#3003=VERTEX_POINT('',#3002);
#3004=CARTESIAN_POINT('',(-4.25,-46.9,96.06));
#3005=DIRECTION('',(0.,-0.,1.));
#3006=VECTOR('',#3005,0.3);
#3007=LINE('',#3004,#3006);
#3008=EDGE_CURVE('',#3003,#382,#3007,.T.);
#3009=ORIENTED_EDGE('',*,*,#3008,.F.);
#3010=CARTESIAN_POINT('',(-4.25,-45.9,96.06));
#3011=VERTEX_POINT('',#3010);
#3012=CARTESIAN_POINT('',(-4.25,-46.9,96.06));
#3013=DIRECTION('',(0.,1.,0.));
#3014=VECTOR('',#3013,1.);
#3015=LINE('',#3012,#3014);
#3016=EDGE_CURVE('',#3003,#3011,#3015,.T.);
#3017=ORIENTED_EDGE('',*,*,#3016,.T.);
#3018=CARTESIAN_POINT('',(-4.25,-45.9,96.06));
#3019=DIRECTION('',(0.,-0.,1.));
#3020=VECTOR('',#3019,0.3);
#3021=LINE('',#3018,#3020);
#3022=EDGE_CURVE('',#3011,#384,#3021,.T.);
#3023=ORIENTED_EDGE('',*,*,#3022,.T.);
#3024=ORIENTED_EDGE('',*,*,#389,.F.);
#3025=EDGE_LOOP('',(#3009,#3017,#3023,#3024));
#3026=FACE_BOUND('',#3025,.T.);
#3027=ADVANCED_FACE('',(#3026),#3001,.T.);
#3028=CARTESIAN_POINT('',(-4.5,-46.9,95.86));
#3029=DIRECTION('',(0.,-1.,-0.));
#3030=DIRECTION('',(0.,0.,-1.));
#3031=AXIS2_PLACEMENT_3D('',#3028,#3029,#3030);
#3032=PLANE('',#3031);
#3033=CARTESIAN_POINT('',(-4.75,-46.9,96.06));
#3034=VERTEX_POINT('',#3033);
#3035=CARTESIAN_POINT('',(-4.75,-46.9,96.06));
#3036=DIRECTION('',(0.,-0.,1.));
#3037=VECTOR('',#3036,0.3);
#3038=LINE('',#3035,#3037);
#3039=EDGE_CURVE('',#3034,#400,#3038,.T.);
#3040=ORIENTED_EDGE('',*,*,#3039,.F.);
#3041=CARTESIAN_POINT('',(-4.75,-46.9,96.06));
#3042=DIRECTION('',(1.,0.,-0.));
#3043=VECTOR('',#3042,0.5);
#3044=LINE('',#3041,#3043);
#3045=EDGE_CURVE('',#3034,#3003,#3044,.T.);
#3046=ORIENTED_EDGE('',*,*,#3045,.T.);
#3047=ORIENTED_EDGE('',*,*,#3008,.T.);
#3048=ORIENTED_EDGE('',*,*,#411,.F.);
#3049=EDGE_LOOP('',(#3040,#3046,#3047,#3048));
#3050=FACE_BOUND('',#3049,.T.);
#3051=ADVANCED_FACE('',(#3050),#3032,.T.);
#3052=CARTESIAN_POINT('',(-4.75,-46.4,95.86));
#3053=DIRECTION('',(-1.,0.,0.));
#3054=DIRECTION('',(0.,0.,-1.));
#3055=AXIS2_PLACEMENT_3D('',#3052,#3053,#3054);
#3056=PLANE('',#3055);
#3057=CARTESIAN_POINT('',(-4.75,-45.9,96.06));
#3058=VERTEX_POINT('',#3057);
#3059=CARTESIAN_POINT('',(-4.75,-45.9,96.06));
#3060=DIRECTION('',(0.,-0.,1.));
#3061=VECTOR('',#3060,0.3);
#3062=LINE('',#3059,#3061);
#3063=EDGE_CURVE('',#3058,#392,#3062,.T.);
#3064=ORIENTED_EDGE('',*,*,#3063,.F.);
#3065=CARTESIAN_POINT('',(-4.75,-45.9,96.06));
#3066=DIRECTION('',(0.,-1.,-0.));
#3067=VECTOR('',#3066,1.);
#3068=LINE('',#3065,#3067);
#3069=EDGE_CURVE('',#3058,#3034,#3068,.T.);
#3070=ORIENTED_EDGE('',*,*,#3069,.T.);
#3071=ORIENTED_EDGE('',*,*,#3039,.T.);
#3072=ORIENTED_EDGE('',*,*,#405,.F.);
#3073=EDGE_LOOP('',(#3064,#3070,#3071,#3072));
#3074=FACE_BOUND('',#3073,.T.);
#3075=ADVANCED_FACE('',(#3074),#3056,.T.);
#3076=CARTESIAN_POINT('',(-4.5,-45.9,95.86));
#3077=DIRECTION('',(0.,1.,0.));
#3078=DIRECTION('',(0.,-0.,1.));
#3079=AXIS2_PLACEMENT_3D('',#3076,#3077,#3078);
#3080=PLANE('',#3079);
#3081=ORIENTED_EDGE('',*,*,#3022,.F.);
#3082=CARTESIAN_POINT('',(-4.25,-45.9,96.06));
#3083=DIRECTION('',(-1.,0.,0.));
#3084=VECTOR('',#3083,0.5);
#3085=LINE('',#3082,#3084);
#3086=EDGE_CURVE('',#3011,#3058,#3085,.T.);
#3087=ORIENTED_EDGE('',*,*,#3086,.T.);
#3088=ORIENTED_EDGE('',*,*,#3063,.T.);
#3089=ORIENTED_EDGE('',*,*,#397,.F.);
#3090=EDGE_LOOP('',(#3081,#3087,#3088,#3089));
#3091=FACE_BOUND('',#3090,.T.);
#3092=ADVANCED_FACE('',(#3091),#3080,.T.);
#3093=CARTESIAN_POINT('',(0.,-41.9,95.86));
#3094=DIRECTION('',(0.,0.,-1.));
#3095=DIRECTION('',(1.,0.,0.));
#3096=AXIS2_PLACEMENT_3D('',#3093,#3094,#3095);
#3097=PLANE('',#3096);
#3098=CARTESIAN_POINT('',(-4.45,-46.1,95.86));
#3099=VERTEX_POINT('',#3098);
#3100=CARTESIAN_POINT('',(-4.45,-46.7,95.86));
#3101=VERTEX_POINT('',#3100);
#3102=CARTESIAN_POINT('',(-4.45,-46.1,95.86));
#3103=DIRECTION('',(-0.,-1.,-0.));
#3104=VECTOR('',#3103,0.6);
#3105=LINE('',#3102,#3104);
#3106=EDGE_CURVE('',#3099,#3101,#3105,.T.);
#3107=ORIENTED_EDGE('',*,*,#3106,.T.);
#3108=CARTESIAN_POINT('',(-4.55,-46.7,95.86));
#3109=VERTEX_POINT('',#3108);
#3110=CARTESIAN_POINT('',(-4.45,-46.7,95.86));
#3111=DIRECTION('',(-1.,-0.,0.));
#3112=VECTOR('',#3111,0.1);
#3113=LINE('',#3110,#3112);
#3114=EDGE_CURVE('',#3101,#3109,#3113,.T.);
#3115=ORIENTED_EDGE('',*,*,#3114,.T.);
#3116=CARTESIAN_POINT('',(-4.55,-46.1,95.86));
#3117=VERTEX_POINT('',#3116);
#3118=CARTESIAN_POINT('',(-4.55,-46.7,95.86));
#3119=DIRECTION('',(-0.,1.,0.));
#3120=VECTOR('',#3119,0.6);
#3121=LINE('',#3118,#3120);
#3122=EDGE_CURVE('',#3109,#3117,#3121,.T.);
#3123=ORIENTED_EDGE('',*,*,#3122,.T.);
#3124=CARTESIAN_POINT('',(-4.55,-46.1,95.86));
#3125=DIRECTION('',(1.,-0.,-0.));
#3126=VECTOR('',#3125,0.1);
#3127=LINE('',#3124,#3126);
#3128=EDGE_CURVE('',#3117,#3099,#3127,.T.);
#3129=ORIENTED_EDGE('',*,*,#3128,.T.);
#3130=EDGE_LOOP('',(#3107,#3115,#3123,#3129));
#3131=FACE_BOUND('',#3130,.T.);
#3132=ADVANCED_FACE('',(#3131),#3097,.T.);
#3133=CARTESIAN_POINT('',(-4.5,-46.1,96.06));
#3134=DIRECTION('',(-1.,0.,0.));
#3135=DIRECTION('',(0.,0.,-1.));
#3136=AXIS2_PLACEMENT_3D('',#3133,#3134,#3135);
#3137=CYLINDRICAL_SURFACE('',#3136,0.2);
#3138=CARTESIAN_POINT('',(-4.45,-46.1,96.06));
#3139=DIRECTION('',(0.707106781,-0.707106781,-0.));
#3140=DIRECTION('',(0.707106781,0.707106781,0.));
#3141=AXIS2_PLACEMENT_3D('',#3138,#3139,#3140);
#3142=ELLIPSE('',#3141,0.282842712,0.2);
#3143=EDGE_CURVE('',#3099,#3011,#3142,.T.);
#3144=ORIENTED_EDGE('',*,*,#3143,.F.);
#3145=ORIENTED_EDGE('',*,*,#3128,.F.);
#3146=CARTESIAN_POINT('',(-4.55,-46.1,96.06));
#3147=DIRECTION('',(-0.707106781,-0.707106781,-0.));
#3148=DIRECTION('',(-0.707106781,0.707106781,0.));
#3149=AXIS2_PLACEMENT_3D('',#3146,#3147,#3148);
#3150=ELLIPSE('',#3149,0.282842712,0.2);
#3151=EDGE_CURVE('',#3058,#3117,#3150,.T.);
#3152=ORIENTED_EDGE('',*,*,#3151,.F.);
#3153=ORIENTED_EDGE('',*,*,#3086,.F.);
#3154=EDGE_LOOP('',(#3144,#3145,#3152,#3153));
#3155=FACE_BOUND('',#3154,.T.);
#3156=ADVANCED_FACE('',(#3155),#3137,.T.);
#3157=CARTESIAN_POINT('',(-4.55,-46.4,96.06));
#3158=DIRECTION('',(0.,-1.,-0.));
#3159=DIRECTION('',(0.,0.,-1.));
#3160=AXIS2_PLACEMENT_3D('',#3157,#3158,#3159);
#3161=CYLINDRICAL_SURFACE('',#3160,0.2);
#3162=ORIENTED_EDGE('',*,*,#3151,.T.);
#3163=ORIENTED_EDGE('',*,*,#3122,.F.);
#3164=CARTESIAN_POINT('',(-4.55,-46.7,96.06));
#3165=DIRECTION('',(0.707106781,-0.707106781,-0.));
#3166=DIRECTION('',(-0.707106781,-0.707106781,-0.));
#3167=AXIS2_PLACEMENT_3D('',#3164,#3165,#3166);
#3168=ELLIPSE('',#3167,0.282842712,0.2);
#3169=EDGE_CURVE('',#3034,#3109,#3168,.T.);
#3170=ORIENTED_EDGE('',*,*,#3169,.F.);
#3171=ORIENTED_EDGE('',*,*,#3069,.F.);
#3172=EDGE_LOOP('',(#3162,#3163,#3170,#3171));
#3173=FACE_BOUND('',#3172,.T.);
#3174=ADVANCED_FACE('',(#3173),#3161,.T.);
#3175=CARTESIAN_POINT('',(-4.45,-46.4,96.06));
#3176=DIRECTION('',(0.,1.,0.));
#3177=DIRECTION('',(0.,-0.,1.));
#3178=AXIS2_PLACEMENT_3D('',#3175,#3176,#3177);
#3179=CYLINDRICAL_SURFACE('',#3178,0.2);
#3180=ORIENTED_EDGE('',*,*,#3143,.T.);
#3181=ORIENTED_EDGE('',*,*,#3016,.F.);
#3182=CARTESIAN_POINT('',(-4.45,-46.7,96.06));
#3183=DIRECTION('',(-0.707106781,-0.707106781,-0.));
#3184=DIRECTION('',(-0.707106781,0.707106781,0.));
#3185=AXIS2_PLACEMENT_3D('',#3182,#3183,#3184);
#3186=ELLIPSE('',#3185,0.282842712,0.2);
#3187=EDGE_CURVE('',#3101,#3003,#3186,.T.);
#3188=ORIENTED_EDGE('',*,*,#3187,.F.);
#3189=ORIENTED_EDGE('',*,*,#3106,.F.);
#3190=EDGE_LOOP('',(#3180,#3181,#3188,#3189));
#3191=FACE_BOUND('',#3190,.T.);
#3192=ADVANCED_FACE('',(#3191),#3179,.T.);
#3193=CARTESIAN_POINT('',(-4.5,-46.7,96.06));
#3194=DIRECTION('',(1.,0.,0.));
#3195=DIRECTION('',(0.,-0.,1.));
#3196=AXIS2_PLACEMENT_3D('',#3193,#3194,#3195);
#3197=CYLINDRICAL_SURFACE('',#3196,0.2);
#3198=ORIENTED_EDGE('',*,*,#3169,.T.);
#3199=ORIENTED_EDGE('',*,*,#3114,.F.);
#3200=ORIENTED_EDGE('',*,*,#3187,.T.);
#3201=ORIENTED_EDGE('',*,*,#3045,.F.);
#3202=EDGE_LOOP('',(#3198,#3199,#3200,#3201));
#3203=FACE_BOUND('',#3202,.T.);
#3204=ADVANCED_FACE('',(#3203),#3197,.T.);
#3205=CARTESIAN_POINT('',(-4.55,-39.4,96.06));
#3206=DIRECTION('',(-0.,-1.,-0.));
#3207=DIRECTION('',(-1.,0.,0.));
#3208=AXIS2_PLACEMENT_3D('',#3205,#3206,#3207);
#3209=CYLINDRICAL_SURFACE('',#3208,0.2);
#3210=CARTESIAN_POINT('',(-4.55,-39.1,96.06));
#3211=DIRECTION('',(0.707106781,0.707106781,0.));
#3212=DIRECTION('',(-0.707106781,0.707106781,0.));
#3213=AXIS2_PLACEMENT_3D('',#3210,#3211,#3212);
#3214=ELLIPSE('',#3213,0.282842712,0.2);
#3215=EDGE_CURVE('',#2963,#2922,#3214,.T.);
#3216=ORIENTED_EDGE('',*,*,#3215,.F.);
#3217=ORIENTED_EDGE('',*,*,#2992,.F.);
#3218=CARTESIAN_POINT('',(-4.55,-39.7,96.06));
#3219=DIRECTION('',(0.707106781,-0.707106781,-0.));
#3220=DIRECTION('',(-0.707106781,-0.707106781,-0.));
#3221=AXIS2_PLACEMENT_3D('',#3218,#3219,#3220);
#3222=ELLIPSE('',#3221,0.282842712,0.2);
#3223=EDGE_CURVE('',#2898,#2981,#3222,.T.);
#3224=ORIENTED_EDGE('',*,*,#3223,.F.);
#3225=ORIENTED_EDGE('',*,*,#2933,.F.);
#3226=EDGE_LOOP('',(#3216,#3217,#3224,#3225));
#3227=FACE_BOUND('',#3226,.T.);
#3228=ADVANCED_FACE('',(#3227),#3209,.T.);
#3229=CARTESIAN_POINT('',(-4.5,-39.7,96.06));
#3230=DIRECTION('',(1.,0.,0.));
#3231=DIRECTION('',(0.,-0.,1.));
#3232=AXIS2_PLACEMENT_3D('',#3229,#3230,#3231);
#3233=CYLINDRICAL_SURFACE('',#3232,0.2);
#3234=ORIENTED_EDGE('',*,*,#3223,.T.);
#3235=ORIENTED_EDGE('',*,*,#2986,.F.);
#3236=CARTESIAN_POINT('',(-4.45,-39.7,96.06));
#3237=DIRECTION('',(0.707106781,0.707106781,0.));
#3238=DIRECTION('',(0.707106781,-0.707106781,-0.));
#3239=AXIS2_PLACEMENT_3D('',#3236,#3237,#3238);
#3240=ELLIPSE('',#3239,0.282842712,0.2);
#3241=EDGE_CURVE('',#2867,#2973,#3240,.T.);
#3242=ORIENTED_EDGE('',*,*,#3241,.F.);
#3243=ORIENTED_EDGE('',*,*,#2909,.F.);
#3244=EDGE_LOOP('',(#3234,#3235,#3242,#3243));
#3245=FACE_BOUND('',#3244,.T.);
#3246=ADVANCED_FACE('',(#3245),#3233,.T.);
#3247=CARTESIAN_POINT('',(-4.5,-39.1,96.06));
#3248=DIRECTION('',(-1.,0.,0.));
#3249=DIRECTION('',(0.,0.,-1.));
#3250=AXIS2_PLACEMENT_3D('',#3247,#3248,#3249);
#3251=CYLINDRICAL_SURFACE('',#3250,0.2);
#3252=ORIENTED_EDGE('',*,*,#3215,.T.);
#3253=ORIENTED_EDGE('',*,*,#2950,.F.);
#3254=CARTESIAN_POINT('',(-4.45,-39.1,96.06));
#3255=DIRECTION('',(0.707106781,-0.707106781,-0.));
#3256=DIRECTION('',(-0.707106781,-0.707106781,-0.));
#3257=AXIS2_PLACEMENT_3D('',#3254,#3255,#3256);
#3258=ELLIPSE('',#3257,0.282842712,0.2);
#3259=EDGE_CURVE('',#2965,#2875,#3258,.T.);
#3260=ORIENTED_EDGE('',*,*,#3259,.F.);
#3261=ORIENTED_EDGE('',*,*,#2970,.F.);
#3262=EDGE_LOOP('',(#3252,#3253,#3260,#3261));
#3263=FACE_BOUND('',#3262,.T.);
#3264=ADVANCED_FACE('',(#3263),#3251,.T.);
#3265=CARTESIAN_POINT('',(-4.45,-39.4,96.06));
#3266=DIRECTION('',(0.,1.,0.));
#3267=DIRECTION('',(0.,-0.,1.));
#3268=AXIS2_PLACEMENT_3D('',#3265,#3266,#3267);
#3269=CYLINDRICAL_SURFACE('',#3268,0.2);
#3270=ORIENTED_EDGE('',*,*,#3241,.T.);
#3271=ORIENTED_EDGE('',*,*,#2978,.F.);
#3272=ORIENTED_EDGE('',*,*,#3259,.T.);
#3273=ORIENTED_EDGE('',*,*,#2880,.F.);
#3274=EDGE_LOOP('',(#3270,#3271,#3272,#3273));
#3275=FACE_BOUND('',#3274,.T.);
#3276=ADVANCED_FACE('',(#3275),#3269,.T.);
#3277=CARTESIAN_POINT('',(3.8,-45.9,95.86));
#3278=DIRECTION('',(0.,-1.,-0.));
#3279=DIRECTION('',(0.,0.,-1.));
#3280=AXIS2_PLACEMENT_3D('',#3277,#3278,#3279);
#3281=CYLINDRICAL_SURFACE('',#3280,0.3);
#3282=CARTESIAN_POINT('',(3.8,-45.7,95.86));
#3283=DIRECTION('',(0.707106781,0.707106781,0.));
#3284=DIRECTION('',(-0.707106781,0.707106781,0.));
#3285=AXIS2_PLACEMENT_3D('',#3282,#3283,#3284);
#3286=ELLIPSE('',#3285,0.424264069,0.3);
#3287=EDGE_CURVE('',#2547,#2506,#3286,.T.);
#3288=ORIENTED_EDGE('',*,*,#3287,.F.);
#3289=ORIENTED_EDGE('',*,*,#2576,.F.);
#3290=CARTESIAN_POINT('',(3.8,-46.1,95.86));
#3291=DIRECTION('',(0.707106781,-0.707106781,-0.));
#3292=DIRECTION('',(-0.707106781,-0.707106781,-0.));
#3293=AXIS2_PLACEMENT_3D('',#3290,#3291,#3292);
#3294=ELLIPSE('',#3293,0.424264069,0.3);
#3295=EDGE_CURVE('',#2482,#2565,#3294,.T.);
#3296=ORIENTED_EDGE('',*,*,#3295,.F.);
#3297=ORIENTED_EDGE('',*,*,#2517,.F.);
#3298=EDGE_LOOP('',(#3288,#3289,#3296,#3297));
#3299=FACE_BOUND('',#3298,.T.);
#3300=ADVANCED_FACE('',(#3299),#3281,.T.);
#3301=CARTESIAN_POINT('',(4.,-46.1,95.86));
#3302=DIRECTION('',(1.,0.,0.));
#3303=DIRECTION('',(0.,-0.,1.));
#3304=AXIS2_PLACEMENT_3D('',#3301,#3302,#3303);
#3305=CYLINDRICAL_SURFACE('',#3304,0.3);
#3306=ORIENTED_EDGE('',*,*,#3295,.T.);
#3307=ORIENTED_EDGE('',*,*,#2570,.F.);
#3308=CARTESIAN_POINT('',(4.2,-46.1,95.86));
#3309=DIRECTION('',(0.707106781,0.707106781,0.));
#3310=DIRECTION('',(0.707106781,-0.707106781,-0.));
#3311=AXIS2_PLACEMENT_3D('',#3308,#3309,#3310);
#3312=ELLIPSE('',#3311,0.424264069,0.3);
#3313=EDGE_CURVE('',#2451,#2557,#3312,.T.);
#3314=ORIENTED_EDGE('',*,*,#3313,.F.);
#3315=ORIENTED_EDGE('',*,*,#2493,.F.);
#3316=EDGE_LOOP('',(#3306,#3307,#3314,#3315));
#3317=FACE_BOUND('',#3316,.T.);
#3318=ADVANCED_FACE('',(#3317),#3305,.T.);
#3319=CARTESIAN_POINT('',(4.,-45.7,95.86));
#3320=DIRECTION('',(-1.,0.,0.));
#3321=DIRECTION('',(0.,0.,-1.));
#3322=AXIS2_PLACEMENT_3D('',#3319,#3320,#3321);
#3323=CYLINDRICAL_SURFACE('',#3322,0.3);
#3324=ORIENTED_EDGE('',*,*,#3287,.T.);
#3325=ORIENTED_EDGE('',*,*,#2534,.F.);
#3326=CARTESIAN_POINT('',(4.2,-45.7,95.86));
#3327=DIRECTION('',(0.707106781,-0.707106781,-0.));
#3328=DIRECTION('',(-0.707106781,-0.707106781,-0.));
#3329=AXIS2_PLACEMENT_3D('',#3326,#3327,#3328);
#3330=ELLIPSE('',#3329,0.424264069,0.3);
#3331=EDGE_CURVE('',#2549,#2459,#3330,.T.);
#3332=ORIENTED_EDGE('',*,*,#3331,.F.);
#3333=ORIENTED_EDGE('',*,*,#2554,.F.);
#3334=EDGE_LOOP('',(#3324,#3325,#3332,#3333));
#3335=FACE_BOUND('',#3334,.T.);
#3336=ADVANCED_FACE('',(#3335),#3323,.T.);
#3337=CARTESIAN_POINT('',(4.2,-45.9,95.86));
#3338=DIRECTION('',(0.,1.,0.));
#3339=DIRECTION('',(0.,-0.,1.));
#3340=AXIS2_PLACEMENT_3D('',#3337,#3338,#3339);
#3341=CYLINDRICAL_SURFACE('',#3340,0.3);
#3342=ORIENTED_EDGE('',*,*,#3313,.T.);
#3343=ORIENTED_EDGE('',*,*,#2562,.F.);
#3344=ORIENTED_EDGE('',*,*,#3331,.T.);
#3345=ORIENTED_EDGE('',*,*,#2464,.F.);
#3346=EDGE_LOOP('',(#3342,#3343,#3344,#3345));
#3347=FACE_BOUND('',#3346,.T.);
#3348=ADVANCED_FACE('',(#3347),#3341,.T.);
#3349=CARTESIAN_POINT('',(4.,-42.1,95.86));
#3350=DIRECTION('',(1.,0.,0.));
#3351=DIRECTION('',(0.,-0.,1.));
#3352=AXIS2_PLACEMENT_3D('',#3349,#3350,#3351);
#3353=CYLINDRICAL_SURFACE('',#3352,0.3);
#3354=CARTESIAN_POINT('',(3.8,-42.1,95.86));
#3355=DIRECTION('',(-0.707106781,0.707106781,0.));
#3356=DIRECTION('',(-0.707106781,-0.707106781,-0.));
#3357=AXIS2_PLACEMENT_3D('',#3354,#3355,#3356);
#3358=ELLIPSE('',#3357,0.424264069,0.3);
#3359=EDGE_CURVE('',#2411,#2346,#3358,.T.);
#3360=ORIENTED_EDGE('',*,*,#3359,.F.);
#3361=ORIENTED_EDGE('',*,*,#2440,.F.);
#3362=CARTESIAN_POINT('',(4.2,-42.1,95.86));
#3363=DIRECTION('',(0.707106781,0.707106781,0.));
#3364=DIRECTION('',(0.707106781,-0.707106781,-0.));
#3365=AXIS2_PLACEMENT_3D('',#3362,#3363,#3364);
#3366=ELLIPSE('',#3365,0.424264069,0.3);
#3367=EDGE_CURVE('',#2315,#2429,#3366,.T.);
#3368=ORIENTED_EDGE('',*,*,#3367,.F.);
#3369=ORIENTED_EDGE('',*,*,#2357,.F.);
#3370=EDGE_LOOP('',(#3360,#3361,#3368,#3369));
#3371=FACE_BOUND('',#3370,.T.);
#3372=ADVANCED_FACE('',(#3371),#3353,.T.);
#3373=CARTESIAN_POINT('',(4.2,-41.9,95.86));
#3374=DIRECTION('',(0.,1.,0.));
#3375=DIRECTION('',(0.,-0.,1.));
#3376=AXIS2_PLACEMENT_3D('',#3373,#3374,#3375);
#3377=CYLINDRICAL_SURFACE('',#3376,0.3);
#3378=ORIENTED_EDGE('',*,*,#3367,.T.);
#3379=ORIENTED_EDGE('',*,*,#2434,.F.);
#3380=CARTESIAN_POINT('',(4.2,-41.7,95.86));
#3381=DIRECTION('',(-0.707106781,0.707106781,0.));
#3382=DIRECTION('',(0.707106781,0.707106781,0.));
#3383=AXIS2_PLACEMENT_3D('',#3380,#3381,#3382);
#3384=ELLIPSE('',#3383,0.424264069,0.3);
#3385=EDGE_CURVE('',#2323,#2421,#3384,.T.);
#3386=ORIENTED_EDGE('',*,*,#3385,.F.);
#3387=ORIENTED_EDGE('',*,*,#2328,.F.);
#3388=EDGE_LOOP('',(#3378,#3379,#3386,#3387));
#3389=FACE_BOUND('',#3388,.T.);
#3390=ADVANCED_FACE('',(#3389),#3377,.T.);
#3391=CARTESIAN_POINT('',(3.8,-41.9,95.86));
#3392=DIRECTION('',(0.,-1.,-0.));
#3393=DIRECTION('',(0.,0.,-1.));
#3394=AXIS2_PLACEMENT_3D('',#3391,#3392,#3393);
#3395=CYLINDRICAL_SURFACE('',#3394,0.3);
#3396=ORIENTED_EDGE('',*,*,#3359,.T.);
#3397=ORIENTED_EDGE('',*,*,#2381,.F.);
#3398=CARTESIAN_POINT('',(3.8,-41.7,95.86));
#3399=DIRECTION('',(0.707106781,0.707106781,0.));
#3400=DIRECTION('',(0.707106781,-0.707106781,-0.));
#3401=AXIS2_PLACEMENT_3D('',#3398,#3399,#3400);
#3402=ELLIPSE('',#3401,0.424264069,0.3);
#3403=EDGE_CURVE('',#2413,#2370,#3402,.T.);
#3404=ORIENTED_EDGE('',*,*,#3403,.F.);
#3405=ORIENTED_EDGE('',*,*,#2418,.F.);
#3406=EDGE_LOOP('',(#3396,#3397,#3404,#3405));
#3407=FACE_BOUND('',#3406,.T.);
#3408=ADVANCED_FACE('',(#3407),#3395,.T.);
#3409=CARTESIAN_POINT('',(4.,-41.7,95.86));
#3410=DIRECTION('',(-1.,0.,0.));
#3411=DIRECTION('',(0.,0.,-1.));
#3412=AXIS2_PLACEMENT_3D('',#3409,#3410,#3411);
#3413=CYLINDRICAL_SURFACE('',#3412,0.3);
#3414=ORIENTED_EDGE('',*,*,#3385,.T.);
#3415=ORIENTED_EDGE('',*,*,#2426,.F.);
#3416=ORIENTED_EDGE('',*,*,#3403,.T.);
#3417=ORIENTED_EDGE('',*,*,#2398,.F.);
#3418=EDGE_LOOP('',(#3414,#3415,#3416,#3417));
#3419=FACE_BOUND('',#3418,.T.);
#3420=ADVANCED_FACE('',(#3419),#3413,.T.);
#3421=CARTESIAN_POINT('',(0.,-46.7,95.66));
#3422=DIRECTION('',(-1.,0.,0.));
#3423=DIRECTION('',(0.,0.,-1.));
#3424=AXIS2_PLACEMENT_3D('',#3421,#3422,#3423);
#3425=CYLINDRICAL_SURFACE('',#3424,0.3);
#3426=CARTESIAN_POINT('',(1.2,-46.7,95.66));
#3427=DIRECTION('',(0.707106781,-0.707106781,-0.));
#3428=DIRECTION('',(0.707106781,0.707106781,0.));
#3429=AXIS2_PLACEMENT_3D('',#3426,#3427,#3428);
#3430=ELLIPSE('',#3429,0.424264069,0.3);
#3431=EDGE_CURVE('',#2275,#2187,#3430,.T.);
#3432=ORIENTED_EDGE('',*,*,#3431,.F.);
#3433=ORIENTED_EDGE('',*,*,#2304,.F.);
#3434=CARTESIAN_POINT('',(-1.2,-46.7,95.66));
#3435=DIRECTION('',(-0.707106781,-0.707106781,-0.));
#3436=DIRECTION('',(-0.707106781,0.707106781,0.));
#3437=AXIS2_PLACEMENT_3D('',#3434,#3435,#3436);
#3438=ELLIPSE('',#3437,0.424264069,0.3);
#3439=EDGE_CURVE('',#2234,#2293,#3438,.T.);
#3440=ORIENTED_EDGE('',*,*,#3439,.F.);
#3441=ORIENTED_EDGE('',*,*,#2262,.F.);
#3442=EDGE_LOOP('',(#3432,#3433,#3440,#3441));
#3443=FACE_BOUND('',#3442,.T.);
#3444=ADVANCED_FACE('',(#3443),#3425,.T.);
#3445=CARTESIAN_POINT('',(-1.2,-47.4,95.66));
#3446=DIRECTION('',(0.,-1.,-0.));
#3447=DIRECTION('',(0.,0.,-1.));
#3448=AXIS2_PLACEMENT_3D('',#3445,#3446,#3447);
#3449=CYLINDRICAL_SURFACE('',#3448,0.3);
#3450=ORIENTED_EDGE('',*,*,#3439,.T.);
#3451=ORIENTED_EDGE('',*,*,#2298,.F.);
#3452=CARTESIAN_POINT('',(-1.2,-48.1,95.66));
#3453=DIRECTION('',(0.707106781,-0.707106781,-0.));
#3454=DIRECTION('',(-0.707106781,-0.707106781,-0.));
#3455=AXIS2_PLACEMENT_3D('',#3452,#3453,#3454);
#3456=ELLIPSE('',#3455,0.424264069,0.3);
#3457=EDGE_CURVE('',#2210,#2285,#3456,.T.);
#3458=ORIENTED_EDGE('',*,*,#3457,.F.);
#3459=ORIENTED_EDGE('',*,*,#2245,.F.);
#3460=EDGE_LOOP('',(#3450,#3451,#3458,#3459));
#3461=FACE_BOUND('',#3460,.T.);
#3462=ADVANCED_FACE('',(#3461),#3449,.T.);
#3463=CARTESIAN_POINT('',(1.2,-47.4,95.66));
#3464=DIRECTION('',(0.,1.,0.));
#3465=DIRECTION('',(0.,-0.,1.));
#3466=AXIS2_PLACEMENT_3D('',#3463,#3464,#3465);
#3467=CYLINDRICAL_SURFACE('',#3466,0.3);
#3468=ORIENTED_EDGE('',*,*,#3431,.T.);
#3469=ORIENTED_EDGE('',*,*,#2192,.F.);
#3470=CARTESIAN_POINT('',(1.2,-48.1,95.66));
#3471=DIRECTION('',(-0.707106781,-0.707106781,-0.));
#3472=DIRECTION('',(-0.707106781,0.707106781,0.));
#3473=AXIS2_PLACEMENT_3D('',#3470,#3471,#3472);
#3474=ELLIPSE('',#3473,0.424264069,0.3);
#3475=EDGE_CURVE('',#2277,#2179,#3474,.T.);
#3476=ORIENTED_EDGE('',*,*,#3475,.F.);
#3477=ORIENTED_EDGE('',*,*,#2282,.F.);
#3478=EDGE_LOOP('',(#3468,#3469,#3476,#3477));
#3479=FACE_BOUND('',#3478,.T.);
#3480=ADVANCED_FACE('',(#3479),#3467,.T.);
#3481=CARTESIAN_POINT('',(0.,-48.1,95.66));
#3482=DIRECTION('',(1.,0.,0.));
#3483=DIRECTION('',(0.,-0.,1.));
#3484=AXIS2_PLACEMENT_3D('',#3481,#3482,#3483);
#3485=CYLINDRICAL_SURFACE('',#3484,0.3);
#3486=ORIENTED_EDGE('',*,*,#3457,.T.);
#3487=ORIENTED_EDGE('',*,*,#2290,.F.);
#3488=ORIENTED_EDGE('',*,*,#3475,.T.);
#3489=ORIENTED_EDGE('',*,*,#2221,.F.);
#3490=EDGE_LOOP('',(#3486,#3487,#3488,#3489));
#3491=FACE_BOUND('',#3490,.T.);
#3492=ADVANCED_FACE('',(#3491),#3485,.T.);
#3493=CARTESIAN_POINT('',(-5.45,-41.9,97.36));
#3494=DIRECTION('',(-0.707106781,0.,0.707106781));
#3495=DIRECTION('',(0.,1.,0.));
#3496=AXIS2_PLACEMENT_3D('',#3493,#3494,#3495);
#3497=PLANE('',#3496);
#3498=CARTESIAN_POINT('',(-5.45,-49.35,97.36));
#3499=DIRECTION('',(-0.707106781,-0.,-0.707106781));
#3500=VECTOR('',#3499,0.070710678);
#3501=LINE('',#3498,#3500);
#3502=EDGE_CURVE('',#1076,#808,#3501,.T.);
#3503=ORIENTED_EDGE('',*,*,#3502,.F.);
#3504=ORIENTED_EDGE('',*,*,#1081,.F.);
#3505=CARTESIAN_POINT('',(-5.5,-34.45,97.31));
#3506=DIRECTION('',(0.707106781,-0.,0.707106781));
#3507=VECTOR('',#3506,0.070710678);
#3508=LINE('',#3505,#3507);
#3509=EDGE_CURVE('',#810,#1074,#3508,.T.);
#3510=ORIENTED_EDGE('',*,*,#3509,.F.);
#3511=ORIENTED_EDGE('',*,*,#815,.F.);
#3512=EDGE_LOOP('',(#3503,#3504,#3510,#3511));
#3513=FACE_BOUND('',#3512,.T.);
#3514=ADVANCED_FACE('',(#3513),#3497,.T.);
#3515=CARTESIAN_POINT('',(-5.5,-49.35,97.31));
#3516=DIRECTION('',(-0.577350269,-0.577350269,0.577350269));
#3517=DIRECTION('',(-0.707106781,0.707106781,0.));
#3518=AXIS2_PLACEMENT_3D('',#3515,#3516,#3517);
#3519=PLANE('',#3518);
#3520=CARTESIAN_POINT('',(-5.45,-49.35,97.36));
#3521=DIRECTION('',(-0.,-0.707106781,-0.707106781));
#3522=VECTOR('',#3521,0.070710678);
#3523=LINE('',#3520,#3522);
#3524=EDGE_CURVE('',#1076,#786,#3523,.T.);
#3525=ORIENTED_EDGE('',*,*,#3524,.F.);
#3526=ORIENTED_EDGE('',*,*,#3502,.T.);
#3527=CARTESIAN_POINT('',(-5.45,-49.4,97.31));
#3528=DIRECTION('',(-0.707106781,0.707106781,0.));
#3529=VECTOR('',#3528,0.070710678);
#3530=LINE('',#3527,#3529);
#3531=EDGE_CURVE('',#786,#808,#3530,.T.);
#3532=ORIENTED_EDGE('',*,*,#3531,.F.);
#3533=EDGE_LOOP('',(#3525,#3526,#3532));
#3534=FACE_BOUND('',#3533,.T.);
#3535=ADVANCED_FACE('',(#3534),#3519,.T.);
#3536=CARTESIAN_POINT('',(-5.45,-34.4,97.31));
#3537=DIRECTION('',(-0.577350269,0.577350269,0.577350269));
#3538=DIRECTION('',(0.707106781,0.707106781,0.));
#3539=AXIS2_PLACEMENT_3D('',#3536,#3537,#3538);
#3540=PLANE('',#3539);
#3541=CARTESIAN_POINT('',(-5.5,-34.45,97.31));
#3542=DIRECTION('',(0.707106781,0.707106781,0.));
#3543=VECTOR('',#3542,0.070710678);
#3544=LINE('',#3541,#3543);
#3545=EDGE_CURVE('',#810,#866,#3544,.T.);
#3546=ORIENTED_EDGE('',*,*,#3545,.F.);
#3547=ORIENTED_EDGE('',*,*,#3509,.T.);
#3548=CARTESIAN_POINT('',(-5.45,-34.4,97.31));
#3549=DIRECTION('',(-0.,-0.707106781,0.707106781));
#3550=VECTOR('',#3549,0.070710678);
#3551=LINE('',#3548,#3550);
#3552=EDGE_CURVE('',#866,#1074,#3551,.T.);
#3553=ORIENTED_EDGE('',*,*,#3552,.F.);
#3554=EDGE_LOOP('',(#3546,#3547,#3553));
#3555=FACE_BOUND('',#3554,.T.);
#3556=ADVANCED_FACE('',(#3555),#3540,.T.);
#3557=CARTESIAN_POINT('',(-5.5,-49.35,96.36));
#3558=DIRECTION('',(0.707106781,0.707106781,0.));
#3559=DIRECTION('',(0.,-0.,1.));
#3560=AXIS2_PLACEMENT_3D('',#3557,#3558,#3559);
#3561=PLANE('',#3560);
#3562=ORIENTED_EDGE('',*,*,#3531,.T.);
#3563=ORIENTED_EDGE('',*,*,#837,.F.);
#3564=CARTESIAN_POINT('',(-5.45,-49.4,96.41));
#3565=DIRECTION('',(-0.707106781,0.707106781,0.));
#3566=VECTOR('',#3565,0.070710678);
#3567=LINE('',#3564,#3566);
#3568=EDGE_CURVE('',#768,#826,#3567,.T.);
#3569=ORIENTED_EDGE('',*,*,#3568,.F.);
#3570=ORIENTED_EDGE('',*,*,#797,.F.);
#3571=EDGE_LOOP('',(#3562,#3563,#3569,#3570));
#3572=FACE_BOUND('',#3571,.T.);
#3573=ADVANCED_FACE('',(#3572),#3561,.F.);
#3574=CARTESIAN_POINT('',(-0.,-49.35,97.36));
#3575=DIRECTION('',(-0.,-0.707106781,0.707106781));
#3576=DIRECTION('',(-1.,0.,0.));
#3577=AXIS2_PLACEMENT_3D('',#3574,#3575,#3576);
#3578=PLANE('',#3577);
#3579=ORIENTED_EDGE('',*,*,#3524,.T.);
#3580=ORIENTED_EDGE('',*,*,#791,.F.);
#3581=CARTESIAN_POINT('',(5.45,-49.35,97.36));
#3582=DIRECTION('',(0.,-0.707106781,-0.707106781));
#3583=VECTOR('',#3582,0.070710678);
#3584=LINE('',#3581,#3583);
#3585=EDGE_CURVE('',#1084,#778,#3584,.T.);
#3586=ORIENTED_EDGE('',*,*,#3585,.F.);
#3587=ORIENTED_EDGE('',*,*,#1089,.F.);
#3588=EDGE_LOOP('',(#3579,#3580,#3586,#3587));
#3589=FACE_BOUND('',#3588,.T.);
#3590=ADVANCED_FACE('',(#3589),#3578,.T.);
#3591=CARTESIAN_POINT('',(5.45,-41.9,97.36));
#3592=DIRECTION('',(0.707106781,-0.,0.707106781));
#3593=DIRECTION('',(-0.,-1.,-0.));
#3594=AXIS2_PLACEMENT_3D('',#3591,#3592,#3593);
#3595=PLANE('',#3594);
#3596=CARTESIAN_POINT('',(5.45,-34.45,97.36));
#3597=DIRECTION('',(0.707106781,0.,-0.707106781));
#3598=VECTOR('',#3597,0.070710678);
#3599=LINE('',#3596,#3598);
#3600=EDGE_CURVE('',#1092,#746,#3599,.T.);
#3601=ORIENTED_EDGE('',*,*,#3600,.F.);
#3602=ORIENTED_EDGE('',*,*,#1097,.F.);
#3603=CARTESIAN_POINT('',(5.5,-49.35,97.31));
#3604=DIRECTION('',(-0.707106781,-0.,0.707106781));
#3605=VECTOR('',#3604,0.070710678);
#3606=LINE('',#3603,#3605);
#3607=EDGE_CURVE('',#728,#1084,#3606,.T.);
#3608=ORIENTED_EDGE('',*,*,#3607,.F.);
#3609=ORIENTED_EDGE('',*,*,#757,.F.);
#3610=EDGE_LOOP('',(#3601,#3602,#3608,#3609));
#3611=FACE_BOUND('',#3610,.T.);
#3612=ADVANCED_FACE('',(#3611),#3595,.T.);
#3613=CARTESIAN_POINT('',(0.,-34.45,97.36));
#3614=DIRECTION('',(0.,0.707106781,0.707106781));
#3615=DIRECTION('',(1.,-0.,-0.));
#3616=AXIS2_PLACEMENT_3D('',#3613,#3614,#3615);
#3617=PLANE('',#3616);
#3618=ORIENTED_EDGE('',*,*,#3552,.T.);
#3619=ORIENTED_EDGE('',*,*,#1103,.F.);
#3620=CARTESIAN_POINT('',(5.45,-34.4,97.31));
#3621=DIRECTION('',(-0.,-0.707106781,0.707106781));
#3622=VECTOR('',#3621,0.070710678);
#3623=LINE('',#3620,#3622);
#3624=EDGE_CURVE('',#848,#1092,#3623,.T.);
#3625=ORIENTED_EDGE('',*,*,#3624,.F.);
#3626=ORIENTED_EDGE('',*,*,#877,.F.);
#3627=EDGE_LOOP('',(#3618,#3619,#3625,#3626));
#3628=FACE_BOUND('',#3627,.T.);
#3629=ADVANCED_FACE('',(#3628),#3617,.T.);
#3630=CARTESIAN_POINT('',(-5.45,-34.4,96.36));
#3631=DIRECTION('',(0.707106781,-0.707106781,-0.));
#3632=DIRECTION('',(-0.,-0.,1.));
#3633=AXIS2_PLACEMENT_3D('',#3630,#3631,#3632);
#3634=PLANE('',#3633);
#3635=ORIENTED_EDGE('',*,*,#3545,.T.);
#3636=ORIENTED_EDGE('',*,*,#871,.F.);
#3637=CARTESIAN_POINT('',(-5.5,-34.45,96.41));
#3638=DIRECTION('',(0.707106781,0.707106781,0.));
#3639=VECTOR('',#3638,0.070710678);
#3640=LINE('',#3637,#3639);
#3641=EDGE_CURVE('',#818,#858,#3640,.T.);
#3642=ORIENTED_EDGE('',*,*,#3641,.F.);
#3643=ORIENTED_EDGE('',*,*,#823,.F.);
#3644=EDGE_LOOP('',(#3635,#3636,#3642,#3643));
#3645=FACE_BOUND('',#3644,.T.);
#3646=ADVANCED_FACE('',(#3645),#3634,.F.);
#3647=CARTESIAN_POINT('',(-5.5,-41.9,96.41));
#3648=DIRECTION('',(0.707106781,-0.,0.707106781));
#3649=DIRECTION('',(-0.,-1.,-0.));
#3650=AXIS2_PLACEMENT_3D('',#3647,#3648,#3649);
#3651=PLANE('',#3650);
#3652=CARTESIAN_POINT('',(-5.5,-49.35,96.41));
#3653=DIRECTION('',(0.707106781,0.,-0.707106781));
#3654=VECTOR('',#3653,0.070710678);
#3655=LINE('',#3652,#3654);
#3656=EDGE_CURVE('',#826,#366,#3655,.T.);
#3657=ORIENTED_EDGE('',*,*,#3656,.F.);
#3658=ORIENTED_EDGE('',*,*,#831,.F.);
#3659=CARTESIAN_POINT('',(-5.45,-34.45,96.36));
#3660=DIRECTION('',(-0.707106781,-0.,0.707106781));
#3661=VECTOR('',#3660,0.070710678);
#3662=LINE('',#3659,#3661);
#3663=EDGE_CURVE('',#348,#818,#3662,.T.);
#3664=ORIENTED_EDGE('',*,*,#3663,.F.);
#3665=ORIENTED_EDGE('',*,*,#377,.F.);
#3666=EDGE_LOOP('',(#3657,#3658,#3664,#3665));
#3667=FACE_BOUND('',#3666,.T.);
#3668=ADVANCED_FACE('',(#3667),#3651,.F.);
#3669=CARTESIAN_POINT('',(-5.45,-49.35,96.36));
#3670=DIRECTION('',(-0.577350269,-0.577350269,-0.577350269));
#3671=DIRECTION('',(-0.707106781,0.707106781,0.));
#3672=AXIS2_PLACEMENT_3D('',#3669,#3670,#3671);
#3673=PLANE('',#3672);
#3674=ORIENTED_EDGE('',*,*,#3568,.T.);
#3675=ORIENTED_EDGE('',*,*,#3656,.T.);
#3676=CARTESIAN_POINT('',(-5.45,-49.4,96.41));
#3677=DIRECTION('',(0.,0.707106781,-0.707106781));
#3678=VECTOR('',#3677,0.070710678);
#3679=LINE('',#3676,#3678);
#3680=EDGE_CURVE('',#768,#366,#3679,.T.);
#3681=ORIENTED_EDGE('',*,*,#3680,.F.);
#3682=EDGE_LOOP('',(#3674,#3675,#3681));
#3683=FACE_BOUND('',#3682,.T.);
#3684=ADVANCED_FACE('',(#3683),#3673,.T.);
#3685=CARTESIAN_POINT('',(5.45,-49.4,97.31));
#3686=DIRECTION('',(0.577350269,-0.577350269,0.577350269));
#3687=DIRECTION('',(-0.707106781,-0.707106781,0.));
#3688=AXIS2_PLACEMENT_3D('',#3685,#3686,#3687);
#3689=PLANE('',#3688);
#3690=ORIENTED_EDGE('',*,*,#3607,.T.);
#3691=ORIENTED_EDGE('',*,*,#3585,.T.);
#3692=CARTESIAN_POINT('',(5.5,-49.35,97.31));
#3693=DIRECTION('',(-0.707106781,-0.707106781,0.));
#3694=VECTOR('',#3693,0.070710678);
#3695=LINE('',#3692,#3694);
#3696=EDGE_CURVE('',#728,#778,#3695,.T.);
#3697=ORIENTED_EDGE('',*,*,#3696,.F.);
#3698=EDGE_LOOP('',(#3690,#3691,#3697));
#3699=FACE_BOUND('',#3698,.T.);
#3700=ADVANCED_FACE('',(#3699),#3689,.T.);
#3701=CARTESIAN_POINT('',(5.5,-34.45,97.31));
#3702=DIRECTION('',(0.577350269,0.577350269,0.577350269));
#3703=DIRECTION('',(0.707106781,-0.707106781,-0.));
#3704=AXIS2_PLACEMENT_3D('',#3701,#3702,#3703);
#3705=PLANE('',#3704);
#3706=ORIENTED_EDGE('',*,*,#3624,.T.);
#3707=ORIENTED_EDGE('',*,*,#3600,.T.);
#3708=CARTESIAN_POINT('',(5.45,-34.4,97.31));
#3709=DIRECTION('',(0.707106781,-0.707106781,-0.));
#3710=VECTOR('',#3709,0.070710678);
#3711=LINE('',#3708,#3710);
#3712=EDGE_CURVE('',#848,#746,#3711,.T.);
#3713=ORIENTED_EDGE('',*,*,#3712,.F.);
#3714=EDGE_LOOP('',(#3706,#3707,#3713));
#3715=FACE_BOUND('',#3714,.T.);
#3716=ADVANCED_FACE('',(#3715),#3705,.T.);
#3717=CARTESIAN_POINT('',(-5.5,-34.45,96.41));
#3718=DIRECTION('',(-0.577350269,0.577350269,-0.577350269));
#3719=DIRECTION('',(0.707106781,0.707106781,0.));
#3720=AXIS2_PLACEMENT_3D('',#3717,#3718,#3719);
#3721=PLANE('',#3720);
#3722=ORIENTED_EDGE('',*,*,#3663,.T.);
#3723=ORIENTED_EDGE('',*,*,#3641,.T.);
#3724=CARTESIAN_POINT('',(-5.45,-34.45,96.36));
#3725=DIRECTION('',(0.,0.707106781,0.707106781));
#3726=VECTOR('',#3725,0.070710678);
#3727=LINE('',#3724,#3726);
#3728=EDGE_CURVE('',#348,#858,#3727,.T.);
#3729=ORIENTED_EDGE('',*,*,#3728,.F.);
#3730=EDGE_LOOP('',(#3722,#3723,#3729));
#3731=FACE_BOUND('',#3730,.T.);
#3732=ADVANCED_FACE('',(#3731),#3721,.T.);
#3733=CARTESIAN_POINT('',(-0.,-49.4,96.41));
#3734=DIRECTION('',(0.,0.707106781,0.707106781));
#3735=DIRECTION('',(1.,-0.,-0.));
#3736=AXIS2_PLACEMENT_3D('',#3733,#3734,#3735);
#3737=PLANE('',#3736);
#3738=ORIENTED_EDGE('',*,*,#3680,.T.);
#3739=ORIENTED_EDGE('',*,*,#371,.F.);
#3740=CARTESIAN_POINT('',(5.45,-49.4,96.41));
#3741=DIRECTION('',(-0.,0.707106781,-0.707106781));
#3742=VECTOR('',#3741,0.070710678);
#3743=LINE('',#3740,#3742);
#3744=EDGE_CURVE('',#770,#358,#3743,.T.);
#3745=ORIENTED_EDGE('',*,*,#3744,.F.);
#3746=ORIENTED_EDGE('',*,*,#775,.F.);
#3747=EDGE_LOOP('',(#3738,#3739,#3745,#3746));
#3748=FACE_BOUND('',#3747,.T.);
#3749=ADVANCED_FACE('',(#3748),#3737,.F.);
#3750=CARTESIAN_POINT('',(5.45,-49.4,96.36));
#3751=DIRECTION('',(-0.707106781,0.707106781,0.));
#3752=DIRECTION('',(0.,-0.,1.));
#3753=AXIS2_PLACEMENT_3D('',#3750,#3751,#3752);
#3754=PLANE('',#3753);
#3755=ORIENTED_EDGE('',*,*,#3696,.T.);
#3756=ORIENTED_EDGE('',*,*,#783,.F.);
#3757=CARTESIAN_POINT('',(5.5,-49.35,96.41));
#3758=DIRECTION('',(-0.707106781,-0.707106781,-0.));
#3759=VECTOR('',#3758,0.070710678);
#3760=LINE('',#3757,#3759);
#3761=EDGE_CURVE('',#730,#770,#3760,.T.);
#3762=ORIENTED_EDGE('',*,*,#3761,.F.);
#3763=ORIENTED_EDGE('',*,*,#735,.F.);
#3764=EDGE_LOOP('',(#3755,#3756,#3762,#3763));
#3765=FACE_BOUND('',#3764,.T.);
#3766=ADVANCED_FACE('',(#3765),#3754,.F.);
#3767=CARTESIAN_POINT('',(5.5,-34.45,96.36));
#3768=DIRECTION('',(-0.707106781,-0.707106781,-0.));
#3769=DIRECTION('',(0.,-0.,1.));
#3770=AXIS2_PLACEMENT_3D('',#3767,#3768,#3769);
#3771=PLANE('',#3770);
#3772=ORIENTED_EDGE('',*,*,#3712,.T.);
#3773=ORIENTED_EDGE('',*,*,#751,.F.);
#3774=CARTESIAN_POINT('',(5.45,-34.4,96.41));
#3775=DIRECTION('',(0.707106781,-0.707106781,-0.));
#3776=VECTOR('',#3775,0.070710678);
#3777=LINE('',#3774,#3776);
#3778=EDGE_CURVE('',#850,#738,#3777,.T.);
#3779=ORIENTED_EDGE('',*,*,#3778,.F.);
#3780=ORIENTED_EDGE('',*,*,#855,.F.);
#3781=EDGE_LOOP('',(#3772,#3773,#3779,#3780));
#3782=FACE_BOUND('',#3781,.T.);
#3783=ADVANCED_FACE('',(#3782),#3771,.F.);
#3784=CARTESIAN_POINT('',(0.,-34.4,96.41));
#3785=DIRECTION('',(-0.,-0.707106781,0.707106781));
#3786=DIRECTION('',(-1.,0.,0.));
#3787=AXIS2_PLACEMENT_3D('',#3784,#3785,#3786);
#3788=PLANE('',#3787);
#3789=ORIENTED_EDGE('',*,*,#3728,.T.);
#3790=ORIENTED_EDGE('',*,*,#863,.F.);
#3791=CARTESIAN_POINT('',(5.45,-34.45,96.36));
#3792=DIRECTION('',(0.,0.707106781,0.707106781));
#3793=VECTOR('',#3792,0.070710678);
#3794=LINE('',#3791,#3793);
#3795=EDGE_CURVE('',#350,#850,#3794,.T.);
#3796=ORIENTED_EDGE('',*,*,#3795,.F.);
#3797=ORIENTED_EDGE('',*,*,#355,.F.);
#3798=EDGE_LOOP('',(#3789,#3790,#3796,#3797));
#3799=FACE_BOUND('',#3798,.T.);
#3800=ADVANCED_FACE('',(#3799),#3788,.F.);
#3801=CARTESIAN_POINT('',(5.45,-49.35,96.36));
#3802=DIRECTION('',(0.577350269,-0.577350269,-0.577350269));
#3803=DIRECTION('',(-0.707106781,-0.707106781,-0.));
#3804=AXIS2_PLACEMENT_3D('',#3801,#3802,#3803);
#3805=PLANE('',#3804);
#3806=ORIENTED_EDGE('',*,*,#3761,.T.);
#3807=ORIENTED_EDGE('',*,*,#3744,.T.);
#3808=CARTESIAN_POINT('',(5.5,-49.35,96.41));
#3809=DIRECTION('',(-0.707106781,0.,-0.707106781));
#3810=VECTOR('',#3809,0.070710678);
#3811=LINE('',#3808,#3810);
#3812=EDGE_CURVE('',#730,#358,#3811,.T.);
#3813=ORIENTED_EDGE('',*,*,#3812,.F.);
#3814=EDGE_LOOP('',(#3806,#3807,#3813));
#3815=FACE_BOUND('',#3814,.T.);
#3816=ADVANCED_FACE('',(#3815),#3805,.T.);
#3817=CARTESIAN_POINT('',(5.5,-34.45,96.41));
#3818=DIRECTION('',(0.577350269,0.577350269,-0.577350269));
#3819=DIRECTION('',(0.707106781,-0.707106781,-0.));
#3820=AXIS2_PLACEMENT_3D('',#3817,#3818,#3819);
#3821=PLANE('',#3820);
#3822=ORIENTED_EDGE('',*,*,#3795,.T.);
#3823=ORIENTED_EDGE('',*,*,#3778,.T.);
#3824=CARTESIAN_POINT('',(5.45,-34.45,96.36));
#3825=DIRECTION('',(0.707106781,0.,0.707106781));
#3826=VECTOR('',#3825,0.070710678);
#3827=LINE('',#3824,#3826);
#3828=EDGE_CURVE('',#350,#738,#3827,.T.);
#3829=ORIENTED_EDGE('',*,*,#3828,.F.);
#3830=EDGE_LOOP('',(#3822,#3823,#3829));
#3831=FACE_BOUND('',#3830,.T.);
#3832=ADVANCED_FACE('',(#3831),#3821,.T.);
#3833=CARTESIAN_POINT('',(5.5,-41.9,96.41));
#3834=DIRECTION('',(-0.707106781,0.,0.707106781));
#3835=DIRECTION('',(0.,1.,0.));
#3836=AXIS2_PLACEMENT_3D('',#3833,#3834,#3835);
#3837=PLANE('',#3836);
#3838=ORIENTED_EDGE('',*,*,#3812,.T.);
#3839=ORIENTED_EDGE('',*,*,#363,.F.);
#3840=ORIENTED_EDGE('',*,*,#3828,.T.);
#3841=ORIENTED_EDGE('',*,*,#743,.F.);
#3842=EDGE_LOOP('',(#3838,#3839,#3840,#3841));
#3843=FACE_BOUND('',#3842,.T.);
#3844=ADVANCED_FACE('',(#3843),#3837,.F.);
#3845=CARTESIAN_POINT('',(-2.9,-30.3,90.36));
#3846=DIRECTION('',(0.,-0.,1.));
#3847=DIRECTION('',(-1.,0.,0.));
#3848=AXIS2_PLACEMENT_3D('',#3845,#3846,#3847);
#3849=CYLINDRICAL_SURFACE('',#3848,0.3);
#3850=CARTESIAN_POINT('',(-2.9,-30.3,90.66));
#3851=DIRECTION('',(-0.707106781,0.,-0.707106781));
#3852=DIRECTION('',(0.707106781,0.,-0.707106781));
#3853=AXIS2_PLACEMENT_3D('',#3850,#3851,#3852);
#3854=ELLIPSE('',#3853,0.424264069,0.3);
#3855=EDGE_CURVE('',#2067,#1458,#3854,.T.);
#3856=ORIENTED_EDGE('',*,*,#3855,.F.);
#3857=ORIENTED_EDGE('',*,*,#2096,.F.);
#3858=CARTESIAN_POINT('',(-2.9,-30.3,90.86));
#3859=DIRECTION('',(-0.707106781,-0.,0.707106781));
#3860=DIRECTION('',(0.707106781,-0.,0.707106781));
#3861=AXIS2_PLACEMENT_3D('',#3858,#3859,#3860);
#3862=ELLIPSE('',#3861,0.424264069,0.3);
#3863=EDGE_CURVE('',#1466,#2085,#3862,.T.);
#3864=ORIENTED_EDGE('',*,*,#3863,.F.);
#3865=ORIENTED_EDGE('',*,*,#1471,.F.);
#3866=EDGE_LOOP('',(#3856,#3857,#3864,#3865));
#3867=FACE_BOUND('',#3866,.T.);
#3868=ADVANCED_FACE('',(#3867),#3849,.T.);
#3869=CARTESIAN_POINT('',(-3.,-30.3,90.86));
#3870=DIRECTION('',(-1.,0.,0.));
#3871=DIRECTION('',(0.,0.,-1.));
#3872=AXIS2_PLACEMENT_3D('',#3869,#3870,#3871);
#3873=CYLINDRICAL_SURFACE('',#3872,0.3);
#3874=ORIENTED_EDGE('',*,*,#3863,.T.);
#3875=ORIENTED_EDGE('',*,*,#2090,.F.);
#3876=CARTESIAN_POINT('',(-3.1,-30.3,90.86));
#3877=DIRECTION('',(-0.707106781,0.,-0.707106781));
#3878=DIRECTION('',(-0.707106781,-0.,0.707106781));
#3879=AXIS2_PLACEMENT_3D('',#3876,#3877,#3878);
#3880=ELLIPSE('',#3879,0.424264069,0.3);
#3881=EDGE_CURVE('',#1538,#2077,#3880,.T.);
#3882=ORIENTED_EDGE('',*,*,#3881,.F.);
#3883=ORIENTED_EDGE('',*,*,#2049,.F.);
#3884=EDGE_LOOP('',(#3874,#3875,#3882,#3883));
#3885=FACE_BOUND('',#3884,.T.);
#3886=ADVANCED_FACE('',(#3885),#3873,.T.);
#3887=CARTESIAN_POINT('',(0.,-30.3,90.66));
#3888=DIRECTION('',(1.,0.,0.));
#3889=DIRECTION('',(0.,-0.,1.));
#3890=AXIS2_PLACEMENT_3D('',#3887,#3888,#3889);
#3891=CYLINDRICAL_SURFACE('',#3890,0.3);
#3892=ORIENTED_EDGE('',*,*,#3855,.T.);
#3893=ORIENTED_EDGE('',*,*,#1593,.F.);
#3894=CARTESIAN_POINT('',(-3.1,-30.3,90.66));
#3895=DIRECTION('',(-0.707106781,-0.,0.707106781));
#3896=DIRECTION('',(0.707106781,-0.,0.707106781));
#3897=AXIS2_PLACEMENT_3D('',#3894,#3895,#3896);
#3898=ELLIPSE('',#3897,0.424264069,0.3);
#3899=EDGE_CURVE('',#2069,#1548,#3898,.T.);
#3900=ORIENTED_EDGE('',*,*,#3899,.F.);
#3901=ORIENTED_EDGE('',*,*,#2074,.F.);
#3902=EDGE_LOOP('',(#3892,#3893,#3900,#3901));
#3903=FACE_BOUND('',#3902,.T.);
#3904=ADVANCED_FACE('',(#3903),#3891,.T.);
#3905=CARTESIAN_POINT('',(-3.1,-30.3,90.36));
#3906=DIRECTION('',(0.,0.,-1.));
#3907=DIRECTION('',(1.,0.,0.));
#3908=AXIS2_PLACEMENT_3D('',#3905,#3906,#3907);
#3909=CYLINDRICAL_SURFACE('',#3908,0.3);
#3910=ORIENTED_EDGE('',*,*,#3881,.T.);
#3911=ORIENTED_EDGE('',*,*,#2082,.F.);
#3912=ORIENTED_EDGE('',*,*,#3899,.T.);
#3913=ORIENTED_EDGE('',*,*,#1553,.F.);
#3914=EDGE_LOOP('',(#3910,#3911,#3912,#3913));
#3915=FACE_BOUND('',#3914,.T.);
#3916=ADVANCED_FACE('',(#3915),#3909,.T.);
#3917=CARTESIAN_POINT('',(3.1,-30.3,90.36));
#3918=DIRECTION('',(0.,-0.,1.));
#3919=DIRECTION('',(-1.,0.,0.));
#3920=AXIS2_PLACEMENT_3D('',#3917,#3918,#3919);
#3921=CYLINDRICAL_SURFACE('',#3920,0.3);
#3922=CARTESIAN_POINT('',(3.1,-30.3,90.66));
#3923=DIRECTION('',(-0.707106781,0.,-0.707106781));
#3924=DIRECTION('',(0.707106781,0.,-0.707106781));
#3925=AXIS2_PLACEMENT_3D('',#3922,#3923,#3924);
#3926=ELLIPSE('',#3925,0.424264069,0.3);
#3927=EDGE_CURVE('',#1943,#1768,#3926,.T.);
#3928=ORIENTED_EDGE('',*,*,#3927,.F.);
#3929=ORIENTED_EDGE('',*,*,#1972,.F.);
#3930=CARTESIAN_POINT('',(3.1,-30.3,90.86));
#3931=DIRECTION('',(-0.707106781,-0.,0.707106781));
#3932=DIRECTION('',(0.707106781,-0.,0.707106781));
#3933=AXIS2_PLACEMENT_3D('',#3930,#3931,#3932);
#3934=ELLIPSE('',#3933,0.424264069,0.3);
#3935=EDGE_CURVE('',#1776,#1961,#3934,.T.);
#3936=ORIENTED_EDGE('',*,*,#3935,.F.);
#3937=ORIENTED_EDGE('',*,*,#1781,.F.);
#3938=EDGE_LOOP('',(#3928,#3929,#3936,#3937));
#3939=FACE_BOUND('',#3938,.T.);
#3940=ADVANCED_FACE('',(#3939),#3921,.T.);
#3941=CARTESIAN_POINT('',(3.,-30.3,90.86));
#3942=DIRECTION('',(-1.,0.,0.));
#3943=DIRECTION('',(0.,0.,-1.));
#3944=AXIS2_PLACEMENT_3D('',#3941,#3942,#3943);
#3945=CYLINDRICAL_SURFACE('',#3944,0.3);
#3946=ORIENTED_EDGE('',*,*,#3935,.T.);
#3947=ORIENTED_EDGE('',*,*,#1966,.F.);
#3948=CARTESIAN_POINT('',(2.9,-30.3,90.86));
#3949=DIRECTION('',(-0.707106781,0.,-0.707106781));
#3950=DIRECTION('',(-0.707106781,-0.,0.707106781));
#3951=AXIS2_PLACEMENT_3D('',#3948,#3949,#3950);
#3952=ELLIPSE('',#3951,0.424264069,0.3);
#3953=EDGE_CURVE('',#1848,#1953,#3952,.T.);
#3954=ORIENTED_EDGE('',*,*,#3953,.F.);
#3955=ORIENTED_EDGE('',*,*,#1925,.F.);
#3956=EDGE_LOOP('',(#3946,#3947,#3954,#3955));
#3957=FACE_BOUND('',#3956,.T.);
#3958=ADVANCED_FACE('',(#3957),#3945,.T.);
#3959=CARTESIAN_POINT('',(0.,-30.3,90.66));
#3960=DIRECTION('',(1.,0.,0.));
#3961=DIRECTION('',(0.,-0.,1.));
#3962=AXIS2_PLACEMENT_3D('',#3959,#3960,#3961);
#3963=CYLINDRICAL_SURFACE('',#3962,0.3);
#3964=ORIENTED_EDGE('',*,*,#3927,.T.);
#3965=ORIENTED_EDGE('',*,*,#1903,.F.);
#3966=CARTESIAN_POINT('',(2.9,-30.3,90.66));
#3967=DIRECTION('',(-0.707106781,-0.,0.707106781));
#3968=DIRECTION('',(0.707106781,-0.,0.707106781));
#3969=AXIS2_PLACEMENT_3D('',#3966,#3967,#3968);
#3970=ELLIPSE('',#3969,0.424264069,0.3);
#3971=EDGE_CURVE('',#1945,#1858,#3970,.T.);
#3972=ORIENTED_EDGE('',*,*,#3971,.F.);
#3973=ORIENTED_EDGE('',*,*,#1950,.F.);
#3974=EDGE_LOOP('',(#3964,#3965,#3972,#3973));
#3975=FACE_BOUND('',#3974,.T.);
#3976=ADVANCED_FACE('',(#3975),#3963,.T.);
#3977=CARTESIAN_POINT('',(2.9,-30.3,90.36));
#3978=DIRECTION('',(0.,0.,-1.));
#3979=DIRECTION('',(1.,0.,0.));
#3980=AXIS2_PLACEMENT_3D('',#3977,#3978,#3979);
#3981=CYLINDRICAL_SURFACE('',#3980,0.3);
#3982=ORIENTED_EDGE('',*,*,#3953,.T.);
#3983=ORIENTED_EDGE('',*,*,#1958,.F.);
#3984=ORIENTED_EDGE('',*,*,#3971,.T.);
#3985=ORIENTED_EDGE('',*,*,#1863,.F.);
#3986=EDGE_LOOP('',(#3982,#3983,#3984,#3985));
#3987=FACE_BOUND('',#3986,.T.);
#3988=ADVANCED_FACE('',(#3987),#3981,.T.);
#3989=CARTESIAN_POINT('',(0.1,-30.3,90.36));
#3990=DIRECTION('',(0.,-0.,1.));
#3991=DIRECTION('',(-1.,0.,0.));
#3992=AXIS2_PLACEMENT_3D('',#3989,#3990,#3991);
#3993=CYLINDRICAL_SURFACE('',#3992,0.3);
#3994=CARTESIAN_POINT('',(0.1,-30.3,90.66));
#3995=DIRECTION('',(-0.707106781,0.,-0.707106781));
#3996=DIRECTION('',(0.707106781,0.,-0.707106781));
#3997=AXIS2_PLACEMENT_3D('',#3994,#3995,#3996);
#3998=ELLIPSE('',#3997,0.424264069,0.3);
#3999=EDGE_CURVE('',#2005,#1613,#3998,.T.);
#4000=ORIENTED_EDGE('',*,*,#3999,.F.);
#4001=ORIENTED_EDGE('',*,*,#2034,.F.);
#4002=CARTESIAN_POINT('',(0.1,-30.3,90.86));
#4003=DIRECTION('',(-0.707106781,-0.,0.707106781));
#4004=DIRECTION('',(0.707106781,-0.,0.707106781));
#4005=AXIS2_PLACEMENT_3D('',#4002,#4003,#4004);
#4006=ELLIPSE('',#4005,0.424264069,0.3);
#4007=EDGE_CURVE('',#1621,#2023,#4006,.T.);
#4008=ORIENTED_EDGE('',*,*,#4007,.F.);
#4009=ORIENTED_EDGE('',*,*,#1626,.F.);
#4010=EDGE_LOOP('',(#4000,#4001,#4008,#4009));
#4011=FACE_BOUND('',#4010,.T.);
#4012=ADVANCED_FACE('',(#4011),#3993,.T.);
#4013=CARTESIAN_POINT('',(0.,-30.3,90.86));
#4014=DIRECTION('',(-1.,0.,0.));
#4015=DIRECTION('',(0.,0.,-1.));
#4016=AXIS2_PLACEMENT_3D('',#4013,#4014,#4015);
#4017=CYLINDRICAL_SURFACE('',#4016,0.3);
#4018=ORIENTED_EDGE('',*,*,#4007,.T.);
#4019=ORIENTED_EDGE('',*,*,#2028,.F.);
#4020=CARTESIAN_POINT('',(-0.1,-30.3,90.86));
#4021=DIRECTION('',(-0.707106781,0.,-0.707106781));
#4022=DIRECTION('',(-0.707106781,-0.,0.707106781));
#4023=AXIS2_PLACEMENT_3D('',#4020,#4021,#4022);
#4024=ELLIPSE('',#4023,0.424264069,0.3);
#4025=EDGE_CURVE('',#1693,#2015,#4024,.T.);
#4026=ORIENTED_EDGE('',*,*,#4025,.F.);
#4027=ORIENTED_EDGE('',*,*,#1987,.F.);
#4028=EDGE_LOOP('',(#4018,#4019,#4026,#4027));
#4029=FACE_BOUND('',#4028,.T.);
#4030=ADVANCED_FACE('',(#4029),#4017,.T.);
#4031=CARTESIAN_POINT('',(0.,-30.3,90.66));
#4032=DIRECTION('',(1.,0.,0.));
#4033=DIRECTION('',(0.,-0.,1.));
#4034=AXIS2_PLACEMENT_3D('',#4031,#4032,#4033);
#4035=CYLINDRICAL_SURFACE('',#4034,0.3);
#4036=ORIENTED_EDGE('',*,*,#3999,.T.);
#4037=ORIENTED_EDGE('',*,*,#1748,.F.);
#4038=CARTESIAN_POINT('',(-0.1,-30.3,90.66));
#4039=DIRECTION('',(-0.707106781,-0.,0.707106781));
#4040=DIRECTION('',(0.707106781,-0.,0.707106781));
#4041=AXIS2_PLACEMENT_3D('',#4038,#4039,#4040);
#4042=ELLIPSE('',#4041,0.424264069,0.3);
#4043=EDGE_CURVE('',#2007,#1703,#4042,.T.);
#4044=ORIENTED_EDGE('',*,*,#4043,.F.);
#4045=ORIENTED_EDGE('',*,*,#2012,.F.);
#4046=EDGE_LOOP('',(#4036,#4037,#4044,#4045));
#4047=FACE_BOUND('',#4046,.T.);
#4048=ADVANCED_FACE('',(#4047),#4035,.T.);
#4049=CARTESIAN_POINT('',(-0.1,-30.3,90.36));
#4050=DIRECTION('',(0.,0.,-1.));
#4051=DIRECTION('',(1.,0.,0.));
#4052=AXIS2_PLACEMENT_3D('',#4049,#4050,#4051);
#4053=CYLINDRICAL_SURFACE('',#4052,0.3);
#4054=ORIENTED_EDGE('',*,*,#4025,.T.);
#4055=ORIENTED_EDGE('',*,*,#2020,.F.);
#4056=ORIENTED_EDGE('',*,*,#4043,.T.);
#4057=ORIENTED_EDGE('',*,*,#1708,.F.);
#4058=EDGE_LOOP('',(#4054,#4055,#4056,#4057));
#4059=FACE_BOUND('',#4058,.T.);
#4060=ADVANCED_FACE('',(#4059),#4053,.T.);
#4061=CARTESIAN_POINT('',(0.,-41.9,97.6));
#4062=DIRECTION('',(0.,-0.,1.));
#4063=DIRECTION('',(-1.,0.,0.));
#4064=AXIS2_PLACEMENT_3D('',#4061,#4062,#4063);
#4065=PLANE('',#4064);
#4066=CARTESIAN_POINT('',(2.99,-36.399999818,97.6));
#4067=VERTEX_POINT('',#4066);
#4068=CARTESIAN_POINT('',(3.010000001,-36.4,97.6));
#4069=VERTEX_POINT('',#4068);
#4070=CARTESIAN_POINT('',(2.99,-36.399999818,97.6));
#4071=CARTESIAN_POINT('',(2.98999793,-36.405282325,97.6));
#4072=CARTESIAN_POINT('',(2.994779839,-36.409994192,97.6));
#4073=CARTESIAN_POINT('',(2.999985247,-36.40999999,97.6));
#4074=CARTESIAN_POINT('',(3.005190654,-36.410005787,97.6));
#4075=CARTESIAN_POINT('',(3.009992759,-36.405227752,97.6));
#4076=CARTESIAN_POINT('',(3.009999993,-36.400011683,97.6));
#4077=CARTESIAN_POINT('',(3.010007227,-36.394795614,97.6));
#4078=CARTESIAN_POINT('',(3.005288416,-36.390008841,97.6));
#4079=CARTESIAN_POINT('',(3.000019424,-36.390000019,97.6));
#4080=CARTESIAN_POINT('',(2.994750433,-36.389991197,97.6));
#4081=CARTESIAN_POINT('',(2.990002071,-36.394714468,97.6));
#4082=CARTESIAN_POINT('',(2.99,-36.399999818,97.6));
#4083=B_SPLINE_CURVE_WITH_KNOTS('',3,(#4070,#4071,#4072,#4073,#4074,#4075,#4076,#4077,#4078,#4079,#4080,#4081,#4082),.UNSPECIFIED.,.T.,.F.,(4,3,3,3,4),(0.,0.000015613,0.000031226,0.00004684,0.000062453),.UNSPECIFIED.);
#4084=EDGE_CURVE('',#4067,#4069,#4083,.T.);
#4085=ORIENTED_EDGE('',*,*,#4084,.T.);
#4086=CARTESIAN_POINT('',(2.99,-36.399999818,97.6));
#4087=CARTESIAN_POINT('',(2.98999793,-36.405282325,97.6));
#4088=CARTESIAN_POINT('',(2.994779839,-36.409994192,97.6));
#4089=CARTESIAN_POINT('',(2.999985247,-36.40999999,97.6));
#4090=CARTESIAN_POINT('',(3.005190654,-36.410005787,97.6));
#4091=CARTESIAN_POINT('',(3.009992759,-36.405227752,97.6));
#4092=CARTESIAN_POINT('',(3.009999993,-36.400011683,97.6));
#4093=CARTESIAN_POINT('',(3.010007227,-36.394795614,97.6));
#4094=CARTESIAN_POINT('',(3.005288416,-36.390008841,97.6));
#4095=CARTESIAN_POINT('',(3.000019424,-36.390000019,97.6));
#4096=CARTESIAN_POINT('',(2.994750433,-36.389991197,97.6));
#4097=CARTESIAN_POINT('',(2.990002071,-36.394714468,97.6));
#4098=CARTESIAN_POINT('',(2.99,-36.399999818,97.6));
#4099=B_SPLINE_CURVE_WITH_KNOTS('',3,(#4086,#4087,#4088,#4089,#4090,#4091,#4092,#4093,#4094,#4095,#4096,#4097,#4098),.UNSPECIFIED.,.T.,.F.,(4,3,3,3,4),(0.,0.000015613,0.000031226,0.00004684,0.000062453),.UNSPECIFIED.);
#4100=EDGE_CURVE('',#4069,#4067,#4099,.T.);
#4101=ORIENTED_EDGE('',*,*,#4100,.T.);
#4102=EDGE_LOOP('',(#4085,#4101));
#4103=FACE_BOUND('',#4102,.T.);
#4104=ADVANCED_FACE('',(#4103),#4065,.T.);
#4105=CARTESIAN_POINT('',(0.,-41.9,97.6));
#4106=DIRECTION('',(0.,-0.,1.));
#4107=DIRECTION('',(-1.,0.,0.));
#4108=AXIS2_PLACEMENT_3D('',#4105,#4106,#4107);
#4109=PLANE('',#4108);
#4110=CARTESIAN_POINT('',(-0.01,-36.399999818,97.6));
#4111=VERTEX_POINT('',#4110);
#4112=CARTESIAN_POINT('',(0.010000001,-36.4,97.6));
#4113=VERTEX_POINT('',#4112);
#4114=CARTESIAN_POINT('',(-0.01,-36.399999818,97.6));
#4115=CARTESIAN_POINT('',(-0.01000207,-36.405282325,97.6));
#4116=CARTESIAN_POINT('',(-0.005220161,-36.409994192,97.6));
#4117=CARTESIAN_POINT('',(-0.000014753,-36.40999999,97.6));
#4118=CARTESIAN_POINT('',(0.005190654,-36.410005787,97.6));
#4119=CARTESIAN_POINT('',(0.009992759,-36.405227752,97.6));
#4120=CARTESIAN_POINT('',(0.009999993,-36.400011683,97.6));
#4121=CARTESIAN_POINT('',(0.010007227,-36.394795614,97.6));
#4122=CARTESIAN_POINT('',(0.005288416,-36.390008841,97.6));
#4123=CARTESIAN_POINT('',(0.000019424,-36.390000019,97.6));
#4124=CARTESIAN_POINT('',(-0.005249567,-36.389991197,97.6));
#4125=CARTESIAN_POINT('',(-0.009997929,-36.394714468,97.6));
#4126=CARTESIAN_POINT('',(-0.01,-36.399999818,97.6));
#4127=B_SPLINE_CURVE_WITH_KNOTS('',3,(#4114,#4115,#4116,#4117,#4118,#4119,#4120,#4121,#4122,#4123,#4124,#4125,#4126),.UNSPECIFIED.,.T.,.F.,(4,3,3,3,4),(0.,0.000015613,0.000031226,0.00004684,0.000062453),.UNSPECIFIED.);
#4128=EDGE_CURVE('',#4111,#4113,#4127,.T.);
#4129=ORIENTED_EDGE('',*,*,#4128,.T.);
#4130=CARTESIAN_POINT('',(-0.01,-36.399999818,97.6));
#4131=CARTESIAN_POINT('',(-0.01000207,-36.405282325,97.6));
#4132=CARTESIAN_POINT('',(-0.005220161,-36.409994192,97.6));
#4133=CARTESIAN_POINT('',(-0.000014753,-36.40999999,97.6));
#4134=CARTESIAN_POINT('',(0.005190654,-36.410005787,97.6));
#4135=CARTESIAN_POINT('',(0.009992759,-36.405227752,97.6));
#4136=CARTESIAN_POINT('',(0.009999993,-36.400011683,97.6));
#4137=CARTESIAN_POINT('',(0.010007227,-36.394795614,97.6));
#4138=CARTESIAN_POINT('',(0.005288416,-36.390008841,97.6));
#4139=CARTESIAN_POINT('',(0.000019424,-36.390000019,97.6));
#4140=CARTESIAN_POINT('',(-0.005249567,-36.389991197,97.6));
#4141=CARTESIAN_POINT('',(-0.009997929,-36.394714468,97.6));
#4142=CARTESIAN_POINT('',(-0.01,-36.399999818,97.6));
#4143=B_SPLINE_CURVE_WITH_KNOTS('',3,(#4130,#4131,#4132,#4133,#4134,#4135,#4136,#4137,#4138,#4139,#4140,#4141,#4142),.UNSPECIFIED.,.T.,.F.,(4,3,3,3,4),(0.,0.000015613,0.000031226,0.00004684,0.000062453),.UNSPECIFIED.);
#4144=EDGE_CURVE('',#4113,#4111,#4143,.T.);
#4145=ORIENTED_EDGE('',*,*,#4144,.T.);
#4146=EDGE_LOOP('',(#4129,#4145));
#4147=FACE_BOUND('',#4146,.T.);
#4148=ADVANCED_FACE('',(#4147),#4109,.T.);
#4149=CARTESIAN_POINT('',(0.,-41.9,97.6));
#4150=DIRECTION('',(0.,-0.,1.));
#4151=DIRECTION('',(-1.,0.,0.));
#4152=AXIS2_PLACEMENT_3D('',#4149,#4150,#4151);
#4153=PLANE('',#4152);
#4154=CARTESIAN_POINT('',(-3.01,-36.399999818,97.6));
#4155=VERTEX_POINT('',#4154);
#4156=CARTESIAN_POINT('',(-2.989999999,-36.4,97.6));
#4157=VERTEX_POINT('',#4156);
#4158=CARTESIAN_POINT('',(-3.01,-36.399999818,97.6));
#4159=CARTESIAN_POINT('',(-3.01000207,-36.405282325,97.6));
#4160=CARTESIAN_POINT('',(-3.005220161,-36.409994192,97.6));
#4161=CARTESIAN_POINT('',(-3.000014753,-36.40999999,97.6));
#4162=CARTESIAN_POINT('',(-2.994809346,-36.410005787,97.6));
#4163=CARTESIAN_POINT('',(-2.990007241,-36.405227752,97.6));
#4164=CARTESIAN_POINT('',(-2.990000007,-36.400011683,97.6));
#4165=CARTESIAN_POINT('',(-2.989992773,-36.394795614,97.6));
#4166=CARTESIAN_POINT('',(-2.994711584,-36.390008841,97.6));
#4167=CARTESIAN_POINT('',(-2.999980576,-36.390000019,97.6));
#4168=CARTESIAN_POINT('',(-3.005249567,-36.389991197,97.6));
#4169=CARTESIAN_POINT('',(-3.009997929,-36.394714468,97.6));
#4170=CARTESIAN_POINT('',(-3.01,-36.399999818,97.6));
#4171=B_SPLINE_CURVE_WITH_KNOTS('',3,(#4158,#4159,#4160,#4161,#4162,#4163,#4164,#4165,#4166,#4167,#4168,#4169,#4170),.UNSPECIFIED.,.T.,.F.,(4,3,3,3,4),(0.,0.000015613,0.000031226,0.00004684,0.000062453),.UNSPECIFIED.);
#4172=EDGE_CURVE('',#4155,#4157,#4171,.T.);
#4173=ORIENTED_EDGE('',*,*,#4172,.T.);
#4174=CARTESIAN_POINT('',(-3.01,-36.399999818,97.6));
#4175=CARTESIAN_POINT('',(-3.01000207,-36.405282325,97.6));
#4176=CARTESIAN_POINT('',(-3.005220161,-36.409994192,97.6));
#4177=CARTESIAN_POINT('',(-3.000014753,-36.40999999,97.6));
#4178=CARTESIAN_POINT('',(-2.994809346,-36.410005787,97.6));
#4179=CARTESIAN_POINT('',(-2.990007241,-36.405227752,97.6));
#4180=CARTESIAN_POINT('',(-2.990000007,-36.400011683,97.6));
#4181=CARTESIAN_POINT('',(-2.989992773,-36.394795614,97.6));
#4182=CARTESIAN_POINT('',(-2.994711584,-36.390008841,97.6));
#4183=CARTESIAN_POINT('',(-2.999980576,-36.390000019,97.6));
#4184=CARTESIAN_POINT('',(-3.005249567,-36.389991197,97.6));
#4185=CARTESIAN_POINT('',(-3.009997929,-36.394714468,97.6));
#4186=CARTESIAN_POINT('',(-3.01,-36.399999818,97.6));
#4187=B_SPLINE_CURVE_WITH_KNOTS('',3,(#4174,#4175,#4176,#4177,#4178,#4179,#4180,#4181,#4182,#4183,#4184,#4185,#4186),.UNSPECIFIED.,.T.,.F.,(4,3,3,3,4),(0.,0.000015613,0.000031226,0.00004684,0.000062453),.UNSPECIFIED.);
#4188=EDGE_CURVE('',#4157,#4155,#4187,.T.);
#4189=ORIENTED_EDGE('',*,*,#4188,.T.);
#4190=EDGE_LOOP('',(#4173,#4189));
#4191=FACE_BOUND('',#4190,.T.);
#4192=ADVANCED_FACE('',(#4191),#4153,.T.);
#4193=CARTESIAN_POINT('',(3.01,-36.4,97.6));
#4194=CARTESIAN_POINT('',(3.009999998,-36.397381519,97.6));
#4195=CARTESIAN_POINT('',(3.008925816,-36.394784392,97.6));
#4196=CARTESIAN_POINT('',(3.005219032,-36.391076185,97.6));
#4197=CARTESIAN_POINT('',(3.002621622,-36.390000252,97.6));
#4198=CARTESIAN_POINT('',(2.997380283,-36.389999748,97.6));
#4199=CARTESIAN_POINT('',(2.994779195,-36.391078753,97.6));
#4200=CARTESIAN_POINT('',(2.991078984,-36.394778797,97.6));
#4201=CARTESIAN_POINT('',(2.990001025,-36.397381176,97.6));
#4202=CARTESIAN_POINT('',(2.989998976,-36.402610983,97.6));
#4203=CARTESIAN_POINT('',(2.991071121,-36.405211099,97.6));
#4204=CARTESIAN_POINT('',(2.994778526,-36.408922816,97.6));
#4205=CARTESIAN_POINT('',(2.997376718,-36.409998341,97.6));
#4206=CARTESIAN_POINT('',(3.002610631,-36.410001655,97.6));
#4207=CARTESIAN_POINT('',(3.005218297,-36.408922684,97.6));
#4208=CARTESIAN_POINT('',(3.008919426,-36.405223862,97.6));
#4209=CARTESIAN_POINT('',(3.010000002,-36.402618481,97.6));
#4210=CARTESIAN_POINT('',(3.01,-36.4,97.6));
#4211=CARTESIAN_POINT('',(3.25,-36.4,97.36));
#4212=CARTESIAN_POINT('',(3.25,-36.334537986,97.36));
#4213=CARTESIAN_POINT('',(3.22314541,-36.269609803,97.36));
#4214=CARTESIAN_POINT('',(3.130475785,-36.176904623,97.36));
#4215=CARTESIAN_POINT('',(3.065540549,-36.150006243,97.36));
#4216=CARTESIAN_POINT('',(2.934507087,-36.149993759,97.36));
#4217=CARTESIAN_POINT('',(2.869479858,-36.176968811,97.36));
#4218=CARTESIAN_POINT('',(2.776974621,-36.26946993,97.36));
#4219=CARTESIAN_POINT('',(2.750025651,-36.334529391,97.36));
#4220=CARTESIAN_POINT('',(2.749974388,-36.465274567,97.36));
#4221=CARTESIAN_POINT('',(2.776778033,-36.530277467,97.36));
#4222=CARTESIAN_POINT('',(2.869463162,-36.62307039,97.36));
#4223=CARTESIAN_POINT('',(2.934417961,-36.649958566,97.36));
#4224=CARTESIAN_POINT('',(3.065265765,-36.650041334,97.36));
#4225=CARTESIAN_POINT('',(3.130457429,-36.62306709,97.36));
#4226=CARTESIAN_POINT('',(3.222985657,-36.53059657,97.36));
#4227=CARTESIAN_POINT('',(3.25,-36.465462014,97.36));
#4228=CARTESIAN_POINT('',(3.25,-36.4,97.36));
#4229=B_SPLINE_SURFACE_WITH_KNOTS('',1,3,((#4193,#4194,#4195,#4196,#4197,#4198,#4199,#4200,#4201,#4202,#4203,#4204,#4205,#4206,#4207,#4208,#4209,#4210),(#4211,#4212,#4213,#4214,#4215,#4216,#4217,#4218,#4219,#4220,#4221,#4222,#4223,#4224,#4225,#4226,#4227,#4228)),.UNSPECIFIED.,.F.,.T.,.U.,(2,2),(4,2,2,2,2,2,2,2,4),(0.52,1.),(-0.500110367,-0.375110367,-0.250110367,-0.125110367,-0.000110367,0.124889633,0.249889633,0.374889633,0.499889633),.UNSPECIFIED.);
#4230=CARTESIAN_POINT('',(3.25,-36.4,97.36));
#4231=CARTESIAN_POINT('',(3.010000001,-36.4,97.599999999));
#4232=B_SPLINE_CURVE_WITH_KNOTS('',1,(#4230,#4231),.UNSPECIFIED.,.F.,.F.,(2,2),(0.,0.479999999),.UNSPECIFIED.);
#4233=EDGE_CURVE('',#1012,#4069,#4232,.T.);
#4234=ORIENTED_EDGE('',*,*,#4233,.T.);
#4235=ORIENTED_EDGE('',*,*,#4084,.F.);
#4236=ORIENTED_EDGE('',*,*,#4100,.F.);
#4237=ORIENTED_EDGE('',*,*,#4233,.F.);
#4238=ORIENTED_EDGE('',*,*,#1041,.T.);
#4239=ORIENTED_EDGE('',*,*,#1069,.T.);
#4240=EDGE_LOOP('',(#4234,#4235,#4236,#4237,#4238,#4239));
#4241=FACE_BOUND('',#4240,.T.);
#4242=ADVANCED_FACE('',(#4241),#4229,.T.);
#4243=CARTESIAN_POINT('',(-2.99,-36.4,97.6));
#4244=CARTESIAN_POINT('',(-2.990000002,-36.397381519,97.6));
#4245=CARTESIAN_POINT('',(-2.991074184,-36.394784392,97.6));
#4246=CARTESIAN_POINT('',(-2.994780968,-36.391076185,97.6));
#4247=CARTESIAN_POINT('',(-2.997378378,-36.390000252,97.6));
#4248=CARTESIAN_POINT('',(-3.002619717,-36.389999748,97.6));
#4249=CARTESIAN_POINT('',(-3.005220805,-36.391078753,97.6));
#4250=CARTESIAN_POINT('',(-3.008921016,-36.394778797,97.6));
#4251=CARTESIAN_POINT('',(-3.009998975,-36.397381176,97.6));
#4252=CARTESIAN_POINT('',(-3.010001024,-36.402610983,97.6));
#4253=CARTESIAN_POINT('',(-3.008928879,-36.405211099,97.6));
#4254=CARTESIAN_POINT('',(-3.005221474,-36.408922816,97.6));
#4255=CARTESIAN_POINT('',(-3.002623282,-36.409998341,97.6));
#4256=CARTESIAN_POINT('',(-2.997389369,-36.410001655,97.6));
#4257=CARTESIAN_POINT('',(-2.994781703,-36.408922684,97.6));
#4258=CARTESIAN_POINT('',(-2.991080574,-36.405223862,97.6));
#4259=CARTESIAN_POINT('',(-2.989999998,-36.402618481,97.6));
#4260=CARTESIAN_POINT('',(-2.99,-36.4,97.6));
#4261=CARTESIAN_POINT('',(-2.75,-36.4,97.36));
#4262=CARTESIAN_POINT('',(-2.75,-36.334537986,97.36));
#4263=CARTESIAN_POINT('',(-2.77685459,-36.269609803,97.36));
#4264=CARTESIAN_POINT('',(-2.869524215,-36.176904623,97.36));
#4265=CARTESIAN_POINT('',(-2.934459451,-36.150006243,97.36));
#4266=CARTESIAN_POINT('',(-3.065492913,-36.149993759,97.36));
#4267=CARTESIAN_POINT('',(-3.130520142,-36.176968811,97.36));
#4268=CARTESIAN_POINT('',(-3.223025379,-36.26946993,97.36));
#4269=CARTESIAN_POINT('',(-3.249974349,-36.334529391,97.36));
#4270=CARTESIAN_POINT('',(-3.250025612,-36.465274567,97.36));
#4271=CARTESIAN_POINT('',(-3.223221967,-36.530277467,97.36));
#4272=CARTESIAN_POINT('',(-3.130536838,-36.62307039,97.36));
#4273=CARTESIAN_POINT('',(-3.065582039,-36.649958566,97.36));
#4274=CARTESIAN_POINT('',(-2.934734235,-36.650041334,97.36));
#4275=CARTESIAN_POINT('',(-2.869542571,-36.62306709,97.36));
#4276=CARTESIAN_POINT('',(-2.777014343,-36.53059657,97.36));
#4277=CARTESIAN_POINT('',(-2.75,-36.465462014,97.36));
#4278=CARTESIAN_POINT('',(-2.75,-36.4,97.36));
#4279=B_SPLINE_SURFACE_WITH_KNOTS('',1,3,((#4243,#4244,#4245,#4246,#4247,#4248,#4249,#4250,#4251,#4252,#4253,#4254,#4255,#4256,#4257,#4258,#4259,#4260),(#4261,#4262,#4263,#4264,#4265,#4266,#4267,#4268,#4269,#4270,#4271,#4272,#4273,#4274,#4275,#4276,#4277,#4278)),.UNSPECIFIED.,.F.,.T.,.U.,(2,2),(4,2,2,2,2,2,2,2,4),(0.52,1.),(-0.500110367,-0.375110367,-0.250110367,-0.125110367,-0.000110367,0.124889633,0.249889633,0.374889633,0.499889633),.UNSPECIFIED.);
#4280=CARTESIAN_POINT('',(-2.75,-36.4,97.36));
#4281=CARTESIAN_POINT('',(-2.989999999,-36.4,97.599999999));
#4282=B_SPLINE_CURVE_WITH_KNOTS('',1,(#4280,#4281),.UNSPECIFIED.,.F.,.F.,(2,2),(0.,0.479999999),.UNSPECIFIED.);
#4283=EDGE_CURVE('',#888,#4157,#4282,.T.);
#4284=ORIENTED_EDGE('',*,*,#4283,.T.);
#4285=ORIENTED_EDGE('',*,*,#4172,.F.);
#4286=ORIENTED_EDGE('',*,*,#4188,.F.);
#4287=ORIENTED_EDGE('',*,*,#4283,.F.);
#4288=ORIENTED_EDGE('',*,*,#917,.T.);
#4289=ORIENTED_EDGE('',*,*,#945,.T.);
#4290=EDGE_LOOP('',(#4284,#4285,#4286,#4287,#4288,#4289));
#4291=FACE_BOUND('',#4290,.T.);
#4292=ADVANCED_FACE('',(#4291),#4279,.T.);
#4293=CARTESIAN_POINT('',(0.01,-36.4,97.6));
#4294=CARTESIAN_POINT('',(0.009999998,-36.397381519,97.6));
#4295=CARTESIAN_POINT('',(0.008925816,-36.394784392,97.6));
#4296=CARTESIAN_POINT('',(0.005219032,-36.391076185,97.6));
#4297=CARTESIAN_POINT('',(0.002621622,-36.390000252,97.6));
#4298=CARTESIAN_POINT('',(-0.002619717,-36.389999748,97.6));
#4299=CARTESIAN_POINT('',(-0.005220805,-36.391078753,97.6));
#4300=CARTESIAN_POINT('',(-0.008921016,-36.394778797,97.6));
#4301=CARTESIAN_POINT('',(-0.009998975,-36.397381176,97.6));
#4302=CARTESIAN_POINT('',(-0.010001024,-36.402610983,97.6));
#4303=CARTESIAN_POINT('',(-0.008928879,-36.405211099,97.6));
#4304=CARTESIAN_POINT('',(-0.005221474,-36.408922816,97.6));
#4305=CARTESIAN_POINT('',(-0.002623282,-36.409998341,97.6));
#4306=CARTESIAN_POINT('',(0.002610631,-36.410001655,97.6));
#4307=CARTESIAN_POINT('',(0.005218297,-36.408922684,97.6));
#4308=CARTESIAN_POINT('',(0.008919426,-36.405223862,97.6));
#4309=CARTESIAN_POINT('',(0.010000002,-36.402618481,97.6));
#4310=CARTESIAN_POINT('',(0.01,-36.4,97.6));
#4311=CARTESIAN_POINT('',(0.25,-36.4,97.36));
#4312=CARTESIAN_POINT('',(0.25,-36.334537986,97.36));
#4313=CARTESIAN_POINT('',(0.22314541,-36.269609803,97.36));
#4314=CARTESIAN_POINT('',(0.130475785,-36.176904623,97.36));
#4315=CARTESIAN_POINT('',(0.065540549,-36.150006243,97.36));
#4316=CARTESIAN_POINT('',(-0.065492913,-36.149993759,97.36));
#4317=CARTESIAN_POINT('',(-0.130520142,-36.176968811,97.36));
#4318=CARTESIAN_POINT('',(-0.223025379,-36.26946993,97.36));
#4319=CARTESIAN_POINT('',(-0.249974349,-36.334529391,97.36));
#4320=CARTESIAN_POINT('',(-0.250025612,-36.465274567,97.36));
#4321=CARTESIAN_POINT('',(-0.223221967,-36.530277467,97.36));
#4322=CARTESIAN_POINT('',(-0.130536838,-36.62307039,97.36));
#4323=CARTESIAN_POINT('',(-0.065582039,-36.649958566,97.36));
#4324=CARTESIAN_POINT('',(0.065265765,-36.650041334,97.36));
#4325=CARTESIAN_POINT('',(0.130457429,-36.62306709,97.36));
#4326=CARTESIAN_POINT('',(0.222985657,-36.53059657,97.36));
#4327=CARTESIAN_POINT('',(0.25,-36.465462014,97.36));
#4328=CARTESIAN_POINT('',(0.25,-36.4,97.36));
#4329=B_SPLINE_SURFACE_WITH_KNOTS('',1,3,((#4293,#4294,#4295,#4296,#4297,#4298,#4299,#4300,#4301,#4302,#4303,#4304,#4305,#4306,#4307,#4308,#4309,#4310),(#4311,#4312,#4313,#4314,#4315,#4316,#4317,#4318,#4319,#4320,#4321,#4322,#4323,#4324,#4325,#4326,#4327,#4328)),.UNSPECIFIED.,.F.,.T.,.U.,(2,2),(4,2,2,2,2,2,2,2,4),(0.52,1.),(-0.500110367,-0.375110367,-0.250110367,-0.125110367,-0.000110367,0.124889633,0.249889633,0.374889633,0.499889633),.UNSPECIFIED.);
#4330=CARTESIAN_POINT('',(0.25,-36.4,97.36));
#4331=CARTESIAN_POINT('',(0.010000001,-36.4,97.599999999));
#4332=B_SPLINE_CURVE_WITH_KNOTS('',1,(#4330,#4331),.UNSPECIFIED.,.F.,.F.,(2,2),(0.,0.479999999),.UNSPECIFIED.);
#4333=EDGE_CURVE('',#950,#4113,#4332,.T.);
#4334=ORIENTED_EDGE('',*,*,#4333,.T.);
#4335=ORIENTED_EDGE('',*,*,#4128,.F.);
#4336=ORIENTED_EDGE('',*,*,#4144,.F.);
#4337=ORIENTED_EDGE('',*,*,#4333,.F.);
#4338=ORIENTED_EDGE('',*,*,#979,.T.);
#4339=ORIENTED_EDGE('',*,*,#1007,.T.);
#4340=EDGE_LOOP('',(#4334,#4335,#4336,#4337,#4338,#4339));
#4341=FACE_BOUND('',#4340,.T.);
#4342=ADVANCED_FACE('',(#4341),#4329,.T.);
#4343=CLOSED_SHELL('',(#66,#106,#146,#211,#276,#341,#721,#761,#801,#841,#881,#1107,#1138,#1178,#1218,#1240,#1262,#1279,#1291,#1313,#1330,#1347,#1364,#1381,#1403,#1420,
#1437,#1449,#1507,#1531,#1582,#1604,#1662,#1686,#1737,#1759,#1817,#1841,#1892,#1914,#1936,#1976,#1998,#2038,#2060,#2100,#2112,#2124,#2136,#2148,#2160,
#2172,#2203,#2227,#2251,#2268,#2308,#2339,#2363,#2387,#2404,#2444,#2475,#2499,#2523,#2540,#2580,#2605,#2622,#2639,#2650,#2675,#2692,#2709,#2720,#2745,
#2762,#2779,#2790,#2815,#2832,#2849,#2860,#2891,#2915,#2939,#2956,#2996,#3027,#3051,#3075,#3092,#3132,#3156,#3174,#3192,#3204,#3228,#3246,#3264,#3276,
#3300,#3318,#3336,#3348,#3372,#3390,#3408,#3420,#3444,#3462,#3480,#3492,#3514,#3535,#3556,#3573,#3590,#3612,#3629,#3646,#3668,#3684,#3700,#3716,#3732,
#3749,#3766,#3783,#3800,#3816,#3832,#3844,#3868,#3886,#3904,#3916,#3940,#3958,#3976,#3988,#4012,#4030,#4048,#4060,#4104,#4148,#4192,#4242,#4292,#4342));
#4344=MANIFOLD_SOLID_BREP('Touchsensor',#4343);
#4345=COLOUR_RGB('',0.627451003,0.627451003,0.643137276);
#4346=FILL_AREA_STYLE_COLOUR('',#4345);
#4347=FILL_AREA_STYLE('',(#4346));
#4348=SURFACE_STYLE_FILL_AREA(#4347);
#4349=SURFACE_SIDE_STYLE('',(#4348));
#4350=SURFACE_STYLE_USAGE(.BOTH.,#4349);
#4351=PRESENTATION_STYLE_ASSIGNMENT((#4350));
#26=STYLED_ITEM('',(#4351),#4344);
#16=SHAPE_REPRESENTATION('root',(#15),#10);
#17=ADVANCED_BREP_SHAPE_REPRESENTATION('root',(#4344),#10);
#4359=SHAPE_REPRESENTATION_RELATIONSHIP('','',#16,#17);
#4360=CARTESIAN_POINT('',(0.,0.,0.));
#4361=DIRECTION('',(0.,0.,1.));
#4362=DIRECTION('',(1.,0.,0.));
#4363=AXIS2_PLACEMENT_3D('',#4360,#4361,#4362);
#4365=MAPPED_ITEM('',#4364,#4363);
#4364=REPRESENTATION_MAP(#4363,#16);
#4366=APPLICATION_CONTEXT('Managed model based 3d engineering');
#4367=APPLICATION_PROTOCOL_DEFINITION('international standard','ap242_managed_model_based_3d_engineering',2014,#4366);
#4368=PRODUCT_CONTEXT('',#4366,'mechanical');
#4369=PRODUCT_DEFINITION_CONTEXT('part definition',#4366,'design');
#24=PRODUCT('root','root','',(#4368));
#4370=PRODUCT_RELATED_PRODUCT_CATEGORY('part','',(#24));
#4371=PRODUCT_DEFINITION_FORMATION_WITH_SPECIFIED_SOURCE('','',#24,.NOT_KNOWN.);
#25=PRODUCT_DEFINITION('design','',#4371,#4369);
#23=PRODUCT_DEFINITION_SHAPE('','',#25);
#4372=SHAPE_DEFINITION_REPRESENTATION(#23,#16);
#11=DRAUGHTING_MODEL('',(#4365),#10);
#4373=DESCRIPTIVE_REPRESENTATION_ITEM('KEY','/Users/colinostermann/Library/Containers/com.shapr3d.shapr/Data/tmp/691B5FCD-5B9E-407E-9B76-A838A00DA0D2.tmp');
#4374=PROPERTY_DEFINITION('KEY','',#25);
#4375=REPRESENTATION('',(#4373),#10);
#4376=PROPERTY_DEFINITION_REPRESENTATION(#4374,#4375);
#4377=GENERAL_PROPERTY('','KEY','');
#4378=GENERAL_PROPERTY_ASSOCIATION('','',#4377,#4374);
#1=MECHANICAL_DESIGN_GEOMETRIC_PRESENTATION_REPRESENTATION('',(#26),#10);
ENDSEC;
END-ISO-10303-21;
