ISO-10303-21;
HEADER;

/* File generated by Shapr3D Version 26.100.0.11031 */

FILE_DESCRIPTION(('HOOPS Exchange Step'),'2;1');

FILE_NAME('/Users/colinostermann/Library/Containers/com.shapr3d.shapr/Data/tmp/export/temp_export',
'2026-07-13T01:09:10-22:00',
('colinostermann'),
('Shapr3D Limited'),
'HOOPS Exchange 2026.3',
'Shapr3D',
'Authorized');

FILE_SCHEMA( ('AP242_MANAGED_MODEL_BASED_3D_ENGINEERING_MIM_LF {1 0 10303 442 1 1 4}') );

ENDSEC;

DATA;
#3=(NAMED_UNIT(*)PLANE_ANGLE_UNIT()SI_UNIT($,.RADIAN.));
#4=PLANE_ANGLE_MEASURE_WITH_UNIT(PLANE_ANGLE_MEASURE(0.0174532925),#3);
#5=(CONVERSION_BASED_UNIT('DEGREE',#4)NAMED_UNIT(#6)PLANE_ANGLE_UNIT());
#6=DIMENSIONAL_EXPONENTS(0.,0.,0.,0.,0.,0.,0.);
#7=(NAMED_UNIT(*)SI_UNIT($,.STERADIAN.)SOLID_ANGLE_UNIT());
#8=(LENGTH_UNIT()NAMED_UNIT(*)SI_UNIT(.MILLI.,.METRE.));
#9=UNCERTAINTY_MEASURE_WITH_UNIT(LENGTH_MEASURE(1.000000E-05),#8,'DISTANCE_ACCURACY_VALUE','Maximum Tolerance applied to model');
#10=(GEOMETRIC_REPRESENTATION_CONTEXT(3)GLOBAL_UNCERTAINTY_ASSIGNED_CONTEXT((#9))GLOBAL_UNIT_ASSIGNED_CONTEXT((#8,#5,#7))REPRESENTATION_CONTEXT('','root'));
#12=CARTESIAN_POINT('',(0.,0.,0.));
#13=DIRECTION('',(0.,0.,1.));
#14=DIRECTION('',(1.,0.,0.));
#15=AXIS2_PLACEMENT_3D('TS3D_PRODUCT_CSYS',#12,#13,#14);
#27=CARTESIAN_POINT('',(32.5,20.,22.7));
#28=CARTESIAN_POINT('',(32.500020918,21.309176118,22.7));
#29=CARTESIAN_POINT('',(32.109510654,23.271817732,22.7));
#30=CARTESIAN_POINT('',(30.867269883,25.590876827,22.7));
#31=CARTESIAN_POINT('',(29.61706504,27.11706504,22.7));
#32=CARTESIAN_POINT('',(28.090876827,28.367269883,22.7));
#33=CARTESIAN_POINT('',(25.771817732,29.609510654,22.7));
#34=CARTESIAN_POINT('',(23.809176118,30.000020918,22.7));
#35=CARTESIAN_POINT('',(22.5,30.,22.7));
#36=CARTESIAN_POINT('',(32.391314539,19.841666667,21.912920984));
#37=CARTESIAN_POINT('',(32.391334764,21.148889269,21.912920984));
#38=CARTESIAN_POINT('',(32.001407373,23.108603924,21.912920984));
#39=CARTESIAN_POINT('',(30.76102254,25.424188912,21.912920984));
#40=CARTESIAN_POINT('',(29.512686573,26.94810324,21.912920984));
#41=CARTESIAN_POINT('',(27.988772246,28.196439207,21.912920984));
#42=CARTESIAN_POINT('',(25.673187257,29.43682404,21.912920984));
#43=CARTESIAN_POINT('',(23.713472603,29.82675143,21.912920984));
#44=CARTESIAN_POINT('',(22.40625,29.826731206,21.912920984));
#45=CARTESIAN_POINT('',(32.030952029,19.604166667,20.710107024));
#46=CARTESIAN_POINT('',(32.0309708,20.882624458,20.710107024));
#47=CARTESIAN_POINT('',(31.649623828,22.799219019,20.710107024));
#48=CARTESIAN_POINT('',(30.436536574,25.063829854,20.710107024));
#49=CARTESIAN_POINT('',(29.215674754,26.554216421,20.710107024));
#50=CARTESIAN_POINT('',(27.725288187,27.775078241,20.710107024));
#51=CARTESIAN_POINT('',(25.460677353,28.988165494,20.710107024));
#52=CARTESIAN_POINT('',(23.544082791,29.369512467,20.710107024));
#53=CARTESIAN_POINT('',(22.265625,29.369493696,20.710107024));
#54=CARTESIAN_POINT('',(31.101980361,19.2875,19.279050659));
#55=CARTESIAN_POINT('',(31.101996256,20.46888969,19.279050659));
#56=CARTESIAN_POINT('',(30.74960377,22.23996861,19.279050659));
#57=CARTESIAN_POINT('',(29.628626338,24.332606812,19.279050659));
#58=CARTESIAN_POINT('',(28.50046694,25.70984194,19.279050659));
#59=CARTESIAN_POINT('',(27.123231812,26.838001338,19.279050659));
#60=CARTESIAN_POINT('',(25.03059361,27.95897877,19.279050659));
#61=CARTESIAN_POINT('',(23.25951469,28.311371256,19.279050659));
#62=CARTESIAN_POINT('',(22.078125,28.311355361,19.279050659));
#63=CARTESIAN_POINT('',(30.190535999,19.05,18.346964001));
#64=CARTESIAN_POINT('',(30.190549288,20.130478559,18.346964001));
#65=CARTESIAN_POINT('',(29.868257531,21.750279768,18.346964001));
#66=CARTESIAN_POINT('',(28.843035314,23.664144678,18.346964001));
#67=CARTESIAN_POINT('',(27.811246582,24.923746582,18.346964001));
#68=CARTESIAN_POINT('',(26.551644678,25.955535314,18.346964001));
#69=CARTESIAN_POINT('',(24.637779768,26.980757531,18.346964001));
#70=CARTESIAN_POINT('',(23.017978559,27.303049288,18.346964001));
#71=CARTESIAN_POINT('',(21.9375,27.303035999,18.346964001));
#72=CARTESIAN_POINT('',(29.092824341,18.8125,17.601144639));
#73=CARTESIAN_POINT('',(29.092834635,19.767681758,17.601144639));
#74=CARTESIAN_POINT('',(28.807917537,21.199647662,17.601144639));
#75=CARTESIAN_POINT('',(27.901589417,22.891542793,17.601144639));
#76=CARTESIAN_POINT('',(26.989458579,24.005083579,17.601144639));
#77=CARTESIAN_POINT('',(25.875917793,24.917214417,17.601144639));
#78=CARTESIAN_POINT('',(24.184022662,25.823542537,17.601144639));
#79=CARTESIAN_POINT('',(22.752056758,26.108459635,17.601144639));
#80=CARTESIAN_POINT('',(21.796875,26.108449341,17.601144639));
#81=CARTESIAN_POINT('',(27.440934643,18.495833333,16.893006304));
#82=CARTESIAN_POINT('',(27.440940548,19.259304288,16.893006304));
#83=CARTESIAN_POINT('',(27.213208627,20.403871649,16.893006304));
#84=CARTESIAN_POINT('',(26.488794154,21.756145185,16.893006304));
#85=CARTESIAN_POINT('',(25.759745301,22.646203634,16.893006304));
#86=CARTESIAN_POINT('',(24.869686852,23.375252488,16.893006304));
#87=CARTESIAN_POINT('',(23.517413316,24.099666961,16.893006304));
#88=CARTESIAN_POINT('',(22.372845955,24.327398882,16.893006304));
#89=CARTESIAN_POINT('',(21.609375,24.327392976,16.893006304));
#90=CARTESIAN_POINT('',(26.072495682,18.258333333,16.698268794));
#91=CARTESIAN_POINT('',(26.072498026,18.861064516,16.698268794));
#92=CARTESIAN_POINT('',(25.892712943,19.764662505,16.698268794));
#93=CARTESIAN_POINT('',(25.320823417,20.832183,16.698268794));
#94=CARTESIAN_POINT('',(24.745278915,21.534862249,16.698268794));
#95=CARTESIAN_POINT('',(24.042599667,22.11040675,16.698268794));
#96=CARTESIAN_POINT('',(22.975079171,22.682296276,16.698268794));
#97=CARTESIAN_POINT('',(22.071481182,22.862081359,16.698268794));
#98=CARTESIAN_POINT('',(21.46875,22.862079016,16.698268794));
#99=CARTESIAN_POINT('',(25.175,18.1,16.7));
#100=CARTESIAN_POINT('',(25.175,18.597508516,16.7));
#101=CARTESIAN_POINT('',(25.026601639,19.34336437,16.7));
#102=CARTESIAN_POINT('',(24.554557272,20.224481007,16.7));
#103=CARTESIAN_POINT('',(24.079499083,20.804499083,16.7));
#104=CARTESIAN_POINT('',(23.499481007,21.279557272,16.7));
#105=CARTESIAN_POINT('',(22.61836437,21.751601639,16.7));
#106=CARTESIAN_POINT('',(21.872508516,21.9,16.7));
#107=CARTESIAN_POINT('',(21.375,21.9,16.7));
#108=B_SPLINE_SURFACE_WITH_KNOTS('',3,3,((#27,#28,#29,#30,#31,#32,#33,#34,#35),(#36,#37,#38,#39,#40,#41,#42,#43,#44),(#45,#46,#47,#48,#49,#50,#51,#52,#53),(#54,#55,#56,#57,#58,#59,#60,#61,#62),(#63,#64,#65,#66,#67,#68,#69,#70,#71),(#72,#73,#74,#75,#76,#77,#78,#79,#80),(#81,#82,#83,#84,#85,#86,#87,#88,#89),(#90,#91,#92,#93,#94,#95,#96,#97,#98),(#99,#100,#101,#102,#103,#104,#105,#106,#107)),.UNSPECIFIED.,.F.,.F.,.U.,(4,1,1,1,1,1,4),(4,1,1,1,1,1,4),(0.,0.25,0.375,0.5,0.625,0.75,1.),(-0.,0.392699082,0.589048623,0.785398163,0.981747704,1.178097245,1.570796327),.UNSPECIFIED.);
#109=CARTESIAN_POINT('',(23.441354266,21.288773388,16.7));
#110=VERTEX_POINT('',#109);
#111=CARTESIAN_POINT('',(23.405817913,21.357556238,16.7));
#112=VERTEX_POINT('',#111);
#113=CARTESIAN_POINT('',(25.644403721,22.470540326,16.7));
#114=DIRECTION('',(0.,0.,-1.));
#115=DIRECTION('',(-1.,0.,0.));
#116=AXIS2_PLACEMENT_3D('',#113,#114,#115);
#117=CIRCLE('',#116,2.5);
#118=EDGE_CURVE('',#110,#112,#117,.T.);
#119=ORIENTED_EDGE('',*,*,#118,.F.);
#120=CARTESIAN_POINT('',(21.375,21.9,16.7));
#121=VERTEX_POINT('',#120);
#122=CARTESIAN_POINT('',(21.375,21.9,16.7));
#123=CARTESIAN_POINT('',(21.747830481,21.9,16.7));
#124=CARTESIAN_POINT('',(22.116369981,21.826743188,16.7));
#125=CARTESIAN_POINT('',(22.484055951,21.753656037,16.7));
#126=CARTESIAN_POINT('',(22.829197043,21.610742224,16.7));
#127=CARTESIAN_POINT('',(23.148833246,21.478389312,16.7));
#128=CARTESIAN_POINT('',(23.441354721,21.288772539,16.7));
#129=B_SPLINE_CURVE_WITH_KNOTS('',2,(#122,#123,#124,#125,#126,#127,#128),.UNSPECIFIED.,.F.,.F.,(3,2,2,3),(0.,0.125,0.25,0.366106039),.UNSPECIFIED.);
#130=EDGE_CURVE('',#121,#110,#129,.T.);
#131=ORIENTED_EDGE('',*,*,#130,.F.);
#132=CARTESIAN_POINT('',(22.5,30.,22.7));
#133=VERTEX_POINT('',#132);
#134=CARTESIAN_POINT('',(21.375,21.9,16.7));
#135=CARTESIAN_POINT('',(21.46875,22.862079016,16.698268794));
#136=CARTESIAN_POINT('',(21.5625,23.838954989,16.828093801));
#137=CARTESIAN_POINT('',(21.65625,24.758265769,17.107414915));
#138=CARTESIAN_POINT('',(21.703125,25.217921159,17.247075472));
#139=CARTESIAN_POINT('',(21.75,25.66318525,17.424110055));
#140=CARTESIAN_POINT('',(21.796875,26.084915072,17.636930574));
#141=CARTESIAN_POINT('',(21.84375,26.506644894,17.849751093));
#142=CARTESIAN_POINT('',(21.890625,26.904840446,18.098357547));
#143=CARTESIAN_POINT('',(21.9375,27.271991449,18.378008551));
#144=CARTESIAN_POINT('',(21.984375,27.639142453,18.657659554));
#145=CARTESIAN_POINT('',(22.03125,27.975248907,18.968355106));
#146=CARTESIAN_POINT('',(22.078125,28.275569426,19.302584928));
#147=CARTESIAN_POINT('',(22.125,28.575889945,19.63681475));
#148=CARTESIAN_POINT('',(22.171875,28.840424528,19.994578841));
#149=CARTESIAN_POINT('',(22.21875,29.067585085,20.366734231));
#150=CARTESIAN_POINT('',(22.3125,29.521906199,21.111045011));
#151=CARTESIAN_POINT('',(22.40625,29.826731206,21.912920984));
#152=CARTESIAN_POINT('',(22.5,30.,22.7));
#153=B_SPLINE_CURVE_WITH_KNOTS('',3,(#134,#135,#136,#137,#138,#139,#140,#141,#142,#143,#144,#145,#146,#147,#148,#149,#150,#151,#152),.UNSPECIFIED.,.F.,.F.,(4,3,3,3,3,3,4),(0.,0.25,0.375,0.5,0.625,0.75,1.),.UNSPECIFIED.);
#154=EDGE_CURVE('',#121,#133,#153,.T.);
#155=ORIENTED_EDGE('',*,*,#154,.T.);
#156=CARTESIAN_POINT('',(32.5,20.,22.7));
#157=VERTEX_POINT('',#156);
#158=CARTESIAN_POINT('',(22.5,20.,22.7));
#159=DIRECTION('',(-0.,-0.,1.));
#160=DIRECTION('',(-1.,0.,0.));
#161=AXIS2_PLACEMENT_3D('',#158,#159,#160);
#162=CIRCLE('',#161,10.);
#163=EDGE_CURVE('',#157,#133,#162,.T.);
#164=ORIENTED_EDGE('',*,*,#163,.F.);
#165=CARTESIAN_POINT('',(25.175,18.1,16.7));
#166=VERTEX_POINT('',#165);
#167=CARTESIAN_POINT('',(25.175,18.1,16.7));
#168=CARTESIAN_POINT('',(26.072495682,18.258333333,16.698268794));
#169=CARTESIAN_POINT('',(26.984788323,18.416666667,16.828093801));
#170=CARTESIAN_POINT('',(27.839515769,18.575,17.107414915));
#171=CARTESIAN_POINT('',(28.266879492,18.654166667,17.247075472));
#172=CARTESIAN_POINT('',(28.679851917,18.733333333,17.424110055));
#173=CARTESIAN_POINT('',(29.069290072,18.8125,17.636930574));
#174=CARTESIAN_POINT('',(29.458728227,18.891666667,17.849751093));
#175=CARTESIAN_POINT('',(29.824632113,18.970833333,18.098357547));
#176=CARTESIAN_POINT('',(30.159491449,19.05,18.378008551));
#177=CARTESIAN_POINT('',(30.494350786,19.129166667,18.657659554));
#178=CARTESIAN_POINT('',(30.798165574,19.208333333,18.968355106));
#179=CARTESIAN_POINT('',(31.066194426,19.2875,19.302584928));
#180=CARTESIAN_POINT('',(31.334223278,19.366666667,19.63681475));
#181=CARTESIAN_POINT('',(31.566466195,19.445833333,19.994578841));
#182=CARTESIAN_POINT('',(31.761335085,19.525,20.366734231));
#183=CARTESIAN_POINT('',(32.151072866,19.683333333,21.111045011));
#184=CARTESIAN_POINT('',(32.391314539,19.841666667,21.912920984));
#185=CARTESIAN_POINT('',(32.5,20.,22.7));
#186=B_SPLINE_CURVE_WITH_KNOTS('',3,(#167,#168,#169,#170,#171,#172,#173,#174,#175,#176,#177,#178,#179,#180,#181,#182,#183,#184,#185),.UNSPECIFIED.,.F.,.F.,(4,3,3,3,3,3,4),(0.,0.25,0.375,0.5,0.625,0.75,1.),.UNSPECIFIED.);
#187=EDGE_CURVE('',#166,#157,#186,.T.);
#188=ORIENTED_EDGE('',*,*,#187,.F.);
#189=CARTESIAN_POINT('',(24.514527808,20.240432611,16.7));
#190=VERTEX_POINT('',#189);
#191=CARTESIAN_POINT('',(24.514526735,20.240433152,16.7));
#192=CARTESIAN_POINT('',(24.524517282,20.225777157,16.7));
#193=CARTESIAN_POINT('',(24.534386453,20.211011107,16.7));
#194=CARTESIAN_POINT('',(24.742727594,19.899295397,16.7));
#195=CARTESIAN_POINT('',(24.885742224,19.554197043,16.7));
#196=CARTESIAN_POINT('',(25.028334919,19.210116829,16.7));
#197=CARTESIAN_POINT('',(25.101743188,18.841369981,16.7));
#198=CARTESIAN_POINT('',(25.175,18.473383935,16.7));
#199=CARTESIAN_POINT('',(25.175,18.1,16.7));
#200=B_SPLINE_CURVE_WITH_KNOTS('',2,(#191,#192,#193,#194,#195,#196,#197,#198,#199),.UNSPECIFIED.,.F.,.F.,(3,2,2,2,3),(0.619096801,0.625,0.75,0.875,1.),.UNSPECIFIED.);
#201=EDGE_CURVE('',#190,#166,#200,.T.);
#202=ORIENTED_EDGE('',*,*,#201,.F.);
#203=CARTESIAN_POINT('',(24.58283087,20.207121875,16.7));
#204=VERTEX_POINT('',#203);
#205=CARTESIAN_POINT('',(25.644403721,22.470540326,16.7));
#206=DIRECTION('',(0.,0.,-1.));
#207=DIRECTION('',(-1.,0.,0.));
#208=AXIS2_PLACEMENT_3D('',#205,#206,#207);
#209=CIRCLE('',#208,2.5);
#210=EDGE_CURVE('',#204,#190,#209,.T.);
#211=ORIENTED_EDGE('',*,*,#210,.F.);
#212=CARTESIAN_POINT('',(23.144385587,22.470540327,16.736556733));
#213=VERTEX_POINT('',#212);
#214=CARTESIAN_POINT('',(23.405817913,21.357556238,16.7));
#215=CARTESIAN_POINT('',(23.339142128,21.491663713,16.700137471));
#216=CARTESIAN_POINT('',(23.28523961,21.630069582,16.701131045));
#217=CARTESIAN_POINT('',(23.24379027,21.772647027,16.7040798));
#218=CARTESIAN_POINT('',(23.20234093,21.915224472,16.707028554));
#219=CARTESIAN_POINT('',(23.17325335,22.063546476,16.712028697));
#220=CARTESIAN_POINT('',(23.157825281,22.211836512,16.719884773));
#221=CARTESIAN_POINT('',(23.142397213,22.360126548,16.727740848));
#222=CARTESIAN_POINT('',(23.14030754,22.50809709,16.738380544));
#223=CARTESIAN_POINT('',(23.151270195,22.655703016,16.752398482));
#224=CARTESIAN_POINT('',(23.16223285,22.803308942,16.766416421));
#225=CARTESIAN_POINT('',(23.186746255,22.95187245,16.784048512));
#226=CARTESIAN_POINT('',(23.223576148,23.094714872,16.804843163));
#227=CARTESIAN_POINT('',(23.260406042,23.237557294,16.825637814));
#228=CARTESIAN_POINT('',(23.309378107,23.375599981,16.849613361));
#229=CARTESIAN_POINT('',(23.370247878,23.508911743,16.876866682));
#230=CARTESIAN_POINT('',(23.431117649,23.642223505,16.904120002));
#231=CARTESIAN_POINT('',(23.504422439,23.771125301,16.934835493));
#232=CARTESIAN_POINT('',(23.586810736,23.890509026,16.967674666));
#233=CARTESIAN_POINT('',(23.669199033,24.009892751,17.000513839));
#234=CARTESIAN_POINT('',(23.761159019,24.12108967,17.035714134));
#235=CARTESIAN_POINT('',(23.862624355,24.224182903,17.073171911));
#236=CARTESIAN_POINT('',(23.96408969,24.327276137,17.110629689));
#237=CARTESIAN_POINT('',(24.074913153,24.421730428,17.150273482));
#238=CARTESIAN_POINT('',(24.191255263,24.504836164,17.190550327));
#239=CARTESIAN_POINT('',(24.307597373,24.587941901,17.230827173));
#240=CARTESIAN_POINT('',(24.430354699,24.660673945,17.27207364));
#241=CARTESIAN_POINT('',(24.559667337,24.722949476,17.314036012));
#242=CARTESIAN_POINT('',(24.688979975,24.785225007,17.355998385));
#243=CARTESIAN_POINT('',(24.824144497,24.836440831,17.39841996));
#244=CARTESIAN_POINT('',(24.961227812,24.875383497,17.439773642));
#245=CARTESIAN_POINT('',(25.098311126,24.914326163,17.481127323));
#246=CARTESIAN_POINT('',(25.238391595,24.941554521,17.521775097));
#247=CARTESIAN_POINT('',(25.381664972,24.956695661,17.561354023));
#248=CARTESIAN_POINT('',(25.52493835,24.971836801,17.600932949));
#249=CARTESIAN_POINT('',(25.670833346,24.974545667,17.639238997));
#250=CARTESIAN_POINT('',(25.814509579,24.964746412,17.674612274));
#251=CARTESIAN_POINT('',(25.958185812,24.954947156,17.709985551));
#252=CARTESIAN_POINT('',(26.100999377,24.932838235,17.742813313));
#253=CARTESIAN_POINT('',(26.242997813,24.89781969,17.772591031));
#254=CARTESIAN_POINT('',(26.384996249,24.862801146,17.802368749));
#255=CARTESIAN_POINT('',(26.525862629,24.814585144,17.828944652));
#256=CARTESIAN_POINT('',(26.659894142,24.755005079,17.850868869));
#257=CARTESIAN_POINT('',(26.793925655,24.695425014,17.872793086));
#258=CARTESIAN_POINT('',(26.922692662,24.624175834,17.890418045));
#259=CARTESIAN_POINT('',(27.045982917,24.540703546,17.903284572));
#260=CARTESIAN_POINT('',(27.169273172,24.457231258,17.9161511));
#261=CARTESIAN_POINT('',(27.28615246,24.361750063,17.924051557));
#262=CARTESIAN_POINT('',(27.392234559,24.258021056,17.926590582));
#263=CARTESIAN_POINT('',(27.498316659,24.154292049,17.929129606));
#264=CARTESIAN_POINT('',(27.59498699,24.041443092,17.926461642));
#265=CARTESIAN_POINT('',(27.681924804,23.919163064,17.918367212));
#266=CARTESIAN_POINT('',(27.768862618,23.796883036,17.910272782));
#267=CARTESIAN_POINT('',(27.843891336,23.668034382,17.896900586));
#268=CARTESIAN_POINT('',(27.906647294,23.53461458,17.878811292));
#269=CARTESIAN_POINT('',(27.969403251,23.401194779,17.860721997));
#270=CARTESIAN_POINT('',(28.020534222,23.261566163,17.83765895));
#271=CARTESIAN_POINT('',(28.058774301,23.119242648,17.810477861));
#272=CARTESIAN_POINT('',(28.09701438,22.976919133,17.783296772));
#273=CARTESIAN_POINT('',(28.122134284,22.833625193,17.752393924));
#274=CARTESIAN_POINT('',(28.134811309,22.689332567,17.718311846));
#275=CARTESIAN_POINT('',(28.147488334,22.545039942,17.684229769));
#276=CARTESIAN_POINT('',(28.147506384,22.39846193,17.646588786));
#277=CARTESIAN_POINT('',(28.135099688,22.255055756,17.607286128));
#278=CARTESIAN_POINT('',(28.122692992,22.111649582,17.567983469));
#279=CARTESIAN_POINT('',(28.098145568,21.971001279,17.526970101));
#280=CARTESIAN_POINT('',(28.061727363,21.832930406,17.484692112));
#281=CARTESIAN_POINT('',(28.025309158,21.694859532,17.442414124));
#282=CARTESIAN_POINT('',(27.976440416,21.558454835,17.398536495));
#283=CARTESIAN_POINT('',(27.917083975,21.428943253,17.355183724));
#284=CARTESIAN_POINT('',(27.857727535,21.299431672,17.311830953));
#285=CARTESIAN_POINT('',(27.787813591,21.17588808,17.268739024));
#286=CARTESIAN_POINT('',(27.707261379,21.05823077,17.22627612));
#287=CARTESIAN_POINT('',(27.626709167,20.94057346,17.183813216));
#288=CARTESIAN_POINT('',(27.534556347,20.828010595,17.141648139));
#289=CARTESIAN_POINT('',(27.434404171,20.725290089,17.101895575));
#290=CARTESIAN_POINT('',(27.334251995,20.622569583,17.062143011));
#291=CARTESIAN_POINT('',(27.225790076,20.528881464,17.024525772));
#292=CARTESIAN_POINT('',(27.108835982,20.444352241,16.989269025));
#293=CARTESIAN_POINT('',(26.991881887,20.359823019,16.954012278));
#294=CARTESIAN_POINT('',(26.865007126,20.283885002,16.920831774));
#295=CARTESIAN_POINT('',(26.73353229,20.220251687,16.891360812));
#296=CARTESIAN_POINT('',(26.602057453,20.156618371,16.861889851));
#297=CARTESIAN_POINT('',(26.465697205,20.104734224,16.835926227));
#298=CARTESIAN_POINT('',(26.324391861,20.064793845,16.813413011));
#299=CARTESIAN_POINT('',(26.183086517,20.024853466,16.790899794));
#300=CARTESIAN_POINT('',(26.035259107,19.9968363,16.771715236));
#301=CARTESIAN_POINT('',(25.887706456,19.982407737,16.756471822));
#302=CARTESIAN_POINT('',(25.740153805,19.967979174,16.741228408));
#303=CARTESIAN_POINT('',(25.592248107,19.966666194,16.729733761));
#304=CARTESIAN_POINT('',(25.444044477,19.978582025,16.721286428));
#305=CARTESIAN_POINT('',(25.295840846,19.990497856,16.712839094));
#306=CARTESIAN_POINT('',(25.146443621,20.016109281,16.707458825));
#307=CARTESIAN_POINT('',(25.002455146,20.054365244,16.704314023));
#308=CARTESIAN_POINT('',(24.858466671,20.092621208,16.70116922));
#309=CARTESIAN_POINT('',(24.718560249,20.143463029,16.700140343));
#310=CARTESIAN_POINT('',(24.58283087,20.207121875,16.7));
#311=B_SPLINE_CURVE_WITH_KNOTS('',3,(#214,#215,#216,#217,#218,#219,#220,#221,#222,#223,#224,#225,#226,#227,#228,#229,#230,#231,#232,#233,#234,#235,#236,#237,#238,#239,
#240,#241,#242,#243,#244,#245,#246,#247,#248,#249,#250,#251,#252,#253,#254,#255,#256,#257,#258,#259,#260,#261,#262,#263,#264,
#265,#266,#267,#268,#269,#270,#271,#272,#273,#274,#275,#276,#277,#278,#279,#280,#281,#282,#283,#284,#285,#286,#287,#288,#289,
#290,#291,#292,#293,#294,#295,#296,#297,#298,#299,#300,#301,#302,#303,#304,#305,#306,#307,#308,#309,#310),.UNSPECIFIED.,.F.,.F.,(4,3,3,3,3,3,3,3,3,3,3,3,3,3,3,3,3,3,3,3,3,3,3,3,3,3,
3,3,3,3,3,3,4),(0.000076524,0.000521643,0.000966762,0.001411881,0.001857,0.002302119,0.002747238,0.003192357,0.003637476,0.004082595,0.004527714,0.004972833,0.005417952,0.005863071,0.00630819,0.00675331,0.007198429,0.007643548,0.008088667,0.008533786,0.008978905,0.009424024,0.009869143,0.010314262,0.010759381,0.0112045,
0.011649619,0.012094738,0.012539857,0.012984976,0.013430096,0.013875215,0.014320334),.UNSPECIFIED.);
#312=EDGE_CURVE('',#213,#204,#311,.T.);
#313=ORIENTED_EDGE('',*,*,#312,.F.);
#314=CARTESIAN_POINT('',(23.405817913,21.357556238,16.7));
#315=CARTESIAN_POINT('',(23.339142128,21.491663713,16.700137471));
#316=CARTESIAN_POINT('',(23.28523961,21.630069582,16.701131045));
#317=CARTESIAN_POINT('',(23.24379027,21.772647027,16.7040798));
#318=CARTESIAN_POINT('',(23.20234093,21.915224472,16.707028554));
#319=CARTESIAN_POINT('',(23.17325335,22.063546476,16.712028697));
#320=CARTESIAN_POINT('',(23.157825281,22.211836512,16.719884773));
#321=CARTESIAN_POINT('',(23.142397213,22.360126548,16.727740848));
#322=CARTESIAN_POINT('',(23.14030754,22.50809709,16.738380544));
#323=CARTESIAN_POINT('',(23.151270195,22.655703016,16.752398482));
#324=CARTESIAN_POINT('',(23.16223285,22.803308942,16.766416421));
#325=CARTESIAN_POINT('',(23.186746255,22.95187245,16.784048512));
#326=CARTESIAN_POINT('',(23.223576148,23.094714872,16.804843163));
#327=CARTESIAN_POINT('',(23.260406042,23.237557294,16.825637814));
#328=CARTESIAN_POINT('',(23.309378107,23.375599981,16.849613361));
#329=CARTESIAN_POINT('',(23.370247878,23.508911743,16.876866682));
#330=CARTESIAN_POINT('',(23.431117649,23.642223505,16.904120002));
#331=CARTESIAN_POINT('',(23.504422439,23.771125301,16.934835493));
#332=CARTESIAN_POINT('',(23.586810736,23.890509026,16.967674666));
#333=CARTESIAN_POINT('',(23.669199033,24.009892751,17.000513839));
#334=CARTESIAN_POINT('',(23.761159019,24.12108967,17.035714134));
#335=CARTESIAN_POINT('',(23.862624355,24.224182903,17.073171911));
#336=CARTESIAN_POINT('',(23.96408969,24.327276137,17.110629689));
#337=CARTESIAN_POINT('',(24.074913153,24.421730428,17.150273482));
#338=CARTESIAN_POINT('',(24.191255263,24.504836164,17.190550327));
#339=CARTESIAN_POINT('',(24.307597373,24.587941901,17.230827173));
#340=CARTESIAN_POINT('',(24.430354699,24.660673945,17.27207364));
#341=CARTESIAN_POINT('',(24.559667337,24.722949476,17.314036012));
#342=CARTESIAN_POINT('',(24.688979975,24.785225007,17.355998385));
#343=CARTESIAN_POINT('',(24.824144497,24.836440831,17.39841996));
#344=CARTESIAN_POINT('',(24.961227812,24.875383497,17.439773642));
#345=CARTESIAN_POINT('',(25.098311126,24.914326163,17.481127323));
#346=CARTESIAN_POINT('',(25.238391595,24.941554521,17.521775097));
#347=CARTESIAN_POINT('',(25.381664972,24.956695661,17.561354023));
#348=CARTESIAN_POINT('',(25.52493835,24.971836801,17.600932949));
#349=CARTESIAN_POINT('',(25.670833346,24.974545667,17.639238997));
#350=CARTESIAN_POINT('',(25.814509579,24.964746412,17.674612274));
#351=CARTESIAN_POINT('',(25.958185812,24.954947156,17.709985551));
#352=CARTESIAN_POINT('',(26.100999377,24.932838235,17.742813313));
#353=CARTESIAN_POINT('',(26.242997813,24.89781969,17.772591031));
#354=CARTESIAN_POINT('',(26.384996249,24.862801146,17.802368749));
#355=CARTESIAN_POINT('',(26.525862629,24.814585144,17.828944652));
#356=CARTESIAN_POINT('',(26.659894142,24.755005079,17.850868869));
#357=CARTESIAN_POINT('',(26.793925655,24.695425014,17.872793086));
#358=CARTESIAN_POINT('',(26.922692662,24.624175834,17.890418045));
#359=CARTESIAN_POINT('',(27.045982917,24.540703546,17.903284572));
#360=CARTESIAN_POINT('',(27.169273172,24.457231258,17.9161511));
#361=CARTESIAN_POINT('',(27.28615246,24.361750063,17.924051557));
#362=CARTESIAN_POINT('',(27.392234559,24.258021056,17.926590582));
#363=CARTESIAN_POINT('',(27.498316659,24.154292049,17.929129606));
#364=CARTESIAN_POINT('',(27.59498699,24.041443092,17.926461642));
#365=CARTESIAN_POINT('',(27.681924804,23.919163064,17.918367212));
#366=CARTESIAN_POINT('',(27.768862618,23.796883036,17.910272782));
#367=CARTESIAN_POINT('',(27.843891336,23.668034382,17.896900586));
#368=CARTESIAN_POINT('',(27.906647294,23.53461458,17.878811292));
#369=CARTESIAN_POINT('',(27.969403251,23.401194779,17.860721997));
#370=CARTESIAN_POINT('',(28.020534222,23.261566163,17.83765895));
#371=CARTESIAN_POINT('',(28.058774301,23.119242648,17.810477861));
#372=CARTESIAN_POINT('',(28.09701438,22.976919133,17.783296772));
#373=CARTESIAN_POINT('',(28.122134284,22.833625193,17.752393924));
#374=CARTESIAN_POINT('',(28.134811309,22.689332567,17.718311846));
#375=CARTESIAN_POINT('',(28.147488334,22.545039942,17.684229769));
#376=CARTESIAN_POINT('',(28.147506384,22.39846193,17.646588786));
#377=CARTESIAN_POINT('',(28.135099688,22.255055756,17.607286128));
#378=CARTESIAN_POINT('',(28.122692992,22.111649582,17.567983469));
#379=CARTESIAN_POINT('',(28.098145568,21.971001279,17.526970101));
#380=CARTESIAN_POINT('',(28.061727363,21.832930406,17.484692112));
#381=CARTESIAN_POINT('',(28.025309158,21.694859532,17.442414124));
#382=CARTESIAN_POINT('',(27.976440416,21.558454835,17.398536495));
#383=CARTESIAN_POINT('',(27.917083975,21.428943253,17.355183724));
#384=CARTESIAN_POINT('',(27.857727535,21.299431672,17.311830953));
#385=CARTESIAN_POINT('',(27.787813591,21.17588808,17.268739024));
#386=CARTESIAN_POINT('',(27.707261379,21.05823077,17.22627612));
#387=CARTESIAN_POINT('',(27.626709167,20.94057346,17.183813216));
#388=CARTESIAN_POINT('',(27.534556347,20.828010595,17.141648139));
#389=CARTESIAN_POINT('',(27.434404171,20.725290089,17.101895575));
#390=CARTESIAN_POINT('',(27.334251995,20.622569583,17.062143011));
#391=CARTESIAN_POINT('',(27.225790076,20.528881464,17.024525772));
#392=CARTESIAN_POINT('',(27.108835982,20.444352241,16.989269025));
#393=CARTESIAN_POINT('',(26.991881887,20.359823019,16.954012278));
#394=CARTESIAN_POINT('',(26.865007126,20.283885002,16.920831774));
#395=CARTESIAN_POINT('',(26.73353229,20.220251687,16.891360812));
#396=CARTESIAN_POINT('',(26.602057453,20.156618371,16.861889851));
#397=CARTESIAN_POINT('',(26.465697205,20.104734224,16.835926227));
#398=CARTESIAN_POINT('',(26.324391861,20.064793845,16.813413011));
#399=CARTESIAN_POINT('',(26.183086517,20.024853466,16.790899794));
#400=CARTESIAN_POINT('',(26.035259107,19.9968363,16.771715236));
#401=CARTESIAN_POINT('',(25.887706456,19.982407737,16.756471822));
#402=CARTESIAN_POINT('',(25.740153805,19.967979174,16.741228408));
#403=CARTESIAN_POINT('',(25.592248107,19.966666194,16.729733761));
#404=CARTESIAN_POINT('',(25.444044477,19.978582025,16.721286428));
#405=CARTESIAN_POINT('',(25.295840846,19.990497856,16.712839094));
#406=CARTESIAN_POINT('',(25.146443621,20.016109281,16.707458825));
#407=CARTESIAN_POINT('',(25.002455146,20.054365244,16.704314023));
#408=CARTESIAN_POINT('',(24.858466671,20.092621208,16.70116922));
#409=CARTESIAN_POINT('',(24.718560249,20.143463029,16.700140343));
#410=CARTESIAN_POINT('',(24.58283087,20.207121875,16.7));
#411=B_SPLINE_CURVE_WITH_KNOTS('',3,(#314,#315,#316,#317,#318,#319,#320,#321,#322,#323,#324,#325,#326,#327,#328,#329,#330,#331,#332,#333,#334,#335,#336,#337,#338,#339,
#340,#341,#342,#343,#344,#345,#346,#347,#348,#349,#350,#351,#352,#353,#354,#355,#356,#357,#358,#359,#360,#361,#362,#363,#364,
#365,#366,#367,#368,#369,#370,#371,#372,#373,#374,#375,#376,#377,#378,#379,#380,#381,#382,#383,#384,#385,#386,#387,#388,#389,
#390,#391,#392,#393,#394,#395,#396,#397,#398,#399,#400,#401,#402,#403,#404,#405,#406,#407,#408,#409,#410),.UNSPECIFIED.,.F.,.F.,(4,3,3,3,3,3,3,3,3,3,3,3,3,3,3,3,3,3,3,3,3,3,3,3,3,3,
3,3,3,3,3,3,4),(0.000076524,0.000521643,0.000966762,0.001411881,0.001857,0.002302119,0.002747238,0.003192357,0.003637476,0.004082595,0.004527714,0.004972833,0.005417952,0.005863071,0.00630819,0.00675331,0.007198429,0.007643548,0.008088667,0.008533786,0.008978905,0.009424024,0.009869143,0.010314262,0.010759381,0.0112045,
0.011649619,0.012094738,0.012539857,0.012984976,0.013430096,0.013875215,0.014320334),.UNSPECIFIED.);
#412=EDGE_CURVE('',#112,#213,#411,.T.);
#413=ORIENTED_EDGE('',*,*,#412,.F.);
#414=EDGE_LOOP('',(#119,#131,#155,#164,#188,#202,#211,#313,#413));
#415=FACE_BOUND('',#414,.T.);
#416=ADVANCED_FACE('',(#415),#108,.T.);
#417=CARTESIAN_POINT('',(0.,-0.9,16.7));
#418=DIRECTION('',(0.,0.,1.));
#419=DIRECTION('',(1.,0.,0.));
#420=AXIS2_PLACEMENT_3D('',#417,#418,#419);
#421=PLANE('',#420);
#422=CARTESIAN_POINT('',(1.18,-3.979999225,16.7));
#423=VERTEX_POINT('',#422);
#424=CARTESIAN_POINT('',(1.18,-2.819999225,16.7));
#425=VERTEX_POINT('',#424);
#426=CARTESIAN_POINT('',(1.18,-3.979999225,16.7));
#427=DIRECTION('',(0.,1.,0.));
#428=VECTOR('',#427,1.16);
#429=LINE('',#426,#428);
#430=EDGE_CURVE('',#423,#425,#429,.T.);
#431=ORIENTED_EDGE('',*,*,#430,.F.);
#432=CARTESIAN_POINT('',(2.34,-19.139999225,16.7));
#433=VERTEX_POINT('',#432);
#434=CARTESIAN_POINT('',(2.34,-19.139999225,16.7));
#435=CARTESIAN_POINT('',(2.340244819,-19.139939546,16.7));
#436=CARTESIAN_POINT('',(2.340247396,-19.139940631,16.7));
#437=CARTESIAN_POINT('',(2.379335938,-19.130357298,16.7));
#438=CARTESIAN_POINT('',(3.86,-18.748749225,16.7));
#439=CARTESIAN_POINT('',(3.86,-16.779999225,16.7));
#440=CARTESIAN_POINT('',(3.86,-13.659999225,16.7));
#441=CARTESIAN_POINT('',(1.5,-11.619999225,16.7));
#442=CARTESIAN_POINT('',(-1.38,-11.619999225,16.7));
#443=CARTESIAN_POINT('',(-5.3,-11.619999225,16.7));
#444=CARTESIAN_POINT('',(-7.7,-14.659999225,16.7));
#445=CARTESIAN_POINT('',(-7.7,-18.339999225,16.7));
#446=CARTESIAN_POINT('',(-7.7,-22.259999225,16.7));
#447=CARTESIAN_POINT('',(-4.26,-26.059999225,16.7));
#448=CARTESIAN_POINT('',(0.86,-26.059999225,16.7));
#449=CARTESIAN_POINT('',(7.1,-26.059999225,16.7));
#450=CARTESIAN_POINT('',(11.98,-20.939999225,16.7));
#451=CARTESIAN_POINT('',(11.98,-15.259999225,16.7));
#452=CARTESIAN_POINT('',(11.98,-8.619999225,16.7));
#453=CARTESIAN_POINT('',(6.74,-3.979999225,16.7));
#454=CARTESIAN_POINT('',(1.18,-3.979999225,16.7));
#455=B_SPLINE_CURVE_WITH_KNOTS('',3,(#434,#435,#436,#437,#438,#439,#440,#441,#442,#443,#444,#445,#446,#447,#448,#449,#450,#451,#452,#453,#454),.UNSPECIFIED.,.F.,.F.,(4,1,1,3,3,3,3,3,4),(0.,0.000805981,0.001208971,0.077374156,0.19807784,0.362368965,0.537374729,0.750663003,1.),.UNSPECIFIED.);
#456=EDGE_CURVE('',#433,#423,#455,.T.);
#457=ORIENTED_EDGE('',*,*,#456,.F.);
#458=CARTESIAN_POINT('',(2.86,-20.139999225,16.7));
#459=VERTEX_POINT('',#458);
#460=CARTESIAN_POINT('',(2.86,-20.139999225,16.7));
#461=DIRECTION('',(-0.461352737,0.887216801,0.));
#462=VECTOR('',#461,1.127120224);
#463=LINE('',#460,#462);
#464=EDGE_CURVE('',#459,#433,#463,.T.);
#465=ORIENTED_EDGE('',*,*,#464,.F.);
#466=CARTESIAN_POINT('',(1.18,-2.819999225,16.7));
#467=CARTESIAN_POINT('',(10.42,-2.819999225,16.7));
#468=CARTESIAN_POINT('',(17.02,-10.179999225,16.7));
#469=CARTESIAN_POINT('',(17.02,-18.139999225,16.7));
#470=CARTESIAN_POINT('',(17.02,-26.259999225,16.7));
#471=CARTESIAN_POINT('',(9.3,-33.179999225,16.7));
#472=CARTESIAN_POINT('',(0.42,-33.179999225,16.7));
#473=CARTESIAN_POINT('',(-9.94,-33.179999225,16.7));
#474=CARTESIAN_POINT('',(-17.02,-26.259999225,16.7));
#475=CARTESIAN_POINT('',(-17.02,-17.459999225,16.7));
#476=CARTESIAN_POINT('',(-17.02,-10.179999225,16.7));
#477=CARTESIAN_POINT('',(-10.58,-3.979999225,16.7));
#478=CARTESIAN_POINT('',(-2.42,-3.979999225,16.7));
#479=CARTESIAN_POINT('',(4.94,-3.979999225,16.7));
#480=CARTESIAN_POINT('',(8.54,-8.619999225,16.7));
#481=CARTESIAN_POINT('',(8.54,-12.419999225,16.7));
#482=CARTESIAN_POINT('',(8.54,-18.680624225,16.7));
#483=CARTESIAN_POINT('',(3.006992188,-20.103768756,16.7));
#484=CARTESIAN_POINT('',(2.860924479,-20.139777871,16.7));
#485=CARTESIAN_POINT('',(2.860914849,-20.139774785,16.7));
#486=CARTESIAN_POINT('',(2.86,-20.139999225,16.7));
#487=B_SPLINE_CURVE_WITH_KNOTS('',3,(#466,#467,#468,#469,#470,#471,#472,#473,#474,#475,#476,#477,#478,#479,#480,#481,#482,#483,#484,#485,#486),.UNSPECIFIED.,.F.,.F.,(4,3,3,3,3,3,1,1,4),(0.,0.152228486,0.307516841,0.488686588,0.638563379,0.773746367,0.996464787,0.997643191,1.),.UNSPECIFIED.);
#488=EDGE_CURVE('',#425,#459,#487,.T.);
#489=ORIENTED_EDGE('',*,*,#488,.F.);
#490=EDGE_LOOP('',(#431,#457,#465,#489));
#491=FACE_BOUND('',#490,.T.);
#492=CARTESIAN_POINT('',(25.644403721,22.470540326,16.7));
#493=DIRECTION('',(0.,0.,-1.));
#494=DIRECTION('',(-1.,0.,0.));
#495=AXIS2_PLACEMENT_3D('',#492,#493,#494);
#496=CIRCLE('',#495,2.5);
#497=EDGE_CURVE('',#190,#110,#496,.T.);
#498=ORIENTED_EDGE('',*,*,#497,.F.);
#499=ORIENTED_EDGE('',*,*,#201,.T.);
#500=CARTESIAN_POINT('',(25.175,-54.1,16.7));
#501=VERTEX_POINT('',#500);
#502=CARTESIAN_POINT('',(25.175,18.1,16.7));
#503=DIRECTION('',(-0.,-1.,-0.));
#504=VECTOR('',#503,72.2);
#505=LINE('',#502,#504);
#506=EDGE_CURVE('',#166,#501,#505,.T.);
#507=ORIENTED_EDGE('',*,*,#506,.T.);
#508=CARTESIAN_POINT('',(24.934336913,-55.430786687,16.7));
#509=VERTEX_POINT('',#508);
#510=CARTESIAN_POINT('',(25.175,-54.1,16.7));
#511=CARTESIAN_POINT('',(25.175,-54.472830481,16.7));
#512=CARTESIAN_POINT('',(25.101743188,-54.841369981,16.7));
#513=CARTESIAN_POINT('',(25.041647142,-55.143700452,16.7));
#514=CARTESIAN_POINT('',(24.934341422,-55.430788373,16.7));
#515=B_SPLINE_CURVE_WITH_KNOTS('',2,(#510,#511,#512,#513,#514),.UNSPECIFIED.,.F.,.F.,(3,2,3),(0.,0.125,0.227781482),.UNSPECIFIED.);
#516=EDGE_CURVE('',#501,#509,#515,.T.);
#517=ORIENTED_EDGE('',*,*,#516,.T.);
#518=CARTESIAN_POINT('',(20.,-56.,16.7));
#519=VERTEX_POINT('',#518);
#520=CARTESIAN_POINT('',(22.5,-56.,16.7));
#521=DIRECTION('',(0.,0.,-1.));
#522=DIRECTION('',(-1.,0.,0.));
#523=AXIS2_PLACEMENT_3D('',#520,#521,#522);
#524=CIRCLE('',#523,2.5);
#525=EDGE_CURVE('',#519,#509,#524,.T.);
#526=ORIENTED_EDGE('',*,*,#525,.F.);
#527=CARTESIAN_POINT('',(20.875192319,-57.9,16.7));
#528=VERTEX_POINT('',#527);
#529=CARTESIAN_POINT('',(22.5,-56.,16.7));
#530=DIRECTION('',(0.,0.,-1.));
#531=DIRECTION('',(-1.,0.,0.));
#532=AXIS2_PLACEMENT_3D('',#529,#530,#531);
#533=CIRCLE('',#532,2.5);
#534=EDGE_CURVE('',#528,#519,#533,.T.);
#535=ORIENTED_EDGE('',*,*,#534,.F.);
#536=CARTESIAN_POINT('',(-20.875192319,-57.9,16.7));
#537=VERTEX_POINT('',#536);
#538=CARTESIAN_POINT('',(20.875192319,-57.9,16.7));
#539=DIRECTION('',(-1.,-0.,0.));
#540=VECTOR('',#539,41.750384638);
#541=LINE('',#538,#540);
#542=EDGE_CURVE('',#528,#537,#541,.T.);
#543=ORIENTED_EDGE('',*,*,#542,.T.);
#544=CARTESIAN_POINT('',(-24.934341159,-55.430804848,16.7));
#545=VERTEX_POINT('',#544);
#546=CARTESIAN_POINT('',(-22.5,-56.,16.7));
#547=DIRECTION('',(0.,0.,-1.));
#548=DIRECTION('',(-1.,0.,0.));
#549=AXIS2_PLACEMENT_3D('',#546,#547,#548);
#550=CIRCLE('',#549,2.5);
#551=EDGE_CURVE('',#545,#537,#550,.T.);
#552=ORIENTED_EDGE('',*,*,#551,.F.);
#553=CARTESIAN_POINT('',(-25.175,-54.1,16.7));
#554=VERTEX_POINT('',#553);
#555=CARTESIAN_POINT('',(-24.934355351,-55.430810154,16.7));
#556=CARTESIAN_POINT('',(-25.041413471,-55.144420211,16.7));
#557=CARTESIAN_POINT('',(-25.101743188,-54.841369981,16.7));
#558=CARTESIAN_POINT('',(-25.175,-54.473383935,16.7));
#559=CARTESIAN_POINT('',(-25.175,-54.1,16.7));
#560=B_SPLINE_CURVE_WITH_KNOTS('',2,(#555,#556,#557,#558,#559),.UNSPECIFIED.,.F.,.F.,(3,2,3),(0.77227023,0.875,1.),.UNSPECIFIED.);
#561=EDGE_CURVE('',#545,#554,#560,.T.);
#562=ORIENTED_EDGE('',*,*,#561,.T.);
#563=CARTESIAN_POINT('',(-25.175,18.1,16.7));
#564=VERTEX_POINT('',#563);
#565=CARTESIAN_POINT('',(-25.175,-54.1,16.7));
#566=DIRECTION('',(0.,1.,0.));
#567=VECTOR('',#566,72.2);
#568=LINE('',#565,#567);
#569=EDGE_CURVE('',#554,#564,#568,.T.);
#570=ORIENTED_EDGE('',*,*,#569,.T.);
#571=CARTESIAN_POINT('',(-24.51350219,20.241944377,16.7));
#572=VERTEX_POINT('',#571);
#573=CARTESIAN_POINT('',(-25.175,18.1,16.7));
#574=CARTESIAN_POINT('',(-25.175,18.472830481,16.7));
#575=CARTESIAN_POINT('',(-25.101743188,18.841369981,16.7));
#576=CARTESIAN_POINT('',(-25.028656037,19.209055951,16.7));
#577=CARTESIAN_POINT('',(-24.885742224,19.554197043,16.7));
#578=CARTESIAN_POINT('',(-24.743250807,19.898318035,16.7));
#579=CARTESIAN_POINT('',(-24.534386453,20.211011107,16.7));
#580=CARTESIAN_POINT('',(-24.524015636,20.22653737,16.7));
#581=CARTESIAN_POINT('',(-24.513506399,20.241945535,16.7));
#582=B_SPLINE_CURVE_WITH_KNOTS('',2,(#573,#574,#575,#576,#577,#578,#579,#580,#581),.UNSPECIFIED.,.F.,.F.,(3,2,2,2,3),(0.,0.125,0.25,0.375,0.381224187),.UNSPECIFIED.);
#583=EDGE_CURVE('',#564,#572,#582,.T.);
#584=ORIENTED_EDGE('',*,*,#583,.T.);
#585=CARTESIAN_POINT('',(-23.443078658,21.287662758,16.7));
#586=VERTEX_POINT('',#585);
#587=CARTESIAN_POINT('',(-25.645222289,22.471116783,16.7));
#588=DIRECTION('',(0.,0.,-1.));
#589=DIRECTION('',(-1.,0.,0.));
#590=AXIS2_PLACEMENT_3D('',#587,#588,#589);
#591=CIRCLE('',#590,2.5);
#592=EDGE_CURVE('',#586,#572,#591,.T.);
#593=ORIENTED_EDGE('',*,*,#592,.F.);
#594=CARTESIAN_POINT('',(-21.375,21.9,16.7));
#595=VERTEX_POINT('',#594);
#596=CARTESIAN_POINT('',(-23.443081326,21.287666867,16.7));
#597=CARTESIAN_POINT('',(-23.150618744,21.477539602,16.7));
#598=CARTESIAN_POINT('',(-22.829197043,21.610742224,16.7));
#599=CARTESIAN_POINT('',(-22.485116829,21.753334919,16.7));
#600=CARTESIAN_POINT('',(-22.116369981,21.826743188,16.7));
#601=CARTESIAN_POINT('',(-21.748383935,21.9,16.7));
#602=CARTESIAN_POINT('',(-21.375,21.9,16.7));
#603=B_SPLINE_CURVE_WITH_KNOTS('',2,(#596,#597,#598,#599,#600,#601,#602),.UNSPECIFIED.,.F.,.F.,(3,2,2,3),(0.633576053,0.75,0.875,1.),.UNSPECIFIED.);
#604=EDGE_CURVE('',#586,#595,#603,.T.);
#605=ORIENTED_EDGE('',*,*,#604,.T.);
#606=CARTESIAN_POINT('',(-21.375,21.9,16.7));
#607=DIRECTION('',(1.,0.,-0.));
#608=VECTOR('',#607,42.75);
#609=LINE('',#606,#608);
#610=EDGE_CURVE('',#595,#121,#609,.T.);
#611=ORIENTED_EDGE('',*,*,#610,.T.);
#612=ORIENTED_EDGE('',*,*,#130,.T.);
#613=EDGE_LOOP('',(#498,#499,#507,#517,#526,#535,#543,#552,#562,#570,#584,#593,#605,#611,#612));
#614=FACE_BOUND('',#613,.T.);
#615=ADVANCED_FACE('',(#491,#614),#421,.F.);
#616=CARTESIAN_POINT('',(25.644403721,22.470540326,31.));
#617=DIRECTION('',(0.,0.,-1.));
#618=DIRECTION('',(-1.,0.,0.));
#619=AXIS2_PLACEMENT_3D('',#616,#617,#618);
#620=CYLINDRICAL_SURFACE('',#619,1.375);
#621=CARTESIAN_POINT('',(24.269403721,22.470540326,21.2));
#622=VERTEX_POINT('',#621);
#623=CARTESIAN_POINT('',(24.269403721,22.470540326,22.7));
#624=VERTEX_POINT('',#623);
#625=CARTESIAN_POINT('',(24.269403721,22.470540326,21.2));
#626=DIRECTION('',(-0.,-0.,1.));
#627=VECTOR('',#626,1.5);
#628=LINE('',#625,#627);
#629=EDGE_CURVE('',#622,#624,#628,.T.);
#630=ORIENTED_EDGE('',*,*,#629,.F.);
#631=CARTESIAN_POINT('',(25.644403721,22.470540326,21.2));
#632=DIRECTION('',(0.,0.,-1.));
#633=DIRECTION('',(-1.,0.,0.));
#634=AXIS2_PLACEMENT_3D('',#631,#632,#633);
#635=CIRCLE('',#634,1.375);
#636=EDGE_CURVE('',#622,#622,#635,.T.);
#637=ORIENTED_EDGE('',*,*,#636,.T.);
#638=ORIENTED_EDGE('',*,*,#629,.T.);
#639=CARTESIAN_POINT('',(27.019403721,22.470540326,22.7));
#640=VERTEX_POINT('',#639);
#641=CARTESIAN_POINT('',(25.644403721,22.470540326,22.7));
#642=DIRECTION('',(-0.,-0.,-1.));
#643=DIRECTION('',(1.,0.,-0.));
#644=AXIS2_PLACEMENT_3D('',#641,#642,#643);
#645=CIRCLE('',#644,1.375);
#646=EDGE_CURVE('',#640,#624,#645,.T.);
#647=ORIENTED_EDGE('',*,*,#646,.F.);
#648=CARTESIAN_POINT('',(25.644403721,22.470540326,22.7));
#649=DIRECTION('',(-0.,-0.,-1.));
#650=DIRECTION('',(1.,0.,-0.));
#651=AXIS2_PLACEMENT_3D('',#648,#649,#650);
#652=CIRCLE('',#651,1.375);
#653=EDGE_CURVE('',#624,#640,#652,.T.);
#654=ORIENTED_EDGE('',*,*,#653,.F.);
#655=EDGE_LOOP('',(#630,#637,#638,#647,#654));
#656=FACE_BOUND('',#655,.T.);
#657=ADVANCED_FACE('',(#656),#620,.F.);
#658=CARTESIAN_POINT('',(-22.5,30.,22.7));
#659=CARTESIAN_POINT('',(-23.809176118,30.000020918,22.7));
#660=CARTESIAN_POINT('',(-25.771817732,29.609510654,22.7));
#661=CARTESIAN_POINT('',(-28.090876827,28.367269883,22.7));
#662=CARTESIAN_POINT('',(-29.61706504,27.11706504,22.7));
#663=CARTESIAN_POINT('',(-30.867269883,25.590876827,22.7));
#664=CARTESIAN_POINT('',(-32.109510654,23.271817732,22.7));
#665=CARTESIAN_POINT('',(-32.500020918,21.309176118,22.7));
#666=CARTESIAN_POINT('',(-32.5,20.,22.7));
#667=CARTESIAN_POINT('',(-22.40625,29.826731206,21.912920984));
#668=CARTESIAN_POINT('',(-23.713472603,29.82675143,21.912920984));
#669=CARTESIAN_POINT('',(-25.673187257,29.43682404,21.912920984));
#670=CARTESIAN_POINT('',(-27.988772246,28.196439207,21.912920984));
#671=CARTESIAN_POINT('',(-29.512686573,26.94810324,21.912920984));
#672=CARTESIAN_POINT('',(-30.76102254,25.424188912,21.912920984));
#673=CARTESIAN_POINT('',(-32.001407373,23.108603924,21.912920984));
#674=CARTESIAN_POINT('',(-32.391334764,21.148889269,21.912920984));
#675=CARTESIAN_POINT('',(-32.391314539,19.841666667,21.912920984));
#676=CARTESIAN_POINT('',(-22.265625,29.369493696,20.710107024));
#677=CARTESIAN_POINT('',(-23.544082791,29.369512467,20.710107024));
#678=CARTESIAN_POINT('',(-25.460677353,28.988165494,20.710107024));
#679=CARTESIAN_POINT('',(-27.725288187,27.775078241,20.710107024));
#680=CARTESIAN_POINT('',(-29.215674754,26.554216421,20.710107024));
#681=CARTESIAN_POINT('',(-30.436536574,25.063829854,20.710107024));
#682=CARTESIAN_POINT('',(-31.649623828,22.799219019,20.710107024));
#683=CARTESIAN_POINT('',(-32.0309708,20.882624458,20.710107024));
#684=CARTESIAN_POINT('',(-32.030952029,19.604166667,20.710107024));
#685=CARTESIAN_POINT('',(-22.078125,28.311355361,19.279050659));
#686=CARTESIAN_POINT('',(-23.25951469,28.311371256,19.279050659));
#687=CARTESIAN_POINT('',(-25.03059361,27.95897877,19.279050659));
#688=CARTESIAN_POINT('',(-27.123231812,26.838001338,19.279050659));
#689=CARTESIAN_POINT('',(-28.50046694,25.70984194,19.279050659));
#690=CARTESIAN_POINT('',(-29.628626338,24.332606812,19.279050659));
#691=CARTESIAN_POINT('',(-30.74960377,22.23996861,19.279050659));
#692=CARTESIAN_POINT('',(-31.101996256,20.46888969,19.279050659));
#693=CARTESIAN_POINT('',(-31.101980361,19.2875,19.279050659));
#694=CARTESIAN_POINT('',(-21.9375,27.303035999,18.346964001));
#695=CARTESIAN_POINT('',(-23.017978559,27.303049288,18.346964001));
#696=CARTESIAN_POINT('',(-24.637779768,26.980757531,18.346964001));
#697=CARTESIAN_POINT('',(-26.551644678,25.955535314,18.346964001));
#698=CARTESIAN_POINT('',(-27.811246582,24.923746582,18.346964001));
#699=CARTESIAN_POINT('',(-28.843035314,23.664144678,18.346964001));
#700=CARTESIAN_POINT('',(-29.868257531,21.750279768,18.346964001));
#701=CARTESIAN_POINT('',(-30.190549288,20.130478559,18.346964001));
#702=CARTESIAN_POINT('',(-30.190535999,19.05,18.346964001));
#703=CARTESIAN_POINT('',(-21.796875,26.108449341,17.601144639));
#704=CARTESIAN_POINT('',(-22.752056758,26.108459635,17.601144639));
#705=CARTESIAN_POINT('',(-24.184022662,25.823542537,17.601144639));
#706=CARTESIAN_POINT('',(-25.875917793,24.917214417,17.601144639));
#707=CARTESIAN_POINT('',(-26.989458579,24.005083579,17.601144639));
#708=CARTESIAN_POINT('',(-27.901589417,22.891542793,17.601144639));
#709=CARTESIAN_POINT('',(-28.807917537,21.199647662,17.601144639));
#710=CARTESIAN_POINT('',(-29.092834635,19.767681758,17.601144639));
#711=CARTESIAN_POINT('',(-29.092824341,18.8125,17.601144639));
#712=CARTESIAN_POINT('',(-21.609375,24.327392976,16.893006304));
#713=CARTESIAN_POINT('',(-22.372845955,24.327398882,16.893006304));
#714=CARTESIAN_POINT('',(-23.517413316,24.099666961,16.893006304));
#715=CARTESIAN_POINT('',(-24.869686852,23.375252488,16.893006304));
#716=CARTESIAN_POINT('',(-25.759745301,22.646203634,16.893006304));
#717=CARTESIAN_POINT('',(-26.488794154,21.756145185,16.893006304));
#718=CARTESIAN_POINT('',(-27.213208627,20.403871649,16.893006304));
#719=CARTESIAN_POINT('',(-27.440940548,19.259304288,16.893006304));
#720=CARTESIAN_POINT('',(-27.440934643,18.495833333,16.893006304));
#721=CARTESIAN_POINT('',(-21.46875,22.862079016,16.698268794));
#722=CARTESIAN_POINT('',(-22.071481182,22.862081359,16.698268794));
#723=CARTESIAN_POINT('',(-22.975079171,22.682296276,16.698268794));
#724=CARTESIAN_POINT('',(-24.042599667,22.11040675,16.698268794));
#725=CARTESIAN_POINT('',(-24.745278915,21.534862249,16.698268794));
#726=CARTESIAN_POINT('',(-25.320823417,20.832183,16.698268794));
#727=CARTESIAN_POINT('',(-25.892712943,19.764662505,16.698268794));
#728=CARTESIAN_POINT('',(-26.072498026,18.861064516,16.698268794));
#729=CARTESIAN_POINT('',(-26.072495682,18.258333333,16.698268794));
#730=CARTESIAN_POINT('',(-21.375,21.9,16.7));
#731=CARTESIAN_POINT('',(-21.872508516,21.9,16.7));
#732=CARTESIAN_POINT('',(-22.61836437,21.751601639,16.7));
#733=CARTESIAN_POINT('',(-23.499481007,21.279557272,16.7));
#734=CARTESIAN_POINT('',(-24.079499083,20.804499083,16.7));
#735=CARTESIAN_POINT('',(-24.554557272,20.224481007,16.7));
#736=CARTESIAN_POINT('',(-25.026601639,19.34336437,16.7));
#737=CARTESIAN_POINT('',(-25.175,18.597508516,16.7));
#738=CARTESIAN_POINT('',(-25.175,18.1,16.7));
#739=B_SPLINE_SURFACE_WITH_KNOTS('',3,3,((#658,#659,#660,#661,#662,#663,#664,#665,#666),(#667,#668,#669,#670,#671,#672,#673,#674,#675),(#676,#677,#678,#679,#680,#681,#682,#683,#684),(#685,#686,#687,#688,#689,#690,#691,#692,#693),(#694,#695,#696,#697,#698,#699,#700,#701,#702),(#703,#704,#705,#706,#707,#708,#709,#710,#711),(#712,#713,#714,#715,#716,#717,#718,#719,#720),(#721,#722,#723,#724,#725,#726,#727,#728,#729),(#730,#731,#732,#733,#734,#735,#736,#737,#738)),.UNSPECIFIED.,.F.,.F.,.U.,(4,1,1,1,1,1,4),(4,1,1,1,1,1,4),(0.,0.25,0.375,0.5,0.625,0.75,1.),(1.570796327,1.963495408,2.159844949,2.35619449,2.552544031,2.748893572,3.141592654),.UNSPECIFIED.);
#740=CARTESIAN_POINT('',(-24.581920004,20.208510266,16.7));
#741=VERTEX_POINT('',#740);
#742=CARTESIAN_POINT('',(-25.645222289,22.471116783,16.7));
#743=DIRECTION('',(0.,0.,-1.));
#744=DIRECTION('',(-1.,0.,0.));
#745=AXIS2_PLACEMENT_3D('',#742,#743,#744);
#746=CIRCLE('',#745,2.5);
#747=EDGE_CURVE('',#572,#741,#746,.T.);
#748=ORIENTED_EDGE('',*,*,#747,.F.);
#749=ORIENTED_EDGE('',*,*,#583,.F.);
#750=CARTESIAN_POINT('',(-32.5,20.,22.7));
#751=VERTEX_POINT('',#750);
#752=CARTESIAN_POINT('',(-32.5,20.,22.7));
#753=CARTESIAN_POINT('',(-32.391314539,19.841666667,21.912920984));
#754=CARTESIAN_POINT('',(-32.151072866,19.683333333,21.111045011));
#755=CARTESIAN_POINT('',(-31.761335085,19.525,20.366734231));
#756=CARTESIAN_POINT('',(-31.566466195,19.445833333,19.994578841));
#757=CARTESIAN_POINT('',(-31.334223278,19.366666667,19.63681475));
#758=CARTESIAN_POINT('',(-31.066194426,19.2875,19.302584928));
#759=CARTESIAN_POINT('',(-30.798165574,19.208333333,18.968355106));
#760=CARTESIAN_POINT('',(-30.494350786,19.129166667,18.657659554));
#761=CARTESIAN_POINT('',(-30.159491449,19.05,18.378008551));
#762=CARTESIAN_POINT('',(-29.824632113,18.970833333,18.098357547));
#763=CARTESIAN_POINT('',(-29.458728227,18.891666667,17.849751093));
#764=CARTESIAN_POINT('',(-29.069290072,18.8125,17.636930574));
#765=CARTESIAN_POINT('',(-28.679851917,18.733333333,17.424110055));
#766=CARTESIAN_POINT('',(-28.266879492,18.654166667,17.247075472));
#767=CARTESIAN_POINT('',(-27.839515769,18.575,17.107414915));
#768=CARTESIAN_POINT('',(-26.984788323,18.416666667,16.828093801));
#769=CARTESIAN_POINT('',(-26.072495682,18.258333333,16.698268794));
#770=CARTESIAN_POINT('',(-25.175,18.1,16.7));
#771=B_SPLINE_CURVE_WITH_KNOTS('',3,(#752,#753,#754,#755,#756,#757,#758,#759,#760,#761,#762,#763,#764,#765,#766,#767,#768,#769,#770),.UNSPECIFIED.,.F.,.F.,(4,3,3,3,3,3,4),(0.,0.25,0.375,0.5,0.625,0.75,1.),.UNSPECIFIED.);
#772=EDGE_CURVE('',#751,#564,#771,.T.);
#773=ORIENTED_EDGE('',*,*,#772,.F.);
#774=CARTESIAN_POINT('',(-22.5,30.,22.7));
#775=VERTEX_POINT('',#774);
#776=CARTESIAN_POINT('',(-22.5,20.,22.7));
#777=DIRECTION('',(-0.,-0.,1.));
#778=DIRECTION('',(-1.,0.,0.));
#779=AXIS2_PLACEMENT_3D('',#776,#777,#778);
#780=CIRCLE('',#779,10.);
#781=EDGE_CURVE('',#775,#751,#780,.T.);
#782=ORIENTED_EDGE('',*,*,#781,.F.);
#783=CARTESIAN_POINT('',(-21.375,21.9,16.7));
#784=CARTESIAN_POINT('',(-21.46875,22.862079016,16.698268794));
#785=CARTESIAN_POINT('',(-21.5625,23.838954989,16.828093801));
#786=CARTESIAN_POINT('',(-21.65625,24.758265769,17.107414915));
#787=CARTESIAN_POINT('',(-21.703125,25.217921159,17.247075472));
#788=CARTESIAN_POINT('',(-21.75,25.66318525,17.424110055));
#789=CARTESIAN_POINT('',(-21.796875,26.084915072,17.636930574));
#790=CARTESIAN_POINT('',(-21.84375,26.506644894,17.849751093));
#791=CARTESIAN_POINT('',(-21.890625,26.904840446,18.098357547));
#792=CARTESIAN_POINT('',(-21.9375,27.271991449,18.378008551));
#793=CARTESIAN_POINT('',(-21.984375,27.639142453,18.657659554));
#794=CARTESIAN_POINT('',(-22.03125,27.975248907,18.968355106));
#795=CARTESIAN_POINT('',(-22.078125,28.275569426,19.302584928));
#796=CARTESIAN_POINT('',(-22.125,28.575889945,19.63681475));
#797=CARTESIAN_POINT('',(-22.171875,28.840424528,19.994578841));
#798=CARTESIAN_POINT('',(-22.21875,29.067585085,20.366734231));
#799=CARTESIAN_POINT('',(-22.3125,29.521906199,21.111045011));
#800=CARTESIAN_POINT('',(-22.40625,29.826731206,21.912920984));
#801=CARTESIAN_POINT('',(-22.5,30.,22.7));
#802=B_SPLINE_CURVE_WITH_KNOTS('',3,(#783,#784,#785,#786,#787,#788,#789,#790,#791,#792,#793,#794,#795,#796,#797,#798,#799,#800,#801),.UNSPECIFIED.,.F.,.F.,(4,3,3,3,3,3,4),(0.,0.25,0.375,0.5,0.625,0.75,1.),.UNSPECIFIED.);
#803=EDGE_CURVE('',#595,#775,#802,.T.);
#804=ORIENTED_EDGE('',*,*,#803,.F.);
#805=ORIENTED_EDGE('',*,*,#604,.F.);
#806=CARTESIAN_POINT('',(-23.407421292,21.35655557,16.7));
#807=VERTEX_POINT('',#806);
#808=CARTESIAN_POINT('',(-25.645222289,22.471116783,16.7));
#809=DIRECTION('',(0.,0.,-1.));
#810=DIRECTION('',(-1.,0.,0.));
#811=AXIS2_PLACEMENT_3D('',#808,#809,#810);
#812=CIRCLE('',#811,2.5);
#813=EDGE_CURVE('',#807,#586,#812,.T.);
#814=ORIENTED_EDGE('',*,*,#813,.F.);
#815=CARTESIAN_POINT('',(-28.145184115,22.471116783,17.664930814));
#816=VERTEX_POINT('',#815);
#817=CARTESIAN_POINT('',(-24.581920004,20.208510266,16.7));
#818=CARTESIAN_POINT('',(-24.717511491,20.144789635,16.700139947));
#819=CARTESIAN_POINT('',(-24.857117772,20.09394423,16.701163955));
#820=CARTESIAN_POINT('',(-25.000615478,20.055649528,16.704284603));
#821=CARTESIAN_POINT('',(-25.144113184,20.017354826,16.70740525));
#822=CARTESIAN_POINT('',(-25.293085073,19.991554812,16.712729303));
#823=CARTESIAN_POINT('',(-25.441680539,19.979416408,16.721168667));
#824=CARTESIAN_POINT('',(-25.590276005,19.967278005,16.729608032));
#825=CARTESIAN_POINT('',(-25.738225679,19.968470663,16.74108696));
#826=CARTESIAN_POINT('',(-25.885482174,19.982688526,16.756261375));
#827=CARTESIAN_POINT('',(-26.032738669,19.99690639,16.77143579));
#828=CARTESIAN_POINT('',(-26.180597723,20.024676946,16.790562023));
#829=CARTESIAN_POINT('',(-26.322381112,20.064572387,16.813110719));
#830=CARTESIAN_POINT('',(-26.464164502,20.104467828,16.835659415));
#831=CARTESIAN_POINT('',(-26.6008336,20.156342167,16.861654997));
#832=CARTESIAN_POINT('',(-26.732481832,20.219924502,16.891137461));
#833=CARTESIAN_POINT('',(-26.864130065,20.283506837,16.920619925));
#834=CARTESIAN_POINT('',(-26.990979336,20.359287649,16.953764015));
#835=CARTESIAN_POINT('',(-27.108163288,20.44385172,16.989065056));
#836=CARTESIAN_POINT('',(-27.22534724,20.528415791,17.024366097));
#837=CARTESIAN_POINT('',(-27.334186872,20.622290911,17.062086936));
#838=CARTESIAN_POINT('',(-27.434792193,20.725425069,17.102021485));
#839=CARTESIAN_POINT('',(-27.535397515,20.828559227,17.141956033));
#840=CARTESIAN_POINT('',(-27.627157639,20.940689637,17.183973357));
#841=CARTESIAN_POINT('',(-27.70763042,21.058150858,17.226387985));
#842=CARTESIAN_POINT('',(-27.788103201,21.17561208,17.268802614));
#843=CARTESIAN_POINT('',(-27.858204845,21.299287049,17.31197049));
#844=CARTESIAN_POINT('',(-27.91783263,21.429367177,17.355531898));
#845=CARTESIAN_POINT('',(-27.977460415,21.559447305,17.399093307));
#846=CARTESIAN_POINT('',(-28.026022885,21.695207454,17.442769228));
#847=CARTESIAN_POINT('',(-28.062352122,21.832772539,17.484914726));
#848=CARTESIAN_POINT('',(-28.098681359,21.970337624,17.527060225));
#849=CARTESIAN_POINT('',(-28.123311884,22.110785112,17.568051207));
#850=CARTESIAN_POINT('',(-28.135806754,22.254347265,17.607425487));
#851=CARTESIAN_POINT('',(-28.148301624,22.397909419,17.646799767));
#852=CARTESIAN_POINT('',(-28.148321277,22.544177993,17.68438254));
#853=CARTESIAN_POINT('',(-28.135797459,22.687993074,17.718389147));
#854=CARTESIAN_POINT('',(-28.12327364,22.831808156,17.752395753));
#855=CARTESIAN_POINT('',(-28.098394125,22.974587031,17.783234884));
#856=CARTESIAN_POINT('',(-28.060520217,23.116357762,17.810376135));
#857=CARTESIAN_POINT('',(-28.022646309,23.258128493,17.837517387));
#858=CARTESIAN_POINT('',(-27.97143472,23.398707342,17.860817315));
#859=CARTESIAN_POINT('',(-27.908938787,23.532053924,17.878965342));
#860=CARTESIAN_POINT('',(-27.846442854,23.665400506,17.89711337));
#861=CARTESIAN_POINT('',(-27.772320072,23.793144808,17.910450141));
#862=CARTESIAN_POINT('',(-27.686064175,23.915057363,17.918643561));
#863=CARTESIAN_POINT('',(-27.599808278,24.036969918,17.926836981));
#864=CARTESIAN_POINT('',(-27.501811088,24.151926066,17.929693419));
#865=CARTESIAN_POINT('',(-27.395820049,24.255887772,17.927240607));
#866=CARTESIAN_POINT('',(-27.18383797,24.463811185,17.922334985));
#867=CARTESIAN_POINT('',(-26.931628096,24.634822104,17.895666491));
#868=CARTESIAN_POINT('',(-26.663055431,24.754538709,17.851795059));
#869=CARTESIAN_POINT('',(-26.528769099,24.814397012,17.829859344));
#870=CARTESIAN_POINT('',(-26.388339948,24.86262292,17.803390813));
#871=CARTESIAN_POINT('',(-26.245921505,24.897876032,17.773540931));
#872=CARTESIAN_POINT('',(-26.103503063,24.933129143,17.74369105));
#873=CARTESIAN_POINT('',(-25.960202549,24.955404536,17.710755895));
#874=CARTESIAN_POINT('',(-25.815973168,24.965278794,17.675238823));
#875=CARTESIAN_POINT('',(-25.671743787,24.975153052,17.639721752));
#876=CARTESIAN_POINT('',(-25.525333027,24.972380065,17.601255516));
#877=CARTESIAN_POINT('',(-25.38228267,24.957250881,17.561720969));
#878=CARTESIAN_POINT('',(-25.239232314,24.942121698,17.522186423));
#879=CARTESIAN_POINT('',(-25.098998809,24.914902984,17.481484141));
#880=CARTESIAN_POINT('',(-24.961440376,24.875787716,17.439966231));
#881=CARTESIAN_POINT('',(-24.823881943,24.836672448,17.398448321));
#882=CARTESIAN_POINT('',(-24.688045596,24.785042292,17.355781556));
#883=CARTESIAN_POINT('',(-24.559271243,24.72294056,17.313969448));
#884=CARTESIAN_POINT('',(-24.43049689,24.660838829,17.272157341));
#885=CARTESIAN_POINT('',(-24.307884684,24.588197248,17.230944535));
#886=CARTESIAN_POINT('',(-24.191397515,24.504929342,17.190597016));
#887=CARTESIAN_POINT('',(-24.074910347,24.421661437,17.150249497));
#888=CARTESIAN_POINT('',(-23.963719324,24.326740457,17.110447142));
#889=CARTESIAN_POINT('',(-23.862620777,24.223923631,17.073103524));
#890=CARTESIAN_POINT('',(-23.76152223,24.121106806,17.035759906));
#891=CARTESIAN_POINT('',(-23.669757443,24.010123387,17.000618214));
#892=CARTESIAN_POINT('',(-23.587455237,23.890833219,16.967797723));
#893=CARTESIAN_POINT('',(-23.505153031,23.77154305,16.934977231));
#894=CARTESIAN_POINT('',(-23.431781149,23.642506032,16.904218747));
#895=CARTESIAN_POINT('',(-23.370931758,23.509193166,16.876958881));
#896=CARTESIAN_POINT('',(-23.310082366,23.3758803,16.849699015));
#897=CARTESIAN_POINT('',(-23.261192212,23.23797318,16.825744091));
#898=CARTESIAN_POINT('',(-23.224431444,23.095433755,16.804979853));
#899=CARTESIAN_POINT('',(-23.187670675,22.952894329,16.784215615));
#900=CARTESIAN_POINT('',(-23.163073983,22.804211192,16.766540291));
#901=CARTESIAN_POINT('',(-23.152086765,22.656252561,16.752478051));
#902=CARTESIAN_POINT('',(-23.141099547,22.50829393,16.738415812));
#903=CARTESIAN_POINT('',(-23.143251105,22.360286677,16.727777687));
#904=CARTESIAN_POINT('',(-23.158657726,22.212279627,16.719929203));
#905=CARTESIAN_POINT('',(-23.174064347,22.064272577,16.712080719));
#906=CARTESIAN_POINT('',(-23.203200375,21.915491521,16.707046693));
#907=CARTESIAN_POINT('',(-23.244830465,21.772461583,16.704088138));
#908=CARTESIAN_POINT('',(-23.286460555,21.629431645,16.701129582));
#909=CARTESIAN_POINT('',(-23.340577969,21.490762712,16.700137379));
#910=CARTESIAN_POINT('',(-23.407421281,21.356555592,16.7));
#911=B_SPLINE_CURVE_WITH_KNOTS('',3,(#817,#818,#819,#820,#821,#822,#823,#824,#825,#826,#827,#828,#829,#830,#831,#832,#833,#834,#835,#836,#837,#838,#839,#840,#841,#842,
#843,#844,#845,#846,#847,#848,#849,#850,#851,#852,#853,#854,#855,#856,#857,#858,#859,#860,#861,#862,#863,#864,#865,#866,#867,
#868,#869,#870,#871,#872,#873,#874,#875,#876,#877,#878,#879,#880,#881,#882,#883,#884,#885,#886,#887,#888,#889,#890,#891,#892,
#893,#894,#895,#896,#897,#898,#899,#900,#901,#902,#903,#904,#905,#906,#907,#908,#909,#910),.UNSPECIFIED.,.F.,.F.,(4,3,3,3,3,3,3,3,3,3,3,3,3,3,3,3,3,3,3,3,3,3,3,3,3,3,
3,3,3,3,3,4),(0.000075276,0.000520526,0.000965775,0.001411025,0.001856275,0.002301524,0.002746774,0.003192023,0.003637273,0.004082523,0.004527772,0.004973022,0.005418272,0.005863521,0.006308771,0.00675402,0.00719927,0.008089769,0.008535019,0.008980268,0.009425518,0.009870768,0.010316017,0.010761267,0.011206517,0.011651766,
0.012097016,0.012542265,0.012987515,0.013432765,0.013878014,0.014323264),.UNSPECIFIED.);
#912=EDGE_CURVE('',#816,#807,#911,.T.);
#913=ORIENTED_EDGE('',*,*,#912,.F.);
#914=CARTESIAN_POINT('',(-24.581920004,20.208510266,16.7));
#915=CARTESIAN_POINT('',(-24.717511491,20.144789635,16.700139947));
#916=CARTESIAN_POINT('',(-24.857117772,20.09394423,16.701163955));
#917=CARTESIAN_POINT('',(-25.000615478,20.055649528,16.704284603));
#918=CARTESIAN_POINT('',(-25.144113184,20.017354826,16.70740525));
#919=CARTESIAN_POINT('',(-25.293085073,19.991554812,16.712729303));
#920=CARTESIAN_POINT('',(-25.441680539,19.979416408,16.721168667));
#921=CARTESIAN_POINT('',(-25.590276005,19.967278005,16.729608032));
#922=CARTESIAN_POINT('',(-25.738225679,19.968470663,16.74108696));
#923=CARTESIAN_POINT('',(-25.885482174,19.982688526,16.756261375));
#924=CARTESIAN_POINT('',(-26.032738669,19.99690639,16.77143579));
#925=CARTESIAN_POINT('',(-26.180597723,20.024676946,16.790562023));
#926=CARTESIAN_POINT('',(-26.322381112,20.064572387,16.813110719));
#927=CARTESIAN_POINT('',(-26.464164502,20.104467828,16.835659415));
#928=CARTESIAN_POINT('',(-26.6008336,20.156342167,16.861654997));
#929=CARTESIAN_POINT('',(-26.732481832,20.219924502,16.891137461));
#930=CARTESIAN_POINT('',(-26.864130065,20.283506837,16.920619925));
#931=CARTESIAN_POINT('',(-26.990979336,20.359287649,16.953764015));
#932=CARTESIAN_POINT('',(-27.108163288,20.44385172,16.989065056));
#933=CARTESIAN_POINT('',(-27.22534724,20.528415791,17.024366097));
#934=CARTESIAN_POINT('',(-27.334186872,20.622290911,17.062086936));
#935=CARTESIAN_POINT('',(-27.434792193,20.725425069,17.102021485));
#936=CARTESIAN_POINT('',(-27.535397515,20.828559227,17.141956033));
#937=CARTESIAN_POINT('',(-27.627157639,20.940689637,17.183973357));
#938=CARTESIAN_POINT('',(-27.70763042,21.058150858,17.226387985));
#939=CARTESIAN_POINT('',(-27.788103201,21.17561208,17.268802614));
#940=CARTESIAN_POINT('',(-27.858204845,21.299287049,17.31197049));
#941=CARTESIAN_POINT('',(-27.91783263,21.429367177,17.355531898));
#942=CARTESIAN_POINT('',(-27.977460415,21.559447305,17.399093307));
#943=CARTESIAN_POINT('',(-28.026022885,21.695207454,17.442769228));
#944=CARTESIAN_POINT('',(-28.062352122,21.832772539,17.484914726));
#945=CARTESIAN_POINT('',(-28.098681359,21.970337624,17.527060225));
#946=CARTESIAN_POINT('',(-28.123311884,22.110785112,17.568051207));
#947=CARTESIAN_POINT('',(-28.135806754,22.254347265,17.607425487));
#948=CARTESIAN_POINT('',(-28.148301624,22.397909419,17.646799767));
#949=CARTESIAN_POINT('',(-28.148321277,22.544177993,17.68438254));
#950=CARTESIAN_POINT('',(-28.135797459,22.687993074,17.718389147));
#951=CARTESIAN_POINT('',(-28.12327364,22.831808156,17.752395753));
#952=CARTESIAN_POINT('',(-28.098394125,22.974587031,17.783234884));
#953=CARTESIAN_POINT('',(-28.060520217,23.116357762,17.810376135));
#954=CARTESIAN_POINT('',(-28.022646309,23.258128493,17.837517387));
#955=CARTESIAN_POINT('',(-27.97143472,23.398707342,17.860817315));
#956=CARTESIAN_POINT('',(-27.908938787,23.532053924,17.878965342));
#957=CARTESIAN_POINT('',(-27.846442854,23.665400506,17.89711337));
#958=CARTESIAN_POINT('',(-27.772320072,23.793144808,17.910450141));
#959=CARTESIAN_POINT('',(-27.686064175,23.915057363,17.918643561));
#960=CARTESIAN_POINT('',(-27.599808278,24.036969918,17.926836981));
#961=CARTESIAN_POINT('',(-27.501811088,24.151926066,17.929693419));
#962=CARTESIAN_POINT('',(-27.395820049,24.255887772,17.927240607));
#963=CARTESIAN_POINT('',(-27.18383797,24.463811185,17.922334985));
#964=CARTESIAN_POINT('',(-26.931628096,24.634822104,17.895666491));
#965=CARTESIAN_POINT('',(-26.663055431,24.754538709,17.851795059));
#966=CARTESIAN_POINT('',(-26.528769099,24.814397012,17.829859344));
#967=CARTESIAN_POINT('',(-26.388339948,24.86262292,17.803390813));
#968=CARTESIAN_POINT('',(-26.245921505,24.897876032,17.773540931));
#969=CARTESIAN_POINT('',(-26.103503063,24.933129143,17.74369105));
#970=CARTESIAN_POINT('',(-25.960202549,24.955404536,17.710755895));
#971=CARTESIAN_POINT('',(-25.815973168,24.965278794,17.675238823));
#972=CARTESIAN_POINT('',(-25.671743787,24.975153052,17.639721752));
#973=CARTESIAN_POINT('',(-25.525333027,24.972380065,17.601255516));
#974=CARTESIAN_POINT('',(-25.38228267,24.957250881,17.561720969));
#975=CARTESIAN_POINT('',(-25.239232314,24.942121698,17.522186423));
#976=CARTESIAN_POINT('',(-25.098998809,24.914902984,17.481484141));
#977=CARTESIAN_POINT('',(-24.961440376,24.875787716,17.439966231));
#978=CARTESIAN_POINT('',(-24.823881943,24.836672448,17.398448321));
#979=CARTESIAN_POINT('',(-24.688045596,24.785042292,17.355781556));
#980=CARTESIAN_POINT('',(-24.559271243,24.72294056,17.313969448));
#981=CARTESIAN_POINT('',(-24.43049689,24.660838829,17.272157341));
#982=CARTESIAN_POINT('',(-24.307884684,24.588197248,17.230944535));
#983=CARTESIAN_POINT('',(-24.191397515,24.504929342,17.190597016));
#984=CARTESIAN_POINT('',(-24.074910347,24.421661437,17.150249497));
#985=CARTESIAN_POINT('',(-23.963719324,24.326740457,17.110447142));
#986=CARTESIAN_POINT('',(-23.862620777,24.223923631,17.073103524));
#987=CARTESIAN_POINT('',(-23.76152223,24.121106806,17.035759906));
#988=CARTESIAN_POINT('',(-23.669757443,24.010123387,17.000618214));
#989=CARTESIAN_POINT('',(-23.587455237,23.890833219,16.967797723));
#990=CARTESIAN_POINT('',(-23.505153031,23.77154305,16.934977231));
#991=CARTESIAN_POINT('',(-23.431781149,23.642506032,16.904218747));
#992=CARTESIAN_POINT('',(-23.370931758,23.509193166,16.876958881));
#993=CARTESIAN_POINT('',(-23.310082366,23.3758803,16.849699015));
#994=CARTESIAN_POINT('',(-23.261192212,23.23797318,16.825744091));
#995=CARTESIAN_POINT('',(-23.224431444,23.095433755,16.804979853));
#996=CARTESIAN_POINT('',(-23.187670675,22.952894329,16.784215615));
#997=CARTESIAN_POINT('',(-23.163073983,22.804211192,16.766540291));
#998=CARTESIAN_POINT('',(-23.152086765,22.656252561,16.752478051));
#999=CARTESIAN_POINT('',(-23.141099547,22.50829393,16.738415812));
#1000=CARTESIAN_POINT('',(-23.143251105,22.360286677,16.727777687));
#1001=CARTESIAN_POINT('',(-23.158657726,22.212279627,16.719929203));
#1002=CARTESIAN_POINT('',(-23.174064347,22.064272577,16.712080719));
#1003=CARTESIAN_POINT('',(-23.203200375,21.915491521,16.707046693));
#1004=CARTESIAN_POINT('',(-23.244830465,21.772461583,16.704088138));
#1005=CARTESIAN_POINT('',(-23.286460555,21.629431645,16.701129582));
#1006=CARTESIAN_POINT('',(-23.340577969,21.490762712,16.700137379));
#1007=CARTESIAN_POINT('',(-23.407421281,21.356555592,16.7));
#1008=B_SPLINE_CURVE_WITH_KNOTS('',3,(#914,#915,#916,#917,#918,#919,#920,#921,#922,#923,#924,#925,#926,#927,#928,#929,#930,#931,#932,#933,#934,#935,#936,#937,#938,#939,
#940,#941,#942,#943,#944,#945,#946,#947,#948,#949,#950,#951,#952,#953,#954,#955,#956,#957,#958,#959,#960,#961,#962,#963,#964,
#965,#966,#967,#968,#969,#970,#971,#972,#973,#974,#975,#976,#977,#978,#979,#980,#981,#982,#983,#984,#985,#986,#987,#988,#989,
#990,#991,#992,#993,#994,#995,#996,#997,#998,#999,#1000,#1001,#1002,#1003,#1004,#1005,#1006,#1007),.UNSPECIFIED.,.F.,.F.,(4,3,3,3,3,3,3,3,3,3,3,3,3,3,3,3,3,3,3,3,3,3,3,3,3,3,
3,3,3,3,3,4),(0.000075276,0.000520526,0.000965775,0.001411025,0.001856275,0.002301524,0.002746774,0.003192023,0.003637273,0.004082523,0.004527772,0.004973022,0.005418272,0.005863521,0.006308771,0.00675402,0.00719927,0.008089769,0.008535019,0.008980268,0.009425518,0.009870768,0.010316017,0.010761267,0.011206517,0.011651766,
0.012097016,0.012542265,0.012987515,0.013432765,0.013878014,0.014323264),.UNSPECIFIED.);
#1009=EDGE_CURVE('',#741,#816,#1008,.T.);
#1010=ORIENTED_EDGE('',*,*,#1009,.F.);
#1011=EDGE_LOOP('',(#748,#749,#773,#782,#804,#805,#814,#913,#1010));
#1012=FACE_BOUND('',#1011,.T.);
#1013=ADVANCED_FACE('',(#1012),#739,.T.);
#1014=CARTESIAN_POINT('',(-25.645042226,22.470953449,31.));
#1015=DIRECTION('',(0.,0.,-1.));
#1016=DIRECTION('',(-1.,0.,0.));
#1017=AXIS2_PLACEMENT_3D('',#1014,#1015,#1016);
#1018=CYLINDRICAL_SURFACE('',#1017,1.375);
#1019=CARTESIAN_POINT('',(-27.020042226,22.470953449,21.2));
#1020=VERTEX_POINT('',#1019);
#1021=CARTESIAN_POINT('',(-27.020042226,22.470953449,22.7));
#1022=VERTEX_POINT('',#1021);
#1023=CARTESIAN_POINT('',(-27.020042226,22.470953449,21.2));
#1024=DIRECTION('',(-0.,-0.,1.));
#1025=VECTOR('',#1024,1.5);
#1026=LINE('',#1023,#1025);
#1027=EDGE_CURVE('',#1020,#1022,#1026,.T.);
#1028=ORIENTED_EDGE('',*,*,#1027,.F.);
#1029=CARTESIAN_POINT('',(-25.645042226,22.470953449,21.2));
#1030=DIRECTION('',(0.,0.,-1.));
#1031=DIRECTION('',(-1.,0.,0.));
#1032=AXIS2_PLACEMENT_3D('',#1029,#1030,#1031);
#1033=CIRCLE('',#1032,1.375);
#1034=EDGE_CURVE('',#1020,#1020,#1033,.T.);
#1035=ORIENTED_EDGE('',*,*,#1034,.T.);
#1036=ORIENTED_EDGE('',*,*,#1027,.T.);
#1037=CARTESIAN_POINT('',(-24.270042226,22.470953449,22.7));
#1038=VERTEX_POINT('',#1037);
#1039=CARTESIAN_POINT('',(-25.645042226,22.470953449,22.7));
#1040=DIRECTION('',(-0.,-0.,-1.));
#1041=DIRECTION('',(1.,0.,-0.));
#1042=AXIS2_PLACEMENT_3D('',#1039,#1040,#1041);
#1043=CIRCLE('',#1042,1.375);
#1044=EDGE_CURVE('',#1038,#1022,#1043,.T.);
#1045=ORIENTED_EDGE('',*,*,#1044,.F.);
#1046=CARTESIAN_POINT('',(-25.645042226,22.470953449,22.7));
#1047=DIRECTION('',(-0.,-0.,-1.));
#1048=DIRECTION('',(1.,0.,-0.));
#1049=AXIS2_PLACEMENT_3D('',#1046,#1047,#1048);
#1050=CIRCLE('',#1049,1.375);
#1051=EDGE_CURVE('',#1022,#1038,#1050,.T.);
#1052=ORIENTED_EDGE('',*,*,#1051,.F.);
#1053=EDGE_LOOP('',(#1028,#1035,#1036,#1045,#1052));
#1054=FACE_BOUND('',#1053,.T.);
#1055=ADVANCED_FACE('',(#1054),#1018,.F.);
#1056=CARTESIAN_POINT('',(-22.5,-66.,22.7));
#1057=CARTESIAN_POINT('',(-7.5,-66.,22.7));
#1058=CARTESIAN_POINT('',(7.5,-66.,22.7));
#1059=CARTESIAN_POINT('',(22.5,-66.,22.7));
#1060=CARTESIAN_POINT('',(-22.40625,-65.826731206,21.912920984));
#1061=CARTESIAN_POINT('',(-7.46875,-65.826731206,21.912920984));
#1062=CARTESIAN_POINT('',(7.46875,-65.826731206,21.912920984));
#1063=CARTESIAN_POINT('',(22.40625,-65.826731206,21.912920984));
#1064=CARTESIAN_POINT('',(-22.265625,-65.369493696,20.710107024));
#1065=CARTESIAN_POINT('',(-7.421875,-65.369493696,20.710107024));
#1066=CARTESIAN_POINT('',(7.421875,-65.369493696,20.710107024));
#1067=CARTESIAN_POINT('',(22.265625,-65.369493696,20.710107024));
#1068=CARTESIAN_POINT('',(-22.078125,-64.311355361,19.279050659));
#1069=CARTESIAN_POINT('',(-7.359375,-64.311355361,19.279050659));
#1070=CARTESIAN_POINT('',(7.359375,-64.311355361,19.279050659));
#1071=CARTESIAN_POINT('',(22.078125,-64.311355361,19.279050659));
#1072=CARTESIAN_POINT('',(-21.9375,-63.303035999,18.346964001));
#1073=CARTESIAN_POINT('',(-7.3125,-63.303035999,18.346964001));
#1074=CARTESIAN_POINT('',(7.3125,-63.303035999,18.346964001));
#1075=CARTESIAN_POINT('',(21.9375,-63.303035999,18.346964001));
#1076=CARTESIAN_POINT('',(-21.796875,-62.108449341,17.601144639));
#1077=CARTESIAN_POINT('',(-7.265625,-62.108449341,17.601144639));
#1078=CARTESIAN_POINT('',(7.265625,-62.108449341,17.601144639));
#1079=CARTESIAN_POINT('',(21.796875,-62.108449341,17.601144639));
#1080=CARTESIAN_POINT('',(-21.609375,-60.327392976,16.893006304));
#1081=CARTESIAN_POINT('',(-7.203125,-60.327392976,16.893006304));
#1082=CARTESIAN_POINT('',(7.203125,-60.327392976,16.893006304));
#1083=CARTESIAN_POINT('',(21.609375,-60.327392976,16.893006304));
#1084=CARTESIAN_POINT('',(-21.46875,-58.862079016,16.698268794));
#1085=CARTESIAN_POINT('',(-7.15625,-58.862079016,16.698268794));
#1086=CARTESIAN_POINT('',(7.15625,-58.862079016,16.698268794));
#1087=CARTESIAN_POINT('',(21.46875,-58.862079016,16.698268794));
#1088=CARTESIAN_POINT('',(-21.375,-57.9,16.7));
#1089=CARTESIAN_POINT('',(-7.125,-57.9,16.7));
#1090=CARTESIAN_POINT('',(7.125,-57.9,16.7));
#1091=CARTESIAN_POINT('',(21.375,-57.9,16.7));
#1092=B_SPLINE_SURFACE_WITH_KNOTS('',3,3,((#1056,#1057,#1058,#1059),(#1060,#1061,#1062,#1063),(#1064,#1065,#1066,#1067),(#1068,#1069,#1070,#1071),(#1072,#1073,#1074,#1075),(#1076,#1077,#1078,#1079),(#1080,#1081,#1082,#1083),(#1084,#1085,#1086,#1087),(#1088,#1089,#1090,#1091)),.UNSPECIFIED.,.F.,.F.,.U.,(4,1,1,1,1,1,4),(4,4),(0.,0.25,0.375,0.5,0.625,0.75,1.),(-0.0225,0.0225),.UNSPECIFIED.);
#1093=CARTESIAN_POINT('',(20.920668668,-57.937966085,16.7));
#1094=VERTEX_POINT('',#1093);
#1095=CARTESIAN_POINT('',(22.5,-56.,16.7));
#1096=DIRECTION('',(0.,0.,-1.));
#1097=DIRECTION('',(-1.,0.,0.));
#1098=AXIS2_PLACEMENT_3D('',#1095,#1096,#1097);
#1099=CIRCLE('',#1098,2.5);
#1100=EDGE_CURVE('',#1094,#528,#1099,.T.);
#1101=ORIENTED_EDGE('',*,*,#1100,.F.);
#1102=CARTESIAN_POINT('',(21.408994597,-58.249379295,16.705169831));
#1103=VERTEX_POINT('',#1102);
#1104=CARTESIAN_POINT('',(21.408994597,-58.249379295,16.705169831));
#1105=CARTESIAN_POINT('',(21.234121308,-58.164561361,16.702502609));
#1106=CARTESIAN_POINT('',(21.071348831,-58.060761784,16.700221009));
#1107=CARTESIAN_POINT('',(20.920668668,-57.937966085,16.7));
#1108=B_SPLINE_CURVE_WITH_KNOTS('',3,(#1104,#1105,#1106,#1107),.UNSPECIFIED.,.F.,.F.,(4,4),(0.,0.000579195),.UNSPECIFIED.);
#1109=EDGE_CURVE('',#1103,#1094,#1108,.T.);
#1110=ORIENTED_EDGE('',*,*,#1109,.F.);
#1111=CARTESIAN_POINT('',(22.5,-66.,22.7));
#1112=VERTEX_POINT('',#1111);
#1113=CARTESIAN_POINT('',(22.5,-66.,22.7));
#1114=CARTESIAN_POINT('',(22.409082883,-65.831966942,21.936704481));
#1115=CARTESIAN_POINT('',(22.318165766,-65.540208127,21.159492746));
#1116=CARTESIAN_POINT('',(22.227248649,-65.108361305,20.434363376));
#1117=CARTESIAN_POINT('',(22.181790091,-64.892437894,20.071798691));
#1118=CARTESIAN_POINT('',(22.136331532,-64.64130105,19.722249715));
#1119=CARTESIAN_POINT('',(22.090872974,-64.356360195,19.394054385));
#1120=CARTESIAN_POINT('',(22.045414416,-64.071419341,19.065859055));
#1121=CARTESIAN_POINT('',(21.999955857,-63.752466269,18.759132087));
#1122=CARTESIAN_POINT('',(21.954497299,-63.403754715,18.480759904));
#1123=CARTESIAN_POINT('',(21.90903874,-63.055043161,18.202387721));
#1124=CARTESIAN_POINT('',(21.863580182,-62.67635472,17.952599713));
#1125=CARTESIAN_POINT('',(21.818121623,-62.274431304,17.735828216));
#1126=CARTESIAN_POINT('',(21.772663065,-61.872507888,17.519056719));
#1127=CARTESIAN_POINT('',(21.727204506,-61.447218497,17.335586721));
#1128=CARTESIAN_POINT('',(21.681745948,-61.006804895,17.187054322));
#1129=CARTESIAN_POINT('',(21.590828831,-60.125977691,16.889989525));
#1130=CARTESIAN_POINT('',(21.499911714,-59.184830456,16.734586441));
#1131=CARTESIAN_POINT('',(21.408994597,-58.249379295,16.705169831));
#1132=B_SPLINE_CURVE_WITH_KNOTS('',3,(#1113,#1114,#1115,#1116,#1117,#1118,#1119,#1120,#1121,#1122,#1123,#1124,#1125,#1126,#1127,#1128,#1129,#1130,#1131),.UNSPECIFIED.,.F.,.F.,(4,3,3,3,3,3,4),(0.,0.242445645,0.363668468,0.48489129,0.606114113,0.727336935,0.96978258),.UNSPECIFIED.);
#1133=EDGE_CURVE('',#1112,#1103,#1132,.T.);
#1134=ORIENTED_EDGE('',*,*,#1133,.F.);
#1135=CARTESIAN_POINT('',(-22.5,-66.,22.7));
#1136=VERTEX_POINT('',#1135);
#1137=CARTESIAN_POINT('',(-22.5,-66.,22.7));
#1138=DIRECTION('',(1.,0.,0.));
#1139=VECTOR('',#1138,45.);
#1140=LINE('',#1137,#1139);
#1141=EDGE_CURVE('',#1136,#1112,#1140,.T.);
#1142=ORIENTED_EDGE('',*,*,#1141,.F.);
#1143=CARTESIAN_POINT('',(-21.408994597,-58.249379295,16.705169831));
#1144=VERTEX_POINT('',#1143);
#1145=CARTESIAN_POINT('',(-22.5,-66.,22.7));
#1146=CARTESIAN_POINT('',(-22.409082883,-65.831966942,21.936704481));
#1147=CARTESIAN_POINT('',(-22.318165766,-65.540208127,21.159492746));
#1148=CARTESIAN_POINT('',(-22.227248649,-65.108361305,20.434363376));
#1149=CARTESIAN_POINT('',(-22.181790091,-64.892437894,20.071798691));
#1150=CARTESIAN_POINT('',(-22.136331532,-64.64130105,19.722249715));
#1151=CARTESIAN_POINT('',(-22.090872974,-64.356360195,19.394054385));
#1152=CARTESIAN_POINT('',(-22.045414416,-64.071419341,19.065859055));
#1153=CARTESIAN_POINT('',(-21.999955857,-63.752466269,18.759132087));
#1154=CARTESIAN_POINT('',(-21.954497299,-63.403754715,18.480759904));
#1155=CARTESIAN_POINT('',(-21.90903874,-63.055043161,18.202387721));
#1156=CARTESIAN_POINT('',(-21.863580182,-62.67635472,17.952599713));
#1157=CARTESIAN_POINT('',(-21.818121623,-62.274431304,17.735828216));
#1158=CARTESIAN_POINT('',(-21.772663065,-61.872507888,17.519056719));
#1159=CARTESIAN_POINT('',(-21.727204506,-61.447218497,17.335586721));
#1160=CARTESIAN_POINT('',(-21.681745948,-61.006804895,17.187054322));
#1161=CARTESIAN_POINT('',(-21.590828831,-60.125977691,16.889989525));
#1162=CARTESIAN_POINT('',(-21.499911714,-59.184830456,16.734586441));
#1163=CARTESIAN_POINT('',(-21.408994597,-58.249379295,16.705169831));
#1164=B_SPLINE_CURVE_WITH_KNOTS('',3,(#1145,#1146,#1147,#1148,#1149,#1150,#1151,#1152,#1153,#1154,#1155,#1156,#1157,#1158,#1159,#1160,#1161,#1162,#1163),.UNSPECIFIED.,.F.,.F.,(4,3,3,3,3,3,4),(0.,0.242445645,0.363668468,0.48489129,0.606114113,0.727336935,0.96978258),.UNSPECIFIED.);
#1165=EDGE_CURVE('',#1136,#1144,#1164,.T.);
#1166=ORIENTED_EDGE('',*,*,#1165,.T.);
#1167=CARTESIAN_POINT('',(-20.920668667,-57.937966084,16.7));
#1168=VERTEX_POINT('',#1167);
#1169=CARTESIAN_POINT('',(-20.920668667,-57.937966084,16.7));
#1170=CARTESIAN_POINT('',(-21.07134883,-58.060761784,16.700221009));
#1171=CARTESIAN_POINT('',(-21.234121307,-58.164561361,16.702502609));
#1172=CARTESIAN_POINT('',(-21.408994597,-58.249379295,16.705169831));
#1173=B_SPLINE_CURVE_WITH_KNOTS('',3,(#1169,#1170,#1171,#1172),.UNSPECIFIED.,.F.,.F.,(4,4),(0.,0.000579195),.UNSPECIFIED.);
#1174=EDGE_CURVE('',#1168,#1144,#1173,.T.);
#1175=ORIENTED_EDGE('',*,*,#1174,.F.);
#1176=CARTESIAN_POINT('',(-22.5,-56.,16.7));
#1177=DIRECTION('',(0.,0.,-1.));
#1178=DIRECTION('',(-1.,0.,0.));
#1179=AXIS2_PLACEMENT_3D('',#1176,#1177,#1178);
#1180=CIRCLE('',#1179,2.5);
#1181=EDGE_CURVE('',#537,#1168,#1180,.T.);
#1182=ORIENTED_EDGE('',*,*,#1181,.F.);
#1183=ORIENTED_EDGE('',*,*,#542,.F.);
#1184=EDGE_LOOP('',(#1101,#1110,#1134,#1142,#1166,#1175,#1182,#1183));
#1185=FACE_BOUND('',#1184,.T.);
#1186=ADVANCED_FACE('',(#1185),#1092,.T.);
#1187=CARTESIAN_POINT('',(22.5,-66.,22.7));
#1188=CARTESIAN_POINT('',(23.809176118,-66.000020918,22.7));
#1189=CARTESIAN_POINT('',(25.771817732,-65.609510654,22.7));
#1190=CARTESIAN_POINT('',(28.090876827,-64.367269883,22.7));
#1191=CARTESIAN_POINT('',(29.61706504,-63.11706504,22.7));
#1192=CARTESIAN_POINT('',(30.867269883,-61.590876827,22.7));
#1193=CARTESIAN_POINT('',(32.109510654,-59.271817732,22.7));
#1194=CARTESIAN_POINT('',(32.500020918,-57.309176118,22.7));
#1195=CARTESIAN_POINT('',(32.5,-56.,22.7));
#1196=CARTESIAN_POINT('',(22.40625,-65.826731206,21.912920984));
#1197=CARTESIAN_POINT('',(23.713472603,-65.82675143,21.912920984));
#1198=CARTESIAN_POINT('',(25.673187257,-65.43682404,21.912920984));
#1199=CARTESIAN_POINT('',(27.988772246,-64.196439207,21.912920984));
#1200=CARTESIAN_POINT('',(29.512686573,-62.94810324,21.912920984));
#1201=CARTESIAN_POINT('',(30.76102254,-61.424188912,21.912920984));
#1202=CARTESIAN_POINT('',(32.001407373,-59.108603924,21.912920984));
#1203=CARTESIAN_POINT('',(32.391334764,-57.148889269,21.912920984));
#1204=CARTESIAN_POINT('',(32.391314539,-55.841666667,21.912920984));
#1205=CARTESIAN_POINT('',(22.265625,-65.369493696,20.710107024));
#1206=CARTESIAN_POINT('',(23.544082791,-65.369512467,20.710107024));
#1207=CARTESIAN_POINT('',(25.460677353,-64.988165494,20.710107024));
#1208=CARTESIAN_POINT('',(27.725288187,-63.775078241,20.710107024));
#1209=CARTESIAN_POINT('',(29.215674754,-62.554216421,20.710107024));
#1210=CARTESIAN_POINT('',(30.436536574,-61.063829854,20.710107024));
#1211=CARTESIAN_POINT('',(31.649623828,-58.799219019,20.710107024));
#1212=CARTESIAN_POINT('',(32.0309708,-56.882624458,20.710107024));
#1213=CARTESIAN_POINT('',(32.030952029,-55.604166667,20.710107024));
#1214=CARTESIAN_POINT('',(22.078125,-64.311355361,19.279050659));
#1215=CARTESIAN_POINT('',(23.25951469,-64.311371256,19.279050659));
#1216=CARTESIAN_POINT('',(25.03059361,-63.95897877,19.279050659));
#1217=CARTESIAN_POINT('',(27.123231812,-62.838001338,19.279050659));
#1218=CARTESIAN_POINT('',(28.50046694,-61.70984194,19.279050659));
#1219=CARTESIAN_POINT('',(29.628626338,-60.332606812,19.279050659));
#1220=CARTESIAN_POINT('',(30.74960377,-58.23996861,19.279050659));
#1221=CARTESIAN_POINT('',(31.101996256,-56.46888969,19.279050659));
#1222=CARTESIAN_POINT('',(31.101980361,-55.2875,19.279050659));
#1223=CARTESIAN_POINT('',(21.9375,-63.303035999,18.346964001));
#1224=CARTESIAN_POINT('',(23.017978559,-63.303049288,18.346964001));
#1225=CARTESIAN_POINT('',(24.637779768,-62.980757531,18.346964001));
#1226=CARTESIAN_POINT('',(26.551644678,-61.955535314,18.346964001));
#1227=CARTESIAN_POINT('',(27.811246582,-60.923746582,18.346964001));
#1228=CARTESIAN_POINT('',(28.843035314,-59.664144678,18.346964001));
#1229=CARTESIAN_POINT('',(29.868257531,-57.750279768,18.346964001));
#1230=CARTESIAN_POINT('',(30.190549288,-56.130478559,18.346964001));
#1231=CARTESIAN_POINT('',(30.190535999,-55.05,18.346964001));
#1232=CARTESIAN_POINT('',(21.796875,-62.108449341,17.601144639));
#1233=CARTESIAN_POINT('',(22.752056758,-62.108459635,17.601144639));
#1234=CARTESIAN_POINT('',(24.184022662,-61.823542537,17.601144639));
#1235=CARTESIAN_POINT('',(25.875917793,-60.917214417,17.601144639));
#1236=CARTESIAN_POINT('',(26.989458579,-60.005083579,17.601144639));
#1237=CARTESIAN_POINT('',(27.901589417,-58.891542793,17.601144639));
#1238=CARTESIAN_POINT('',(28.807917537,-57.199647662,17.601144639));
#1239=CARTESIAN_POINT('',(29.092834635,-55.767681758,17.601144639));
#1240=CARTESIAN_POINT('',(29.092824341,-54.8125,17.601144639));
#1241=CARTESIAN_POINT('',(21.609375,-60.327392976,16.893006304));
#1242=CARTESIAN_POINT('',(22.372845955,-60.327398882,16.893006304));
#1243=CARTESIAN_POINT('',(23.517413316,-60.099666961,16.893006304));
#1244=CARTESIAN_POINT('',(24.869686852,-59.375252488,16.893006304));
#1245=CARTESIAN_POINT('',(25.759745301,-58.646203634,16.893006304));
#1246=CARTESIAN_POINT('',(26.488794154,-57.756145185,16.893006304));
#1247=CARTESIAN_POINT('',(27.213208627,-56.403871649,16.893006304));
#1248=CARTESIAN_POINT('',(27.440940548,-55.259304288,16.893006304));
#1249=CARTESIAN_POINT('',(27.440934643,-54.495833333,16.893006304));
#1250=CARTESIAN_POINT('',(21.46875,-58.862079016,16.698268794));
#1251=CARTESIAN_POINT('',(22.071481182,-58.862081359,16.698268794));
#1252=CARTESIAN_POINT('',(22.975079171,-58.682296276,16.698268794));
#1253=CARTESIAN_POINT('',(24.042599667,-58.11040675,16.698268794));
#1254=CARTESIAN_POINT('',(24.745278915,-57.534862249,16.698268794));
#1255=CARTESIAN_POINT('',(25.320823417,-56.832183,16.698268794));
#1256=CARTESIAN_POINT('',(25.892712943,-55.764662505,16.698268794));
#1257=CARTESIAN_POINT('',(26.072498026,-54.861064516,16.698268794));
#1258=CARTESIAN_POINT('',(26.072495682,-54.258333333,16.698268794));
#1259=CARTESIAN_POINT('',(21.375,-57.9,16.7));
#1260=CARTESIAN_POINT('',(21.872508516,-57.9,16.7));
#1261=CARTESIAN_POINT('',(22.61836437,-57.751601639,16.7));
#1262=CARTESIAN_POINT('',(23.499481007,-57.279557272,16.7));
#1263=CARTESIAN_POINT('',(24.079499083,-56.804499083,16.7));
#1264=CARTESIAN_POINT('',(24.554557272,-56.224481007,16.7));
#1265=CARTESIAN_POINT('',(25.026601639,-55.34336437,16.7));
#1266=CARTESIAN_POINT('',(25.175,-54.597508516,16.7));
#1267=CARTESIAN_POINT('',(25.175,-54.1,16.7));
#1268=B_SPLINE_SURFACE_WITH_KNOTS('',3,3,((#1187,#1188,#1189,#1190,#1191,#1192,#1193,#1194,#1195),(#1196,#1197,#1198,#1199,#1200,#1201,#1202,#1203,#1204),(#1205,#1206,#1207,#1208,#1209,#1210,#1211,#1212,#1213),(#1214,#1215,#1216,#1217,#1218,#1219,#1220,#1221,#1222),(#1223,#1224,#1225,#1226,#1227,#1228,#1229,#1230,#1231),(#1232,#1233,#1234,#1235,#1236,#1237,#1238,#1239,#1240),(#1241,#1242,#1243,#1244,#1245,#1246,#1247,#1248,#1249),(#1250,#1251,#1252,#1253,#1254,#1255,#1256,#1257,#1258),(#1259,#1260,#1261,#1262,#1263,#1264,#1265,#1266,#1267)),.UNSPECIFIED.,.F.,.F.,.U.,(4,1,1,1,1,1,4),(4,1,1,1,1,1,4),(0.,0.25,0.375,0.5,0.625,0.75,1.),(4.71238898,5.105088062,5.301437603,5.497787144,5.694136685,5.890486225,6.283185307),.UNSPECIFIED.);
#1269=CARTESIAN_POINT('',(24.94895551,-55.497389903,16.7));
#1270=VERTEX_POINT('',#1269);
#1271=CARTESIAN_POINT('',(22.5,-56.,16.7));
#1272=DIRECTION('',(0.,0.,-1.));
#1273=DIRECTION('',(-1.,0.,0.));
#1274=AXIS2_PLACEMENT_3D('',#1271,#1272,#1273);
#1275=CIRCLE('',#1274,2.5);
#1276=EDGE_CURVE('',#509,#1270,#1275,.T.);
#1277=ORIENTED_EDGE('',*,*,#1276,.F.);
#1278=ORIENTED_EDGE('',*,*,#516,.F.);
#1279=CARTESIAN_POINT('',(32.5,-56.,22.7));
#1280=VERTEX_POINT('',#1279);
#1281=CARTESIAN_POINT('',(25.175,-54.1,16.7));
#1282=CARTESIAN_POINT('',(26.072495682,-54.258333333,16.698268794));
#1283=CARTESIAN_POINT('',(26.984788323,-54.416666667,16.828093801));
#1284=CARTESIAN_POINT('',(27.839515769,-54.575,17.107414915));
#1285=CARTESIAN_POINT('',(28.266879492,-54.654166667,17.247075472));
#1286=CARTESIAN_POINT('',(28.679851917,-54.733333333,17.424110055));
#1287=CARTESIAN_POINT('',(29.069290072,-54.8125,17.636930574));
#1288=CARTESIAN_POINT('',(29.458728227,-54.891666667,17.849751093));
#1289=CARTESIAN_POINT('',(29.824632113,-54.970833333,18.098357547));
#1290=CARTESIAN_POINT('',(30.159491449,-55.05,18.378008551));
#1291=CARTESIAN_POINT('',(30.494350786,-55.129166667,18.657659554));
#1292=CARTESIAN_POINT('',(30.798165574,-55.208333333,18.968355106));
#1293=CARTESIAN_POINT('',(31.066194426,-55.2875,19.302584928));
#1294=CARTESIAN_POINT('',(31.334223278,-55.366666667,19.63681475));
#1295=CARTESIAN_POINT('',(31.566466195,-55.445833333,19.994578841));
#1296=CARTESIAN_POINT('',(31.761335085,-55.525,20.366734231));
#1297=CARTESIAN_POINT('',(32.151072866,-55.683333333,21.111045011));
#1298=CARTESIAN_POINT('',(32.391314539,-55.841666667,21.912920984));
#1299=CARTESIAN_POINT('',(32.5,-56.,22.7));
#1300=B_SPLINE_CURVE_WITH_KNOTS('',3,(#1281,#1282,#1283,#1284,#1285,#1286,#1287,#1288,#1289,#1290,#1291,#1292,#1293,#1294,#1295,#1296,#1297,#1298,#1299),.UNSPECIFIED.,.F.,.F.,(4,3,3,3,3,3,4),(0.,0.25,0.375,0.5,0.625,0.75,1.),.UNSPECIFIED.);
#1301=EDGE_CURVE('',#501,#1280,#1300,.T.);
#1302=ORIENTED_EDGE('',*,*,#1301,.T.);
#1303=CARTESIAN_POINT('',(22.5,-56.,22.7));
#1304=DIRECTION('',(-0.,-0.,1.));
#1305=DIRECTION('',(-1.,0.,0.));
#1306=AXIS2_PLACEMENT_3D('',#1303,#1304,#1305);
#1307=CIRCLE('',#1306,10.);
#1308=EDGE_CURVE('',#1112,#1280,#1307,.T.);
#1309=ORIENTED_EDGE('',*,*,#1308,.F.);
#1310=ORIENTED_EDGE('',*,*,#1133,.T.);
#1311=CARTESIAN_POINT('',(24.94895551,-55.497389903,16.7));
#1312=CARTESIAN_POINT('',(24.972402453,-55.611634566,16.70011556));
#1313=CARTESIAN_POINT('',(24.987751174,-55.726815861,16.700804699));
#1314=CARTESIAN_POINT('',(24.995060802,-55.842928067,16.701883481));
#1315=CARTESIAN_POINT('',(25.002370431,-55.959040273,16.702962262));
#1316=CARTESIAN_POINT('',(25.001508703,-56.076496311,16.704441578));
#1317=CARTESIAN_POINT('',(24.992623831,-56.191902152,16.706124176));
#1318=CARTESIAN_POINT('',(24.974854088,-56.422713834,16.709489372));
#1319=CARTESIAN_POINT('',(24.925388687,-56.649500351,16.713686868));
#1320=CARTESIAN_POINT('',(24.844423903,-56.868145473,16.717770273));
#1321=CARTESIAN_POINT('',(24.763459119,-57.086790594,16.721853678));
#1322=CARTESIAN_POINT('',(24.654169528,-57.289801384,16.725686649));
#1323=CARTESIAN_POINT('',(24.516806571,-57.477325711,16.728762871));
#1324=CARTESIAN_POINT('',(24.448125093,-57.571087874,16.730300982));
#1325=CARTESIAN_POINT('',(24.372339394,-57.660632569,16.731643789));
#1326=CARTESIAN_POINT('',(24.291746147,-57.743457985,16.732713798));
#1327=CARTESIAN_POINT('',(24.211152899,-57.826283401,16.733783806));
#1328=CARTESIAN_POINT('',(24.125232213,-57.903148437,16.734594372));
#1329=CARTESIAN_POINT('',(24.033984919,-57.974054272,16.735121398));
#1330=CARTESIAN_POINT('',(23.942737625,-58.044960107,16.735648424));
#1331=CARTESIAN_POINT('',(23.845358552,-58.110337823,16.735890526));
#1332=CARTESIAN_POINT('',(23.744531878,-58.168211337,16.735829694));
#1333=CARTESIAN_POINT('',(23.643705205,-58.226084852,16.735768862));
#1334=CARTESIAN_POINT('',(23.53977191,-58.276437116,16.735411019));
#1335=CARTESIAN_POINT('',(23.43280878,-58.319454199,16.734775811));
#1336=CARTESIAN_POINT('',(23.32584565,-58.362471282,16.734140603));
#1337=CARTESIAN_POINT('',(23.215852915,-58.398153741,16.733228283));
#1338=CARTESIAN_POINT('',(23.102728947,-58.426255926,16.732058578));
#1339=CARTESIAN_POINT('',(22.989604979,-58.45435811,16.730888872));
#1340=CARTESIAN_POINT('',(22.874629704,-58.474464332,16.729471121));
#1341=CARTESIAN_POINT('',(22.759837385,-58.486460242,16.727875223));
#1342=CARTESIAN_POINT('',(22.645045065,-58.498456151,16.726279326));
#1343=CARTESIAN_POINT('',(22.529821625,-58.502499434,16.724498475));
#1344=CARTESIAN_POINT('',(22.414162715,-58.498525958,16.722590422));
#1345=CARTESIAN_POINT('',(22.298503804,-58.494552481,16.720682368));
#1346=CARTESIAN_POINT('',(22.181569369,-58.482347246,16.718630688));
#1347=CARTESIAN_POINT('',(22.067362323,-58.462280374,16.716586307));
#1348=CARTESIAN_POINT('',(21.83894823,-58.42214663,16.712497545));
#1349=CARTESIAN_POINT('',(21.619421586,-58.351441664,16.70837932));
#1350=CARTESIAN_POINT('',(21.408994597,-58.249379295,16.705169831));
#1351=B_SPLINE_CURVE_WITH_KNOTS('',3,(#1311,#1312,#1313,#1314,#1315,#1316,#1317,#1318,#1319,#1320,#1321,#1322,#1323,#1324,#1325,#1326,#1327,#1328,#1329,#1330,#1331,#1332,#1333,#1334,#1335,#1336,
#1337,#1338,#1339,#1340,#1341,#1342,#1343,#1344,#1345,#1346,#1347,#1348,#1349,#1350),.UNSPECIFIED.,.F.,.F.,(4,3,3,3,3,3,3,3,3,3,3,3,3,4),(0.,0.000345861,0.000691721,0.001383443,0.002075164,0.002421025,0.002766885,0.003112746,0.003458607,0.003804467,0.004150328,0.004496189,0.004842049,0.005533771),.UNSPECIFIED.);
#1352=EDGE_CURVE('',#1270,#1103,#1351,.T.);
#1353=ORIENTED_EDGE('',*,*,#1352,.F.);
#1354=EDGE_LOOP('',(#1277,#1278,#1302,#1309,#1310,#1353));
#1355=FACE_BOUND('',#1354,.T.);
#1356=ADVANCED_FACE('',(#1355),#1268,.T.);
#1357=CARTESIAN_POINT('',(22.5,-56.,-2.4));
#1358=DIRECTION('',(0.,0.,1.));
#1359=DIRECTION('',(1.,0.,-0.));
#1360=AXIS2_PLACEMENT_3D('',#1357,#1358,#1359);
#1361=CYLINDRICAL_SURFACE('',#1360,1.375);
#1362=CARTESIAN_POINT('',(23.875,-56.,22.7));
#1363=VERTEX_POINT('',#1362);
#1364=CARTESIAN_POINT('',(23.875,-56.,21.2));
#1365=VERTEX_POINT('',#1364);
#1366=CARTESIAN_POINT('',(23.875,-56.,22.7));
#1367=DIRECTION('',(-0.,-0.,-1.));
#1368=VECTOR('',#1367,1.5);
#1369=LINE('',#1366,#1368);
#1370=EDGE_CURVE('',#1363,#1365,#1369,.T.);
#1371=ORIENTED_EDGE('',*,*,#1370,.F.);
#1372=CARTESIAN_POINT('',(22.5,-56.,22.7));
#1373=DIRECTION('',(0.,0.,1.));
#1374=DIRECTION('',(1.,0.,-0.));
#1375=AXIS2_PLACEMENT_3D('',#1372,#1373,#1374);
#1376=CIRCLE('',#1375,1.375);
#1377=EDGE_CURVE('',#1363,#1363,#1376,.T.);
#1378=ORIENTED_EDGE('',*,*,#1377,.T.);
#1379=ORIENTED_EDGE('',*,*,#1370,.T.);
#1380=CARTESIAN_POINT('',(21.125,-56.,21.2));
#1381=VERTEX_POINT('',#1380);
#1382=CARTESIAN_POINT('',(22.5,-56.,21.2));
#1383=DIRECTION('',(-0.,-0.,1.));
#1384=DIRECTION('',(-1.,0.,0.));
#1385=AXIS2_PLACEMENT_3D('',#1382,#1383,#1384);
#1386=CIRCLE('',#1385,1.375);
#1387=EDGE_CURVE('',#1381,#1365,#1386,.T.);
#1388=ORIENTED_EDGE('',*,*,#1387,.F.);
#1389=CARTESIAN_POINT('',(22.5,-56.,21.2));
#1390=DIRECTION('',(-0.,-0.,1.));
#1391=DIRECTION('',(-1.,0.,0.));
#1392=AXIS2_PLACEMENT_3D('',#1389,#1390,#1391);
#1393=CIRCLE('',#1392,1.375);
#1394=EDGE_CURVE('',#1365,#1381,#1393,.T.);
#1395=ORIENTED_EDGE('',*,*,#1394,.F.);
#1396=EDGE_LOOP('',(#1371,#1378,#1379,#1388,#1395));
#1397=FACE_BOUND('',#1396,.T.);
#1398=ADVANCED_FACE('',(#1397),#1361,.F.);
#1399=CARTESIAN_POINT('',(-32.5,-56.,22.7));
#1400=CARTESIAN_POINT('',(-32.500020918,-57.309176118,22.7));
#1401=CARTESIAN_POINT('',(-32.109510654,-59.271817732,22.7));
#1402=CARTESIAN_POINT('',(-30.867269883,-61.590876827,22.7));
#1403=CARTESIAN_POINT('',(-29.61706504,-63.11706504,22.7));
#1404=CARTESIAN_POINT('',(-28.090876827,-64.367269883,22.7));
#1405=CARTESIAN_POINT('',(-25.771817732,-65.609510654,22.7));
#1406=CARTESIAN_POINT('',(-23.809176118,-66.000020918,22.7));
#1407=CARTESIAN_POINT('',(-22.5,-66.,22.7));
#1408=CARTESIAN_POINT('',(-32.391314539,-55.841666667,21.912920984));
#1409=CARTESIAN_POINT('',(-32.391334764,-57.148889269,21.912920984));
#1410=CARTESIAN_POINT('',(-32.001407373,-59.108603924,21.912920984));
#1411=CARTESIAN_POINT('',(-30.76102254,-61.424188912,21.912920984));
#1412=CARTESIAN_POINT('',(-29.512686573,-62.94810324,21.912920984));
#1413=CARTESIAN_POINT('',(-27.988772246,-64.196439207,21.912920984));
#1414=CARTESIAN_POINT('',(-25.673187257,-65.43682404,21.912920984));
#1415=CARTESIAN_POINT('',(-23.713472603,-65.82675143,21.912920984));
#1416=CARTESIAN_POINT('',(-22.40625,-65.826731206,21.912920984));
#1417=CARTESIAN_POINT('',(-32.030952029,-55.604166667,20.710107024));
#1418=CARTESIAN_POINT('',(-32.0309708,-56.882624458,20.710107024));
#1419=CARTESIAN_POINT('',(-31.649623828,-58.799219019,20.710107024));
#1420=CARTESIAN_POINT('',(-30.436536574,-61.063829854,20.710107024));
#1421=CARTESIAN_POINT('',(-29.215674754,-62.554216421,20.710107024));
#1422=CARTESIAN_POINT('',(-27.725288187,-63.775078241,20.710107024));
#1423=CARTESIAN_POINT('',(-25.460677353,-64.988165494,20.710107024));
#1424=CARTESIAN_POINT('',(-23.544082791,-65.369512467,20.710107024));
#1425=CARTESIAN_POINT('',(-22.265625,-65.369493696,20.710107024));
#1426=CARTESIAN_POINT('',(-31.101980361,-55.2875,19.279050659));
#1427=CARTESIAN_POINT('',(-31.101996256,-56.46888969,19.279050659));
#1428=CARTESIAN_POINT('',(-30.74960377,-58.23996861,19.279050659));
#1429=CARTESIAN_POINT('',(-29.628626338,-60.332606812,19.279050659));
#1430=CARTESIAN_POINT('',(-28.50046694,-61.70984194,19.279050659));
#1431=CARTESIAN_POINT('',(-27.123231812,-62.838001338,19.279050659));
#1432=CARTESIAN_POINT('',(-25.03059361,-63.95897877,19.279050659));
#1433=CARTESIAN_POINT('',(-23.25951469,-64.311371256,19.279050659));
#1434=CARTESIAN_POINT('',(-22.078125,-64.311355361,19.279050659));
#1435=CARTESIAN_POINT('',(-30.190535999,-55.05,18.346964001));
#1436=CARTESIAN_POINT('',(-30.190549288,-56.130478559,18.346964001));
#1437=CARTESIAN_POINT('',(-29.868257531,-57.750279768,18.346964001));
#1438=CARTESIAN_POINT('',(-28.843035314,-59.664144678,18.346964001));
#1439=CARTESIAN_POINT('',(-27.811246582,-60.923746582,18.346964001));
#1440=CARTESIAN_POINT('',(-26.551644678,-61.955535314,18.346964001));
#1441=CARTESIAN_POINT('',(-24.637779768,-62.980757531,18.346964001));
#1442=CARTESIAN_POINT('',(-23.017978559,-63.303049288,18.346964001));
#1443=CARTESIAN_POINT('',(-21.9375,-63.303035999,18.346964001));
#1444=CARTESIAN_POINT('',(-29.092824341,-54.8125,17.601144639));
#1445=CARTESIAN_POINT('',(-29.092834635,-55.767681758,17.601144639));
#1446=CARTESIAN_POINT('',(-28.807917537,-57.199647662,17.601144639));
#1447=CARTESIAN_POINT('',(-27.901589417,-58.891542793,17.601144639));
#1448=CARTESIAN_POINT('',(-26.989458579,-60.005083579,17.601144639));
#1449=CARTESIAN_POINT('',(-25.875917793,-60.917214417,17.601144639));
#1450=CARTESIAN_POINT('',(-24.184022662,-61.823542537,17.601144639));
#1451=CARTESIAN_POINT('',(-22.752056758,-62.108459635,17.601144639));
#1452=CARTESIAN_POINT('',(-21.796875,-62.108449341,17.601144639));
#1453=CARTESIAN_POINT('',(-27.440934643,-54.495833333,16.893006304));
#1454=CARTESIAN_POINT('',(-27.440940548,-55.259304288,16.893006304));
#1455=CARTESIAN_POINT('',(-27.213208627,-56.403871649,16.893006304));
#1456=CARTESIAN_POINT('',(-26.488794154,-57.756145185,16.893006304));
#1457=CARTESIAN_POINT('',(-25.759745301,-58.646203634,16.893006304));
#1458=CARTESIAN_POINT('',(-24.869686852,-59.375252488,16.893006304));
#1459=CARTESIAN_POINT('',(-23.517413316,-60.099666961,16.893006304));
#1460=CARTESIAN_POINT('',(-22.372845955,-60.327398882,16.893006304));
#1461=CARTESIAN_POINT('',(-21.609375,-60.327392976,16.893006304));
#1462=CARTESIAN_POINT('',(-26.072495682,-54.258333333,16.698268794));
#1463=CARTESIAN_POINT('',(-26.072498026,-54.861064516,16.698268794));
#1464=CARTESIAN_POINT('',(-25.892712943,-55.764662505,16.698268794));
#1465=CARTESIAN_POINT('',(-25.320823417,-56.832183,16.698268794));
#1466=CARTESIAN_POINT('',(-24.745278915,-57.534862249,16.698268794));
#1467=CARTESIAN_POINT('',(-24.042599667,-58.11040675,16.698268794));
#1468=CARTESIAN_POINT('',(-22.975079171,-58.682296276,16.698268794));
#1469=CARTESIAN_POINT('',(-22.071481182,-58.862081359,16.698268794));
#1470=CARTESIAN_POINT('',(-21.46875,-58.862079016,16.698268794));
#1471=CARTESIAN_POINT('',(-25.175,-54.1,16.7));
#1472=CARTESIAN_POINT('',(-25.175,-54.597508516,16.7));
#1473=CARTESIAN_POINT('',(-25.026601639,-55.34336437,16.7));
#1474=CARTESIAN_POINT('',(-24.554557272,-56.224481007,16.7));
#1475=CARTESIAN_POINT('',(-24.079499083,-56.804499083,16.7));
#1476=CARTESIAN_POINT('',(-23.499481007,-57.279557272,16.7));
#1477=CARTESIAN_POINT('',(-22.61836437,-57.751601639,16.7));
#1478=CARTESIAN_POINT('',(-21.872508516,-57.9,16.7));
#1479=CARTESIAN_POINT('',(-21.375,-57.9,16.7));
#1480=B_SPLINE_SURFACE_WITH_KNOTS('',3,3,((#1399,#1400,#1401,#1402,#1403,#1404,#1405,#1406,#1407),(#1408,#1409,#1410,#1411,#1412,#1413,#1414,#1415,#1416),(#1417,#1418,#1419,#1420,#1421,#1422,#1423,#1424,#1425),(#1426,#1427,#1428,#1429,#1430,#1431,#1432,#1433,#1434),(#1435,#1436,#1437,#1438,#1439,#1440,#1441,#1442,#1443),(#1444,#1445,#1446,#1447,#1448,#1449,#1450,#1451,#1452),(#1453,#1454,#1455,#1456,#1457,#1458,#1459,#1460,#1461),(#1462,#1463,#1464,#1465,#1466,#1467,#1468,#1469,#1470),(#1471,#1472,#1473,#1474,#1475,#1476,#1477,#1478,#1479)),.UNSPECIFIED.,.F.,.F.,.U.,(4,1,1,1,1,1,4),(4,1,1,1,1,1,4),(0.,0.25,0.375,0.5,0.625,0.75,1.),(3.141592654,3.534291735,3.730641276,3.926990817,4.123340358,4.319689899,4.71238898),.UNSPECIFIED.);
#1481=CARTESIAN_POINT('',(-24.94895551,-55.497389903,16.7));
#1482=VERTEX_POINT('',#1481);
#1483=CARTESIAN_POINT('',(-22.5,-56.,16.7));
#1484=DIRECTION('',(0.,0.,-1.));
#1485=DIRECTION('',(-1.,0.,0.));
#1486=AXIS2_PLACEMENT_3D('',#1483,#1484,#1485);
#1487=CIRCLE('',#1486,2.5);
#1488=EDGE_CURVE('',#1482,#545,#1487,.T.);
#1489=ORIENTED_EDGE('',*,*,#1488,.F.);
#1490=CARTESIAN_POINT('',(-24.999978224,-55.999999999,16.703562947));
#1491=VERTEX_POINT('',#1490);
#1492=CARTESIAN_POINT('',(-21.408994597,-58.249379295,16.705169831));
#1493=CARTESIAN_POINT('',(-21.619421586,-58.351441664,16.70837932));
#1494=CARTESIAN_POINT('',(-21.83894823,-58.42214663,16.712497545));
#1495=CARTESIAN_POINT('',(-22.067362323,-58.462280374,16.716586307));
#1496=CARTESIAN_POINT('',(-22.181569369,-58.482347246,16.718630688));
#1497=CARTESIAN_POINT('',(-22.298503804,-58.494552481,16.720682368));
#1498=CARTESIAN_POINT('',(-22.414162715,-58.498525958,16.722590422));
#1499=CARTESIAN_POINT('',(-22.529821625,-58.502499434,16.724498475));
#1500=CARTESIAN_POINT('',(-22.645045065,-58.498456151,16.726279326));
#1501=CARTESIAN_POINT('',(-22.759837385,-58.486460242,16.727875223));
#1502=CARTESIAN_POINT('',(-22.874629704,-58.474464332,16.729471121));
#1503=CARTESIAN_POINT('',(-22.989604979,-58.45435811,16.730888872));
#1504=CARTESIAN_POINT('',(-23.102728947,-58.426255926,16.732058578));
#1505=CARTESIAN_POINT('',(-23.215852915,-58.398153741,16.733228283));
#1506=CARTESIAN_POINT('',(-23.32584565,-58.362471282,16.734140603));
#1507=CARTESIAN_POINT('',(-23.43280878,-58.319454199,16.734775811));
#1508=CARTESIAN_POINT('',(-23.53977191,-58.276437116,16.735411019));
#1509=CARTESIAN_POINT('',(-23.643705205,-58.226084852,16.735768862));
#1510=CARTESIAN_POINT('',(-23.744531878,-58.168211337,16.735829694));
#1511=CARTESIAN_POINT('',(-23.845358552,-58.110337823,16.735890526));
#1512=CARTESIAN_POINT('',(-23.942737625,-58.044960107,16.735648424));
#1513=CARTESIAN_POINT('',(-24.033984919,-57.974054272,16.735121398));
#1514=CARTESIAN_POINT('',(-24.125232213,-57.903148437,16.734594372));
#1515=CARTESIAN_POINT('',(-24.211152899,-57.826283401,16.733783806));
#1516=CARTESIAN_POINT('',(-24.291746147,-57.743457985,16.732713798));
#1517=CARTESIAN_POINT('',(-24.372339394,-57.660632569,16.731643789));
#1518=CARTESIAN_POINT('',(-24.448125093,-57.571087874,16.730300982));
#1519=CARTESIAN_POINT('',(-24.516806571,-57.477325711,16.728762871));
#1520=CARTESIAN_POINT('',(-24.654169528,-57.289801384,16.725686649));
#1521=CARTESIAN_POINT('',(-24.763459119,-57.086790594,16.721853678));
#1522=CARTESIAN_POINT('',(-24.844423903,-56.868145473,16.717770273));
#1523=CARTESIAN_POINT('',(-24.925388687,-56.649500351,16.713686868));
#1524=CARTESIAN_POINT('',(-24.974854088,-56.422713834,16.709489372));
#1525=CARTESIAN_POINT('',(-24.992623831,-56.191902152,16.706124176));
#1526=CARTESIAN_POINT('',(-25.001508703,-56.076496311,16.704441578));
#1527=CARTESIAN_POINT('',(-25.002370431,-55.959040273,16.702962262));
#1528=CARTESIAN_POINT('',(-24.995060802,-55.842928067,16.701883481));
#1529=CARTESIAN_POINT('',(-24.987751174,-55.726815861,16.700804699));
#1530=CARTESIAN_POINT('',(-24.972402453,-55.611634566,16.70011556));
#1531=CARTESIAN_POINT('',(-24.94895551,-55.497389903,16.7));
#1532=B_SPLINE_CURVE_WITH_KNOTS('',3,(#1492,#1493,#1494,#1495,#1496,#1497,#1498,#1499,#1500,#1501,#1502,#1503,#1504,#1505,#1506,#1507,#1508,#1509,#1510,#1511,#1512,#1513,#1514,#1515,#1516,#1517,
#1518,#1519,#1520,#1521,#1522,#1523,#1524,#1525,#1526,#1527,#1528,#1529,#1530,#1531),.UNSPECIFIED.,.F.,.F.,(4,3,3,3,3,3,3,3,3,3,3,3,3,4),(0.,0.000691721,0.001037582,0.001383443,0.001729303,0.002075164,0.002421025,0.002766885,0.003112746,0.003458607,0.004150328,0.004842049,0.00518791,0.005533771),.UNSPECIFIED.);
#1533=EDGE_CURVE('',#1491,#1482,#1532,.T.);
#1534=ORIENTED_EDGE('',*,*,#1533,.F.);
#1535=CARTESIAN_POINT('',(-21.408994597,-58.249379295,16.705169831));
#1536=CARTESIAN_POINT('',(-21.619421586,-58.351441664,16.70837932));
#1537=CARTESIAN_POINT('',(-21.83894823,-58.42214663,16.712497545));
#1538=CARTESIAN_POINT('',(-22.067362323,-58.462280374,16.716586307));
#1539=CARTESIAN_POINT('',(-22.181569369,-58.482347246,16.718630688));
#1540=CARTESIAN_POINT('',(-22.298503804,-58.494552481,16.720682368));
#1541=CARTESIAN_POINT('',(-22.414162715,-58.498525958,16.722590422));
#1542=CARTESIAN_POINT('',(-22.529821625,-58.502499434,16.724498475));
#1543=CARTESIAN_POINT('',(-22.645045065,-58.498456151,16.726279326));
#1544=CARTESIAN_POINT('',(-22.759837385,-58.486460242,16.727875223));
#1545=CARTESIAN_POINT('',(-22.874629704,-58.474464332,16.729471121));
#1546=CARTESIAN_POINT('',(-22.989604979,-58.45435811,16.730888872));
#1547=CARTESIAN_POINT('',(-23.102728947,-58.426255926,16.732058578));
#1548=CARTESIAN_POINT('',(-23.215852915,-58.398153741,16.733228283));
#1549=CARTESIAN_POINT('',(-23.32584565,-58.362471282,16.734140603));
#1550=CARTESIAN_POINT('',(-23.43280878,-58.319454199,16.734775811));
#1551=CARTESIAN_POINT('',(-23.53977191,-58.276437116,16.735411019));
#1552=CARTESIAN_POINT('',(-23.643705205,-58.226084852,16.735768862));
#1553=CARTESIAN_POINT('',(-23.744531878,-58.168211337,16.735829694));
#1554=CARTESIAN_POINT('',(-23.845358552,-58.110337823,16.735890526));
#1555=CARTESIAN_POINT('',(-23.942737625,-58.044960107,16.735648424));
#1556=CARTESIAN_POINT('',(-24.033984919,-57.974054272,16.735121398));
#1557=CARTESIAN_POINT('',(-24.125232213,-57.903148437,16.734594372));
#1558=CARTESIAN_POINT('',(-24.211152899,-57.826283401,16.733783806));
#1559=CARTESIAN_POINT('',(-24.291746147,-57.743457985,16.732713798));
#1560=CARTESIAN_POINT('',(-24.372339394,-57.660632569,16.731643789));
#1561=CARTESIAN_POINT('',(-24.448125093,-57.571087874,16.730300982));
#1562=CARTESIAN_POINT('',(-24.516806571,-57.477325711,16.728762871));
#1563=CARTESIAN_POINT('',(-24.654169528,-57.289801384,16.725686649));
#1564=CARTESIAN_POINT('',(-24.763459119,-57.086790594,16.721853678));
#1565=CARTESIAN_POINT('',(-24.844423903,-56.868145473,16.717770273));
#1566=CARTESIAN_POINT('',(-24.925388687,-56.649500351,16.713686868));
#1567=CARTESIAN_POINT('',(-24.974854088,-56.422713834,16.709489372));
#1568=CARTESIAN_POINT('',(-24.992623831,-56.191902152,16.706124176));
#1569=CARTESIAN_POINT('',(-25.001508703,-56.076496311,16.704441578));
#1570=CARTESIAN_POINT('',(-25.002370431,-55.959040273,16.702962262));
#1571=CARTESIAN_POINT('',(-24.995060802,-55.842928067,16.701883481));
#1572=CARTESIAN_POINT('',(-24.987751174,-55.726815861,16.700804699));
#1573=CARTESIAN_POINT('',(-24.972402453,-55.611634566,16.70011556));
#1574=CARTESIAN_POINT('',(-24.94895551,-55.497389903,16.7));
#1575=B_SPLINE_CURVE_WITH_KNOTS('',3,(#1535,#1536,#1537,#1538,#1539,#1540,#1541,#1542,#1543,#1544,#1545,#1546,#1547,#1548,#1549,#1550,#1551,#1552,#1553,#1554,#1555,#1556,#1557,#1558,#1559,#1560,
#1561,#1562,#1563,#1564,#1565,#1566,#1567,#1568,#1569,#1570,#1571,#1572,#1573,#1574),.UNSPECIFIED.,.F.,.F.,(4,3,3,3,3,3,3,3,3,3,3,3,3,4),(0.,0.000691721,0.001037582,0.001383443,0.001729303,0.002075164,0.002421025,0.002766885,0.003112746,0.003458607,0.004150328,0.004842049,0.00518791,0.005533771),.UNSPECIFIED.);
#1576=EDGE_CURVE('',#1144,#1491,#1575,.T.);
#1577=ORIENTED_EDGE('',*,*,#1576,.F.);
#1578=ORIENTED_EDGE('',*,*,#1165,.F.);
#1579=CARTESIAN_POINT('',(-32.5,-56.,22.7));
#1580=VERTEX_POINT('',#1579);
#1581=CARTESIAN_POINT('',(-22.5,-56.,22.7));
#1582=DIRECTION('',(-0.,-0.,1.));
#1583=DIRECTION('',(-1.,0.,0.));
#1584=AXIS2_PLACEMENT_3D('',#1581,#1582,#1583);
#1585=CIRCLE('',#1584,10.);
#1586=EDGE_CURVE('',#1580,#1136,#1585,.T.);
#1587=ORIENTED_EDGE('',*,*,#1586,.F.);
#1588=CARTESIAN_POINT('',(-32.5,-56.,22.7));
#1589=CARTESIAN_POINT('',(-32.391314539,-55.841666667,21.912920984));
#1590=CARTESIAN_POINT('',(-32.151072866,-55.683333333,21.111045011));
#1591=CARTESIAN_POINT('',(-31.761335085,-55.525,20.366734231));
#1592=CARTESIAN_POINT('',(-31.566466195,-55.445833333,19.994578841));
#1593=CARTESIAN_POINT('',(-31.334223278,-55.366666667,19.63681475));
#1594=CARTESIAN_POINT('',(-31.066194426,-55.2875,19.302584928));
#1595=CARTESIAN_POINT('',(-30.798165574,-55.208333333,18.968355106));
#1596=CARTESIAN_POINT('',(-30.494350786,-55.129166667,18.657659554));
#1597=CARTESIAN_POINT('',(-30.159491449,-55.05,18.378008551));
#1598=CARTESIAN_POINT('',(-29.824632113,-54.970833333,18.098357547));
#1599=CARTESIAN_POINT('',(-29.458728227,-54.891666667,17.849751093));
#1600=CARTESIAN_POINT('',(-29.069290072,-54.8125,17.636930574));
#1601=CARTESIAN_POINT('',(-28.679851917,-54.733333333,17.424110055));
#1602=CARTESIAN_POINT('',(-28.266879492,-54.654166667,17.247075472));
#1603=CARTESIAN_POINT('',(-27.839515769,-54.575,17.107414915));
#1604=CARTESIAN_POINT('',(-26.984788323,-54.416666667,16.828093801));
#1605=CARTESIAN_POINT('',(-26.072495682,-54.258333333,16.698268794));
#1606=CARTESIAN_POINT('',(-25.175,-54.1,16.7));
#1607=B_SPLINE_CURVE_WITH_KNOTS('',3,(#1588,#1589,#1590,#1591,#1592,#1593,#1594,#1595,#1596,#1597,#1598,#1599,#1600,#1601,#1602,#1603,#1604,#1605,#1606),.UNSPECIFIED.,.F.,.F.,(4,3,3,3,3,3,4),(0.,0.25,0.375,0.5,0.625,0.75,1.),.UNSPECIFIED.);
#1608=EDGE_CURVE('',#1580,#554,#1607,.T.);
#1609=ORIENTED_EDGE('',*,*,#1608,.T.);
#1610=ORIENTED_EDGE('',*,*,#561,.F.);
#1611=EDGE_LOOP('',(#1489,#1534,#1577,#1578,#1587,#1609,#1610));
#1612=FACE_BOUND('',#1611,.T.);
#1613=ADVANCED_FACE('',(#1612),#1480,.T.);
#1614=CARTESIAN_POINT('',(-22.5,-56.,-2.4));
#1615=DIRECTION('',(0.,0.,1.));
#1616=DIRECTION('',(1.,0.,-0.));
#1617=AXIS2_PLACEMENT_3D('',#1614,#1615,#1616);
#1618=CYLINDRICAL_SURFACE('',#1617,1.375);
#1619=CARTESIAN_POINT('',(-21.125,-56.,22.7));
#1620=VERTEX_POINT('',#1619);
#1621=CARTESIAN_POINT('',(-21.125,-56.,21.2));
#1622=VERTEX_POINT('',#1621);
#1623=CARTESIAN_POINT('',(-21.125,-56.,22.7));
#1624=DIRECTION('',(-0.,-0.,-1.));
#1625=VECTOR('',#1624,1.5);
#1626=LINE('',#1623,#1625);
#1627=EDGE_CURVE('',#1620,#1622,#1626,.T.);
#1628=ORIENTED_EDGE('',*,*,#1627,.F.);
#1629=CARTESIAN_POINT('',(-22.5,-56.,22.7));
#1630=DIRECTION('',(0.,0.,1.));
#1631=DIRECTION('',(1.,0.,-0.));
#1632=AXIS2_PLACEMENT_3D('',#1629,#1630,#1631);
#1633=CIRCLE('',#1632,1.375);
#1634=EDGE_CURVE('',#1620,#1620,#1633,.T.);
#1635=ORIENTED_EDGE('',*,*,#1634,.T.);
#1636=ORIENTED_EDGE('',*,*,#1627,.T.);
#1637=CARTESIAN_POINT('',(-23.875,-56.,21.2));
#1638=VERTEX_POINT('',#1637);
#1639=CARTESIAN_POINT('',(-22.5,-56.,21.2));
#1640=DIRECTION('',(-0.,-0.,1.));
#1641=DIRECTION('',(-1.,0.,0.));
#1642=AXIS2_PLACEMENT_3D('',#1639,#1640,#1641);
#1643=CIRCLE('',#1642,1.375);
#1644=EDGE_CURVE('',#1638,#1622,#1643,.T.);
#1645=ORIENTED_EDGE('',*,*,#1644,.F.);
#1646=CARTESIAN_POINT('',(-22.5,-56.,21.2));
#1647=DIRECTION('',(-0.,-0.,1.));
#1648=DIRECTION('',(-1.,0.,0.));
#1649=AXIS2_PLACEMENT_3D('',#1646,#1647,#1648);
#1650=CIRCLE('',#1649,1.375);
#1651=EDGE_CURVE('',#1622,#1638,#1650,.T.);
#1652=ORIENTED_EDGE('',*,*,#1651,.F.);
#1653=EDGE_LOOP('',(#1628,#1635,#1636,#1645,#1652));
#1654=FACE_BOUND('',#1653,.T.);
#1655=ADVANCED_FACE('',(#1654),#1618,.F.);
#1656=CARTESIAN_POINT('',(30.5,20.,22.7));
#1657=CARTESIAN_POINT('',(30.5,21.044168583,22.7));
#1658=CARTESIAN_POINT('',(30.290548876,22.096958683,22.7));
#1659=CARTESIAN_POINT('',(29.89103626,23.061467459,22.7));
#1660=CARTESIAN_POINT('',(29.49155885,24.02589124,22.7));
#1661=CARTESIAN_POINT('',(28.894992255,24.918716244,22.7));
#1662=CARTESIAN_POINT('',(28.156854249,25.656854249,22.7));
#1663=CARTESIAN_POINT('',(27.418716244,26.394992255,22.7));
#1664=CARTESIAN_POINT('',(26.52589124,26.99155885,22.7));
#1665=CARTESIAN_POINT('',(25.561467459,27.39103626,22.7));
#1666=CARTESIAN_POINT('',(24.596958683,27.790548876,22.7));
#1667=CARTESIAN_POINT('',(23.544168583,28.,22.7));
#1668=CARTESIAN_POINT('',(22.5,28.,22.7));
#1669=CARTESIAN_POINT('',(30.5,20.,22.411858523));
#1670=CARTESIAN_POINT('',(30.5,21.044168583,22.411858523));
#1671=CARTESIAN_POINT('',(30.290548876,22.096958683,22.411858523));
#1672=CARTESIAN_POINT('',(29.89103626,23.061467459,22.411858523));
#1673=CARTESIAN_POINT('',(29.49155885,24.02589124,22.411858523));
#1674=CARTESIAN_POINT('',(28.894992255,24.918716244,22.411858523));
#1675=CARTESIAN_POINT('',(28.156854249,25.656854249,22.411858523));
#1676=CARTESIAN_POINT('',(27.418716244,26.394992255,22.411858523));
#1677=CARTESIAN_POINT('',(26.52589124,26.99155885,22.411858523));
#1678=CARTESIAN_POINT('',(25.561467459,27.39103626,22.411858523));
#1679=CARTESIAN_POINT('',(24.596958683,27.790548876,22.411858523));
#1680=CARTESIAN_POINT('',(23.544168583,28.,22.411858523));
#1681=CARTESIAN_POINT('',(22.5,28.,22.411858523));
#1682=CARTESIAN_POINT('',(30.476968428,20.,22.127703808));
#1683=CARTESIAN_POINT('',(30.476968428,21.041166684,22.127703808));
#1684=CARTESIAN_POINT('',(30.268121914,22.090917762,22.127703808));
#1685=CARTESIAN_POINT('',(29.869757862,23.052653658,22.127703808));
#1686=CARTESIAN_POINT('',(29.471428869,24.014304916,22.127703808));
#1687=CARTESIAN_POINT('',(28.876584477,24.904552461,22.127703808));
#1688=CARTESIAN_POINT('',(28.140568469,25.640568469,22.127703808));
#1689=CARTESIAN_POINT('',(27.404552461,26.376584477,22.127703808));
#1690=CARTESIAN_POINT('',(26.514304916,26.971428869,22.127703808));
#1691=CARTESIAN_POINT('',(25.552653658,27.369757862,22.127703808));
#1692=CARTESIAN_POINT('',(24.590917762,27.768121914,22.127703808));
#1693=CARTESIAN_POINT('',(23.541166684,27.976968428,22.127703808));
#1694=CARTESIAN_POINT('',(22.5,27.976968428,22.127703808));
#1695=CARTESIAN_POINT('',(30.430227304,20.,21.853998039));
#1696=CARTESIAN_POINT('',(30.430227304,21.035079629,21.853998039));
#1697=CARTESIAN_POINT('',(30.222609765,22.078653365,21.853998039));
#1698=CARTESIAN_POINT('',(29.826574694,23.034766604,21.853998039));
#1699=CARTESIAN_POINT('',(29.430574327,23.990796061,21.853998039));
#1700=CARTESIAN_POINT('',(28.839230771,24.875804235,21.853998039));
#1701=CARTESIAN_POINT('',(28.107517503,25.607517503,21.853998039));
#1702=CARTESIAN_POINT('',(27.375804235,26.339230771,21.853998039));
#1703=CARTESIAN_POINT('',(26.490796061,26.930574327,21.853998039));
#1704=CARTESIAN_POINT('',(25.534766604,27.326574694,21.853998039));
#1705=CARTESIAN_POINT('',(24.578653365,27.722609765,21.853998039));
#1706=CARTESIAN_POINT('',(23.535079629,27.930227304,21.853998039));
#1707=CARTESIAN_POINT('',(22.5,27.930227304,21.853998039));
#1708=CARTESIAN_POINT('',(30.383486179,20.,21.580292271));
#1709=CARTESIAN_POINT('',(30.383486179,21.028992575,21.580292271));
#1710=CARTESIAN_POINT('',(30.177097615,22.066388969,21.580292271));
#1711=CARTESIAN_POINT('',(29.783391526,23.01687955,21.580292271));
#1712=CARTESIAN_POINT('',(29.389719785,23.967287207,21.580292271));
#1713=CARTESIAN_POINT('',(28.801877065,24.847056008,21.580292271));
#1714=CARTESIAN_POINT('',(28.074466537,25.574466537,21.580292271));
#1715=CARTESIAN_POINT('',(27.347056008,26.301877065,21.580292271));
#1716=CARTESIAN_POINT('',(26.467287207,26.889719785,21.580292271));
#1717=CARTESIAN_POINT('',(25.51687955,27.283391526,21.580292271));
#1718=CARTESIAN_POINT('',(24.566388969,27.677097615,21.580292271));
#1719=CARTESIAN_POINT('',(23.528992575,27.883486179,21.580292271));
#1720=CARTESIAN_POINT('',(22.5,27.883486179,21.580292271));
#1721=CARTESIAN_POINT('',(30.31308087,20.,21.317137021));
#1722=CARTESIAN_POINT('',(30.31308087,21.019826477,21.317137021));
#1723=CARTESIAN_POINT('',(30.108544531,22.047912815,21.317137021));
#1724=CARTESIAN_POINT('',(29.718345502,22.989936605,21.317137021));
#1725=CARTESIAN_POINT('',(29.328180256,23.931878833,21.317137021));
#1726=CARTESIAN_POINT('',(28.745613835,24.803751095,21.317137021));
#1727=CARTESIAN_POINT('',(28.024682465,25.524682465,21.317137021));
#1728=CARTESIAN_POINT('',(27.303751095,26.245613835,21.317137021));
#1729=CARTESIAN_POINT('',(26.431878833,26.828180256,21.317137021));
#1730=CARTESIAN_POINT('',(25.489936605,27.218345502,21.317137021));
#1731=CARTESIAN_POINT('',(24.547912815,27.608544531,21.317137021));
#1732=CARTESIAN_POINT('',(23.519826477,27.81308087,21.317137021));
#1733=CARTESIAN_POINT('',(22.5,27.81308087,21.317137021));
#1734=CARTESIAN_POINT('',(30.220164477,20.,21.069614781));
#1735=CARTESIAN_POINT('',(30.220164477,21.007736855,21.069614781));
#1736=CARTESIAN_POINT('',(30.018075346,22.023522514,21.069614781));
#1737=CARTESIAN_POINT('',(29.632501948,22.954379041,21.069614781));
#1738=CARTESIAN_POINT('',(29.246961511,23.885155994,21.069614781));
#1739=CARTESIAN_POINT('',(28.671366493,24.746594815,21.069614781));
#1740=CARTESIAN_POINT('',(27.958980654,25.458980654,21.069614781));
#1741=CARTESIAN_POINT('',(27.246594815,26.171366493,21.069614781));
#1742=CARTESIAN_POINT('',(26.385155994,26.746961511,21.069614781));
#1743=CARTESIAN_POINT('',(25.454379041,27.132501948,21.069614781));
#1744=CARTESIAN_POINT('',(24.523522514,27.518075346,21.069614781));
#1745=CARTESIAN_POINT('',(23.507736855,27.720164477,21.069614781));
#1746=CARTESIAN_POINT('',(22.5,27.720164477,21.069614781));
#1747=CARTESIAN_POINT('',(30.034331693,20.,20.574570301));
#1748=CARTESIAN_POINT('',(30.034331693,20.983557611,20.574570301));
#1749=CARTESIAN_POINT('',(29.837136976,21.974741913,20.574570301));
#1750=CARTESIAN_POINT('',(29.460814842,22.883263913,20.574570301));
#1751=CARTESIAN_POINT('',(29.08452402,23.791710318,20.574570301));
#1752=CARTESIAN_POINT('',(28.522871808,24.632282255,20.574570301));
#1753=CARTESIAN_POINT('',(27.827577032,25.327577032,20.574570301));
#1754=CARTESIAN_POINT('',(27.132282255,26.022871808,20.574570301));
#1755=CARTESIAN_POINT('',(26.291710318,26.58452402,20.574570301));
#1756=CARTESIAN_POINT('',(25.383263913,26.960814842,20.574570301));
#1757=CARTESIAN_POINT('',(24.474741913,27.337136976,20.574570301));
#1758=CARTESIAN_POINT('',(23.483557611,27.534331693,20.574570301));
#1759=CARTESIAN_POINT('',(22.5,27.534331693,20.574570301));
#1760=CARTESIAN_POINT('',(29.759383155,20.,20.143827381));
#1761=CARTESIAN_POINT('',(29.759383155,20.947812833,20.143827381));
#1762=CARTESIAN_POINT('',(29.569441289,21.902541319,20.143827381));
#1763=CARTESIAN_POINT('',(29.206795516,22.778045663,20.143827381));
#1764=CARTESIAN_POINT('',(28.844178294,23.653481078,20.143827381));
#1765=CARTESIAN_POINT('',(28.303188315,24.463129797,20.143827381));
#1766=CARTESIAN_POINT('',(27.633159056,25.133159056,20.143827381));
#1767=CARTESIAN_POINT('',(26.963129797,25.803188315,20.143827381));
#1768=CARTESIAN_POINT('',(26.153481078,26.344178294,20.143827381));
#1769=CARTESIAN_POINT('',(25.278045663,26.706795516,20.143827381));
#1770=CARTESIAN_POINT('',(24.402541319,27.069441289,20.143827381));
#1771=CARTESIAN_POINT('',(23.447812833,27.259383155,20.143827381));
#1772=CARTESIAN_POINT('',(22.5,27.259383155,20.143827381));
#1773=CARTESIAN_POINT('',(29.407777887,20.,19.792222113));
#1774=CARTESIAN_POINT('',(29.407777887,20.902113729,19.792222113));
#1775=CARTESIAN_POINT('',(29.227115382,21.810200322,19.792222113));
#1776=CARTESIAN_POINT('',(28.881954605,22.643492152,19.792222113));
#1777=CARTESIAN_POINT('',(28.536818722,23.476723882,19.792222113));
#1778=CARTESIAN_POINT('',(28.022264544,24.24680863,19.792222113));
#1779=CARTESIAN_POINT('',(27.384536587,24.884536587,19.792222113));
#1780=CARTESIAN_POINT('',(26.74680863,25.522264544,19.792222113));
#1781=CARTESIAN_POINT('',(25.976723882,26.036818722,19.792222113));
#1782=CARTESIAN_POINT('',(25.143492152,26.381954605,19.792222113));
#1783=CARTESIAN_POINT('',(24.310200322,26.727115382,19.792222113));
#1784=CARTESIAN_POINT('',(23.402113729,26.907777887,19.792222113));
#1785=CARTESIAN_POINT('',(22.5,26.907777887,19.792222113));
#1786=CARTESIAN_POINT('',(29.231975253,20.,19.616419479));
#1787=CARTESIAN_POINT('',(29.231975253,20.879264176,19.616419479));
#1788=CARTESIAN_POINT('',(29.055952429,21.764029823,19.616419479));
#1789=CARTESIAN_POINT('',(28.71953415,22.576215396,19.616419479));
#1790=CARTESIAN_POINT('',(28.383138936,23.388345283,19.616419479));
#1791=CARTESIAN_POINT('',(27.881802658,24.138648047,19.616419479));
#1792=CARTESIAN_POINT('',(27.260225352,24.760225352,19.616419479));
#1793=CARTESIAN_POINT('',(26.638648047,25.381802658,19.616419479));
#1794=CARTESIAN_POINT('',(25.888345283,25.883138936,19.616419479));
#1795=CARTESIAN_POINT('',(25.076215396,26.21953415,19.616419479));
#1796=CARTESIAN_POINT('',(24.264029823,26.555952429,19.616419479));
#1797=CARTESIAN_POINT('',(23.379264176,26.731975253,19.616419479));
#1798=CARTESIAN_POINT('',(22.5,26.731975253,19.616419479));
#1799=CARTESIAN_POINT('',(29.036761955,20.,19.459930946));
#1800=CARTESIAN_POINT('',(29.036761955,20.853891966,19.459930946));
#1801=CARTESIAN_POINT('',(28.865891164,21.712761377,19.459930946));
#1802=CARTESIAN_POINT('',(28.539180579,22.501510502,19.459930946));
#1803=CARTESIAN_POINT('',(28.212491028,23.290208847,19.459930946));
#1804=CARTESIAN_POINT('',(27.725832285,24.018545126,19.459930946));
#1805=CARTESIAN_POINT('',(27.122188706,24.622188706,19.459930946));
#1806=CARTESIAN_POINT('',(26.518545126,25.225832285,19.459930946));
#1807=CARTESIAN_POINT('',(25.790208847,25.712491028,19.459930946));
#1808=CARTESIAN_POINT('',(25.001510502,26.039180579,19.459930946));
#1809=CARTESIAN_POINT('',(24.212761377,26.365891164,19.459930946));
#1810=CARTESIAN_POINT('',(23.353891966,26.536761955,19.459930946));
#1811=CARTESIAN_POINT('',(22.5,26.536761955,19.459930946));
#1812=CARTESIAN_POINT('',(28.823271932,20.,19.324003932));
#1813=CARTESIAN_POINT('',(28.823271932,20.826135417,19.324003932));
#1814=CARTESIAN_POINT('',(28.658032127,21.656701167,19.324003932));
#1815=CARTESIAN_POINT('',(28.341941516,22.419811407,19.324003932));
#1816=CARTESIAN_POINT('',(28.025869814,23.182875998,19.324003932));
#1817=CARTESIAN_POINT('',(27.555252816,23.887204109,19.324003932));
#1818=CARTESIAN_POINT('',(26.971228462,24.471228462,19.324003932));
#1819=CARTESIAN_POINT('',(26.387204109,25.055252816,19.324003932));
#1820=CARTESIAN_POINT('',(25.682875998,25.525869814,19.324003932));
#1821=CARTESIAN_POINT('',(24.919811407,25.841941516,19.324003932));
#1822=CARTESIAN_POINT('',(24.156701167,26.158032127,19.324003932));
#1823=CARTESIAN_POINT('',(23.326135417,26.323271932,19.324003932));
#1824=CARTESIAN_POINT('',(22.5,26.323271932,19.324003932));
#1825=CARTESIAN_POINT('',(28.609781908,20.,19.188076918));
#1826=CARTESIAN_POINT('',(28.609781908,20.798378868,19.188076918));
#1827=CARTESIAN_POINT('',(28.450173089,21.600640958,19.188076918));
#1828=CARTESIAN_POINT('',(28.144702453,22.338112312,19.188076918));
#1829=CARTESIAN_POINT('',(27.839248599,23.075543149,19.188076918));
#1830=CARTESIAN_POINT('',(27.384673346,23.755863091,19.188076918));
#1831=CARTESIAN_POINT('',(26.820268219,24.320268219,19.188076918));
#1832=CARTESIAN_POINT('',(26.255863091,24.884673346,19.188076918));
#1833=CARTESIAN_POINT('',(25.575543149,25.339248599,19.188076918));
#1834=CARTESIAN_POINT('',(24.838112312,25.644702453,19.188076918));
#1835=CARTESIAN_POINT('',(24.100640958,25.950173089,19.188076918));
#1836=CARTESIAN_POINT('',(23.298378868,26.109781908,19.188076918));
#1837=CARTESIAN_POINT('',(22.5,26.109781908,19.188076918));
#1838=CARTESIAN_POINT('',(28.377907459,20.,19.072751915));
#1839=CARTESIAN_POINT('',(28.377907459,20.768223563,19.072751915));
#1840=CARTESIAN_POINT('',(28.224411263,21.539761087,19.072751915));
#1841=CARTESIAN_POINT('',(27.930478395,22.249377802,19.072751915));
#1842=CARTESIAN_POINT('',(27.636560096,22.958959347,19.072751915));
#1843=CARTESIAN_POINT('',(27.199398427,23.613218021,19.072751915));
#1844=CARTESIAN_POINT('',(26.656308224,24.156308224,19.072751915));
#1845=CARTESIAN_POINT('',(26.113218021,24.699398427,19.072751915));
#1846=CARTESIAN_POINT('',(25.458959347,25.136560096,19.072751915));
#1847=CARTESIAN_POINT('',(24.749377802,25.430478395,19.072751915));
#1848=CARTESIAN_POINT('',(24.039761087,25.724411263,19.072751915));
#1849=CARTESIAN_POINT('',(23.268223563,25.877907459,19.072751915));
#1850=CARTESIAN_POINT('',(22.5,25.877907459,19.072751915));
#1851=CARTESIAN_POINT('',(28.130385219,20.,18.979835523));
#1852=CARTESIAN_POINT('',(28.130385219,20.736017725,18.979835523));
#1853=CARTESIAN_POINT('',(27.983408198,21.474787171,18.979835523));
#1854=CARTESIAN_POINT('',(27.701797664,22.154655141,18.979835523));
#1855=CARTESIAN_POINT('',(27.420199503,22.834493241,18.979835523));
#1856=CARTESIAN_POINT('',(27.001609124,23.460958015,18.979835523));
#1857=CARTESIAN_POINT('',(26.481283569,23.981283569,18.979835523));
#1858=CARTESIAN_POINT('',(25.960958015,24.501609124,18.979835523));
#1859=CARTESIAN_POINT('',(25.334493241,24.920199503,18.979835523));
#1860=CARTESIAN_POINT('',(24.654655141,25.201797664,18.979835523));
#1861=CARTESIAN_POINT('',(23.974787171,25.483408198,18.979835523));
#1862=CARTESIAN_POINT('',(23.236017725,25.630385219,18.979835523));
#1863=CARTESIAN_POINT('',(22.5,25.630385219,18.979835523));
#1864=CARTESIAN_POINT('',(27.882862979,20.,18.88691913));
#1865=CARTESIAN_POINT('',(27.882862979,20.703811887,18.88691913));
#1866=CARTESIAN_POINT('',(27.742405133,21.409813256,18.88691913));
#1867=CARTESIAN_POINT('',(27.473116933,22.059932481,18.88691913));
#1868=CARTESIAN_POINT('',(27.203838911,22.710027134,18.88691913));
#1869=CARTESIAN_POINT('',(26.803819821,23.308698009,18.88691913));
#1870=CARTESIAN_POINT('',(26.306258915,23.806258915,18.88691913));
#1871=CARTESIAN_POINT('',(25.808698009,24.303819821,18.88691913));
#1872=CARTESIAN_POINT('',(25.210027134,24.703838911,18.88691913));
#1873=CARTESIAN_POINT('',(24.559932481,24.973116933,18.88691913));
#1874=CARTESIAN_POINT('',(23.909813256,25.242405133,18.88691913));
#1875=CARTESIAN_POINT('',(23.203811887,25.382862979,18.88691913));
#1876=CARTESIAN_POINT('',(22.5,25.382862979,18.88691913));
#1877=CARTESIAN_POINT('',(27.619707729,20.,18.816513821));
#1878=CARTESIAN_POINT('',(27.619707729,20.669557331,18.816513821));
#1879=CARTESIAN_POINT('',(27.48617518,21.340749276,18.816513821));
#1880=CARTESIAN_POINT('',(27.229993184,21.959227327,18.816513821));
#1881=CARTESIAN_POINT('',(26.973819192,22.577686051,18.816513821));
#1882=CARTESIAN_POINT('',(26.593527868,23.146832238,18.816513821));
#1883=CARTESIAN_POINT('',(26.120180053,23.620180053,18.816513821));
#1884=CARTESIAN_POINT('',(25.646832238,24.093527868,18.816513821));
#1885=CARTESIAN_POINT('',(25.077686051,24.473819192,18.816513821));
#1886=CARTESIAN_POINT('',(24.459227327,24.729993184,18.816513821));
#1887=CARTESIAN_POINT('',(23.840749276,24.98617518,18.816513821));
#1888=CARTESIAN_POINT('',(23.169557331,25.119707729,18.816513821));
#1889=CARTESIAN_POINT('',(22.5,25.119707729,18.816513821));
#1890=CARTESIAN_POINT('',(27.346001961,20.,18.769772696));
#1891=CARTESIAN_POINT('',(27.346001961,20.633912877,18.769772696));
#1892=CARTESIAN_POINT('',(27.219666021,21.268931663,18.769772696));
#1893=CARTESIAN_POINT('',(26.977122026,21.854484664,18.769772696));
#1894=CARTESIAN_POINT('',(26.734583958,22.440023357,18.769772696));
#1895=CARTESIAN_POINT('',(26.374792762,22.978488934,18.769772696));
#1896=CARTESIAN_POINT('',(25.926640848,23.426640848,18.769772696));
#1897=CARTESIAN_POINT('',(25.478488934,23.874792762,18.769772696));
#1898=CARTESIAN_POINT('',(24.940023357,24.234583958,18.769772696));
#1899=CARTESIAN_POINT('',(24.354484664,24.477122026,18.769772696));
#1900=CARTESIAN_POINT('',(23.768931663,24.719666021,18.769772696));
#1901=CARTESIAN_POINT('',(23.133912877,24.846001961,18.769772696));
#1902=CARTESIAN_POINT('',(22.5,24.846001961,18.769772696));
#1903=CARTESIAN_POINT('',(27.072296192,20.,18.723031572));
#1904=CARTESIAN_POINT('',(27.072296192,20.598268424,18.723031572));
#1905=CARTESIAN_POINT('',(26.953156861,21.197114049,18.723031572));
#1906=CARTESIAN_POINT('',(26.724250869,21.749742001,18.723031572));
#1907=CARTESIAN_POINT('',(26.495348724,22.302360663,18.723031572));
#1908=CARTESIAN_POINT('',(26.156057656,22.81014563,18.723031572));
#1909=CARTESIAN_POINT('',(25.733101643,23.233101643,18.723031572));
#1910=CARTESIAN_POINT('',(25.31014563,23.656057656,18.723031572));
#1911=CARTESIAN_POINT('',(24.802360663,23.995348724,18.723031572));
#1912=CARTESIAN_POINT('',(24.249742001,24.224250869,18.723031572));
#1913=CARTESIAN_POINT('',(23.697114049,24.453156861,18.723031572));
#1914=CARTESIAN_POINT('',(23.098268424,24.572296192,18.723031572));
#1915=CARTESIAN_POINT('',(22.5,24.572296192,18.723031572));
#1916=CARTESIAN_POINT('',(26.788141477,20.,18.7));
#1917=CARTESIAN_POINT('',(26.788141477,20.561247426,18.7));
#1918=CARTESIAN_POINT('',(26.676467444,21.122569337,18.7));
#1919=CARTESIAN_POINT('',(26.461726143,21.641000699,18.7));
#1920=CARTESIAN_POINT('',(26.246986704,22.159427565,18.7));
#1921=CARTESIAN_POINT('',(25.928960662,22.635387172,18.7));
#1922=CARTESIAN_POINT('',(25.532173917,23.032173917,18.7));
#1923=CARTESIAN_POINT('',(25.135387172,23.428960662,18.7));
#1924=CARTESIAN_POINT('',(24.659427565,23.746986704,18.7));
#1925=CARTESIAN_POINT('',(24.141000699,23.961726143,18.7));
#1926=CARTESIAN_POINT('',(23.622569337,24.176467444,18.7));
#1927=CARTESIAN_POINT('',(23.061247426,24.288141477,18.7));
#1928=CARTESIAN_POINT('',(22.5,24.288141477,18.7));
#1929=CARTESIAN_POINT('',(26.5,20.,18.7));
#1930=CARTESIAN_POINT('',(26.5,20.523693175,18.7));
#1931=CARTESIAN_POINT('',(26.395890705,21.046991542,18.7));
#1932=CARTESIAN_POINT('',(26.19551813,21.530733729,18.7));
#1933=CARTESIAN_POINT('',(25.995145556,22.014475916,18.7));
#1934=CARTESIAN_POINT('',(25.698667366,22.458186884,18.7));
#1935=CARTESIAN_POINT('',(25.328427125,22.828427125,18.7));
#1936=CARTESIAN_POINT('',(24.958186884,23.198667366,18.7));
#1937=CARTESIAN_POINT('',(24.514475916,23.495145556,18.7));
#1938=CARTESIAN_POINT('',(24.030733729,23.69551813,18.7));
#1939=CARTESIAN_POINT('',(23.546991542,23.895890705,18.7));
#1940=CARTESIAN_POINT('',(23.023693175,24.,18.7));
#1941=CARTESIAN_POINT('',(22.5,24.,18.7));
#1942=B_SPLINE_SURFACE_WITH_KNOTS('',3,3,((#1656,#1657,#1658,#1659,#1660,#1661,#1662,#1663,#1664,#1665,#1666,#1667,#1668),(#1669,#1670,#1671,#1672,#1673,#1674,#1675,#1676,#1677,#1678,#1679,#1680,#1681),(#1682,#1683,#1684,#1685,#1686,#1687,#1688,#1689,#1690,#1691,#1692,#1693,#1694),(#1695,#1696,#1697,#1698,#1699,#1700,#1701,#1702,#1703,#1704,#1705,#1706,#1707),(#1708,#1709,#1710,#1711,#1712,#1713,#1714,#1715,#1716,#1717,#1718,#1719,#1720),(#1721,#1722,#1723,#1724,#1725,#1726,#1727,#1728,#1729,#1730,#1731,#1732,#1733),(#1734,#1735,#1736,#1737,#1738,#1739,#1740,#1741,#1742,#1743,#1744,#1745,#1746),(#1747,#1748,#1749,#1750,#1751,#1752,#1753,#1754,#1755,#1756,#1757,#1758,#1759),(#1760,#1761,#1762,#1763,#1764,#1765,#1766,#1767,#1768,#1769,#1770,#1771,#1772),(#1773,#1774,#1775,#1776,#1777,#1778,#1779,#1780,#1781,#1782,#1783,#1784,#1785),(#1786,#1787,#1788,#1789,#1790,#1791,#1792,#1793,#1794,#1795,#1796,#1797,#1798),(#1799,#1800,#1801,#1802,#1803,#1804,#1805,#1806,#1807,#1808,#1809,#1810,#1811),(#1812,#1813,#1814,#1815,#1816,#1817,#1818,#1819,#1820,#1821,#1822,#1823,#1824),(#1825,#1826,#1827,#1828,#1829,#1830,#1831,#1832,#1833,#1834,#1835,#1836,#1837),(#1838,#1839,#1840,#1841,#1842,#1843,#1844,#1845,#1846,#1847,#1848,#1849,#1850),(#1851,#1852,#1853,#1854,#1855,#1856,#1857,#1858,#1859,#1860,#1861,#1862,#1863),(#1864,#1865,#1866,#1867,#1868,#1869,#1870,#1871,#1872,#1873,#1874,#1875,#1876),(#1877,#1878,#1879,#1880,#1881,#1882,#1883,#1884,#1885,#1886,#1887,#1888,#1889),(#1890,#1891,#1892,#1893,#1894,#1895,#1896,#1897,#1898,#1899,#1900,#1901,#1902),(#1903,#1904,#1905,#1906,#1907,#1908,#1909,#1910,#1911,#1912,#1913,#1914,#1915),(#1916,#1917,#1918,#1919,#1920,#1921,#1922,#1923,#1924,#1925,#1926,#1927,#1928),(#1929,#1930,#1931,#1932,#1933,#1934,#1935,#1936,#1937,#1938,#1939,#1940,#1941)),.UNSPECIFIED.,.F.,.F.,.U.,(4,3,3,3,3,3,3,4),(4,3,3,3,4),(0.,0.125,0.25,0.5,0.625,0.75,0.875,1.),(-0.,0.392699082,0.785398163,1.178097245,1.570796327),.UNSPECIFIED.);
#1943=CARTESIAN_POINT('',(27.346293993,20.,18.769822577));
#1944=VERTEX_POINT('',#1943);
#1945=CARTESIAN_POINT('',(23.041949384,23.962931502,18.7));
#1946=VERTEX_POINT('',#1945);
#1947=CARTESIAN_POINT('',(27.346293993,20.,18.769822577));
#1948=CARTESIAN_POINT('',(27.535859654,20.1305868,18.802207445));
#1949=CARTESIAN_POINT('',(27.705397393,20.279091798,18.844044007));
#1950=CARTESIAN_POINT('',(27.856643112,20.444214371,18.893640041));
#1951=CARTESIAN_POINT('',(28.007888832,20.609336944,18.943236076));
#1952=CARTESIAN_POINT('',(28.14135898,20.793026359,19.001303412));
#1953=CARTESIAN_POINT('',(28.250786804,20.98502115,19.063263861));
#1954=CARTESIAN_POINT('',(28.360214628,21.177015941,19.125224311));
#1955=CARTESIAN_POINT('',(28.447712819,21.379467991,19.191756533));
#1956=CARTESIAN_POINT('',(28.512593756,21.59105984,19.260639138));
#1957=CARTESIAN_POINT('',(28.577474692,21.80265169,19.329521742));
#1958=CARTESIAN_POINT('',(28.618082068,22.017433291,19.39882473));
#1959=CARTESIAN_POINT('',(28.635221058,22.23599468,19.466309975));
#1960=CARTESIAN_POINT('',(28.652360047,22.454556068,19.53379522));
#1961=CARTESIAN_POINT('',(28.645324255,22.67921009,19.600119715));
#1962=CARTESIAN_POINT('',(28.613732184,22.898428725,19.658458645));
#1963=CARTESIAN_POINT('',(28.582140113,23.11764736,19.716797574));
#1964=CARTESIAN_POINT('',(28.526668355,23.333398655,19.767853923));
#1965=CARTESIAN_POINT('',(28.444926147,23.546214135,19.807252614));
#1966=CARTESIAN_POINT('',(28.404055043,23.652621876,19.826951959));
#1967=CARTESIAN_POINT('',(28.356610078,23.757758782,19.843546339));
#1968=CARTESIAN_POINT('',(28.303858412,23.858812903,19.856223093));
#1969=CARTESIAN_POINT('',(28.251106746,23.959867024,19.868899848));
#1970=CARTESIAN_POINT('',(28.192751879,24.057661089,19.877818751));
#1971=CARTESIAN_POINT('',(28.12876397,24.152192536,19.882757497));
#1972=CARTESIAN_POINT('',(28.064776061,24.246723982,19.887696243));
#1973=CARTESIAN_POINT('',(27.995156517,24.337993738,19.888654289));
#1974=CARTESIAN_POINT('',(27.91965009,24.425854613,19.885442424));
#1975=CARTESIAN_POINT('',(27.844143662,24.513715489,19.882230558));
#1976=CARTESIAN_POINT('',(27.76340028,24.597263367,19.874822273));
#1977=CARTESIAN_POINT('',(27.679300209,24.674898801,19.863717892));
#1978=CARTESIAN_POINT('',(27.595200138,24.752534234,19.85261351));
#1979=CARTESIAN_POINT('',(27.507251818,24.824837795,19.837795233));
#1980=CARTESIAN_POINT('',(27.415501516,24.891947479,19.819689849));
#1981=CARTESIAN_POINT('',(27.323751214,24.959057163,19.801584466));
#1982=CARTESIAN_POINT('',(27.227573385,25.021303833,19.780031041));
#1983=CARTESIAN_POINT('',(27.129182953,25.077345005,19.755953186));
#1984=CARTESIAN_POINT('',(26.932402089,25.189427347,19.707797474));
#1985=CARTESIAN_POINT('',(26.727748061,25.276934364,19.650014291));
#1986=CARTESIAN_POINT('',(26.514868548,25.341479368,19.58639227));
#1987=CARTESIAN_POINT('',(26.408428792,25.373751871,19.554581259));
#1988=CARTESIAN_POINT('',(26.299952623,25.400111543,19.521289348));
#1989=CARTESIAN_POINT('',(26.191648705,25.42020521,19.487627818));
#1990=CARTESIAN_POINT('',(26.083344787,25.440298877,19.453966289));
#1991=CARTESIAN_POINT('',(25.974625553,25.454320928,19.419756507));
#1992=CARTESIAN_POINT('',(25.865396739,25.462389601,19.38533672));
#1993=CARTESIAN_POINT('',(25.756167926,25.470458275,19.350916933));
#1994=CARTESIAN_POINT('',(25.646431015,25.472570957,19.316281591));
#1995=CARTESIAN_POINT('',(25.536084023,25.468584162,19.281712712));
#1996=CARTESIAN_POINT('',(25.425737032,25.464597367,19.247143834));
#1997=CARTESIAN_POINT('',(25.315030894,25.454434409,19.212724352));
#1998=CARTESIAN_POINT('',(25.206160628,25.43835821,19.179391668));
#1999=CARTESIAN_POINT('',(24.988420095,25.406205811,19.112726301));
#2000=CARTESIAN_POINT('',(24.775466123,25.350607175,19.049600457));
#2001=CARTESIAN_POINT('',(24.567110941,25.270440372,18.991598672));
#2002=CARTESIAN_POINT('',(24.46293335,25.23035697,18.962597779));
#2003=CARTESIAN_POINT('',(24.359468381,25.183759216,18.934772459));
#2004=CARTESIAN_POINT('',(24.259826363,25.131920708,18.909121968));
#2005=CARTESIAN_POINT('',(24.160184345,25.0800822,18.883471477));
#2006=CARTESIAN_POINT('',(24.063768446,25.022834777,18.85981839));
#2007=CARTESIAN_POINT('',(23.970557766,24.960166747,18.838289102));
#2008=CARTESIAN_POINT('',(23.877347086,24.897498718,18.816759814));
#2009=CARTESIAN_POINT('',(23.787341517,24.829411303,18.797351163));
#2010=CARTESIAN_POINT('',(23.700651353,24.755671992,18.780273334));
#2011=CARTESIAN_POINT('',(23.61396119,24.681932681,18.763195506));
#2012=CARTESIAN_POINT('',(23.530071134,24.601932781,18.748380171));
#2013=CARTESIAN_POINT('',(23.451558444,24.517838445,18.736469205));
#2014=CARTESIAN_POINT('',(23.294533062,24.349649775,18.712647274));
#2015=CARTESIAN_POINT('',(23.15776758,24.164897049,18.700000513));
#2016=CARTESIAN_POINT('',(23.041949384,23.962931502,18.7));
#2017=B_SPLINE_CURVE_WITH_KNOTS('',3,(#1947,#1948,#1949,#1950,#1951,#1952,#1953,#1954,#1955,#1956,#1957,#1958,#1959,#1960,#1961,#1962,#1963,#1964,#1965,#1966,#1967,#1968,#1969,#1970,#1971,#1972,
#1973,#1974,#1975,#1976,#1977,#1978,#1979,#1980,#1981,#1982,#1983,#1984,#1985,#1986,#1987,#1988,#1989,#1990,#1991,#1992,#1993,#1994,#1995,#1996,#1997,
#1998,#1999,#2000,#2001,#2002,#2003,#2004,#2005,#2006,#2007,#2008,#2009,#2010,#2011,#2012,#2013,#2014,#2015,#2016),.UNSPECIFIED.,.F.,.F.,(4,3,3,3,3,3,3,3,3,3,3,3,3,3,3,3,3,3,3,3,3,3,3,4),(0.,0.000686764,0.001373527,0.002060291,0.002747055,0.003433818,0.004120582,0.004463964,0.004807346,0.005150727,0.005494109,0.005837491,0.006180873,0.006867637,0.007211018,0.0075544,0.007897782,0.008241164,0.008927928,0.009271309,0.009614691,0.009958073,0.010301455,0.010988219),.UNSPECIFIED.);
#2018=EDGE_CURVE('',#1944,#1946,#2017,.T.);
#2019=ORIENTED_EDGE('',*,*,#2018,.F.);
#2020=CARTESIAN_POINT('',(30.5,20.,22.7));
#2021=VERTEX_POINT('',#2020);
#2022=CARTESIAN_POINT('',(27.346293993,20.,18.769822577));
#2023=CARTESIAN_POINT('',(27.825241618,20.,18.851644844));
#2024=CARTESIAN_POINT('',(28.270569865,20.,19.006393807));
#2025=CARTESIAN_POINT('',(28.65992815,20.,19.22605022));
#2026=CARTESIAN_POINT('',(29.049286435,20.,19.445706633));
#2027=CARTESIAN_POINT('',(29.383587751,20.,19.729176287));
#2028=CARTESIAN_POINT('',(29.656997384,20.,20.070636657));
#2029=CARTESIAN_POINT('',(29.930407016,20.,20.412097027));
#2030=CARTESIAN_POINT('',(30.14286867,20.,20.811907561));
#2031=CARTESIAN_POINT('',(30.285634689,20.,21.258176261));
#2032=CARTESIAN_POINT('',(30.428400708,20.,21.704444962));
#2033=CARTESIAN_POINT('',(30.5,20.,22.195778035));
#2034=CARTESIAN_POINT('',(30.5,20.,22.7));
#2035=B_SPLINE_CURVE_WITH_KNOTS('',3,(#2022,#2023,#2024,#2025,#2026,#2027,#2028,#2029,#2030,#2031,#2032,#2033,#2034),.UNSPECIFIED.,.F.,.F.,(4,3,3,3,4),(0.,0.218738886,0.437477771,0.656216657,0.874955543),.UNSPECIFIED.);
#2036=EDGE_CURVE('',#1944,#2021,#2035,.T.);
#2037=ORIENTED_EDGE('',*,*,#2036,.T.);
#2038=CARTESIAN_POINT('',(22.5,28.,22.7));
#2039=VERTEX_POINT('',#2038);
#2040=CARTESIAN_POINT('',(22.5,20.,22.7));
#2041=DIRECTION('',(-0.,-0.,1.));
#2042=DIRECTION('',(-1.,0.,0.));
#2043=AXIS2_PLACEMENT_3D('',#2040,#2041,#2042);
#2044=CIRCLE('',#2043,8.);
#2045=EDGE_CURVE('',#2021,#2039,#2044,.T.);
#2046=ORIENTED_EDGE('',*,*,#2045,.T.);
#2047=CARTESIAN_POINT('',(22.5,24.,18.7));
#2048=VERTEX_POINT('',#2047);
#2049=CARTESIAN_POINT('',(22.5,24.,18.7));
#2050=CARTESIAN_POINT('',(22.5,24.576282954,18.7));
#2051=CARTESIAN_POINT('',(22.5,25.13534074,18.794002738));
#2052=CARTESIAN_POINT('',(22.5,25.630385219,18.979835523));
#2053=CARTESIAN_POINT('',(22.5,26.125429699,19.165668307));
#2054=CARTESIAN_POINT('',(22.5,26.556172619,19.440616845));
#2055=CARTESIAN_POINT('',(22.5,26.907777887,19.792222113));
#2056=CARTESIAN_POINT('',(22.5,27.259383155,20.143827381));
#2057=CARTESIAN_POINT('',(22.5,27.534331693,20.574570301));
#2058=CARTESIAN_POINT('',(22.5,27.720164477,21.069614781));
#2059=CARTESIAN_POINT('',(22.5,27.905997262,21.56465926));
#2060=CARTESIAN_POINT('',(22.5,28.,22.123717046));
#2061=CARTESIAN_POINT('',(22.5,28.,22.7));
#2062=B_SPLINE_CURVE_WITH_KNOTS('',3,(#2049,#2050,#2051,#2052,#2053,#2054,#2055,#2056,#2057,#2058,#2059,#2060,#2061),.UNSPECIFIED.,.F.,.F.,(4,3,3,3,4),(0.,0.25,0.5,0.75,1.),.UNSPECIFIED.);
#2063=EDGE_CURVE('',#2048,#2039,#2062,.T.);
#2064=ORIENTED_EDGE('',*,*,#2063,.F.);
#2065=CARTESIAN_POINT('',(22.5,24.,18.7));
#2066=CARTESIAN_POINT('',(22.772088597,24.,18.7));
#2067=CARTESIAN_POINT('',(23.0419519,23.962946783,18.7));
#2068=B_SPLINE_CURVE_WITH_KNOTS('',2,(#2065,#2066,#2067),.UNSPECIFIED.,.F.,.F.,(3,3),(0.,0.086654745),.UNSPECIFIED.);
#2069=EDGE_CURVE('',#2048,#1946,#2068,.T.);
#2070=ORIENTED_EDGE('',*,*,#2069,.T.);
#2071=EDGE_LOOP('',(#2019,#2037,#2046,#2064,#2070));
#2072=FACE_BOUND('',#2071,.T.);
#2073=ADVANCED_FACE('',(#2072),#1942,.F.);
#2074=CARTESIAN_POINT('',(30.5,-56.,22.7));
#2075=CARTESIAN_POINT('',(30.5,-30.666666667,22.7));
#2076=CARTESIAN_POINT('',(30.5,-5.333333333,22.7));
#2077=CARTESIAN_POINT('',(30.5,20.,22.7));
#2078=CARTESIAN_POINT('',(30.5,-56.,22.411858523));
#2079=CARTESIAN_POINT('',(30.5,-30.666666667,22.411858523));
#2080=CARTESIAN_POINT('',(30.5,-5.333333333,22.411858523));
#2081=CARTESIAN_POINT('',(30.5,20.,22.411858523));
#2082=CARTESIAN_POINT('',(30.476968428,-56.,22.127703808));
#2083=CARTESIAN_POINT('',(30.476968428,-30.666666667,22.127703808));
#2084=CARTESIAN_POINT('',(30.476968428,-5.333333333,22.127703808));
#2085=CARTESIAN_POINT('',(30.476968428,20.,22.127703808));
#2086=CARTESIAN_POINT('',(30.430227304,-56.,21.853998039));
#2087=CARTESIAN_POINT('',(30.430227304,-30.666666667,21.853998039));
#2088=CARTESIAN_POINT('',(30.430227304,-5.333333333,21.853998039));
#2089=CARTESIAN_POINT('',(30.430227304,20.,21.853998039));
#2090=CARTESIAN_POINT('',(30.383486179,-56.,21.580292271));
#2091=CARTESIAN_POINT('',(30.383486179,-30.666666667,21.580292271));
#2092=CARTESIAN_POINT('',(30.383486179,-5.333333333,21.580292271));
#2093=CARTESIAN_POINT('',(30.383486179,20.,21.580292271));
#2094=CARTESIAN_POINT('',(30.31308087,-56.,21.317137021));
#2095=CARTESIAN_POINT('',(30.31308087,-30.666666667,21.317137021));
#2096=CARTESIAN_POINT('',(30.31308087,-5.333333333,21.317137021));
#2097=CARTESIAN_POINT('',(30.31308087,20.,21.317137021));
#2098=CARTESIAN_POINT('',(30.220164477,-56.,21.069614781));
#2099=CARTESIAN_POINT('',(30.220164477,-30.666666667,21.069614781));
#2100=CARTESIAN_POINT('',(30.220164477,-5.333333333,21.069614781));
#2101=CARTESIAN_POINT('',(30.220164477,20.,21.069614781));
#2102=CARTESIAN_POINT('',(30.034331693,-56.,20.574570301));
#2103=CARTESIAN_POINT('',(30.034331693,-30.666666667,20.574570301));
#2104=CARTESIAN_POINT('',(30.034331693,-5.333333333,20.574570301));
#2105=CARTESIAN_POINT('',(30.034331693,20.,20.574570301));
#2106=CARTESIAN_POINT('',(29.759383155,-56.,20.143827381));
#2107=CARTESIAN_POINT('',(29.759383155,-30.666666667,20.143827381));
#2108=CARTESIAN_POINT('',(29.759383155,-5.333333333,20.143827381));
#2109=CARTESIAN_POINT('',(29.759383155,20.,20.143827381));
#2110=CARTESIAN_POINT('',(29.407777887,-56.,19.792222113));
#2111=CARTESIAN_POINT('',(29.407777887,-30.666666667,19.792222113));
#2112=CARTESIAN_POINT('',(29.407777887,-5.333333333,19.792222113));
#2113=CARTESIAN_POINT('',(29.407777887,20.,19.792222113));
#2114=CARTESIAN_POINT('',(29.056172619,-56.,19.440616845));
#2115=CARTESIAN_POINT('',(29.056172619,-30.666666667,19.440616845));
#2116=CARTESIAN_POINT('',(29.056172619,-5.333333333,19.440616845));
#2117=CARTESIAN_POINT('',(29.056172619,20.,19.440616845));
#2118=CARTESIAN_POINT('',(28.625429699,-56.,19.165668307));
#2119=CARTESIAN_POINT('',(28.625429699,-30.666666667,19.165668307));
#2120=CARTESIAN_POINT('',(28.625429699,-5.333333333,19.165668307));
#2121=CARTESIAN_POINT('',(28.625429699,20.,19.165668307));
#2122=CARTESIAN_POINT('',(28.130385219,-56.,18.979835523));
#2123=CARTESIAN_POINT('',(28.130385219,-30.666666667,18.979835523));
#2124=CARTESIAN_POINT('',(28.130385219,-5.333333333,18.979835523));
#2125=CARTESIAN_POINT('',(28.130385219,20.,18.979835523));
#2126=CARTESIAN_POINT('',(27.882862979,-56.,18.88691913));
#2127=CARTESIAN_POINT('',(27.882862979,-30.666666667,18.88691913));
#2128=CARTESIAN_POINT('',(27.882862979,-5.333333333,18.88691913));
#2129=CARTESIAN_POINT('',(27.882862979,20.,18.88691913));
#2130=CARTESIAN_POINT('',(27.619707729,-56.,18.816513821));
#2131=CARTESIAN_POINT('',(27.619707729,-30.666666667,18.816513821));
#2132=CARTESIAN_POINT('',(27.619707729,-5.333333333,18.816513821));
#2133=CARTESIAN_POINT('',(27.619707729,20.,18.816513821));
#2134=CARTESIAN_POINT('',(27.346001961,-56.,18.769772696));
#2135=CARTESIAN_POINT('',(27.346001961,-30.666666667,18.769772696));
#2136=CARTESIAN_POINT('',(27.346001961,-5.333333333,18.769772696));
#2137=CARTESIAN_POINT('',(27.346001961,20.,18.769772696));
#2138=CARTESIAN_POINT('',(27.072296192,-56.,18.723031572));
#2139=CARTESIAN_POINT('',(27.072296192,-30.666666667,18.723031572));
#2140=CARTESIAN_POINT('',(27.072296192,-5.333333333,18.723031572));
#2141=CARTESIAN_POINT('',(27.072296192,20.,18.723031572));
#2142=CARTESIAN_POINT('',(26.788141477,-56.,18.7));
#2143=CARTESIAN_POINT('',(26.788141477,-30.666666667,18.7));
#2144=CARTESIAN_POINT('',(26.788141477,-5.333333333,18.7));
#2145=CARTESIAN_POINT('',(26.788141477,20.,18.7));
#2146=CARTESIAN_POINT('',(26.5,-56.,18.7));
#2147=CARTESIAN_POINT('',(26.5,-30.666666667,18.7));
#2148=CARTESIAN_POINT('',(26.5,-5.333333333,18.7));
#2149=CARTESIAN_POINT('',(26.5,20.,18.7));
#2150=B_SPLINE_SURFACE_WITH_KNOTS('',3,3,((#2074,#2075,#2076,#2077),(#2078,#2079,#2080,#2081),(#2082,#2083,#2084,#2085),(#2086,#2087,#2088,#2089),(#2090,#2091,#2092,#2093),(#2094,#2095,#2096,#2097),(#2098,#2099,#2100,#2101),(#2102,#2103,#2104,#2105),(#2106,#2107,#2108,#2109),(#2110,#2111,#2112,#2113),(#2114,#2115,#2116,#2117),(#2118,#2119,#2120,#2121),(#2122,#2123,#2124,#2125),(#2126,#2127,#2128,#2129),(#2130,#2131,#2132,#2133),(#2134,#2135,#2136,#2137),(#2138,#2139,#2140,#2141),(#2142,#2143,#2144,#2145),(#2146,#2147,#2148,#2149)),.UNSPECIFIED.,.F.,.F.,.U.,(4,3,3,3,3,3,4),(4,4),(0.,0.125,0.25,0.5,0.75,0.875,1.),(-0.056,0.02),.UNSPECIFIED.);
#2151=CARTESIAN_POINT('',(26.5,19.595135136,18.7));
#2152=VERTEX_POINT('',#2151);
#2153=CARTESIAN_POINT('',(26.5,19.595135136,18.7));
#2154=CARTESIAN_POINT('',(26.805143076,19.685932524,18.7));
#2155=CARTESIAN_POINT('',(27.08686611,19.821286953,18.725502642));
#2156=CARTESIAN_POINT('',(27.346293993,20.,18.769822577));
#2157=B_SPLINE_CURVE_WITH_KNOTS('',3,(#2153,#2154,#2155,#2156),.UNSPECIFIED.,.F.,.F.,(4,4),(0.,0.000940747),.UNSPECIFIED.);
#2158=EDGE_CURVE('',#2152,#1944,#2157,.T.);
#2159=ORIENTED_EDGE('',*,*,#2158,.F.);
#2160=CARTESIAN_POINT('',(26.499927142,-56.,18.7));
#2161=VERTEX_POINT('',#2160);
#2162=CARTESIAN_POINT('',(26.5,19.595135136,18.7));
#2163=DIRECTION('',(-0.,-1.,-0.));
#2164=VECTOR('',#2163,75.595135136);
#2165=LINE('',#2162,#2164);
#2166=EDGE_CURVE('',#2152,#2161,#2165,.T.);
#2167=ORIENTED_EDGE('',*,*,#2166,.T.);
#2168=CARTESIAN_POINT('',(30.5,-56.,22.7));
#2169=VERTEX_POINT('',#2168);
#2170=CARTESIAN_POINT('',(26.5,-56.,18.7));
#2171=CARTESIAN_POINT('',(27.076282954,-56.,18.7));
#2172=CARTESIAN_POINT('',(27.63534074,-56.,18.794002738));
#2173=CARTESIAN_POINT('',(28.130385219,-56.,18.979835523));
#2174=CARTESIAN_POINT('',(28.625429699,-56.,19.165668307));
#2175=CARTESIAN_POINT('',(29.056172619,-56.,19.440616845));
#2176=CARTESIAN_POINT('',(29.407777887,-56.,19.792222113));
#2177=CARTESIAN_POINT('',(29.759383155,-56.,20.143827381));
#2178=CARTESIAN_POINT('',(30.034331693,-56.,20.574570301));
#2179=CARTESIAN_POINT('',(30.220164477,-56.,21.069614781));
#2180=CARTESIAN_POINT('',(30.405997262,-56.,21.56465926));
#2181=CARTESIAN_POINT('',(30.5,-56.,22.123717046));
#2182=CARTESIAN_POINT('',(30.5,-56.,22.7));
#2183=B_SPLINE_CURVE_WITH_KNOTS('',3,(#2170,#2171,#2172,#2173,#2174,#2175,#2176,#2177,#2178,#2179,#2180,#2181,#2182),.UNSPECIFIED.,.F.,.F.,(4,3,3,3,4),(0.,0.25,0.5,0.75,1.),.UNSPECIFIED.);
#2184=EDGE_CURVE('',#2161,#2169,#2183,.T.);
#2185=ORIENTED_EDGE('',*,*,#2184,.T.);
#2186=CARTESIAN_POINT('',(30.5,-56.,22.7));
#2187=DIRECTION('',(-0.,1.,0.));
#2188=VECTOR('',#2187,76.);
#2189=LINE('',#2186,#2188);
#2190=EDGE_CURVE('',#2169,#2021,#2189,.T.);
#2191=ORIENTED_EDGE('',*,*,#2190,.T.);
#2192=ORIENTED_EDGE('',*,*,#2036,.F.);
#2193=EDGE_LOOP('',(#2159,#2167,#2185,#2191,#2192));
#2194=FACE_BOUND('',#2193,.T.);
#2195=ADVANCED_FACE('',(#2194),#2150,.F.);
#2196=CARTESIAN_POINT('',(-30.5,20.,22.7));
#2197=CARTESIAN_POINT('',(-30.5,-5.333333333,22.7));
#2198=CARTESIAN_POINT('',(-30.5,-30.666666667,22.7));
#2199=CARTESIAN_POINT('',(-30.5,-56.,22.7));
#2200=CARTESIAN_POINT('',(-30.5,20.,22.411858523));
#2201=CARTESIAN_POINT('',(-30.5,-5.333333333,22.411858523));
#2202=CARTESIAN_POINT('',(-30.5,-30.666666667,22.411858523));
#2203=CARTESIAN_POINT('',(-30.5,-56.,22.411858523));
#2204=CARTESIAN_POINT('',(-30.476968428,20.,22.127703808));
#2205=CARTESIAN_POINT('',(-30.476968428,-5.333333333,22.127703808));
#2206=CARTESIAN_POINT('',(-30.476968428,-30.666666667,22.127703808));
#2207=CARTESIAN_POINT('',(-30.476968428,-56.,22.127703808));
#2208=CARTESIAN_POINT('',(-30.430227304,20.,21.853998039));
#2209=CARTESIAN_POINT('',(-30.430227304,-5.333333333,21.853998039));
#2210=CARTESIAN_POINT('',(-30.430227304,-30.666666667,21.853998039));
#2211=CARTESIAN_POINT('',(-30.430227304,-56.,21.853998039));
#2212=CARTESIAN_POINT('',(-30.383486179,20.,21.580292271));
#2213=CARTESIAN_POINT('',(-30.383486179,-5.333333333,21.580292271));
#2214=CARTESIAN_POINT('',(-30.383486179,-30.666666667,21.580292271));
#2215=CARTESIAN_POINT('',(-30.383486179,-56.,21.580292271));
#2216=CARTESIAN_POINT('',(-30.31308087,20.,21.317137021));
#2217=CARTESIAN_POINT('',(-30.31308087,-5.333333333,21.317137021));
#2218=CARTESIAN_POINT('',(-30.31308087,-30.666666667,21.317137021));
#2219=CARTESIAN_POINT('',(-30.31308087,-56.,21.317137021));
#2220=CARTESIAN_POINT('',(-30.220164477,20.,21.069614781));
#2221=CARTESIAN_POINT('',(-30.220164477,-5.333333333,21.069614781));
#2222=CARTESIAN_POINT('',(-30.220164477,-30.666666667,21.069614781));
#2223=CARTESIAN_POINT('',(-30.220164477,-56.,21.069614781));
#2224=CARTESIAN_POINT('',(-30.034331693,20.,20.574570301));
#2225=CARTESIAN_POINT('',(-30.034331693,-5.333333333,20.574570301));
#2226=CARTESIAN_POINT('',(-30.034331693,-30.666666667,20.574570301));
#2227=CARTESIAN_POINT('',(-30.034331693,-56.,20.574570301));
#2228=CARTESIAN_POINT('',(-29.759383155,20.,20.143827381));
#2229=CARTESIAN_POINT('',(-29.759383155,-5.333333333,20.143827381));
#2230=CARTESIAN_POINT('',(-29.759383155,-30.666666667,20.143827381));
#2231=CARTESIAN_POINT('',(-29.759383155,-56.,20.143827381));
#2232=CARTESIAN_POINT('',(-29.407777887,20.,19.792222113));
#2233=CARTESIAN_POINT('',(-29.407777887,-5.333333333,19.792222113));
#2234=CARTESIAN_POINT('',(-29.407777887,-30.666666667,19.792222113));
#2235=CARTESIAN_POINT('',(-29.407777887,-56.,19.792222113));
#2236=CARTESIAN_POINT('',(-29.056172619,20.,19.440616845));
#2237=CARTESIAN_POINT('',(-29.056172619,-5.333333333,19.440616845));
#2238=CARTESIAN_POINT('',(-29.056172619,-30.666666667,19.440616845));
#2239=CARTESIAN_POINT('',(-29.056172619,-56.,19.440616845));
#2240=CARTESIAN_POINT('',(-28.625429699,20.,19.165668307));
#2241=CARTESIAN_POINT('',(-28.625429699,-5.333333333,19.165668307));
#2242=CARTESIAN_POINT('',(-28.625429699,-30.666666667,19.165668307));
#2243=CARTESIAN_POINT('',(-28.625429699,-56.,19.165668307));
#2244=CARTESIAN_POINT('',(-28.130385219,20.,18.979835523));
#2245=CARTESIAN_POINT('',(-28.130385219,-5.333333333,18.979835523));
#2246=CARTESIAN_POINT('',(-28.130385219,-30.666666667,18.979835523));
#2247=CARTESIAN_POINT('',(-28.130385219,-56.,18.979835523));
#2248=CARTESIAN_POINT('',(-27.882862979,20.,18.88691913));
#2249=CARTESIAN_POINT('',(-27.882862979,-5.333333333,18.88691913));
#2250=CARTESIAN_POINT('',(-27.882862979,-30.666666667,18.88691913));
#2251=CARTESIAN_POINT('',(-27.882862979,-56.,18.88691913));
#2252=CARTESIAN_POINT('',(-27.619707729,20.,18.816513821));
#2253=CARTESIAN_POINT('',(-27.619707729,-5.333333333,18.816513821));
#2254=CARTESIAN_POINT('',(-27.619707729,-30.666666667,18.816513821));
#2255=CARTESIAN_POINT('',(-27.619707729,-56.,18.816513821));
#2256=CARTESIAN_POINT('',(-27.346001961,20.,18.769772696));
#2257=CARTESIAN_POINT('',(-27.346001961,-5.333333333,18.769772696));
#2258=CARTESIAN_POINT('',(-27.346001961,-30.666666667,18.769772696));
#2259=CARTESIAN_POINT('',(-27.346001961,-56.,18.769772696));
#2260=CARTESIAN_POINT('',(-27.072296192,20.,18.723031572));
#2261=CARTESIAN_POINT('',(-27.072296192,-5.333333333,18.723031572));
#2262=CARTESIAN_POINT('',(-27.072296192,-30.666666667,18.723031572));
#2263=CARTESIAN_POINT('',(-27.072296192,-56.,18.723031572));
#2264=CARTESIAN_POINT('',(-26.788141477,20.,18.7));
#2265=CARTESIAN_POINT('',(-26.788141477,-5.333333333,18.7));
#2266=CARTESIAN_POINT('',(-26.788141477,-30.666666667,18.7));
#2267=CARTESIAN_POINT('',(-26.788141477,-56.,18.7));
#2268=CARTESIAN_POINT('',(-26.5,20.,18.7));
#2269=CARTESIAN_POINT('',(-26.5,-5.333333333,18.7));
#2270=CARTESIAN_POINT('',(-26.5,-30.666666667,18.7));
#2271=CARTESIAN_POINT('',(-26.5,-56.,18.7));
#2272=B_SPLINE_SURFACE_WITH_KNOTS('',3,3,((#2196,#2197,#2198,#2199),(#2200,#2201,#2202,#2203),(#2204,#2205,#2206,#2207),(#2208,#2209,#2210,#2211),(#2212,#2213,#2214,#2215),(#2216,#2217,#2218,#2219),(#2220,#2221,#2222,#2223),(#2224,#2225,#2226,#2227),(#2228,#2229,#2230,#2231),(#2232,#2233,#2234,#2235),(#2236,#2237,#2238,#2239),(#2240,#2241,#2242,#2243),(#2244,#2245,#2246,#2247),(#2248,#2249,#2250,#2251),(#2252,#2253,#2254,#2255),(#2256,#2257,#2258,#2259),(#2260,#2261,#2262,#2263),(#2264,#2265,#2266,#2267),(#2268,#2269,#2270,#2271)),.UNSPECIFIED.,.F.,.F.,.U.,(4,3,3,3,3,3,4),(4,4),(0.,0.125,0.25,0.5,0.75,0.875,1.),(-0.02,0.056),.UNSPECIFIED.);
#2273=CARTESIAN_POINT('',(-27.346275447,20.,18.769819409));
#2274=VERTEX_POINT('',#2273);
#2275=CARTESIAN_POINT('',(-26.5,19.595468149,18.7));
#2276=VERTEX_POINT('',#2275);
#2277=CARTESIAN_POINT('',(-27.346275447,20.,18.769819409));
#2278=CARTESIAN_POINT('',(-27.216554248,19.910703267,18.747658743));
#2279=CARTESIAN_POINT('',(-27.081160604,19.832459145,18.730214776));
#2280=CARTESIAN_POINT('',(-26.940160933,19.76498783,18.718303641));
#2281=CARTESIAN_POINT('',(-26.869661098,19.731252173,18.712348073));
#2282=CARTESIAN_POINT('',(-26.7977534,19.70022322,18.707774524));
#2283=CARTESIAN_POINT('',(-26.724407811,19.671945725,18.704687646));
#2284=CARTESIAN_POINT('',(-26.687735017,19.657806978,18.703144208));
#2285=CARTESIAN_POINT('',(-26.650702334,19.644356957,18.701972495));
#2286=CARTESIAN_POINT('',(-26.613303449,19.631606461,18.701186451));
#2287=CARTESIAN_POINT('',(-26.575904564,19.618855965,18.700400407));
#2288=CARTESIAN_POINT('',(-26.539327787,19.607158213,18.7));
#2289=CARTESIAN_POINT('',(-26.5,19.595468149,18.7));
#2290=B_SPLINE_CURVE_WITH_KNOTS('',3,(#2277,#2278,#2279,#2280,#2281,#2282,#2283,#2284,#2285,#2286,#2287,#2288,#2289),.UNSPECIFIED.,.F.,.F.,(4,3,3,3,4),(0.,0.000470293,0.00070544,0.000823013,0.000940586),.UNSPECIFIED.);
#2291=EDGE_CURVE('',#2274,#2276,#2290,.T.);
#2292=ORIENTED_EDGE('',*,*,#2291,.F.);
#2293=CARTESIAN_POINT('',(-30.5,20.,22.7));
#2294=VERTEX_POINT('',#2293);
#2295=CARTESIAN_POINT('',(-30.5,20.,22.7));
#2296=CARTESIAN_POINT('',(-30.5,20.,22.195776408));
#2297=CARTESIAN_POINT('',(-30.428400238,20.,21.704441798));
#2298=CARTESIAN_POINT('',(-30.285633307,20.,21.258171941));
#2299=CARTESIAN_POINT('',(-30.142866377,20.,20.811902085));
#2300=CARTESIAN_POINT('',(-29.930403393,20.,20.412090773));
#2301=CARTESIAN_POINT('',(-29.65699209,20.,20.070630046));
#2302=CARTESIAN_POINT('',(-29.383580787,20.,19.72916932));
#2303=CARTESIAN_POINT('',(-29.048674006,20.,19.445490984));
#2304=CARTESIAN_POINT('',(-28.659567306,20.,19.225930119));
#2305=CARTESIAN_POINT('',(-28.270460606,20.,19.006369253));
#2306=CARTESIAN_POINT('',(-27.825225452,20.,18.851640069));
#2307=CARTESIAN_POINT('',(-27.346275448,20.,18.769819409));
#2308=B_SPLINE_CURVE_WITH_KNOTS('',3,(#2295,#2296,#2297,#2298,#2299,#2300,#2301,#2302,#2303,#2304,#2305,#2306,#2307),.UNSPECIFIED.,.F.,.F.,(4,3,3,3,4),(0.,0.218739592,0.437479183,0.656218775,0.874958366),.UNSPECIFIED.);
#2309=EDGE_CURVE('',#2294,#2274,#2308,.T.);
#2310=ORIENTED_EDGE('',*,*,#2309,.F.);
#2311=CARTESIAN_POINT('',(-30.5,-56.,22.7));
#2312=VERTEX_POINT('',#2311);
#2313=CARTESIAN_POINT('',(-30.5,20.,22.7));
#2314=DIRECTION('',(0.,-1.,0.));
#2315=VECTOR('',#2314,76.);
#2316=LINE('',#2313,#2315);
#2317=EDGE_CURVE('',#2294,#2312,#2316,.T.);
#2318=ORIENTED_EDGE('',*,*,#2317,.T.);
#2319=CARTESIAN_POINT('',(-26.499890743,-55.999997437,18.7));
#2320=VERTEX_POINT('',#2319);
#2321=CARTESIAN_POINT('',(-30.5,-56.,22.7));
#2322=CARTESIAN_POINT('',(-30.5,-56.,22.123717046));
#2323=CARTESIAN_POINT('',(-30.405997262,-56.,21.56465926));
#2324=CARTESIAN_POINT('',(-30.220164477,-56.,21.069614781));
#2325=CARTESIAN_POINT('',(-30.034331693,-56.,20.574570301));
#2326=CARTESIAN_POINT('',(-29.759383155,-56.,20.143827381));
#2327=CARTESIAN_POINT('',(-29.407777887,-56.,19.792222113));
#2328=CARTESIAN_POINT('',(-29.056172619,-56.,19.440616845));
#2329=CARTESIAN_POINT('',(-28.625429699,-56.,19.165668307));
#2330=CARTESIAN_POINT('',(-28.130385219,-56.,18.979835523));
#2331=CARTESIAN_POINT('',(-27.63534074,-56.,18.794002738));
#2332=CARTESIAN_POINT('',(-27.076282954,-56.,18.7));
#2333=CARTESIAN_POINT('',(-26.5,-56.,18.7));
#2334=B_SPLINE_CURVE_WITH_KNOTS('',3,(#2321,#2322,#2323,#2324,#2325,#2326,#2327,#2328,#2329,#2330,#2331,#2332,#2333),.UNSPECIFIED.,.F.,.F.,(4,3,3,3,4),(0.,0.25,0.5,0.75,1.),.UNSPECIFIED.);
#2335=EDGE_CURVE('',#2312,#2320,#2334,.T.);
#2336=ORIENTED_EDGE('',*,*,#2335,.T.);
#2337=CARTESIAN_POINT('',(-26.5,-56.,18.7));
#2338=DIRECTION('',(0.,1.,0.));
#2339=VECTOR('',#2338,75.595468149);
#2340=LINE('',#2337,#2339);
#2341=EDGE_CURVE('',#2320,#2276,#2340,.T.);
#2342=ORIENTED_EDGE('',*,*,#2341,.T.);
#2343=EDGE_LOOP('',(#2292,#2310,#2318,#2336,#2342));
#2344=FACE_BOUND('',#2343,.T.);
#2345=ADVANCED_FACE('',(#2344),#2272,.F.);
#2346=CARTESIAN_POINT('',(-22.5,28.,22.7));
#2347=CARTESIAN_POINT('',(-23.544168583,28.,22.7));
#2348=CARTESIAN_POINT('',(-24.596958683,27.790548876,22.7));
#2349=CARTESIAN_POINT('',(-25.561467459,27.39103626,22.7));
#2350=CARTESIAN_POINT('',(-26.52589124,26.99155885,22.7));
#2351=CARTESIAN_POINT('',(-27.418716244,26.394992255,22.7));
#2352=CARTESIAN_POINT('',(-28.156854249,25.656854249,22.7));
#2353=CARTESIAN_POINT('',(-28.894992255,24.918716244,22.7));
#2354=CARTESIAN_POINT('',(-29.49155885,24.02589124,22.7));
#2355=CARTESIAN_POINT('',(-29.89103626,23.061467459,22.7));
#2356=CARTESIAN_POINT('',(-30.290548876,22.096958683,22.7));
#2357=CARTESIAN_POINT('',(-30.5,21.044168583,22.7));
#2358=CARTESIAN_POINT('',(-30.5,20.,22.7));
#2359=CARTESIAN_POINT('',(-22.5,28.,22.411858523));
#2360=CARTESIAN_POINT('',(-23.544168583,28.,22.411858523));
#2361=CARTESIAN_POINT('',(-24.596958683,27.790548876,22.411858523));
#2362=CARTESIAN_POINT('',(-25.561467459,27.39103626,22.411858523));
#2363=CARTESIAN_POINT('',(-26.52589124,26.99155885,22.411858523));
#2364=CARTESIAN_POINT('',(-27.418716244,26.394992255,22.411858523));
#2365=CARTESIAN_POINT('',(-28.156854249,25.656854249,22.411858523));
#2366=CARTESIAN_POINT('',(-28.894992255,24.918716244,22.411858523));
#2367=CARTESIAN_POINT('',(-29.49155885,24.02589124,22.411858523));
#2368=CARTESIAN_POINT('',(-29.89103626,23.061467459,22.411858523));
#2369=CARTESIAN_POINT('',(-30.290548876,22.096958683,22.411858523));
#2370=CARTESIAN_POINT('',(-30.5,21.044168583,22.411858523));
#2371=CARTESIAN_POINT('',(-30.5,20.,22.411858523));
#2372=CARTESIAN_POINT('',(-22.5,27.976968428,22.127703808));
#2373=CARTESIAN_POINT('',(-23.541166684,27.976968428,22.127703808));
#2374=CARTESIAN_POINT('',(-24.590917762,27.768121914,22.127703808));
#2375=CARTESIAN_POINT('',(-25.552653658,27.369757862,22.127703808));
#2376=CARTESIAN_POINT('',(-26.514304916,26.971428869,22.127703808));
#2377=CARTESIAN_POINT('',(-27.404552461,26.376584477,22.127703808));
#2378=CARTESIAN_POINT('',(-28.140568469,25.640568469,22.127703808));
#2379=CARTESIAN_POINT('',(-28.876584477,24.904552461,22.127703808));
#2380=CARTESIAN_POINT('',(-29.471428869,24.014304916,22.127703808));
#2381=CARTESIAN_POINT('',(-29.869757862,23.052653658,22.127703808));
#2382=CARTESIAN_POINT('',(-30.268121914,22.090917762,22.127703808));
#2383=CARTESIAN_POINT('',(-30.476968428,21.041166684,22.127703808));
#2384=CARTESIAN_POINT('',(-30.476968428,20.,22.127703808));
#2385=CARTESIAN_POINT('',(-22.5,27.930227304,21.853998039));
#2386=CARTESIAN_POINT('',(-23.535079629,27.930227304,21.853998039));
#2387=CARTESIAN_POINT('',(-24.578653365,27.722609765,21.853998039));
#2388=CARTESIAN_POINT('',(-25.534766604,27.326574694,21.853998039));
#2389=CARTESIAN_POINT('',(-26.490796061,26.930574327,21.853998039));
#2390=CARTESIAN_POINT('',(-27.375804235,26.339230771,21.853998039));
#2391=CARTESIAN_POINT('',(-28.107517503,25.607517503,21.853998039));
#2392=CARTESIAN_POINT('',(-28.839230771,24.875804235,21.853998039));
#2393=CARTESIAN_POINT('',(-29.430574327,23.990796061,21.853998039));
#2394=CARTESIAN_POINT('',(-29.826574694,23.034766604,21.853998039));
#2395=CARTESIAN_POINT('',(-30.222609765,22.078653365,21.853998039));
#2396=CARTESIAN_POINT('',(-30.430227304,21.035079629,21.853998039));
#2397=CARTESIAN_POINT('',(-30.430227304,20.,21.853998039));
#2398=CARTESIAN_POINT('',(-22.5,27.883486179,21.580292271));
#2399=CARTESIAN_POINT('',(-23.528992575,27.883486179,21.580292271));
#2400=CARTESIAN_POINT('',(-24.566388969,27.677097615,21.580292271));
#2401=CARTESIAN_POINT('',(-25.51687955,27.283391526,21.580292271));
#2402=CARTESIAN_POINT('',(-26.467287207,26.889719785,21.580292271));
#2403=CARTESIAN_POINT('',(-27.347056008,26.301877065,21.580292271));
#2404=CARTESIAN_POINT('',(-28.074466537,25.574466537,21.580292271));
#2405=CARTESIAN_POINT('',(-28.801877065,24.847056008,21.580292271));
#2406=CARTESIAN_POINT('',(-29.389719785,23.967287207,21.580292271));
#2407=CARTESIAN_POINT('',(-29.783391526,23.01687955,21.580292271));
#2408=CARTESIAN_POINT('',(-30.177097615,22.066388969,21.580292271));
#2409=CARTESIAN_POINT('',(-30.383486179,21.028992575,21.580292271));
#2410=CARTESIAN_POINT('',(-30.383486179,20.,21.580292271));
#2411=CARTESIAN_POINT('',(-22.5,27.81308087,21.317137021));
#2412=CARTESIAN_POINT('',(-23.519826477,27.81308087,21.317137021));
#2413=CARTESIAN_POINT('',(-24.547912815,27.608544531,21.317137021));
#2414=CARTESIAN_POINT('',(-25.489936605,27.218345502,21.317137021));
#2415=CARTESIAN_POINT('',(-26.431878833,26.828180256,21.317137021));
#2416=CARTESIAN_POINT('',(-27.303751095,26.245613835,21.317137021));
#2417=CARTESIAN_POINT('',(-28.024682465,25.524682465,21.317137021));
#2418=CARTESIAN_POINT('',(-28.745613835,24.803751095,21.317137021));
#2419=CARTESIAN_POINT('',(-29.328180256,23.931878833,21.317137021));
#2420=CARTESIAN_POINT('',(-29.718345502,22.989936605,21.317137021));
#2421=CARTESIAN_POINT('',(-30.108544531,22.047912815,21.317137021));
#2422=CARTESIAN_POINT('',(-30.31308087,21.019826477,21.317137021));
#2423=CARTESIAN_POINT('',(-30.31308087,20.,21.317137021));
#2424=CARTESIAN_POINT('',(-22.5,27.720164477,21.069614781));
#2425=CARTESIAN_POINT('',(-23.507736855,27.720164477,21.069614781));
#2426=CARTESIAN_POINT('',(-24.523522514,27.518075346,21.069614781));
#2427=CARTESIAN_POINT('',(-25.454379041,27.132501948,21.069614781));
#2428=CARTESIAN_POINT('',(-26.385155994,26.746961511,21.069614781));
#2429=CARTESIAN_POINT('',(-27.246594815,26.171366493,21.069614781));
#2430=CARTESIAN_POINT('',(-27.958980654,25.458980654,21.069614781));
#2431=CARTESIAN_POINT('',(-28.671366493,24.746594815,21.069614781));
#2432=CARTESIAN_POINT('',(-29.246961511,23.885155994,21.069614781));
#2433=CARTESIAN_POINT('',(-29.632501948,22.954379041,21.069614781));
#2434=CARTESIAN_POINT('',(-30.018075346,22.023522514,21.069614781));
#2435=CARTESIAN_POINT('',(-30.220164477,21.007736855,21.069614781));
#2436=CARTESIAN_POINT('',(-30.220164477,20.,21.069614781));
#2437=CARTESIAN_POINT('',(-22.5,27.534331693,20.574570301));
#2438=CARTESIAN_POINT('',(-23.483557611,27.534331693,20.574570301));
#2439=CARTESIAN_POINT('',(-24.474741913,27.337136976,20.574570301));
#2440=CARTESIAN_POINT('',(-25.383263913,26.960814842,20.574570301));
#2441=CARTESIAN_POINT('',(-26.291710318,26.58452402,20.574570301));
#2442=CARTESIAN_POINT('',(-27.132282255,26.022871808,20.574570301));
#2443=CARTESIAN_POINT('',(-27.827577032,25.327577032,20.574570301));
#2444=CARTESIAN_POINT('',(-28.522871808,24.632282255,20.574570301));
#2445=CARTESIAN_POINT('',(-29.08452402,23.791710318,20.574570301));
#2446=CARTESIAN_POINT('',(-29.460814842,22.883263913,20.574570301));
#2447=CARTESIAN_POINT('',(-29.837136976,21.974741913,20.574570301));
#2448=CARTESIAN_POINT('',(-30.034331693,20.983557611,20.574570301));
#2449=CARTESIAN_POINT('',(-30.034331693,20.,20.574570301));
#2450=CARTESIAN_POINT('',(-22.5,27.259383155,20.143827381));
#2451=CARTESIAN_POINT('',(-23.447812833,27.259383155,20.143827381));
#2452=CARTESIAN_POINT('',(-24.402541319,27.069441289,20.143827381));
#2453=CARTESIAN_POINT('',(-25.278045663,26.706795516,20.143827381));
#2454=CARTESIAN_POINT('',(-26.153481078,26.344178294,20.143827381));
#2455=CARTESIAN_POINT('',(-26.963129797,25.803188315,20.143827381));
#2456=CARTESIAN_POINT('',(-27.633159056,25.133159056,20.143827381));
#2457=CARTESIAN_POINT('',(-28.303188315,24.463129797,20.143827381));
#2458=CARTESIAN_POINT('',(-28.844178294,23.653481078,20.143827381));
#2459=CARTESIAN_POINT('',(-29.206795516,22.778045663,20.143827381));
#2460=CARTESIAN_POINT('',(-29.569441289,21.902541319,20.143827381));
#2461=CARTESIAN_POINT('',(-29.759383155,20.947812833,20.143827381));
#2462=CARTESIAN_POINT('',(-29.759383155,20.,20.143827381));
#2463=CARTESIAN_POINT('',(-22.5,26.907777887,19.792222113));
#2464=CARTESIAN_POINT('',(-23.402113729,26.907777887,19.792222113));
#2465=CARTESIAN_POINT('',(-24.310200322,26.727115382,19.792222113));
#2466=CARTESIAN_POINT('',(-25.143492152,26.381954605,19.792222113));
#2467=CARTESIAN_POINT('',(-25.976723882,26.036818722,19.792222113));
#2468=CARTESIAN_POINT('',(-26.74680863,25.522264544,19.792222113));
#2469=CARTESIAN_POINT('',(-27.384536587,24.884536587,19.792222113));
#2470=CARTESIAN_POINT('',(-28.022264544,24.24680863,19.792222113));
#2471=CARTESIAN_POINT('',(-28.536818722,23.476723882,19.792222113));
#2472=CARTESIAN_POINT('',(-28.881954605,22.643492152,19.792222113));
#2473=CARTESIAN_POINT('',(-29.227115382,21.810200322,19.792222113));
#2474=CARTESIAN_POINT('',(-29.407777887,20.902113729,19.792222113));
#2475=CARTESIAN_POINT('',(-29.407777887,20.,19.792222113));
#2476=CARTESIAN_POINT('',(-22.5,26.731975253,19.616419479));
#2477=CARTESIAN_POINT('',(-23.379264176,26.731975253,19.616419479));
#2478=CARTESIAN_POINT('',(-24.264029823,26.555952429,19.616419479));
#2479=CARTESIAN_POINT('',(-25.076215396,26.21953415,19.616419479));
#2480=CARTESIAN_POINT('',(-25.888345283,25.883138936,19.616419479));
#2481=CARTESIAN_POINT('',(-26.638648047,25.381802658,19.616419479));
#2482=CARTESIAN_POINT('',(-27.260225352,24.760225352,19.616419479));
#2483=CARTESIAN_POINT('',(-27.881802658,24.138648047,19.616419479));
#2484=CARTESIAN_POINT('',(-28.383138936,23.388345283,19.616419479));
#2485=CARTESIAN_POINT('',(-28.71953415,22.576215396,19.616419479));
#2486=CARTESIAN_POINT('',(-29.055952429,21.764029823,19.616419479));
#2487=CARTESIAN_POINT('',(-29.231975253,20.879264176,19.616419479));
#2488=CARTESIAN_POINT('',(-29.231975253,20.,19.616419479));
#2489=CARTESIAN_POINT('',(-22.5,26.536761955,19.459930946));
#2490=CARTESIAN_POINT('',(-23.353891966,26.536761955,19.459930946));
#2491=CARTESIAN_POINT('',(-24.212761377,26.365891164,19.459930946));
#2492=CARTESIAN_POINT('',(-25.001510502,26.039180579,19.459930946));
#2493=CARTESIAN_POINT('',(-25.790208847,25.712491028,19.459930946));
#2494=CARTESIAN_POINT('',(-26.518545126,25.225832285,19.459930946));
#2495=CARTESIAN_POINT('',(-27.122188706,24.622188706,19.459930946));
#2496=CARTESIAN_POINT('',(-27.725832285,24.018545126,19.459930946));
#2497=CARTESIAN_POINT('',(-28.212491028,23.290208847,19.459930946));
#2498=CARTESIAN_POINT('',(-28.539180579,22.501510502,19.459930946));
#2499=CARTESIAN_POINT('',(-28.865891164,21.712761377,19.459930946));
#2500=CARTESIAN_POINT('',(-29.036761955,20.853891966,19.459930946));
#2501=CARTESIAN_POINT('',(-29.036761955,20.,19.459930946));
#2502=CARTESIAN_POINT('',(-22.5,26.323271932,19.324003932));
#2503=CARTESIAN_POINT('',(-23.326135417,26.323271932,19.324003932));
#2504=CARTESIAN_POINT('',(-24.156701167,26.158032127,19.324003932));
#2505=CARTESIAN_POINT('',(-24.919811407,25.841941516,19.324003932));
#2506=CARTESIAN_POINT('',(-25.682875998,25.525869814,19.324003932));
#2507=CARTESIAN_POINT('',(-26.387204109,25.055252816,19.324003932));
#2508=CARTESIAN_POINT('',(-26.971228462,24.471228462,19.324003932));
#2509=CARTESIAN_POINT('',(-27.555252816,23.887204109,19.324003932));
#2510=CARTESIAN_POINT('',(-28.025869814,23.182875998,19.324003932));
#2511=CARTESIAN_POINT('',(-28.341941516,22.419811407,19.324003932));
#2512=CARTESIAN_POINT('',(-28.658032127,21.656701167,19.324003932));
#2513=CARTESIAN_POINT('',(-28.823271932,20.826135417,19.324003932));
#2514=CARTESIAN_POINT('',(-28.823271932,20.,19.324003932));
#2515=CARTESIAN_POINT('',(-22.5,26.109781908,19.188076918));
#2516=CARTESIAN_POINT('',(-23.298378868,26.109781908,19.188076918));
#2517=CARTESIAN_POINT('',(-24.100640958,25.950173089,19.188076918));
#2518=CARTESIAN_POINT('',(-24.838112312,25.644702453,19.188076918));
#2519=CARTESIAN_POINT('',(-25.575543149,25.339248599,19.188076918));
#2520=CARTESIAN_POINT('',(-26.255863091,24.884673346,19.188076918));
#2521=CARTESIAN_POINT('',(-26.820268219,24.320268219,19.188076918));
#2522=CARTESIAN_POINT('',(-27.384673346,23.755863091,19.188076918));
#2523=CARTESIAN_POINT('',(-27.839248599,23.075543149,19.188076918));
#2524=CARTESIAN_POINT('',(-28.144702453,22.338112312,19.188076918));
#2525=CARTESIAN_POINT('',(-28.450173089,21.600640958,19.188076918));
#2526=CARTESIAN_POINT('',(-28.609781908,20.798378868,19.188076918));
#2527=CARTESIAN_POINT('',(-28.609781908,20.,19.188076918));
#2528=CARTESIAN_POINT('',(-22.5,25.877907459,19.072751915));
#2529=CARTESIAN_POINT('',(-23.268223563,25.877907459,19.072751915));
#2530=CARTESIAN_POINT('',(-24.039761087,25.724411263,19.072751915));
#2531=CARTESIAN_POINT('',(-24.749377802,25.430478395,19.072751915));
#2532=CARTESIAN_POINT('',(-25.458959347,25.136560096,19.072751915));
#2533=CARTESIAN_POINT('',(-26.113218021,24.699398427,19.072751915));
#2534=CARTESIAN_POINT('',(-26.656308224,24.156308224,19.072751915));
#2535=CARTESIAN_POINT('',(-27.199398427,23.613218021,19.072751915));
#2536=CARTESIAN_POINT('',(-27.636560096,22.958959347,19.072751915));
#2537=CARTESIAN_POINT('',(-27.930478395,22.249377802,19.072751915));
#2538=CARTESIAN_POINT('',(-28.224411263,21.539761087,19.072751915));
#2539=CARTESIAN_POINT('',(-28.377907459,20.768223563,19.072751915));
#2540=CARTESIAN_POINT('',(-28.377907459,20.,19.072751915));
#2541=CARTESIAN_POINT('',(-22.5,25.630385219,18.979835523));
#2542=CARTESIAN_POINT('',(-23.236017725,25.630385219,18.979835523));
#2543=CARTESIAN_POINT('',(-23.974787171,25.483408198,18.979835523));
#2544=CARTESIAN_POINT('',(-24.654655141,25.201797664,18.979835523));
#2545=CARTESIAN_POINT('',(-25.334493241,24.920199503,18.979835523));
#2546=CARTESIAN_POINT('',(-25.960958015,24.501609124,18.979835523));
#2547=CARTESIAN_POINT('',(-26.481283569,23.981283569,18.979835523));
#2548=CARTESIAN_POINT('',(-27.001609124,23.460958015,18.979835523));
#2549=CARTESIAN_POINT('',(-27.420199503,22.834493241,18.979835523));
#2550=CARTESIAN_POINT('',(-27.701797664,22.154655141,18.979835523));
#2551=CARTESIAN_POINT('',(-27.983408198,21.474787171,18.979835523));
#2552=CARTESIAN_POINT('',(-28.130385219,20.736017725,18.979835523));
#2553=CARTESIAN_POINT('',(-28.130385219,20.,18.979835523));
#2554=CARTESIAN_POINT('',(-22.5,25.382862979,18.88691913));
#2555=CARTESIAN_POINT('',(-23.203811887,25.382862979,18.88691913));
#2556=CARTESIAN_POINT('',(-23.909813256,25.242405133,18.88691913));
#2557=CARTESIAN_POINT('',(-24.559932481,24.973116933,18.88691913));
#2558=CARTESIAN_POINT('',(-25.210027134,24.703838911,18.88691913));
#2559=CARTESIAN_POINT('',(-25.808698009,24.303819821,18.88691913));
#2560=CARTESIAN_POINT('',(-26.306258915,23.806258915,18.88691913));
#2561=CARTESIAN_POINT('',(-26.803819821,23.308698009,18.88691913));
#2562=CARTESIAN_POINT('',(-27.203838911,22.710027134,18.88691913));
#2563=CARTESIAN_POINT('',(-27.473116933,22.059932481,18.88691913));
#2564=CARTESIAN_POINT('',(-27.742405133,21.409813256,18.88691913));
#2565=CARTESIAN_POINT('',(-27.882862979,20.703811887,18.88691913));
#2566=CARTESIAN_POINT('',(-27.882862979,20.,18.88691913));
#2567=CARTESIAN_POINT('',(-22.5,25.119707729,18.816513821));
#2568=CARTESIAN_POINT('',(-23.169557331,25.119707729,18.816513821));
#2569=CARTESIAN_POINT('',(-23.840749276,24.98617518,18.816513821));
#2570=CARTESIAN_POINT('',(-24.459227327,24.729993184,18.816513821));
#2571=CARTESIAN_POINT('',(-25.077686051,24.473819192,18.816513821));
#2572=CARTESIAN_POINT('',(-25.646832238,24.093527868,18.816513821));
#2573=CARTESIAN_POINT('',(-26.120180053,23.620180053,18.816513821));
#2574=CARTESIAN_POINT('',(-26.593527868,23.146832238,18.816513821));
#2575=CARTESIAN_POINT('',(-26.973819192,22.577686051,18.816513821));
#2576=CARTESIAN_POINT('',(-27.229993184,21.959227327,18.816513821));
#2577=CARTESIAN_POINT('',(-27.48617518,21.340749276,18.816513821));
#2578=CARTESIAN_POINT('',(-27.619707729,20.669557331,18.816513821));
#2579=CARTESIAN_POINT('',(-27.619707729,20.,18.816513821));
#2580=CARTESIAN_POINT('',(-22.5,24.846001961,18.769772696));
#2581=CARTESIAN_POINT('',(-23.133912877,24.846001961,18.769772696));
#2582=CARTESIAN_POINT('',(-23.768931663,24.719666021,18.769772696));
#2583=CARTESIAN_POINT('',(-24.354484664,24.477122026,18.769772696));
#2584=CARTESIAN_POINT('',(-24.940023357,24.234583958,18.769772696));
#2585=CARTESIAN_POINT('',(-25.478488934,23.874792762,18.769772696));
#2586=CARTESIAN_POINT('',(-25.926640848,23.426640848,18.769772696));
#2587=CARTESIAN_POINT('',(-26.374792762,22.978488934,18.769772696));
#2588=CARTESIAN_POINT('',(-26.734583958,22.440023357,18.769772696));
#2589=CARTESIAN_POINT('',(-26.977122026,21.854484664,18.769772696));
#2590=CARTESIAN_POINT('',(-27.219666021,21.268931663,18.769772696));
#2591=CARTESIAN_POINT('',(-27.346001961,20.633912877,18.769772696));
#2592=CARTESIAN_POINT('',(-27.346001961,20.,18.769772696));
#2593=CARTESIAN_POINT('',(-22.5,24.572296192,18.723031572));
#2594=CARTESIAN_POINT('',(-23.098268424,24.572296192,18.723031572));
#2595=CARTESIAN_POINT('',(-23.697114049,24.453156861,18.723031572));
#2596=CARTESIAN_POINT('',(-24.249742001,24.224250869,18.723031572));
#2597=CARTESIAN_POINT('',(-24.802360663,23.995348724,18.723031572));
#2598=CARTESIAN_POINT('',(-25.31014563,23.656057656,18.723031572));
#2599=CARTESIAN_POINT('',(-25.733101643,23.233101643,18.723031572));
#2600=CARTESIAN_POINT('',(-26.156057656,22.81014563,18.723031572));
#2601=CARTESIAN_POINT('',(-26.495348724,22.302360663,18.723031572));
#2602=CARTESIAN_POINT('',(-26.724250869,21.749742001,18.723031572));
#2603=CARTESIAN_POINT('',(-26.953156861,21.197114049,18.723031572));
#2604=CARTESIAN_POINT('',(-27.072296192,20.598268424,18.723031572));
#2605=CARTESIAN_POINT('',(-27.072296192,20.,18.723031572));
#2606=CARTESIAN_POINT('',(-22.5,24.288141477,18.7));
#2607=CARTESIAN_POINT('',(-23.061247426,24.288141477,18.7));
#2608=CARTESIAN_POINT('',(-23.622569337,24.176467444,18.7));
#2609=CARTESIAN_POINT('',(-24.141000699,23.961726143,18.7));
#2610=CARTESIAN_POINT('',(-24.659427565,23.746986704,18.7));
#2611=CARTESIAN_POINT('',(-25.135387172,23.428960662,18.7));
#2612=CARTESIAN_POINT('',(-25.532173917,23.032173917,18.7));
#2613=CARTESIAN_POINT('',(-25.928960662,22.635387172,18.7));
#2614=CARTESIAN_POINT('',(-26.246986704,22.159427565,18.7));
#2615=CARTESIAN_POINT('',(-26.461726143,21.641000699,18.7));
#2616=CARTESIAN_POINT('',(-26.676467444,21.122569337,18.7));
#2617=CARTESIAN_POINT('',(-26.788141477,20.561247426,18.7));
#2618=CARTESIAN_POINT('',(-26.788141477,20.,18.7));
#2619=CARTESIAN_POINT('',(-22.5,24.,18.7));
#2620=CARTESIAN_POINT('',(-23.023693175,24.,18.7));
#2621=CARTESIAN_POINT('',(-23.546991542,23.895890705,18.7));
#2622=CARTESIAN_POINT('',(-24.030733729,23.69551813,18.7));
#2623=CARTESIAN_POINT('',(-24.514475916,23.495145556,18.7));
#2624=CARTESIAN_POINT('',(-24.958186884,23.198667366,18.7));
#2625=CARTESIAN_POINT('',(-25.328427125,22.828427125,18.7));
#2626=CARTESIAN_POINT('',(-25.698667366,22.458186884,18.7));
#2627=CARTESIAN_POINT('',(-25.995145556,22.014475916,18.7));
#2628=CARTESIAN_POINT('',(-26.19551813,21.530733729,18.7));
#2629=CARTESIAN_POINT('',(-26.395890705,21.046991542,18.7));
#2630=CARTESIAN_POINT('',(-26.5,20.523693175,18.7));
#2631=CARTESIAN_POINT('',(-26.5,20.,18.7));
#2632=B_SPLINE_SURFACE_WITH_KNOTS('',3,3,((#2346,#2347,#2348,#2349,#2350,#2351,#2352,#2353,#2354,#2355,#2356,#2357,#2358),(#2359,#2360,#2361,#2362,#2363,#2364,#2365,#2366,#2367,#2368,#2369,#2370,#2371),(#2372,#2373,#2374,#2375,#2376,#2377,#2378,#2379,#2380,#2381,#2382,#2383,#2384),(#2385,#2386,#2387,#2388,#2389,#2390,#2391,#2392,#2393,#2394,#2395,#2396,#2397),(#2398,#2399,#2400,#2401,#2402,#2403,#2404,#2405,#2406,#2407,#2408,#2409,#2410),(#2411,#2412,#2413,#2414,#2415,#2416,#2417,#2418,#2419,#2420,#2421,#2422,#2423),(#2424,#2425,#2426,#2427,#2428,#2429,#2430,#2431,#2432,#2433,#2434,#2435,#2436),(#2437,#2438,#2439,#2440,#2441,#2442,#2443,#2444,#2445,#2446,#2447,#2448,#2449),(#2450,#2451,#2452,#2453,#2454,#2455,#2456,#2457,#2458,#2459,#2460,#2461,#2462),(#2463,#2464,#2465,#2466,#2467,#2468,#2469,#2470,#2471,#2472,#2473,#2474,#2475),(#2476,#2477,#2478,#2479,#2480,#2481,#2482,#2483,#2484,#2485,#2486,#2487,#2488),(#2489,#2490,#2491,#2492,#2493,#2494,#2495,#2496,#2497,#2498,#2499,#2500,#2501),(#2502,#2503,#2504,#2505,#2506,#2507,#2508,#2509,#2510,#2511,#2512,#2513,#2514),(#2515,#2516,#2517,#2518,#2519,#2520,#2521,#2522,#2523,#2524,#2525,#2526,#2527),(#2528,#2529,#2530,#2531,#2532,#2533,#2534,#2535,#2536,#2537,#2538,#2539,#2540),(#2541,#2542,#2543,#2544,#2545,#2546,#2547,#2548,#2549,#2550,#2551,#2552,#2553),(#2554,#2555,#2556,#2557,#2558,#2559,#2560,#2561,#2562,#2563,#2564,#2565,#2566),(#2567,#2568,#2569,#2570,#2571,#2572,#2573,#2574,#2575,#2576,#2577,#2578,#2579),(#2580,#2581,#2582,#2583,#2584,#2585,#2586,#2587,#2588,#2589,#2590,#2591,#2592),(#2593,#2594,#2595,#2596,#2597,#2598,#2599,#2600,#2601,#2602,#2603,#2604,#2605),(#2606,#2607,#2608,#2609,#2610,#2611,#2612,#2613,#2614,#2615,#2616,#2617,#2618),(#2619,#2620,#2621,#2622,#2623,#2624,#2625,#2626,#2627,#2628,#2629,#2630,#2631)),.UNSPECIFIED.,.F.,.F.,.U.,(4,3,3,3,3,3,3,4),(4,3,3,3,4),(0.,0.125,0.25,0.5,0.625,0.75,0.875,1.),(1.570796327,1.963495408,2.35619449,2.748893572,3.141592654),.UNSPECIFIED.);
#2633=CARTESIAN_POINT('',(-28.645159215,22.471116767,19.538216374));
#2634=VERTEX_POINT('',#2633);
#2635=CARTESIAN_POINT('',(-23.042394679,23.962856851,18.7));
#2636=CARTESIAN_POINT('',(-23.1580576,24.164668581,18.7));
#2637=CARTESIAN_POINT('',(-23.294297432,24.34872319,18.712622911));
#2638=CARTESIAN_POINT('',(-23.45010943,24.515983412,18.736213995));
#2639=CARTESIAN_POINT('',(-23.528015428,24.599613524,18.748009538));
#2640=CARTESIAN_POINT('',(-23.611430066,24.679462411,18.762696112));
#2641=CARTESIAN_POINT('',(-23.698519821,24.753735783,18.779832138));
#2642=CARTESIAN_POINT('',(-23.785609576,24.828009155,18.796968164));
#2643=CARTESIAN_POINT('',(-23.875946083,24.896473803,18.816442577));
#2644=CARTESIAN_POINT('',(-23.969398225,24.959412124,18.838027389));
#2645=CARTESIAN_POINT('',(-24.062850367,25.022350445,18.859612201));
#2646=CARTESIAN_POINT('',(-24.159418765,25.079760487,18.883310209));
#2647=CARTESIAN_POINT('',(-24.259102489,25.131694145,18.908980435));
#2648=CARTESIAN_POINT('',(-24.358786214,25.183627803,18.934650661));
#2649=CARTESIAN_POINT('',(-24.462090296,25.230221462,18.962444259));
#2650=CARTESIAN_POINT('',(-24.566243373,25.270367486,18.991450718));
#2651=CARTESIAN_POINT('',(-24.774549526,25.350659533,19.049463637));
#2652=CARTESIAN_POINT('',(-24.987906099,25.406552343,19.112735805));
#2653=CARTESIAN_POINT('',(-25.206541943,25.438870067,19.179724418));
#2654=CARTESIAN_POINT('',(-25.315859865,25.455028928,19.213218725));
#2655=CARTESIAN_POINT('',(-25.426690565,25.465163118,19.247706058));
#2656=CARTESIAN_POINT('',(-25.536473841,25.469145097,19.282124328));
#2657=CARTESIAN_POINT('',(-25.646257116,25.473127077,19.316542599));
#2658=CARTESIAN_POINT('',(-25.755604261,25.47107764,19.351081027));
#2659=CARTESIAN_POINT('',(-25.864609127,25.463084265,19.385458232));
#2660=CARTESIAN_POINT('',(-25.973613993,25.45509089,19.419835437));
#2661=CARTESIAN_POINT('',(-26.082274895,25.441157349,19.4540576));
#2662=CARTESIAN_POINT('',(-26.190686649,25.421111466,19.48778545));
#2663=CARTESIAN_POINT('',(-26.299098404,25.401065583,19.521513299));
#2664=CARTESIAN_POINT('',(-26.40772128,25.374709195,19.554882012));
#2665=CARTESIAN_POINT('',(-26.513667397,25.342667426,19.586583301));
#2666=CARTESIAN_POINT('',(-26.725559632,25.278583886,19.649985879));
#2667=CARTESIAN_POINT('',(-26.929033561,25.191835382,19.707530146));
#2668=CARTESIAN_POINT('',(-27.124482727,25.081057119,19.755547692));
#2669=CARTESIAN_POINT('',(-27.22220731,25.025667987,19.779556465));
#2670=CARTESIAN_POINT('',(-27.31863392,24.96364819,19.80129992));
#2671=CARTESIAN_POINT('',(-27.410878623,24.896494632,19.819622035));
#2672=CARTESIAN_POINT('',(-27.503123326,24.829341074,19.837944149));
#2673=CARTESIAN_POINT('',(-27.591063506,24.757297447,19.85286178));
#2674=CARTESIAN_POINT('',(-27.674770661,24.680400243,19.864061368));
#2675=CARTESIAN_POINT('',(-27.758477815,24.60350304,19.875260956));
#2676=CARTESIAN_POINT('',(-27.837952526,24.521752811,19.882742056));
#2677=CARTESIAN_POINT('',(-27.913081544,24.434994172,19.886193939));
#2678=CARTESIAN_POINT('',(-27.988210562,24.348235533,19.889645822));
#2679=CARTESIAN_POINT('',(-28.059527176,24.255632304,19.889007244));
#2680=CARTESIAN_POINT('',(-28.124611605,24.160089436,19.884211349));
#2681=CARTESIAN_POINT('',(-28.254780461,23.9690037,19.874619559));
#2682=CARTESIAN_POINT('',(-28.360554661,23.766911987,19.848791819));
#2683=CARTESIAN_POINT('',(-28.442959341,23.554014465,19.809598285));
#2684=CARTESIAN_POINT('',(-28.484161681,23.447565705,19.790001518));
#2685=CARTESIAN_POINT('',(-28.519207363,23.338788057,19.767104878));
#2686=CARTESIAN_POINT('',(-28.547654392,23.22998956,19.741968302));
#2687=CARTESIAN_POINT('',(-28.57610142,23.121191062,19.716831726));
#2688=CARTESIAN_POINT('',(-28.598214524,23.011712609,19.689334514));
#2689=CARTESIAN_POINT('',(-28.614195082,22.901466128,19.659993513));
#2690=CARTESIAN_POINT('',(-28.646156196,22.680973166,19.601311511));
#2691=CARTESIAN_POINT('',(-28.653211983,22.456490094,19.53497872));
#2692=CARTESIAN_POINT('',(-28.63611715,22.237561791,19.467334166));
#2693=CARTESIAN_POINT('',(-28.627569733,22.12809764,19.433511889));
#2694=CARTESIAN_POINT('',(-28.613059353,22.019437103,19.399171984));
#2695=CARTESIAN_POINT('',(-28.592562757,21.911488182,19.364619002));
#2696=CARTESIAN_POINT('',(-28.57206616,21.803539261,19.330066021));
#2697=CARTESIAN_POINT('',(-28.545387437,21.695718148,19.29510445));
#2698=CARTESIAN_POINT('',(-28.512949923,21.590129712,19.260702172));
#2699=CARTESIAN_POINT('',(-28.448074895,21.37895284,19.191897617));
#2700=CARTESIAN_POINT('',(-28.361009303,21.177519225,19.125648233));
#2701=CARTESIAN_POINT('',(-28.251500841,20.985414218,19.063604102));
#2702=CARTESIAN_POINT('',(-28.141992378,20.79330921,19.00155997));
#2703=CARTESIAN_POINT('',(-28.008265873,20.609359833,18.943367852));
#2704=CARTESIAN_POINT('',(-27.8570233,20.44431233,18.893756779));
#2705=CARTESIAN_POINT('',(-27.705780727,20.279264826,18.844145707));
#2706=CARTESIAN_POINT('',(-27.536146416,20.130702285,18.802255642));
#2707=CARTESIAN_POINT('',(-27.346275447,20.,18.769819409));
#2708=B_SPLINE_CURVE_WITH_KNOTS('',3,(#2635,#2636,#2637,#2638,#2639,#2640,#2641,#2642,#2643,#2644,#2645,#2646,#2647,#2648,#2649,#2650,#2651,#2652,#2653,#2654,#2655,#2656,#2657,#2658,#2659,#2660,
#2661,#2662,#2663,#2664,#2665,#2666,#2667,#2668,#2669,#2670,#2671,#2672,#2673,#2674,#2675,#2676,#2677,#2678,#2679,#2680,#2681,#2682,#2683,#2684,#2685,
#2686,#2687,#2688,#2689,#2690,#2691,#2692,#2693,#2694,#2695,#2696,#2697,#2698,#2699,#2700,#2701,#2702,#2703,#2704,#2705,#2706,#2707),.UNSPECIFIED.,.F.,.F.,(4,3,3,3,3,3,3,3,3,3,3,3,3,3,3,3,3,3,3,3,3,3,3,3,4),(0.,0.000687337,0.001031005,0.001374674,0.001718342,0.00206201,0.002749347,0.003093016,0.003436684,0.003780352,0.004124021,0.004811358,0.005155026,0.005498695,0.005842363,0.006186031,0.006873368,0.007217037,0.007560705,0.008248042,0.00859171,0.008935379,0.009622715,0.010310052,0.010997389),.UNSPECIFIED.);
#2709=EDGE_CURVE('',#2634,#2274,#2708,.T.);
#2710=ORIENTED_EDGE('',*,*,#2709,.F.);
#2711=CARTESIAN_POINT('',(-23.042410562,23.962884564,18.7));
#2712=VERTEX_POINT('',#2711);
#2713=CARTESIAN_POINT('',(-23.042394679,23.962856851,18.7));
#2714=CARTESIAN_POINT('',(-23.1580576,24.164668581,18.7));
#2715=CARTESIAN_POINT('',(-23.294297432,24.34872319,18.712622911));
#2716=CARTESIAN_POINT('',(-23.45010943,24.515983412,18.736213995));
#2717=CARTESIAN_POINT('',(-23.528015428,24.599613524,18.748009538));
#2718=CARTESIAN_POINT('',(-23.611430066,24.679462411,18.762696112));
#2719=CARTESIAN_POINT('',(-23.698519821,24.753735783,18.779832138));
#2720=CARTESIAN_POINT('',(-23.785609576,24.828009155,18.796968164));
#2721=CARTESIAN_POINT('',(-23.875946083,24.896473803,18.816442577));
#2722=CARTESIAN_POINT('',(-23.969398225,24.959412124,18.838027389));
#2723=CARTESIAN_POINT('',(-24.062850367,25.022350445,18.859612201));
#2724=CARTESIAN_POINT('',(-24.159418765,25.079760487,18.883310209));
#2725=CARTESIAN_POINT('',(-24.259102489,25.131694145,18.908980435));
#2726=CARTESIAN_POINT('',(-24.358786214,25.183627803,18.934650661));
#2727=CARTESIAN_POINT('',(-24.462090296,25.230221462,18.962444259));
#2728=CARTESIAN_POINT('',(-24.566243373,25.270367486,18.991450718));
#2729=CARTESIAN_POINT('',(-24.774549526,25.350659533,19.049463637));
#2730=CARTESIAN_POINT('',(-24.987906099,25.406552343,19.112735805));
#2731=CARTESIAN_POINT('',(-25.206541943,25.438870067,19.179724418));
#2732=CARTESIAN_POINT('',(-25.315859865,25.455028928,19.213218725));
#2733=CARTESIAN_POINT('',(-25.426690565,25.465163118,19.247706058));
#2734=CARTESIAN_POINT('',(-25.536473841,25.469145097,19.282124328));
#2735=CARTESIAN_POINT('',(-25.646257116,25.473127077,19.316542599));
#2736=CARTESIAN_POINT('',(-25.755604261,25.47107764,19.351081027));
#2737=CARTESIAN_POINT('',(-25.864609127,25.463084265,19.385458232));
#2738=CARTESIAN_POINT('',(-25.973613993,25.45509089,19.419835437));
#2739=CARTESIAN_POINT('',(-26.082274895,25.441157349,19.4540576));
#2740=CARTESIAN_POINT('',(-26.190686649,25.421111466,19.48778545));
#2741=CARTESIAN_POINT('',(-26.299098404,25.401065583,19.521513299));
#2742=CARTESIAN_POINT('',(-26.40772128,25.374709195,19.554882012));
#2743=CARTESIAN_POINT('',(-26.513667397,25.342667426,19.586583301));
#2744=CARTESIAN_POINT('',(-26.725559632,25.278583886,19.649985879));
#2745=CARTESIAN_POINT('',(-26.929033561,25.191835382,19.707530146));
#2746=CARTESIAN_POINT('',(-27.124482727,25.081057119,19.755547692));
#2747=CARTESIAN_POINT('',(-27.22220731,25.025667987,19.779556465));
#2748=CARTESIAN_POINT('',(-27.31863392,24.96364819,19.80129992));
#2749=CARTESIAN_POINT('',(-27.410878623,24.896494632,19.819622035));
#2750=CARTESIAN_POINT('',(-27.503123326,24.829341074,19.837944149));
#2751=CARTESIAN_POINT('',(-27.591063506,24.757297447,19.85286178));
#2752=CARTESIAN_POINT('',(-27.674770661,24.680400243,19.864061368));
#2753=CARTESIAN_POINT('',(-27.758477815,24.60350304,19.875260956));
#2754=CARTESIAN_POINT('',(-27.837952526,24.521752811,19.882742056));
#2755=CARTESIAN_POINT('',(-27.913081544,24.434994172,19.886193939));
#2756=CARTESIAN_POINT('',(-27.988210562,24.348235533,19.889645822));
#2757=CARTESIAN_POINT('',(-28.059527176,24.255632304,19.889007244));
#2758=CARTESIAN_POINT('',(-28.124611605,24.160089436,19.884211349));
#2759=CARTESIAN_POINT('',(-28.254780461,23.9690037,19.874619559));
#2760=CARTESIAN_POINT('',(-28.360554661,23.766911987,19.848791819));
#2761=CARTESIAN_POINT('',(-28.442959341,23.554014465,19.809598285));
#2762=CARTESIAN_POINT('',(-28.484161681,23.447565705,19.790001518));
#2763=CARTESIAN_POINT('',(-28.519207363,23.338788057,19.767104878));
#2764=CARTESIAN_POINT('',(-28.547654392,23.22998956,19.741968302));
#2765=CARTESIAN_POINT('',(-28.57610142,23.121191062,19.716831726));
#2766=CARTESIAN_POINT('',(-28.598214524,23.011712609,19.689334514));
#2767=CARTESIAN_POINT('',(-28.614195082,22.901466128,19.659993513));
#2768=CARTESIAN_POINT('',(-28.646156196,22.680973166,19.601311511));
#2769=CARTESIAN_POINT('',(-28.653211983,22.456490094,19.53497872));
#2770=CARTESIAN_POINT('',(-28.63611715,22.237561791,19.467334166));
#2771=CARTESIAN_POINT('',(-28.627569733,22.12809764,19.433511889));
#2772=CARTESIAN_POINT('',(-28.613059353,22.019437103,19.399171984));
#2773=CARTESIAN_POINT('',(-28.592562757,21.911488182,19.364619002));
#2774=CARTESIAN_POINT('',(-28.57206616,21.803539261,19.330066021));
#2775=CARTESIAN_POINT('',(-28.545387437,21.695718148,19.29510445));
#2776=CARTESIAN_POINT('',(-28.512949923,21.590129712,19.260702172));
#2777=CARTESIAN_POINT('',(-28.448074895,21.37895284,19.191897617));
#2778=CARTESIAN_POINT('',(-28.361009303,21.177519225,19.125648233));
#2779=CARTESIAN_POINT('',(-28.251500841,20.985414218,19.063604102));
#2780=CARTESIAN_POINT('',(-28.141992378,20.79330921,19.00155997));
#2781=CARTESIAN_POINT('',(-28.008265873,20.609359833,18.943367852));
#2782=CARTESIAN_POINT('',(-27.8570233,20.44431233,18.893756779));
#2783=CARTESIAN_POINT('',(-27.705780727,20.279264826,18.844145707));
#2784=CARTESIAN_POINT('',(-27.536146416,20.130702285,18.802255642));
#2785=CARTESIAN_POINT('',(-27.346275447,20.,18.769819409));
#2786=B_SPLINE_CURVE_WITH_KNOTS('',3,(#2713,#2714,#2715,#2716,#2717,#2718,#2719,#2720,#2721,#2722,#2723,#2724,#2725,#2726,#2727,#2728,#2729,#2730,#2731,#2732,#2733,#2734,#2735,#2736,#2737,#2738,
#2739,#2740,#2741,#2742,#2743,#2744,#2745,#2746,#2747,#2748,#2749,#2750,#2751,#2752,#2753,#2754,#2755,#2756,#2757,#2758,#2759,#2760,#2761,#2762,#2763,
#2764,#2765,#2766,#2767,#2768,#2769,#2770,#2771,#2772,#2773,#2774,#2775,#2776,#2777,#2778,#2779,#2780,#2781,#2782,#2783,#2784,#2785),.UNSPECIFIED.,.F.,.F.,(4,3,3,3,3,3,3,3,3,3,3,3,3,3,3,3,3,3,3,3,3,3,3,3,4),(0.,0.000687337,0.001031005,0.001374674,0.001718342,0.00206201,0.002749347,0.003093016,0.003436684,0.003780352,0.004124021,0.004811358,0.005155026,0.005498695,0.005842363,0.006186031,0.006873368,0.007217037,0.007560705,0.008248042,0.00859171,0.008935379,0.009622715,0.010310052,0.010997389),.UNSPECIFIED.);
#2787=EDGE_CURVE('',#2712,#2634,#2786,.T.);
#2788=ORIENTED_EDGE('',*,*,#2787,.F.);
#2789=CARTESIAN_POINT('',(-22.5,24.,18.7));
#2790=VERTEX_POINT('',#2789);
#2791=CARTESIAN_POINT('',(-23.042414618,23.962913903,18.7));
#2792=CARTESIAN_POINT('',(-22.772573622,24.,18.7));
#2793=CARTESIAN_POINT('',(-22.5,24.,18.7));
#2794=B_SPLINE_CURVE_WITH_KNOTS('',2,(#2791,#2792,#2793),.UNSPECIFIED.,.F.,.F.,(3,3),(0.913306815,1.),.UNSPECIFIED.);
#2795=EDGE_CURVE('',#2712,#2790,#2794,.T.);
#2796=ORIENTED_EDGE('',*,*,#2795,.T.);
#2797=CARTESIAN_POINT('',(-22.5,28.,22.7));
#2798=VERTEX_POINT('',#2797);
#2799=CARTESIAN_POINT('',(-22.5,24.,18.7));
#2800=CARTESIAN_POINT('',(-22.5,24.576282954,18.7));
#2801=CARTESIAN_POINT('',(-22.5,25.13534074,18.794002738));
#2802=CARTESIAN_POINT('',(-22.5,25.630385219,18.979835523));
#2803=CARTESIAN_POINT('',(-22.5,26.125429699,19.165668307));
#2804=CARTESIAN_POINT('',(-22.5,26.556172619,19.440616845));
#2805=CARTESIAN_POINT('',(-22.5,26.907777887,19.792222113));
#2806=CARTESIAN_POINT('',(-22.5,27.259383155,20.143827381));
#2807=CARTESIAN_POINT('',(-22.5,27.534331693,20.574570301));
#2808=CARTESIAN_POINT('',(-22.5,27.720164477,21.069614781));
#2809=CARTESIAN_POINT('',(-22.5,27.905997262,21.56465926));
#2810=CARTESIAN_POINT('',(-22.5,28.,22.123717046));
#2811=CARTESIAN_POINT('',(-22.5,28.,22.7));
#2812=B_SPLINE_CURVE_WITH_KNOTS('',3,(#2799,#2800,#2801,#2802,#2803,#2804,#2805,#2806,#2807,#2808,#2809,#2810,#2811),.UNSPECIFIED.,.F.,.F.,(4,3,3,3,4),(0.,0.25,0.5,0.75,1.),.UNSPECIFIED.);
#2813=EDGE_CURVE('',#2790,#2798,#2812,.T.);
#2814=ORIENTED_EDGE('',*,*,#2813,.T.);
#2815=CARTESIAN_POINT('',(-22.5,20.,22.7));
#2816=DIRECTION('',(-0.,-0.,1.));
#2817=DIRECTION('',(-1.,0.,0.));
#2818=AXIS2_PLACEMENT_3D('',#2815,#2816,#2817);
#2819=CIRCLE('',#2818,8.);
#2820=EDGE_CURVE('',#2798,#2294,#2819,.T.);
#2821=ORIENTED_EDGE('',*,*,#2820,.T.);
#2822=ORIENTED_EDGE('',*,*,#2309,.T.);
#2823=EDGE_LOOP('',(#2710,#2788,#2796,#2814,#2821,#2822));
#2824=FACE_BOUND('',#2823,.T.);
#2825=ADVANCED_FACE('',(#2824),#2632,.F.);
#2826=CARTESIAN_POINT('',(0.,0.,18.7));
#2827=DIRECTION('',(0.,0.,1.));
#2828=DIRECTION('',(1.,0.,0.));
#2829=AXIS2_PLACEMENT_3D('',#2826,#2827,#2828);
#2830=PLANE('',#2829);
#2831=CARTESIAN_POINT('',(-25.645222289,22.471116783,18.7));
#2832=DIRECTION('',(0.,0.,1.));
#2833=DIRECTION('',(1.,0.,-0.));
#2834=AXIS2_PLACEMENT_3D('',#2831,#2832,#2833);
#2835=CIRCLE('',#2834,3.);
#2836=EDGE_CURVE('',#2276,#2712,#2835,.T.);
#2837=ORIENTED_EDGE('',*,*,#2836,.F.);
#2838=ORIENTED_EDGE('',*,*,#2341,.F.);
#2839=CARTESIAN_POINT('',(-22.5,-59.999893246,18.7));
#2840=VERTEX_POINT('',#2839);
#2841=CARTESIAN_POINT('',(-22.5,-56.,18.7));
#2842=DIRECTION('',(-0.,-0.,1.));
#2843=DIRECTION('',(-1.,0.,0.));
#2844=AXIS2_PLACEMENT_3D('',#2841,#2842,#2843);
#2845=CIRCLE('',#2844,3.999786493);
#2846=EDGE_CURVE('',#2840,#2320,#2845,.T.);
#2847=ORIENTED_EDGE('',*,*,#2846,.F.);
#2848=CARTESIAN_POINT('',(22.5,-59.999927142,18.7));
#2849=VERTEX_POINT('',#2848);
#2850=CARTESIAN_POINT('',(22.5,-60.,18.7));
#2851=DIRECTION('',(-1.,-0.,0.));
#2852=VECTOR('',#2851,45.);
#2853=LINE('',#2850,#2852);
#2854=EDGE_CURVE('',#2849,#2840,#2853,.T.);
#2855=ORIENTED_EDGE('',*,*,#2854,.F.);
#2856=CARTESIAN_POINT('',(18.500149585,-56.,18.7));
#2857=VERTEX_POINT('',#2856);
#2858=CARTESIAN_POINT('',(26.499854283,-56.,18.7));
#2859=CARTESIAN_POINT('',(26.499854283,-55.803657612,18.7));
#2860=CARTESIAN_POINT('',(26.485371312,-55.607316761,18.7));
#2861=CARTESIAN_POINT('',(26.4565619,-55.413099483,18.7));
#2862=CARTESIAN_POINT('',(26.427752488,-55.218882205,18.7));
#2863=CARTESIAN_POINT('',(26.384617087,-55.026791541,18.7));
#2864=CARTESIAN_POINT('',(26.327621901,-54.83890359,18.7));
#2865=CARTESIAN_POINT('',(26.270626714,-54.65101564,18.7));
#2866=CARTESIAN_POINT('',(26.199772634,-54.467333345,18.7));
#2867=CARTESIAN_POINT('',(26.115825446,-54.289841928,18.7));
#2868=CARTESIAN_POINT('',(26.031878258,-54.112350512,18.7));
#2869=CARTESIAN_POINT('',(25.934839276,-53.941052753,18.7));
#2870=CARTESIAN_POINT('',(25.82575729,-53.777800024,18.7));
#2871=CARTESIAN_POINT('',(25.716675304,-53.614547295,18.7));
#2872=CARTESIAN_POINT('',(25.595552021,-53.459342151,18.7));
#2873=CARTESIAN_POINT('',(25.463696532,-53.313862038,18.7));
#2874=CARTESIAN_POINT('',(25.331841044,-53.168381925,18.7));
#2875=CARTESIAN_POINT('',(25.189255413,-53.032629119,18.7));
#2876=CARTESIAN_POINT('',(25.037480695,-52.908070827,18.7));
#2877=CARTESIAN_POINT('',(24.885705977,-52.783512535,18.7));
#2878=CARTESIAN_POINT('',(24.724744547,-52.670150706,18.7));
#2879=CARTESIAN_POINT('',(24.556336063,-52.569210545,18.7));
#2880=CARTESIAN_POINT('',(24.38792758,-52.468270385,18.7));
#2881=CARTESIAN_POINT('',(24.21207468,-52.379753474,18.7));
#2882=CARTESIAN_POINT('',(24.030677966,-52.304616495,18.7));
#2883=CARTESIAN_POINT('',(23.849281252,-52.229479516,18.7));
#2884=CARTESIAN_POINT('',(23.662343566,-52.167723646,18.7));
#2885=CARTESIAN_POINT('',(23.471885313,-52.120016337,18.7));
#2886=CARTESIAN_POINT('',(23.281427061,-52.072309028,18.7));
#2887=CARTESIAN_POINT('',(23.087451224,-52.038651028,18.7));
#2888=CARTESIAN_POINT('',(22.892054279,-52.019406108,18.7));
#2889=CARTESIAN_POINT('',(22.696657333,-52.000161189,18.7));
#2890=CARTESIAN_POINT('',(22.499842338,-51.995329652,18.7));
#2891=CARTESIAN_POINT('',(22.303736453,-52.004963716,18.7));
#2892=CARTESIAN_POINT('',(22.107630568,-52.014597781,18.7));
#2893=CARTESIAN_POINT('',(21.912236864,-52.038697296,18.7));
#2894=CARTESIAN_POINT('',(21.71966714,-52.077001795,18.7));
#2895=CARTESIAN_POINT('',(21.527097416,-52.115306295,18.7));
#2896=CARTESIAN_POINT('',(21.337354687,-52.16781518,18.7));
#2897=CARTESIAN_POINT('',(21.152489677,-52.233960938,18.7));
#2898=CARTESIAN_POINT('',(20.967624667,-52.300106696,18.7));
#2899=CARTESIAN_POINT('',(20.78764027,-52.379888292,18.7));
#2900=CARTESIAN_POINT('',(20.614481743,-52.472443453,18.7));
#2901=CARTESIAN_POINT('',(20.441323216,-52.564998614,18.7));
#2902=CARTESIAN_POINT('',(20.27499327,-52.670325891,18.7));
#2903=CARTESIAN_POINT('',(20.117289585,-52.787286915,18.7));
#2904=CARTESIAN_POINT('',(19.959585901,-52.904247939,18.7));
#2905=CARTESIAN_POINT('',(19.810510947,-53.032840879,18.7));
#2906=CARTESIAN_POINT('',(19.671675913,-53.171675913,18.7));
#2907=CARTESIAN_POINT('',(19.532840879,-53.310510947,18.7));
#2908=CARTESIAN_POINT('',(19.404247939,-53.459585901,18.7));
#2909=CARTESIAN_POINT('',(19.287286915,-53.617289585,18.7));
#2910=CARTESIAN_POINT('',(19.170325891,-53.77499327,18.7));
#2911=CARTESIAN_POINT('',(19.064998614,-53.941323216,18.7));
#2912=CARTESIAN_POINT('',(18.972443453,-54.114481743,18.7));
#2913=CARTESIAN_POINT('',(18.879888292,-54.28764027,18.7));
#2914=CARTESIAN_POINT('',(18.800106696,-54.467624667,18.7));
#2915=CARTESIAN_POINT('',(18.733960938,-54.652489677,18.7));
#2916=CARTESIAN_POINT('',(18.66781518,-54.837354687,18.7));
#2917=CARTESIAN_POINT('',(18.615306295,-55.027097416,18.7));
#2918=CARTESIAN_POINT('',(18.577001795,-55.21966714,18.7));
#2919=CARTESIAN_POINT('',(18.538697296,-55.412236864,18.7));
#2920=CARTESIAN_POINT('',(18.514597781,-55.607630568,18.7));
#2921=CARTESIAN_POINT('',(18.504963716,-55.803736453,18.7));
#2922=CARTESIAN_POINT('',(18.495329652,-55.999842338,18.7));
#2923=CARTESIAN_POINT('',(18.500161189,-56.196657333,18.7));
#2924=CARTESIAN_POINT('',(18.519406108,-56.392054279,18.7));
#2925=CARTESIAN_POINT('',(18.538651028,-56.587451224,18.7));
#2926=CARTESIAN_POINT('',(18.572309028,-56.781427061,18.7));
#2927=CARTESIAN_POINT('',(18.620016337,-56.971885313,18.7));
#2928=CARTESIAN_POINT('',(18.667723646,-57.162343566,18.7));
#2929=CARTESIAN_POINT('',(18.729479516,-57.349281252,18.7));
#2930=CARTESIAN_POINT('',(18.804616495,-57.530677966,18.7));
#2931=CARTESIAN_POINT('',(18.879753474,-57.71207468,18.7));
#2932=CARTESIAN_POINT('',(18.968270385,-57.88792758,18.7));
#2933=CARTESIAN_POINT('',(19.069210545,-58.056336063,18.7));
#2934=CARTESIAN_POINT('',(19.170150706,-58.224744547,18.7));
#2935=CARTESIAN_POINT('',(19.283512535,-58.385705977,18.7));
#2936=CARTESIAN_POINT('',(19.408070827,-58.537480695,18.7));
#2937=CARTESIAN_POINT('',(19.532629119,-58.689255413,18.7));
#2938=CARTESIAN_POINT('',(19.668381925,-58.831841044,18.7));
#2939=CARTESIAN_POINT('',(19.813862038,-58.963696532,18.7));
#2940=CARTESIAN_POINT('',(19.959342151,-59.095552021,18.7));
#2941=CARTESIAN_POINT('',(20.114547295,-59.216675304,18.7));
#2942=CARTESIAN_POINT('',(20.277800024,-59.32575729,18.7));
#2943=CARTESIAN_POINT('',(20.441052753,-59.434839276,18.7));
#2944=CARTESIAN_POINT('',(20.612350512,-59.531878258,18.7));
#2945=CARTESIAN_POINT('',(20.789841928,-59.615825446,18.7));
#2946=CARTESIAN_POINT('',(20.967333345,-59.699772634,18.7));
#2947=CARTESIAN_POINT('',(21.15101564,-59.770626714,18.7));
#2948=CARTESIAN_POINT('',(21.33890359,-59.827621901,18.7));
#2949=CARTESIAN_POINT('',(21.526791541,-59.884617087,18.7));
#2950=CARTESIAN_POINT('',(21.718882205,-59.927752488,18.7));
#2951=CARTESIAN_POINT('',(21.913099483,-59.9565619,18.7));
#2952=CARTESIAN_POINT('',(22.107316761,-59.985371312,18.7));
#2953=CARTESIAN_POINT('',(22.303657612,-59.999854283,18.7));
#2954=CARTESIAN_POINT('',(22.5,-59.999854283,18.7));
#2955=B_SPLINE_CURVE_WITH_KNOTS('',3,(#2858,#2859,#2860,#2861,#2862,#2863,#2864,#2865,#2866,#2867,#2868,#2869,#2870,#2871,#2872,#2873,#2874,#2875,#2876,#2877,#2878,#2879,#2880,#2881,#2882,#2883,
#2884,#2885,#2886,#2887,#2888,#2889,#2890,#2891,#2892,#2893,#2894,#2895,#2896,#2897,#2898,#2899,#2900,#2901,#2902,#2903,#2904,#2905,#2906,#2907,#2908,
#2909,#2910,#2911,#2912,#2913,#2914,#2915,#2916,#2917,#2918,#2919,#2920,#2921,#2922,#2923,#2924,#2925,#2926,#2927,#2928,#2929,#2930,#2931,#2932,#2933,
#2934,#2935,#2936,#2937,#2938,#2939,#2940,#2941,#2942,#2943,#2944,#2945,#2946,#2947,#2948,#2949,#2950,#2951,#2952,#2953,#2954),.UNSPECIFIED.,.F.,.F.,(4,3,3,3,3,3,3,3,3,3,3,3,3,3,3,3,3,3,3,3,3,3,3,3,3,3,
3,3,3,3,3,3,4),(0.,0.0234375,0.046875,0.0703125,0.09375,0.1171875,0.140625,0.1640625,0.1875,0.2109375,0.234375,0.2578125,0.28125,0.3046875,0.328125,0.3515625,0.375,0.3984375,0.421875,0.4453125,0.46875,0.4921875,0.515625,0.5390625,0.5625,0.5859375,
0.609375,0.6328125,0.65625,0.6796875,0.703125,0.7265625,0.75),.UNSPECIFIED.);
#2956=EDGE_CURVE('',#2857,#2849,#2955,.T.);
#2957=ORIENTED_EDGE('',*,*,#2956,.F.);
#2958=CARTESIAN_POINT('',(26.499854283,-56.,18.7));
#2959=CARTESIAN_POINT('',(26.499854283,-55.803657612,18.7));
#2960=CARTESIAN_POINT('',(26.485371312,-55.607316761,18.7));
#2961=CARTESIAN_POINT('',(26.4565619,-55.413099483,18.7));
#2962=CARTESIAN_POINT('',(26.427752488,-55.218882205,18.7));
#2963=CARTESIAN_POINT('',(26.384617087,-55.026791541,18.7));
#2964=CARTESIAN_POINT('',(26.327621901,-54.83890359,18.7));
#2965=CARTESIAN_POINT('',(26.270626714,-54.65101564,18.7));
#2966=CARTESIAN_POINT('',(26.199772634,-54.467333345,18.7));
#2967=CARTESIAN_POINT('',(26.115825446,-54.289841928,18.7));
#2968=CARTESIAN_POINT('',(26.031878258,-54.112350512,18.7));
#2969=CARTESIAN_POINT('',(25.934839276,-53.941052753,18.7));
#2970=CARTESIAN_POINT('',(25.82575729,-53.777800024,18.7));
#2971=CARTESIAN_POINT('',(25.716675304,-53.614547295,18.7));
#2972=CARTESIAN_POINT('',(25.595552021,-53.459342151,18.7));
#2973=CARTESIAN_POINT('',(25.463696532,-53.313862038,18.7));
#2974=CARTESIAN_POINT('',(25.331841044,-53.168381925,18.7));
#2975=CARTESIAN_POINT('',(25.189255413,-53.032629119,18.7));
#2976=CARTESIAN_POINT('',(25.037480695,-52.908070827,18.7));
#2977=CARTESIAN_POINT('',(24.885705977,-52.783512535,18.7));
#2978=CARTESIAN_POINT('',(24.724744547,-52.670150706,18.7));
#2979=CARTESIAN_POINT('',(24.556336063,-52.569210545,18.7));
#2980=CARTESIAN_POINT('',(24.38792758,-52.468270385,18.7));
#2981=CARTESIAN_POINT('',(24.21207468,-52.379753474,18.7));
#2982=CARTESIAN_POINT('',(24.030677966,-52.304616495,18.7));
#2983=CARTESIAN_POINT('',(23.849281252,-52.229479516,18.7));
#2984=CARTESIAN_POINT('',(23.662343566,-52.167723646,18.7));
#2985=CARTESIAN_POINT('',(23.471885313,-52.120016337,18.7));
#2986=CARTESIAN_POINT('',(23.281427061,-52.072309028,18.7));
#2987=CARTESIAN_POINT('',(23.087451224,-52.038651028,18.7));
#2988=CARTESIAN_POINT('',(22.892054279,-52.019406108,18.7));
#2989=CARTESIAN_POINT('',(22.696657333,-52.000161189,18.7));
#2990=CARTESIAN_POINT('',(22.499842338,-51.995329652,18.7));
#2991=CARTESIAN_POINT('',(22.303736453,-52.004963716,18.7));
#2992=CARTESIAN_POINT('',(22.107630568,-52.014597781,18.7));
#2993=CARTESIAN_POINT('',(21.912236864,-52.038697296,18.7));
#2994=CARTESIAN_POINT('',(21.71966714,-52.077001795,18.7));
#2995=CARTESIAN_POINT('',(21.527097416,-52.115306295,18.7));
#2996=CARTESIAN_POINT('',(21.337354687,-52.16781518,18.7));
#2997=CARTESIAN_POINT('',(21.152489677,-52.233960938,18.7));
#2998=CARTESIAN_POINT('',(20.967624667,-52.300106696,18.7));
#2999=CARTESIAN_POINT('',(20.78764027,-52.379888292,18.7));
#3000=CARTESIAN_POINT('',(20.614481743,-52.472443453,18.7));
#3001=CARTESIAN_POINT('',(20.441323216,-52.564998614,18.7));
#3002=CARTESIAN_POINT('',(20.27499327,-52.670325891,18.7));
#3003=CARTESIAN_POINT('',(20.117289585,-52.787286915,18.7));
#3004=CARTESIAN_POINT('',(19.959585901,-52.904247939,18.7));
#3005=CARTESIAN_POINT('',(19.810510947,-53.032840879,18.7));
#3006=CARTESIAN_POINT('',(19.671675913,-53.171675913,18.7));
#3007=CARTESIAN_POINT('',(19.532840879,-53.310510947,18.7));
#3008=CARTESIAN_POINT('',(19.404247939,-53.459585901,18.7));
#3009=CARTESIAN_POINT('',(19.287286915,-53.617289585,18.7));
#3010=CARTESIAN_POINT('',(19.170325891,-53.77499327,18.7));
#3011=CARTESIAN_POINT('',(19.064998614,-53.941323216,18.7));
#3012=CARTESIAN_POINT('',(18.972443453,-54.114481743,18.7));
#3013=CARTESIAN_POINT('',(18.879888292,-54.28764027,18.7));
#3014=CARTESIAN_POINT('',(18.800106696,-54.467624667,18.7));
#3015=CARTESIAN_POINT('',(18.733960938,-54.652489677,18.7));
#3016=CARTESIAN_POINT('',(18.66781518,-54.837354687,18.7));
#3017=CARTESIAN_POINT('',(18.615306295,-55.027097416,18.7));
#3018=CARTESIAN_POINT('',(18.577001795,-55.21966714,18.7));
#3019=CARTESIAN_POINT('',(18.538697296,-55.412236864,18.7));
#3020=CARTESIAN_POINT('',(18.514597781,-55.607630568,18.7));
#3021=CARTESIAN_POINT('',(18.504963716,-55.803736453,18.7));
#3022=CARTESIAN_POINT('',(18.495329652,-55.999842338,18.7));
#3023=CARTESIAN_POINT('',(18.500161189,-56.196657333,18.7));
#3024=CARTESIAN_POINT('',(18.519406108,-56.392054279,18.7));
#3025=CARTESIAN_POINT('',(18.538651028,-56.587451224,18.7));
#3026=CARTESIAN_POINT('',(18.572309028,-56.781427061,18.7));
#3027=CARTESIAN_POINT('',(18.620016337,-56.971885313,18.7));
#3028=CARTESIAN_POINT('',(18.667723646,-57.162343566,18.7));
#3029=CARTESIAN_POINT('',(18.729479516,-57.349281252,18.7));
#3030=CARTESIAN_POINT('',(18.804616495,-57.530677966,18.7));
#3031=CARTESIAN_POINT('',(18.879753474,-57.71207468,18.7));
#3032=CARTESIAN_POINT('',(18.968270385,-57.88792758,18.7));
#3033=CARTESIAN_POINT('',(19.069210545,-58.056336063,18.7));
#3034=CARTESIAN_POINT('',(19.170150706,-58.224744547,18.7));
#3035=CARTESIAN_POINT('',(19.283512535,-58.385705977,18.7));
#3036=CARTESIAN_POINT('',(19.408070827,-58.537480695,18.7));
#3037=CARTESIAN_POINT('',(19.532629119,-58.689255413,18.7));
#3038=CARTESIAN_POINT('',(19.668381925,-58.831841044,18.7));
#3039=CARTESIAN_POINT('',(19.813862038,-58.963696532,18.7));
#3040=CARTESIAN_POINT('',(19.959342151,-59.095552021,18.7));
#3041=CARTESIAN_POINT('',(20.114547295,-59.216675304,18.7));
#3042=CARTESIAN_POINT('',(20.277800024,-59.32575729,18.7));
#3043=CARTESIAN_POINT('',(20.441052753,-59.434839276,18.7));
#3044=CARTESIAN_POINT('',(20.612350512,-59.531878258,18.7));
#3045=CARTESIAN_POINT('',(20.789841928,-59.615825446,18.7));
#3046=CARTESIAN_POINT('',(20.967333345,-59.699772634,18.7));
#3047=CARTESIAN_POINT('',(21.15101564,-59.770626714,18.7));
#3048=CARTESIAN_POINT('',(21.33890359,-59.827621901,18.7));
#3049=CARTESIAN_POINT('',(21.526791541,-59.884617087,18.7));
#3050=CARTESIAN_POINT('',(21.718882205,-59.927752488,18.7));
#3051=CARTESIAN_POINT('',(21.913099483,-59.9565619,18.7));
#3052=CARTESIAN_POINT('',(22.107316761,-59.985371312,18.7));
#3053=CARTESIAN_POINT('',(22.303657612,-59.999854283,18.7));
#3054=CARTESIAN_POINT('',(22.5,-59.999854283,18.7));
#3055=B_SPLINE_CURVE_WITH_KNOTS('',3,(#2958,#2959,#2960,#2961,#2962,#2963,#2964,#2965,#2966,#2967,#2968,#2969,#2970,#2971,#2972,#2973,#2974,#2975,#2976,#2977,#2978,#2979,#2980,#2981,#2982,#2983,
#2984,#2985,#2986,#2987,#2988,#2989,#2990,#2991,#2992,#2993,#2994,#2995,#2996,#2997,#2998,#2999,#3000,#3001,#3002,#3003,#3004,#3005,#3006,#3007,#3008,
#3009,#3010,#3011,#3012,#3013,#3014,#3015,#3016,#3017,#3018,#3019,#3020,#3021,#3022,#3023,#3024,#3025,#3026,#3027,#3028,#3029,#3030,#3031,#3032,#3033,
#3034,#3035,#3036,#3037,#3038,#3039,#3040,#3041,#3042,#3043,#3044,#3045,#3046,#3047,#3048,#3049,#3050,#3051,#3052,#3053,#3054),.UNSPECIFIED.,.F.,.F.,(4,3,3,3,3,3,3,3,3,3,3,3,3,3,3,3,3,3,3,3,3,3,3,3,3,3,
3,3,3,3,3,3,4),(0.,0.0234375,0.046875,0.0703125,0.09375,0.1171875,0.140625,0.1640625,0.1875,0.2109375,0.234375,0.2578125,0.28125,0.3046875,0.328125,0.3515625,0.375,0.3984375,0.421875,0.4453125,0.46875,0.4921875,0.515625,0.5390625,0.5625,0.5859375,
0.609375,0.6328125,0.65625,0.6796875,0.703125,0.7265625,0.75),.UNSPECIFIED.);
#3056=EDGE_CURVE('',#2161,#2857,#3055,.T.);
#3057=ORIENTED_EDGE('',*,*,#3056,.F.);
#3058=ORIENTED_EDGE('',*,*,#2166,.F.);
#3059=CARTESIAN_POINT('',(22.644403721,22.470540326,18.7));
#3060=VERTEX_POINT('',#3059);
#3061=CARTESIAN_POINT('',(25.644403721,22.470540326,18.7));
#3062=DIRECTION('',(0.,0.,1.));
#3063=DIRECTION('',(1.,0.,-0.));
#3064=AXIS2_PLACEMENT_3D('',#3061,#3062,#3063);
#3065=CIRCLE('',#3064,3.);
#3066=EDGE_CURVE('',#3060,#2152,#3065,.T.);
#3067=ORIENTED_EDGE('',*,*,#3066,.F.);
#3068=CARTESIAN_POINT('',(25.644403721,22.470540326,18.7));
#3069=DIRECTION('',(0.,0.,1.));
#3070=DIRECTION('',(1.,0.,-0.));
#3071=AXIS2_PLACEMENT_3D('',#3068,#3069,#3070);
#3072=CIRCLE('',#3071,3.);
#3073=EDGE_CURVE('',#1946,#3060,#3072,.T.);
#3074=ORIENTED_EDGE('',*,*,#3073,.F.);
#3075=ORIENTED_EDGE('',*,*,#2069,.F.);
#3076=CARTESIAN_POINT('',(-22.5,24.,18.7));
#3077=DIRECTION('',(1.,0.,-0.));
#3078=VECTOR('',#3077,45.);
#3079=LINE('',#3076,#3078);
#3080=EDGE_CURVE('',#2790,#2048,#3079,.T.);
#3081=ORIENTED_EDGE('',*,*,#3080,.F.);
#3082=ORIENTED_EDGE('',*,*,#2795,.F.);
#3083=EDGE_LOOP('',(#2837,#2838,#2847,#2855,#2957,#3057,#3058,#3067,#3074,#3075,#3081,#3082));
#3084=FACE_BOUND('',#3083,.T.);
#3085=ADVANCED_FACE('',(#3084),#2830,.T.);
#3086=CARTESIAN_POINT('',(-0.000000006,0.,23.6));
#3087=DIRECTION('',(0.,0.,1.));
#3088=DIRECTION('',(1.,0.,0.));
#3089=AXIS2_PLACEMENT_3D('',#3086,#3087,#3088);
#3090=PLANE('',#3089);
#3091=CARTESIAN_POINT('',(-22.5,-65.5,23.6));
#3092=VERTEX_POINT('',#3091);
#3093=CARTESIAN_POINT('',(22.5,-65.5,23.6));
#3094=VERTEX_POINT('',#3093);
#3095=CARTESIAN_POINT('',(-22.5,-65.5,23.6));
#3096=DIRECTION('',(1.,-0.,-0.));
#3097=VECTOR('',#3096,45.);
#3098=LINE('',#3095,#3097);
#3099=EDGE_CURVE('',#3092,#3094,#3098,.T.);
#3100=ORIENTED_EDGE('',*,*,#3099,.T.);
#3101=CARTESIAN_POINT('',(32.,-56.,23.6));
#3102=VERTEX_POINT('',#3101);
#3103=CARTESIAN_POINT('',(22.5,-56.,23.6));
#3104=DIRECTION('',(0.,0.,1.));
#3105=DIRECTION('',(1.,0.,-0.));
#3106=AXIS2_PLACEMENT_3D('',#3103,#3104,#3105);
#3107=CIRCLE('',#3106,9.5);
#3108=EDGE_CURVE('',#3094,#3102,#3107,.T.);
#3109=ORIENTED_EDGE('',*,*,#3108,.T.);
#3110=CARTESIAN_POINT('',(32.,20.,23.6));
#3111=VERTEX_POINT('',#3110);
#3112=CARTESIAN_POINT('',(32.,-56.,23.6));
#3113=DIRECTION('',(-0.,1.,-0.));
#3114=VECTOR('',#3113,76.);
#3115=LINE('',#3112,#3114);
#3116=EDGE_CURVE('',#3102,#3111,#3115,.T.);
#3117=ORIENTED_EDGE('',*,*,#3116,.T.);
#3118=CARTESIAN_POINT('',(22.5,29.5,23.6));
#3119=VERTEX_POINT('',#3118);
#3120=CARTESIAN_POINT('',(22.5,20.,23.6));
#3121=DIRECTION('',(0.,0.,1.));
#3122=DIRECTION('',(1.,0.,-0.));
#3123=AXIS2_PLACEMENT_3D('',#3120,#3121,#3122);
#3124=CIRCLE('',#3123,9.5);
#3125=EDGE_CURVE('',#3111,#3119,#3124,.T.);
#3126=ORIENTED_EDGE('',*,*,#3125,.T.);
#3127=CARTESIAN_POINT('',(-22.5,29.5,23.6));
#3128=VERTEX_POINT('',#3127);
#3129=CARTESIAN_POINT('',(22.5,29.5,23.6));
#3130=DIRECTION('',(-1.,-0.,0.));
#3131=VECTOR('',#3130,45.);
#3132=LINE('',#3129,#3131);
#3133=EDGE_CURVE('',#3119,#3128,#3132,.T.);
#3134=ORIENTED_EDGE('',*,*,#3133,.T.);
#3135=CARTESIAN_POINT('',(-32.,20.,23.6));
#3136=VERTEX_POINT('',#3135);
#3137=CARTESIAN_POINT('',(-22.5,20.,23.6));
#3138=DIRECTION('',(0.,0.,1.));
#3139=DIRECTION('',(1.,0.,-0.));
#3140=AXIS2_PLACEMENT_3D('',#3137,#3138,#3139);
#3141=CIRCLE('',#3140,9.5);
#3142=EDGE_CURVE('',#3128,#3136,#3141,.T.);
#3143=ORIENTED_EDGE('',*,*,#3142,.T.);
#3144=CARTESIAN_POINT('',(-32.,-56.,23.6));
#3145=VERTEX_POINT('',#3144);
#3146=CARTESIAN_POINT('',(-32.,20.,23.6));
#3147=DIRECTION('',(0.,-1.,-0.));
#3148=VECTOR('',#3147,76.);
#3149=LINE('',#3146,#3148);
#3150=EDGE_CURVE('',#3136,#3145,#3149,.T.);
#3151=ORIENTED_EDGE('',*,*,#3150,.T.);
#3152=CARTESIAN_POINT('',(-22.5,-56.,23.6));
#3153=DIRECTION('',(0.,0.,1.));
#3154=DIRECTION('',(1.,0.,-0.));
#3155=AXIS2_PLACEMENT_3D('',#3152,#3153,#3154);
#3156=CIRCLE('',#3155,9.5);
#3157=EDGE_CURVE('',#3145,#3092,#3156,.T.);
#3158=ORIENTED_EDGE('',*,*,#3157,.T.);
#3159=EDGE_LOOP('',(#3100,#3109,#3117,#3126,#3134,#3143,#3151,#3158));
#3160=FACE_BOUND('',#3159,.T.);
#3161=CARTESIAN_POINT('',(31.15,20.,23.6));
#3162=VERTEX_POINT('',#3161);
#3163=CARTESIAN_POINT('',(31.15,-56.,23.6));
#3164=VERTEX_POINT('',#3163);
#3165=CARTESIAN_POINT('',(31.15,20.,23.6));
#3166=DIRECTION('',(0.,-1.,0.));
#3167=VECTOR('',#3166,76.);
#3168=LINE('',#3165,#3167);
#3169=EDGE_CURVE('',#3162,#3164,#3168,.T.);
#3170=ORIENTED_EDGE('',*,*,#3169,.T.);
#3171=CARTESIAN_POINT('',(22.5,-64.65,23.6));
#3172=VERTEX_POINT('',#3171);
#3173=CARTESIAN_POINT('',(22.5,-56.,23.6));
#3174=DIRECTION('',(0.,0.,1.));
#3175=DIRECTION('',(0.,-1.,0.));
#3176=AXIS2_PLACEMENT_3D('',#3173,#3174,#3175);
#3177=CIRCLE('',#3176,8.65);
#3178=EDGE_CURVE('',#3172,#3164,#3177,.T.);
#3179=ORIENTED_EDGE('',*,*,#3178,.F.);
#3180=CARTESIAN_POINT('',(-22.5,-64.65,23.6));
#3181=VERTEX_POINT('',#3180);
#3182=CARTESIAN_POINT('',(22.5,-64.65,23.6));
#3183=DIRECTION('',(-1.,0.,0.));
#3184=VECTOR('',#3183,45.);
#3185=LINE('',#3182,#3184);
#3186=EDGE_CURVE('',#3172,#3181,#3185,.T.);
#3187=ORIENTED_EDGE('',*,*,#3186,.T.);
#3188=CARTESIAN_POINT('',(-31.15,-56.,23.6));
#3189=VERTEX_POINT('',#3188);
#3190=CARTESIAN_POINT('',(-22.5,-56.,23.6));
#3191=DIRECTION('',(0.,0.,1.));
#3192=DIRECTION('',(-1.,0.,0.));
#3193=AXIS2_PLACEMENT_3D('',#3190,#3191,#3192);
#3194=CIRCLE('',#3193,8.65);
#3195=EDGE_CURVE('',#3189,#3181,#3194,.T.);
#3196=ORIENTED_EDGE('',*,*,#3195,.F.);
#3197=CARTESIAN_POINT('',(-31.15,20.,23.6));
#3198=VERTEX_POINT('',#3197);
#3199=CARTESIAN_POINT('',(-31.15,-56.,23.6));
#3200=DIRECTION('',(-0.,1.,0.));
#3201=VECTOR('',#3200,76.);
#3202=LINE('',#3199,#3201);
#3203=EDGE_CURVE('',#3189,#3198,#3202,.T.);
#3204=ORIENTED_EDGE('',*,*,#3203,.T.);
#3205=CARTESIAN_POINT('',(-22.5,28.65,23.6));
#3206=VERTEX_POINT('',#3205);
#3207=CARTESIAN_POINT('',(-22.5,20.,23.6));
#3208=DIRECTION('',(0.,0.,1.));
#3209=DIRECTION('',(-0.,1.,0.));
#3210=AXIS2_PLACEMENT_3D('',#3207,#3208,#3209);
#3211=CIRCLE('',#3210,8.65);
#3212=EDGE_CURVE('',#3206,#3198,#3211,.T.);
#3213=ORIENTED_EDGE('',*,*,#3212,.F.);
#3214=CARTESIAN_POINT('',(22.5,28.65,23.6));
#3215=VERTEX_POINT('',#3214);
#3216=CARTESIAN_POINT('',(-22.5,28.65,23.6));
#3217=DIRECTION('',(1.,0.,-0.));
#3218=VECTOR('',#3217,45.);
#3219=LINE('',#3216,#3218);
#3220=EDGE_CURVE('',#3206,#3215,#3219,.T.);
#3221=ORIENTED_EDGE('',*,*,#3220,.T.);
#3222=CARTESIAN_POINT('',(22.5,20.,23.6));
#3223=DIRECTION('',(0.,-0.,1.));
#3224=DIRECTION('',(1.,0.,0.));
#3225=AXIS2_PLACEMENT_3D('',#3222,#3223,#3224);
#3226=CIRCLE('',#3225,8.65);
#3227=EDGE_CURVE('',#3162,#3215,#3226,.T.);
#3228=ORIENTED_EDGE('',*,*,#3227,.F.);
#3229=EDGE_LOOP('',(#3170,#3179,#3187,#3196,#3204,#3213,#3221,#3228));
#3230=FACE_BOUND('',#3229,.T.);
#3231=ADVANCED_FACE('',(#3160,#3230),#3090,.T.);
#3232=CARTESIAN_POINT('',(32.5,-56.,22.7));
#3233=CARTESIAN_POINT('',(32.5,-30.666666667,22.7));
#3234=CARTESIAN_POINT('',(32.5,-5.333333333,22.7));
#3235=CARTESIAN_POINT('',(32.5,20.,22.7));
#3236=CARTESIAN_POINT('',(32.391314539,-55.841666667,21.912920984));
#3237=CARTESIAN_POINT('',(32.391314539,-30.613888889,21.912920984));
#3238=CARTESIAN_POINT('',(32.391314539,-5.386111111,21.912920984));
#3239=CARTESIAN_POINT('',(32.391314539,19.841666667,21.912920984));
#3240=CARTESIAN_POINT('',(32.030952029,-55.604166667,20.710107024));
#3241=CARTESIAN_POINT('',(32.030952029,-30.534722222,20.710107024));
#3242=CARTESIAN_POINT('',(32.030952029,-5.465277778,20.710107024));
#3243=CARTESIAN_POINT('',(32.030952029,19.604166667,20.710107024));
#3244=CARTESIAN_POINT('',(31.101980361,-55.2875,19.279050659));
#3245=CARTESIAN_POINT('',(31.101980361,-30.429166667,19.279050659));
#3246=CARTESIAN_POINT('',(31.101980361,-5.570833333,19.279050659));
#3247=CARTESIAN_POINT('',(31.101980361,19.2875,19.279050659));
#3248=CARTESIAN_POINT('',(30.190535999,-55.05,18.346964001));
#3249=CARTESIAN_POINT('',(30.190535999,-30.35,18.346964001));
#3250=CARTESIAN_POINT('',(30.190535999,-5.65,18.346964002));
#3251=CARTESIAN_POINT('',(30.190535999,19.05,18.346964001));
#3252=CARTESIAN_POINT('',(29.092824341,-54.8125,17.601144639));
#3253=CARTESIAN_POINT('',(29.092824341,-30.270833333,17.601144639));
#3254=CARTESIAN_POINT('',(29.092824341,-5.729166667,17.601144639));
#3255=CARTESIAN_POINT('',(29.092824341,18.8125,17.601144639));
#3256=CARTESIAN_POINT('',(27.440934643,-54.495833333,16.893006304));
#3257=CARTESIAN_POINT('',(27.440934643,-30.165277778,16.893006304));
#3258=CARTESIAN_POINT('',(27.440934643,-5.834722222,16.893006304));
#3259=CARTESIAN_POINT('',(27.440934643,18.495833333,16.893006304));
#3260=CARTESIAN_POINT('',(26.072495682,-54.258333333,16.698268794));
#3261=CARTESIAN_POINT('',(26.072495682,-30.086111111,16.698268794));
#3262=CARTESIAN_POINT('',(26.072495682,-5.913888889,16.698268794));
#3263=CARTESIAN_POINT('',(26.072495682,18.258333333,16.698268794));
#3264=CARTESIAN_POINT('',(25.175,-54.1,16.7));
#3265=CARTESIAN_POINT('',(25.175,-30.033333333,16.7));
#3266=CARTESIAN_POINT('',(25.175,-5.966666667,16.7));
#3267=CARTESIAN_POINT('',(25.175,18.1,16.7));
#3268=B_SPLINE_SURFACE_WITH_KNOTS('',3,3,((#3232,#3233,#3234,#3235),(#3236,#3237,#3238,#3239),(#3240,#3241,#3242,#3243),(#3244,#3245,#3246,#3247),(#3248,#3249,#3250,#3251),(#3252,#3253,#3254,#3255),(#3256,#3257,#3258,#3259),(#3260,#3261,#3262,#3263),(#3264,#3265,#3266,#3267)),.UNSPECIFIED.,.F.,.F.,.U.,(4,1,1,1,1,1,4),(4,4),(0.,0.25,0.375,0.5,0.625,0.75,1.),(-0.056,0.02),.UNSPECIFIED.);
#3269=ORIENTED_EDGE('',*,*,#187,.T.);
#3270=CARTESIAN_POINT('',(32.5,-56.,22.7));
#3271=DIRECTION('',(-0.,1.,0.));
#3272=VECTOR('',#3271,76.);
#3273=LINE('',#3270,#3272);
#3274=EDGE_CURVE('',#1280,#157,#3273,.T.);
#3275=ORIENTED_EDGE('',*,*,#3274,.F.);
#3276=ORIENTED_EDGE('',*,*,#1301,.F.);
#3277=ORIENTED_EDGE('',*,*,#506,.F.);
#3278=EDGE_LOOP('',(#3269,#3275,#3276,#3277));
#3279=FACE_BOUND('',#3278,.T.);
#3280=ADVANCED_FACE('',(#3279),#3268,.T.);
#3281=CARTESIAN_POINT('',(22.5,30.,22.7));
#3282=CARTESIAN_POINT('',(7.5,30.,22.7));
#3283=CARTESIAN_POINT('',(-7.5,30.,22.7));
#3284=CARTESIAN_POINT('',(-22.5,30.,22.7));
#3285=CARTESIAN_POINT('',(22.40625,29.826731206,21.912920984));
#3286=CARTESIAN_POINT('',(7.46875,29.826731206,21.912920984));
#3287=CARTESIAN_POINT('',(-7.46875,29.826731206,21.912920984));
#3288=CARTESIAN_POINT('',(-22.40625,29.826731206,21.912920984));
#3289=CARTESIAN_POINT('',(22.265625,29.369493696,20.710107024));
#3290=CARTESIAN_POINT('',(7.421875,29.369493696,20.710107024));
#3291=CARTESIAN_POINT('',(-7.421875,29.369493696,20.710107024));
#3292=CARTESIAN_POINT('',(-22.265625,29.369493696,20.710107024));
#3293=CARTESIAN_POINT('',(22.078125,28.311355361,19.279050659));
#3294=CARTESIAN_POINT('',(7.359375,28.311355361,19.279050659));
#3295=CARTESIAN_POINT('',(-7.359375,28.311355361,19.279050659));
#3296=CARTESIAN_POINT('',(-22.078125,28.311355361,19.279050659));
#3297=CARTESIAN_POINT('',(21.9375,27.303035999,18.346964001));
#3298=CARTESIAN_POINT('',(7.3125,27.303035999,18.346964001));
#3299=CARTESIAN_POINT('',(-7.3125,27.303035999,18.346964001));
#3300=CARTESIAN_POINT('',(-21.9375,27.303035999,18.346964001));
#3301=CARTESIAN_POINT('',(21.796875,26.108449341,17.601144639));
#3302=CARTESIAN_POINT('',(7.265625,26.108449341,17.601144639));
#3303=CARTESIAN_POINT('',(-7.265625,26.108449341,17.601144639));
#3304=CARTESIAN_POINT('',(-21.796875,26.108449341,17.601144639));
#3305=CARTESIAN_POINT('',(21.609375,24.327392976,16.893006304));
#3306=CARTESIAN_POINT('',(7.203125,24.327392976,16.893006304));
#3307=CARTESIAN_POINT('',(-7.203125,24.327392976,16.893006304));
#3308=CARTESIAN_POINT('',(-21.609375,24.327392976,16.893006304));
#3309=CARTESIAN_POINT('',(21.46875,22.862079016,16.698268794));
#3310=CARTESIAN_POINT('',(7.15625,22.862079016,16.698268794));
#3311=CARTESIAN_POINT('',(-7.15625,22.862079016,16.698268794));
#3312=CARTESIAN_POINT('',(-21.46875,22.862079016,16.698268794));
#3313=CARTESIAN_POINT('',(21.375,21.9,16.7));
#3314=CARTESIAN_POINT('',(7.125,21.9,16.7));
#3315=CARTESIAN_POINT('',(-7.125,21.9,16.7));
#3316=CARTESIAN_POINT('',(-21.375,21.9,16.7));
#3317=B_SPLINE_SURFACE_WITH_KNOTS('',3,3,((#3281,#3282,#3283,#3284),(#3285,#3286,#3287,#3288),(#3289,#3290,#3291,#3292),(#3293,#3294,#3295,#3296),(#3297,#3298,#3299,#3300),(#3301,#3302,#3303,#3304),(#3305,#3306,#3307,#3308),(#3309,#3310,#3311,#3312),(#3313,#3314,#3315,#3316)),.UNSPECIFIED.,.F.,.F.,.U.,(4,1,1,1,1,1,4),(4,4),(0.,0.25,0.375,0.5,0.625,0.75,1.),(-0.0225,0.0225),.UNSPECIFIED.);
#3318=ORIENTED_EDGE('',*,*,#803,.T.);
#3319=CARTESIAN_POINT('',(22.5,30.,22.7));
#3320=DIRECTION('',(-1.,-0.,-0.));
#3321=VECTOR('',#3320,45.);
#3322=LINE('',#3319,#3321);
#3323=EDGE_CURVE('',#133,#775,#3322,.T.);
#3324=ORIENTED_EDGE('',*,*,#3323,.F.);
#3325=ORIENTED_EDGE('',*,*,#154,.F.);
#3326=ORIENTED_EDGE('',*,*,#610,.F.);
#3327=EDGE_LOOP('',(#3318,#3324,#3325,#3326));
#3328=FACE_BOUND('',#3327,.T.);
#3329=ADVANCED_FACE('',(#3328),#3317,.T.);
#3330=CARTESIAN_POINT('',(-32.5,20.,22.7));
#3331=CARTESIAN_POINT('',(-32.5,-5.333333333,22.7));
#3332=CARTESIAN_POINT('',(-32.5,-30.666666667,22.7));
#3333=CARTESIAN_POINT('',(-32.5,-56.,22.7));
#3334=CARTESIAN_POINT('',(-32.391314539,19.841666667,21.912920984));
#3335=CARTESIAN_POINT('',(-32.391314539,-5.386111111,21.912920984));
#3336=CARTESIAN_POINT('',(-32.391314539,-30.613888889,21.912920984));
#3337=CARTESIAN_POINT('',(-32.391314539,-55.841666667,21.912920984));
#3338=CARTESIAN_POINT('',(-32.030952029,19.604166667,20.710107024));
#3339=CARTESIAN_POINT('',(-32.030952029,-5.465277778,20.710107024));
#3340=CARTESIAN_POINT('',(-32.030952029,-30.534722222,20.710107024));
#3341=CARTESIAN_POINT('',(-32.030952029,-55.604166667,20.710107024));
#3342=CARTESIAN_POINT('',(-31.101980361,19.2875,19.279050659));
#3343=CARTESIAN_POINT('',(-31.101980361,-5.570833333,19.279050659));
#3344=CARTESIAN_POINT('',(-31.101980361,-30.429166667,19.279050659));
#3345=CARTESIAN_POINT('',(-31.101980361,-55.2875,19.279050659));
#3346=CARTESIAN_POINT('',(-30.190535999,19.05,18.346964001));
#3347=CARTESIAN_POINT('',(-30.190535999,-5.65,18.346964001));
#3348=CARTESIAN_POINT('',(-30.190535999,-30.35,18.346964001));
#3349=CARTESIAN_POINT('',(-30.190535999,-55.05,18.346964001));
#3350=CARTESIAN_POINT('',(-29.092824341,18.8125,17.601144639));
#3351=CARTESIAN_POINT('',(-29.092824341,-5.729166667,17.601144639));
#3352=CARTESIAN_POINT('',(-29.092824341,-30.270833333,17.601144639));
#3353=CARTESIAN_POINT('',(-29.092824341,-54.8125,17.601144639));
#3354=CARTESIAN_POINT('',(-27.440934643,18.495833333,16.893006304));
#3355=CARTESIAN_POINT('',(-27.440934643,-5.834722222,16.893006304));
#3356=CARTESIAN_POINT('',(-27.440934643,-30.165277778,16.893006304));
#3357=CARTESIAN_POINT('',(-27.440934643,-54.495833333,16.893006304));
#3358=CARTESIAN_POINT('',(-26.072495682,18.258333333,16.698268794));
#3359=CARTESIAN_POINT('',(-26.072495682,-5.913888889,16.698268794));
#3360=CARTESIAN_POINT('',(-26.072495682,-30.086111111,16.698268794));
#3361=CARTESIAN_POINT('',(-26.072495682,-54.258333333,16.698268794));
#3362=CARTESIAN_POINT('',(-25.175,18.1,16.7));
#3363=CARTESIAN_POINT('',(-25.175,-5.966666667,16.7));
#3364=CARTESIAN_POINT('',(-25.175,-30.033333333,16.7));
#3365=CARTESIAN_POINT('',(-25.175,-54.1,16.7));
#3366=B_SPLINE_SURFACE_WITH_KNOTS('',3,3,((#3330,#3331,#3332,#3333),(#3334,#3335,#3336,#3337),(#3338,#3339,#3340,#3341),(#3342,#3343,#3344,#3345),(#3346,#3347,#3348,#3349),(#3350,#3351,#3352,#3353),(#3354,#3355,#3356,#3357),(#3358,#3359,#3360,#3361),(#3362,#3363,#3364,#3365)),.UNSPECIFIED.,.F.,.F.,.U.,(4,1,1,1,1,1,4),(4,4),(0.,0.25,0.375,0.5,0.625,0.75,1.),(-0.02,0.056),.UNSPECIFIED.);
#3367=ORIENTED_EDGE('',*,*,#772,.T.);
#3368=ORIENTED_EDGE('',*,*,#569,.F.);
#3369=ORIENTED_EDGE('',*,*,#1608,.F.);
#3370=CARTESIAN_POINT('',(-32.5,20.,22.7));
#3371=DIRECTION('',(0.,-1.,0.));
#3372=VECTOR('',#3371,76.);
#3373=LINE('',#3370,#3372);
#3374=EDGE_CURVE('',#751,#1580,#3373,.T.);
#3375=ORIENTED_EDGE('',*,*,#3374,.F.);
#3376=EDGE_LOOP('',(#3367,#3368,#3369,#3375));
#3377=FACE_BOUND('',#3376,.T.);
#3378=ADVANCED_FACE('',(#3377),#3366,.T.);
#3379=CARTESIAN_POINT('',(22.5,-56.,30.8));
#3380=DIRECTION('',(0.,0.,-1.));
#3381=DIRECTION('',(-1.,0.,0.));
#3382=AXIS2_PLACEMENT_3D('',#3379,#3380,#3381);
#3383=CYLINDRICAL_SURFACE('',#3382,10.);
#3384=CARTESIAN_POINT('',(32.5,-56.,23.1));
#3385=VERTEX_POINT('',#3384);
#3386=CARTESIAN_POINT('',(32.5,-56.,23.1));
#3387=DIRECTION('',(0.,0.,-1.));
#3388=VECTOR('',#3387,0.4);
#3389=LINE('',#3386,#3388);
#3390=EDGE_CURVE('',#3385,#1280,#3389,.T.);
#3391=ORIENTED_EDGE('',*,*,#3390,.F.);
#3392=CARTESIAN_POINT('',(22.5,-66.,23.1));
#3393=VERTEX_POINT('',#3392);
#3394=CARTESIAN_POINT('',(22.5,-56.,23.1));
#3395=DIRECTION('',(-0.,-0.,-1.));
#3396=DIRECTION('',(1.,0.,-0.));
#3397=AXIS2_PLACEMENT_3D('',#3394,#3395,#3396);
#3398=CIRCLE('',#3397,10.);
#3399=EDGE_CURVE('',#3385,#3393,#3398,.T.);
#3400=ORIENTED_EDGE('',*,*,#3399,.T.);
#3401=CARTESIAN_POINT('',(22.5,-66.,23.1));
#3402=DIRECTION('',(0.,0.,-1.));
#3403=VECTOR('',#3402,0.4);
#3404=LINE('',#3401,#3403);
#3405=EDGE_CURVE('',#3393,#1112,#3404,.T.);
#3406=ORIENTED_EDGE('',*,*,#3405,.T.);
#3407=ORIENTED_EDGE('',*,*,#1308,.T.);
#3408=EDGE_LOOP('',(#3391,#3400,#3406,#3407));
#3409=FACE_BOUND('',#3408,.T.);
#3410=ADVANCED_FACE('',(#3409),#3383,.T.);
#3411=CARTESIAN_POINT('',(0.,-66.,30.8));
#3412=DIRECTION('',(0.,-1.,0.));
#3413=DIRECTION('',(0.,0.,-1.));
#3414=AXIS2_PLACEMENT_3D('',#3411,#3412,#3413);
#3415=PLANE('',#3414);
#3416=ORIENTED_EDGE('',*,*,#3405,.F.);
#3417=CARTESIAN_POINT('',(-22.5,-66.,23.1));
#3418=VERTEX_POINT('',#3417);
#3419=CARTESIAN_POINT('',(22.5,-66.,23.1));
#3420=DIRECTION('',(-1.,0.,0.));
#3421=VECTOR('',#3420,45.);
#3422=LINE('',#3419,#3421);
#3423=EDGE_CURVE('',#3393,#3418,#3422,.T.);
#3424=ORIENTED_EDGE('',*,*,#3423,.T.);
#3425=CARTESIAN_POINT('',(-22.5,-66.,23.1));
#3426=DIRECTION('',(0.,0.,-1.));
#3427=VECTOR('',#3426,0.4);
#3428=LINE('',#3425,#3427);
#3429=EDGE_CURVE('',#3418,#1136,#3428,.T.);
#3430=ORIENTED_EDGE('',*,*,#3429,.T.);
#3431=ORIENTED_EDGE('',*,*,#1141,.T.);
#3432=EDGE_LOOP('',(#3416,#3424,#3430,#3431));
#3433=FACE_BOUND('',#3432,.T.);
#3434=ADVANCED_FACE('',(#3433),#3415,.T.);
#3435=CARTESIAN_POINT('',(-22.5,-56.,30.8));
#3436=DIRECTION('',(0.,0.,-1.));
#3437=DIRECTION('',(-1.,0.,0.));
#3438=AXIS2_PLACEMENT_3D('',#3435,#3436,#3437);
#3439=CYLINDRICAL_SURFACE('',#3438,10.);
#3440=ORIENTED_EDGE('',*,*,#3429,.F.);
#3441=CARTESIAN_POINT('',(-32.5,-56.,23.1));
#3442=VERTEX_POINT('',#3441);
#3443=CARTESIAN_POINT('',(-22.5,-56.,23.1));
#3444=DIRECTION('',(-0.,-0.,-1.));
#3445=DIRECTION('',(1.,0.,-0.));
#3446=AXIS2_PLACEMENT_3D('',#3443,#3444,#3445);
#3447=CIRCLE('',#3446,10.);
#3448=EDGE_CURVE('',#3418,#3442,#3447,.T.);
#3449=ORIENTED_EDGE('',*,*,#3448,.T.);
#3450=CARTESIAN_POINT('',(-32.5,-56.,23.1));
#3451=DIRECTION('',(0.,0.,-1.));
#3452=VECTOR('',#3451,0.4);
#3453=LINE('',#3450,#3452);
#3454=EDGE_CURVE('',#3442,#1580,#3453,.T.);
#3455=ORIENTED_EDGE('',*,*,#3454,.T.);
#3456=ORIENTED_EDGE('',*,*,#1586,.T.);
#3457=EDGE_LOOP('',(#3440,#3449,#3455,#3456));
#3458=FACE_BOUND('',#3457,.T.);
#3459=ADVANCED_FACE('',(#3458),#3439,.T.);
#3460=CARTESIAN_POINT('',(-32.5,-18.,30.8));
#3461=DIRECTION('',(-1.,-0.,0.));
#3462=DIRECTION('',(0.,-1.,0.));
#3463=AXIS2_PLACEMENT_3D('',#3460,#3461,#3462);
#3464=PLANE('',#3463);
#3465=ORIENTED_EDGE('',*,*,#3454,.F.);
#3466=CARTESIAN_POINT('',(-32.5,20.,23.1));
#3467=VERTEX_POINT('',#3466);
#3468=CARTESIAN_POINT('',(-32.5,-56.,23.1));
#3469=DIRECTION('',(-0.,1.,0.));
#3470=VECTOR('',#3469,76.);
#3471=LINE('',#3468,#3470);
#3472=EDGE_CURVE('',#3442,#3467,#3471,.T.);
#3473=ORIENTED_EDGE('',*,*,#3472,.T.);
#3474=CARTESIAN_POINT('',(-32.5,20.,23.1));
#3475=DIRECTION('',(0.,0.,-1.));
#3476=VECTOR('',#3475,0.4);
#3477=LINE('',#3474,#3476);
#3478=EDGE_CURVE('',#3467,#751,#3477,.T.);
#3479=ORIENTED_EDGE('',*,*,#3478,.T.);
#3480=ORIENTED_EDGE('',*,*,#3374,.T.);
#3481=EDGE_LOOP('',(#3465,#3473,#3479,#3480));
#3482=FACE_BOUND('',#3481,.T.);
#3483=ADVANCED_FACE('',(#3482),#3464,.T.);
#3484=CARTESIAN_POINT('',(-22.5,20.,30.8));
#3485=DIRECTION('',(0.,0.,-1.));
#3486=DIRECTION('',(-1.,0.,0.));
#3487=AXIS2_PLACEMENT_3D('',#3484,#3485,#3486);
#3488=CYLINDRICAL_SURFACE('',#3487,10.);
#3489=ORIENTED_EDGE('',*,*,#3478,.F.);
#3490=CARTESIAN_POINT('',(-22.5,30.,23.1));
#3491=VERTEX_POINT('',#3490);
#3492=CARTESIAN_POINT('',(-22.5,20.,23.1));
#3493=DIRECTION('',(-0.,-0.,-1.));
#3494=DIRECTION('',(1.,0.,-0.));
#3495=AXIS2_PLACEMENT_3D('',#3492,#3493,#3494);
#3496=CIRCLE('',#3495,10.);
#3497=EDGE_CURVE('',#3467,#3491,#3496,.T.);
#3498=ORIENTED_EDGE('',*,*,#3497,.T.);
#3499=CARTESIAN_POINT('',(-22.5,30.,23.1));
#3500=DIRECTION('',(0.,0.,-1.));
#3501=VECTOR('',#3500,0.4);
#3502=LINE('',#3499,#3501);
#3503=EDGE_CURVE('',#3491,#775,#3502,.T.);
#3504=ORIENTED_EDGE('',*,*,#3503,.T.);
#3505=ORIENTED_EDGE('',*,*,#781,.T.);
#3506=EDGE_LOOP('',(#3489,#3498,#3504,#3505));
#3507=FACE_BOUND('',#3506,.T.);
#3508=ADVANCED_FACE('',(#3507),#3488,.T.);
#3509=CARTESIAN_POINT('',(0.,30.,30.8));
#3510=DIRECTION('',(0.,1.,0.));
#3511=DIRECTION('',(0.,0.,1.));
#3512=AXIS2_PLACEMENT_3D('',#3509,#3510,#3511);
#3513=PLANE('',#3512);
#3514=ORIENTED_EDGE('',*,*,#3503,.F.);
#3515=CARTESIAN_POINT('',(22.5,30.,23.1));
#3516=VERTEX_POINT('',#3515);
#3517=CARTESIAN_POINT('',(-22.5,30.,23.1));
#3518=DIRECTION('',(1.,0.,-0.));
#3519=VECTOR('',#3518,45.);
#3520=LINE('',#3517,#3519);
#3521=EDGE_CURVE('',#3491,#3516,#3520,.T.);
#3522=ORIENTED_EDGE('',*,*,#3521,.T.);
#3523=CARTESIAN_POINT('',(22.5,30.,23.1));
#3524=DIRECTION('',(0.,0.,-1.));
#3525=VECTOR('',#3524,0.4);
#3526=LINE('',#3523,#3525);
#3527=EDGE_CURVE('',#3516,#133,#3526,.T.);
#3528=ORIENTED_EDGE('',*,*,#3527,.T.);
#3529=ORIENTED_EDGE('',*,*,#3323,.T.);
#3530=EDGE_LOOP('',(#3514,#3522,#3528,#3529));
#3531=FACE_BOUND('',#3530,.T.);
#3532=ADVANCED_FACE('',(#3531),#3513,.T.);
#3533=CARTESIAN_POINT('',(22.5,20.,30.8));
#3534=DIRECTION('',(0.,0.,-1.));
#3535=DIRECTION('',(-1.,0.,0.));
#3536=AXIS2_PLACEMENT_3D('',#3533,#3534,#3535);
#3537=CYLINDRICAL_SURFACE('',#3536,10.);
#3538=ORIENTED_EDGE('',*,*,#3527,.F.);
#3539=CARTESIAN_POINT('',(32.5,20.,23.1));
#3540=VERTEX_POINT('',#3539);
#3541=CARTESIAN_POINT('',(22.5,20.,23.1));
#3542=DIRECTION('',(-0.,-0.,-1.));
#3543=DIRECTION('',(1.,0.,-0.));
#3544=AXIS2_PLACEMENT_3D('',#3541,#3542,#3543);
#3545=CIRCLE('',#3544,10.);
#3546=EDGE_CURVE('',#3516,#3540,#3545,.T.);
#3547=ORIENTED_EDGE('',*,*,#3546,.T.);
#3548=CARTESIAN_POINT('',(32.5,20.,23.1));
#3549=DIRECTION('',(0.,0.,-1.));
#3550=VECTOR('',#3549,0.4);
#3551=LINE('',#3548,#3550);
#3552=EDGE_CURVE('',#3540,#157,#3551,.T.);
#3553=ORIENTED_EDGE('',*,*,#3552,.T.);
#3554=ORIENTED_EDGE('',*,*,#163,.T.);
#3555=EDGE_LOOP('',(#3538,#3547,#3553,#3554));
#3556=FACE_BOUND('',#3555,.T.);
#3557=ADVANCED_FACE('',(#3556),#3537,.T.);
#3558=CARTESIAN_POINT('',(32.5,-18.,30.8));
#3559=DIRECTION('',(1.,0.,0.));
#3560=DIRECTION('',(0.,0.,-1.));
#3561=AXIS2_PLACEMENT_3D('',#3558,#3559,#3560);
#3562=PLANE('',#3561);
#3563=ORIENTED_EDGE('',*,*,#3552,.F.);
#3564=CARTESIAN_POINT('',(32.5,20.,23.1));
#3565=DIRECTION('',(0.,-1.,0.));
#3566=VECTOR('',#3565,76.);
#3567=LINE('',#3564,#3566);
#3568=EDGE_CURVE('',#3540,#3385,#3567,.T.);
#3569=ORIENTED_EDGE('',*,*,#3568,.T.);
#3570=ORIENTED_EDGE('',*,*,#3390,.T.);
#3571=ORIENTED_EDGE('',*,*,#3274,.T.);
#3572=EDGE_LOOP('',(#3563,#3569,#3570,#3571));
#3573=FACE_BOUND('',#3572,.T.);
#3574=ADVANCED_FACE('',(#3573),#3562,.T.);
#3575=CARTESIAN_POINT('',(-22.5,20.,23.1));
#3576=DIRECTION('',(0.,0.,1.));
#3577=DIRECTION('',(1.,0.,-0.));
#3578=AXIS2_PLACEMENT_3D('',#3575,#3576,#3577);
#3579=TOROIDAL_SURFACE('',#3578,9.5,0.5);
#3580=CARTESIAN_POINT('',(-22.5,29.5,23.1));
#3581=DIRECTION('',(1.,0.,0.));
#3582=DIRECTION('',(0.,0.,-1.));
#3583=AXIS2_PLACEMENT_3D('',#3580,#3581,#3582);
#3584=CIRCLE('',#3583,0.5);
#3585=EDGE_CURVE('',#3491,#3128,#3584,.T.);
#3586=ORIENTED_EDGE('',*,*,#3585,.F.);
#3587=ORIENTED_EDGE('',*,*,#3497,.F.);
#3588=CARTESIAN_POINT('',(-32.,20.,23.1));
#3589=DIRECTION('',(0.,-1.,0.));
#3590=DIRECTION('',(0.,0.,-1.));
#3591=AXIS2_PLACEMENT_3D('',#3588,#3589,#3590);
#3592=CIRCLE('',#3591,0.5);
#3593=EDGE_CURVE('',#3136,#3467,#3592,.T.);
#3594=ORIENTED_EDGE('',*,*,#3593,.F.);
#3595=ORIENTED_EDGE('',*,*,#3142,.F.);
#3596=EDGE_LOOP('',(#3586,#3587,#3594,#3595));
#3597=FACE_BOUND('',#3596,.T.);
#3598=ADVANCED_FACE('',(#3597),#3579,.T.);
#3599=CARTESIAN_POINT('',(-32.,-18.,23.1));
#3600=DIRECTION('',(-0.,1.,0.));
#3601=DIRECTION('',(-1.,-0.,0.));
#3602=AXIS2_PLACEMENT_3D('',#3599,#3600,#3601);
#3603=CYLINDRICAL_SURFACE('',#3602,0.5);
#3604=ORIENTED_EDGE('',*,*,#3593,.T.);
#3605=ORIENTED_EDGE('',*,*,#3472,.F.);
#3606=CARTESIAN_POINT('',(-32.,-56.,23.1));
#3607=DIRECTION('',(0.,-1.,0.));
#3608=DIRECTION('',(0.,0.,-1.));
#3609=AXIS2_PLACEMENT_3D('',#3606,#3607,#3608);
#3610=CIRCLE('',#3609,0.5);
#3611=EDGE_CURVE('',#3145,#3442,#3610,.T.);
#3612=ORIENTED_EDGE('',*,*,#3611,.F.);
#3613=ORIENTED_EDGE('',*,*,#3150,.F.);
#3614=EDGE_LOOP('',(#3604,#3605,#3612,#3613));
#3615=FACE_BOUND('',#3614,.T.);
#3616=ADVANCED_FACE('',(#3615),#3603,.T.);
#3617=CARTESIAN_POINT('',(0.,29.5,23.1));
#3618=DIRECTION('',(1.,0.,0.));
#3619=DIRECTION('',(0.,0.,-1.));
#3620=AXIS2_PLACEMENT_3D('',#3617,#3618,#3619);
#3621=CYLINDRICAL_SURFACE('',#3620,0.5);
#3622=ORIENTED_EDGE('',*,*,#3585,.T.);
#3623=ORIENTED_EDGE('',*,*,#3133,.F.);
#3624=CARTESIAN_POINT('',(22.5,29.5,23.1));
#3625=DIRECTION('',(1.,0.,0.));
#3626=DIRECTION('',(0.,0.,-1.));
#3627=AXIS2_PLACEMENT_3D('',#3624,#3625,#3626);
#3628=CIRCLE('',#3627,0.5);
#3629=EDGE_CURVE('',#3516,#3119,#3628,.T.);
#3630=ORIENTED_EDGE('',*,*,#3629,.F.);
#3631=ORIENTED_EDGE('',*,*,#3521,.F.);
#3632=EDGE_LOOP('',(#3622,#3623,#3630,#3631));
#3633=FACE_BOUND('',#3632,.T.);
#3634=ADVANCED_FACE('',(#3633),#3621,.T.);
#3635=CARTESIAN_POINT('',(-22.5,-56.,23.1));
#3636=DIRECTION('',(0.,0.,1.));
#3637=DIRECTION('',(1.,0.,-0.));
#3638=AXIS2_PLACEMENT_3D('',#3635,#3636,#3637);
#3639=TOROIDAL_SURFACE('',#3638,9.5,0.5);
#3640=ORIENTED_EDGE('',*,*,#3611,.T.);
#3641=ORIENTED_EDGE('',*,*,#3448,.F.);
#3642=CARTESIAN_POINT('',(-22.5,-65.5,23.1));
#3643=DIRECTION('',(1.,0.,0.));
#3644=DIRECTION('',(0.,0.,-1.));
#3645=AXIS2_PLACEMENT_3D('',#3642,#3643,#3644);
#3646=CIRCLE('',#3645,0.5);
#3647=EDGE_CURVE('',#3092,#3418,#3646,.T.);
#3648=ORIENTED_EDGE('',*,*,#3647,.F.);
#3649=ORIENTED_EDGE('',*,*,#3157,.F.);
#3650=EDGE_LOOP('',(#3640,#3641,#3648,#3649));
#3651=FACE_BOUND('',#3650,.T.);
#3652=ADVANCED_FACE('',(#3651),#3639,.T.);
#3653=CARTESIAN_POINT('',(22.5,20.,23.1));
#3654=DIRECTION('',(0.,0.,1.));
#3655=DIRECTION('',(1.,0.,-0.));
#3656=AXIS2_PLACEMENT_3D('',#3653,#3654,#3655);
#3657=TOROIDAL_SURFACE('',#3656,9.5,0.5);
#3658=ORIENTED_EDGE('',*,*,#3629,.T.);
#3659=ORIENTED_EDGE('',*,*,#3125,.F.);
#3660=CARTESIAN_POINT('',(32.,20.,23.1));
#3661=DIRECTION('',(0.,-1.,0.));
#3662=DIRECTION('',(0.,0.,-1.));
#3663=AXIS2_PLACEMENT_3D('',#3660,#3661,#3662);
#3664=CIRCLE('',#3663,0.5);
#3665=EDGE_CURVE('',#3540,#3111,#3664,.T.);
#3666=ORIENTED_EDGE('',*,*,#3665,.F.);
#3667=ORIENTED_EDGE('',*,*,#3546,.F.);
#3668=EDGE_LOOP('',(#3658,#3659,#3666,#3667));
#3669=FACE_BOUND('',#3668,.T.);
#3670=ADVANCED_FACE('',(#3669),#3657,.T.);
#3671=CARTESIAN_POINT('',(0.,-65.5,23.1));
#3672=DIRECTION('',(-1.,0.,0.));
#3673=DIRECTION('',(0.,0.,1.));
#3674=AXIS2_PLACEMENT_3D('',#3671,#3672,#3673);
#3675=CYLINDRICAL_SURFACE('',#3674,0.5);
#3676=ORIENTED_EDGE('',*,*,#3647,.T.);
#3677=ORIENTED_EDGE('',*,*,#3423,.F.);
#3678=CARTESIAN_POINT('',(22.5,-65.5,23.1));
#3679=DIRECTION('',(1.,0.,0.));
#3680=DIRECTION('',(0.,0.,-1.));
#3681=AXIS2_PLACEMENT_3D('',#3678,#3679,#3680);
#3682=CIRCLE('',#3681,0.5);
#3683=EDGE_CURVE('',#3094,#3393,#3682,.T.);
#3684=ORIENTED_EDGE('',*,*,#3683,.F.);
#3685=ORIENTED_EDGE('',*,*,#3099,.F.);
#3686=EDGE_LOOP('',(#3676,#3677,#3684,#3685));
#3687=FACE_BOUND('',#3686,.T.);
#3688=ADVANCED_FACE('',(#3687),#3675,.T.);
#3689=CARTESIAN_POINT('',(32.,-18.,23.1));
#3690=DIRECTION('',(0.,-1.,0.));
#3691=DIRECTION('',(0.,0.,-1.));
#3692=AXIS2_PLACEMENT_3D('',#3689,#3690,#3691);
#3693=CYLINDRICAL_SURFACE('',#3692,0.5);
#3694=ORIENTED_EDGE('',*,*,#3665,.T.);
#3695=ORIENTED_EDGE('',*,*,#3116,.F.);
#3696=CARTESIAN_POINT('',(32.,-56.,23.1));
#3697=DIRECTION('',(0.,-1.,0.));
#3698=DIRECTION('',(0.,0.,-1.));
#3699=AXIS2_PLACEMENT_3D('',#3696,#3697,#3698);
#3700=CIRCLE('',#3699,0.5);
#3701=EDGE_CURVE('',#3385,#3102,#3700,.T.);
#3702=ORIENTED_EDGE('',*,*,#3701,.F.);
#3703=ORIENTED_EDGE('',*,*,#3568,.F.);
#3704=EDGE_LOOP('',(#3694,#3695,#3702,#3703));
#3705=FACE_BOUND('',#3704,.T.);
#3706=ADVANCED_FACE('',(#3705),#3693,.T.);
#3707=CARTESIAN_POINT('',(22.5,-56.,23.1));
#3708=DIRECTION('',(0.,0.,1.));
#3709=DIRECTION('',(1.,0.,-0.));
#3710=AXIS2_PLACEMENT_3D('',#3707,#3708,#3709);
#3711=TOROIDAL_SURFACE('',#3710,9.5,0.5);
#3712=ORIENTED_EDGE('',*,*,#3683,.T.);
#3713=ORIENTED_EDGE('',*,*,#3399,.F.);
#3714=ORIENTED_EDGE('',*,*,#3701,.T.);
#3715=ORIENTED_EDGE('',*,*,#3108,.F.);
#3716=EDGE_LOOP('',(#3712,#3713,#3714,#3715));
#3717=FACE_BOUND('',#3716,.T.);
#3718=ADVANCED_FACE('',(#3717),#3711,.T.);
#3719=CARTESIAN_POINT('',(31.15,-18.,24.6));
#3720=DIRECTION('',(1.,0.,0.));
#3721=DIRECTION('',(0.,0.,-1.));
#3722=AXIS2_PLACEMENT_3D('',#3719,#3720,#3721);
#3723=PLANE('',#3722);
#3724=ORIENTED_EDGE('',*,*,#3169,.F.);
#3725=CARTESIAN_POINT('',(31.15,20.,24.6));
#3726=VERTEX_POINT('',#3725);
#3727=CARTESIAN_POINT('',(31.15,20.,24.6));
#3728=DIRECTION('',(0.,0.,-1.));
#3729=VECTOR('',#3728,1.);
#3730=LINE('',#3727,#3729);
#3731=EDGE_CURVE('',#3726,#3162,#3730,.T.);
#3732=ORIENTED_EDGE('',*,*,#3731,.F.);
#3733=CARTESIAN_POINT('',(31.15,-56.,24.6));
#3734=VERTEX_POINT('',#3733);
#3735=CARTESIAN_POINT('',(31.15,20.,24.6));
#3736=DIRECTION('',(0.,-1.,0.));
#3737=VECTOR('',#3736,76.);
#3738=LINE('',#3735,#3737);
#3739=EDGE_CURVE('',#3726,#3734,#3738,.T.);
#3740=ORIENTED_EDGE('',*,*,#3739,.T.);
#3741=CARTESIAN_POINT('',(31.15,-56.,24.6));
#3742=DIRECTION('',(0.,0.,-1.));
#3743=VECTOR('',#3742,1.);
#3744=LINE('',#3741,#3743);
#3745=EDGE_CURVE('',#3734,#3164,#3744,.T.);
#3746=ORIENTED_EDGE('',*,*,#3745,.T.);
#3747=EDGE_LOOP('',(#3724,#3732,#3740,#3746));
#3748=FACE_BOUND('',#3747,.T.);
#3749=ADVANCED_FACE('',(#3748),#3723,.T.);
#3750=CARTESIAN_POINT('',(22.5,20.,24.6));
#3751=DIRECTION('',(0.,0.,-1.));
#3752=DIRECTION('',(-1.,0.,0.));
#3753=AXIS2_PLACEMENT_3D('',#3750,#3751,#3752);
#3754=CYLINDRICAL_SURFACE('',#3753,8.65);
#3755=ORIENTED_EDGE('',*,*,#3227,.T.);
#3756=CARTESIAN_POINT('',(22.5,28.65,24.6));
#3757=VERTEX_POINT('',#3756);
#3758=CARTESIAN_POINT('',(22.5,28.65,24.6));
#3759=DIRECTION('',(0.,0.,-1.));
#3760=VECTOR('',#3759,1.);
#3761=LINE('',#3758,#3760);
#3762=EDGE_CURVE('',#3757,#3215,#3761,.T.);
#3763=ORIENTED_EDGE('',*,*,#3762,.F.);
#3764=CARTESIAN_POINT('',(22.5,20.,24.6));
#3765=DIRECTION('',(0.,-0.,1.));
#3766=DIRECTION('',(1.,0.,0.));
#3767=AXIS2_PLACEMENT_3D('',#3764,#3765,#3766);
#3768=CIRCLE('',#3767,8.65);
#3769=EDGE_CURVE('',#3726,#3757,#3768,.T.);
#3770=ORIENTED_EDGE('',*,*,#3769,.F.);
#3771=ORIENTED_EDGE('',*,*,#3731,.T.);
#3772=EDGE_LOOP('',(#3755,#3763,#3770,#3771));
#3773=FACE_BOUND('',#3772,.T.);
#3774=ADVANCED_FACE('',(#3773),#3754,.T.);
#3775=CARTESIAN_POINT('',(-0.,28.65,24.6));
#3776=DIRECTION('',(0.,1.,0.));
#3777=DIRECTION('',(0.,0.,1.));
#3778=AXIS2_PLACEMENT_3D('',#3775,#3776,#3777);
#3779=PLANE('',#3778);
#3780=ORIENTED_EDGE('',*,*,#3220,.F.);
#3781=CARTESIAN_POINT('',(-22.5,28.65,24.6));
#3782=VERTEX_POINT('',#3781);
#3783=CARTESIAN_POINT('',(-22.5,28.65,24.6));
#3784=DIRECTION('',(0.,0.,-1.));
#3785=VECTOR('',#3784,1.);
#3786=LINE('',#3783,#3785);
#3787=EDGE_CURVE('',#3782,#3206,#3786,.T.);
#3788=ORIENTED_EDGE('',*,*,#3787,.F.);
#3789=CARTESIAN_POINT('',(-22.5,28.65,24.6));
#3790=DIRECTION('',(1.,0.,-0.));
#3791=VECTOR('',#3790,45.);
#3792=LINE('',#3789,#3791);
#3793=EDGE_CURVE('',#3782,#3757,#3792,.T.);
#3794=ORIENTED_EDGE('',*,*,#3793,.T.);
#3795=ORIENTED_EDGE('',*,*,#3762,.T.);
#3796=EDGE_LOOP('',(#3780,#3788,#3794,#3795));
#3797=FACE_BOUND('',#3796,.T.);
#3798=ADVANCED_FACE('',(#3797),#3779,.T.);
#3799=CARTESIAN_POINT('',(-22.5,20.,24.6));
#3800=DIRECTION('',(0.,0.,-1.));
#3801=DIRECTION('',(-1.,0.,0.));
#3802=AXIS2_PLACEMENT_3D('',#3799,#3800,#3801);
#3803=CYLINDRICAL_SURFACE('',#3802,8.65);
#3804=ORIENTED_EDGE('',*,*,#3212,.T.);
#3805=CARTESIAN_POINT('',(-31.15,20.,24.6));
#3806=VERTEX_POINT('',#3805);
#3807=CARTESIAN_POINT('',(-31.15,20.,24.6));
#3808=DIRECTION('',(0.,0.,-1.));
#3809=VECTOR('',#3808,1.);
#3810=LINE('',#3807,#3809);
#3811=EDGE_CURVE('',#3806,#3198,#3810,.T.);
#3812=ORIENTED_EDGE('',*,*,#3811,.F.);
#3813=CARTESIAN_POINT('',(-22.5,20.,24.6));
#3814=DIRECTION('',(0.,0.,1.));
#3815=DIRECTION('',(-0.,1.,0.));
#3816=AXIS2_PLACEMENT_3D('',#3813,#3814,#3815);
#3817=CIRCLE('',#3816,8.65);
#3818=EDGE_CURVE('',#3782,#3806,#3817,.T.);
#3819=ORIENTED_EDGE('',*,*,#3818,.F.);
#3820=ORIENTED_EDGE('',*,*,#3787,.T.);
#3821=EDGE_LOOP('',(#3804,#3812,#3819,#3820));
#3822=FACE_BOUND('',#3821,.T.);
#3823=ADVANCED_FACE('',(#3822),#3803,.T.);
#3824=CARTESIAN_POINT('',(-31.15,-18.,24.6));
#3825=DIRECTION('',(-1.,-0.,0.));
#3826=DIRECTION('',(0.,-1.,0.));
#3827=AXIS2_PLACEMENT_3D('',#3824,#3825,#3826);
#3828=PLANE('',#3827);
#3829=ORIENTED_EDGE('',*,*,#3203,.F.);
#3830=CARTESIAN_POINT('',(-31.15,-56.,24.6));
#3831=VERTEX_POINT('',#3830);
#3832=CARTESIAN_POINT('',(-31.15,-56.,24.6));
#3833=DIRECTION('',(0.,0.,-1.));
#3834=VECTOR('',#3833,1.);
#3835=LINE('',#3832,#3834);
#3836=EDGE_CURVE('',#3831,#3189,#3835,.T.);
#3837=ORIENTED_EDGE('',*,*,#3836,.F.);
#3838=CARTESIAN_POINT('',(-31.15,-56.,24.6));
#3839=DIRECTION('',(-0.,1.,0.));
#3840=VECTOR('',#3839,76.);
#3841=LINE('',#3838,#3840);
#3842=EDGE_CURVE('',#3831,#3806,#3841,.T.);
#3843=ORIENTED_EDGE('',*,*,#3842,.T.);
#3844=ORIENTED_EDGE('',*,*,#3811,.T.);
#3845=EDGE_LOOP('',(#3829,#3837,#3843,#3844));
#3846=FACE_BOUND('',#3845,.T.);
#3847=ADVANCED_FACE('',(#3846),#3828,.T.);
#3848=CARTESIAN_POINT('',(-22.5,-56.,24.6));
#3849=DIRECTION('',(0.,0.,-1.));
#3850=DIRECTION('',(-1.,0.,0.));
#3851=AXIS2_PLACEMENT_3D('',#3848,#3849,#3850);
#3852=CYLINDRICAL_SURFACE('',#3851,8.65);
#3853=ORIENTED_EDGE('',*,*,#3195,.T.);
#3854=CARTESIAN_POINT('',(-22.5,-64.65,24.6));
#3855=VERTEX_POINT('',#3854);
#3856=CARTESIAN_POINT('',(-22.5,-64.65,24.6));
#3857=DIRECTION('',(0.,0.,-1.));
#3858=VECTOR('',#3857,1.);
#3859=LINE('',#3856,#3858);
#3860=EDGE_CURVE('',#3855,#3181,#3859,.T.);
#3861=ORIENTED_EDGE('',*,*,#3860,.F.);
#3862=CARTESIAN_POINT('',(-22.5,-56.,24.6));
#3863=DIRECTION('',(0.,0.,1.));
#3864=DIRECTION('',(-1.,0.,0.));
#3865=AXIS2_PLACEMENT_3D('',#3862,#3863,#3864);
#3866=CIRCLE('',#3865,8.65);
#3867=EDGE_CURVE('',#3831,#3855,#3866,.T.);
#3868=ORIENTED_EDGE('',*,*,#3867,.F.);
#3869=ORIENTED_EDGE('',*,*,#3836,.T.);
#3870=EDGE_LOOP('',(#3853,#3861,#3868,#3869));
#3871=FACE_BOUND('',#3870,.T.);
#3872=ADVANCED_FACE('',(#3871),#3852,.T.);
#3873=CARTESIAN_POINT('',(0.,-64.65,24.6));
#3874=DIRECTION('',(0.,-1.,0.));
#3875=DIRECTION('',(0.,0.,-1.));
#3876=AXIS2_PLACEMENT_3D('',#3873,#3874,#3875);
#3877=PLANE('',#3876);
#3878=ORIENTED_EDGE('',*,*,#3186,.F.);
#3879=CARTESIAN_POINT('',(22.5,-64.65,24.6));
#3880=VERTEX_POINT('',#3879);
#3881=CARTESIAN_POINT('',(22.5,-64.65,24.6));
#3882=DIRECTION('',(0.,0.,-1.));
#3883=VECTOR('',#3882,1.);
#3884=LINE('',#3881,#3883);
#3885=EDGE_CURVE('',#3880,#3172,#3884,.T.);
#3886=ORIENTED_EDGE('',*,*,#3885,.F.);
#3887=CARTESIAN_POINT('',(22.5,-64.65,24.6));
#3888=DIRECTION('',(-1.,0.,0.));
#3889=VECTOR('',#3888,45.);
#3890=LINE('',#3887,#3889);
#3891=EDGE_CURVE('',#3880,#3855,#3890,.T.);
#3892=ORIENTED_EDGE('',*,*,#3891,.T.);
#3893=ORIENTED_EDGE('',*,*,#3860,.T.);
#3894=EDGE_LOOP('',(#3878,#3886,#3892,#3893));
#3895=FACE_BOUND('',#3894,.T.);
#3896=ADVANCED_FACE('',(#3895),#3877,.T.);
#3897=CARTESIAN_POINT('',(22.5,-56.,24.6));
#3898=DIRECTION('',(0.,0.,-1.));
#3899=DIRECTION('',(-1.,0.,0.));
#3900=AXIS2_PLACEMENT_3D('',#3897,#3898,#3899);
#3901=CYLINDRICAL_SURFACE('',#3900,8.65);
#3902=ORIENTED_EDGE('',*,*,#3178,.T.);
#3903=ORIENTED_EDGE('',*,*,#3745,.F.);
#3904=CARTESIAN_POINT('',(22.5,-56.,24.6));
#3905=DIRECTION('',(0.,0.,1.));
#3906=DIRECTION('',(0.,-1.,0.));
#3907=AXIS2_PLACEMENT_3D('',#3904,#3905,#3906);
#3908=CIRCLE('',#3907,8.65);
#3909=EDGE_CURVE('',#3880,#3734,#3908,.T.);
#3910=ORIENTED_EDGE('',*,*,#3909,.F.);
#3911=ORIENTED_EDGE('',*,*,#3885,.T.);
#3912=EDGE_LOOP('',(#3902,#3903,#3910,#3911));
#3913=FACE_BOUND('',#3912,.T.);
#3914=ADVANCED_FACE('',(#3913),#3901,.T.);
#3915=CARTESIAN_POINT('',(-0.000000006,0.,24.6));
#3916=DIRECTION('',(0.,0.,1.));
#3917=DIRECTION('',(1.,0.,0.));
#3918=AXIS2_PLACEMENT_3D('',#3915,#3916,#3917);
#3919=PLANE('',#3918);
#3920=ORIENTED_EDGE('',*,*,#3739,.F.);
#3921=ORIENTED_EDGE('',*,*,#3769,.T.);
#3922=ORIENTED_EDGE('',*,*,#3793,.F.);
#3923=ORIENTED_EDGE('',*,*,#3818,.T.);
#3924=ORIENTED_EDGE('',*,*,#3842,.F.);
#3925=ORIENTED_EDGE('',*,*,#3867,.T.);
#3926=ORIENTED_EDGE('',*,*,#3891,.F.);
#3927=ORIENTED_EDGE('',*,*,#3909,.T.);
#3928=EDGE_LOOP('',(#3920,#3921,#3922,#3923,#3924,#3925,#3926,#3927));
#3929=FACE_BOUND('',#3928,.T.);
#3930=CARTESIAN_POINT('',(30.5,20.,24.6));
#3931=VERTEX_POINT('',#3930);
#3932=CARTESIAN_POINT('',(22.5,28.,24.6));
#3933=VERTEX_POINT('',#3932);
#3934=CARTESIAN_POINT('',(22.5,20.,24.6));
#3935=DIRECTION('',(0.,0.,1.));
#3936=DIRECTION('',(1.,0.,-0.));
#3937=AXIS2_PLACEMENT_3D('',#3934,#3935,#3936);
#3938=CIRCLE('',#3937,8.);
#3939=EDGE_CURVE('',#3931,#3933,#3938,.T.);
#3940=ORIENTED_EDGE('',*,*,#3939,.F.);
#3941=CARTESIAN_POINT('',(30.5,-56.,24.6));
#3942=VERTEX_POINT('',#3941);
#3943=CARTESIAN_POINT('',(30.5,20.,24.6));
#3944=DIRECTION('',(0.,-1.,0.));
#3945=VECTOR('',#3944,76.);
#3946=LINE('',#3943,#3945);
#3947=EDGE_CURVE('',#3931,#3942,#3946,.T.);
#3948=ORIENTED_EDGE('',*,*,#3947,.T.);
#3949=CARTESIAN_POINT('',(22.5,-64.,24.6));
#3950=VERTEX_POINT('',#3949);
#3951=CARTESIAN_POINT('',(22.5,-56.,24.6));
#3952=DIRECTION('',(0.,0.,1.));
#3953=DIRECTION('',(-0.,-1.,0.));
#3954=AXIS2_PLACEMENT_3D('',#3951,#3952,#3953);
#3955=CIRCLE('',#3954,8.);
#3956=EDGE_CURVE('',#3950,#3942,#3955,.T.);
#3957=ORIENTED_EDGE('',*,*,#3956,.F.);
#3958=CARTESIAN_POINT('',(-22.5,-64.,24.6));
#3959=VERTEX_POINT('',#3958);
#3960=CARTESIAN_POINT('',(22.5,-64.,24.6));
#3961=DIRECTION('',(-1.,0.,0.));
#3962=VECTOR('',#3961,45.);
#3963=LINE('',#3960,#3962);
#3964=EDGE_CURVE('',#3950,#3959,#3963,.T.);
#3965=ORIENTED_EDGE('',*,*,#3964,.T.);
#3966=CARTESIAN_POINT('',(-30.5,-56.,24.6));
#3967=VERTEX_POINT('',#3966);
#3968=CARTESIAN_POINT('',(-22.5,-56.,24.6));
#3969=DIRECTION('',(0.,0.,1.));
#3970=DIRECTION('',(-1.,0.,0.));
#3971=AXIS2_PLACEMENT_3D('',#3968,#3969,#3970);
#3972=CIRCLE('',#3971,8.);
#3973=EDGE_CURVE('',#3967,#3959,#3972,.T.);
#3974=ORIENTED_EDGE('',*,*,#3973,.F.);
#3975=CARTESIAN_POINT('',(-30.5,20.,24.6));
#3976=VERTEX_POINT('',#3975);
#3977=CARTESIAN_POINT('',(-30.5,-56.,24.6));
#3978=DIRECTION('',(-0.,1.,0.));
#3979=VECTOR('',#3978,76.);
#3980=LINE('',#3977,#3979);
#3981=EDGE_CURVE('',#3967,#3976,#3980,.T.);
#3982=ORIENTED_EDGE('',*,*,#3981,.T.);
#3983=CARTESIAN_POINT('',(-22.5,28.,24.6));
#3984=VERTEX_POINT('',#3983);
#3985=CARTESIAN_POINT('',(-22.5,20.,24.6));
#3986=DIRECTION('',(0.,0.,1.));
#3987=DIRECTION('',(-0.,1.,0.));
#3988=AXIS2_PLACEMENT_3D('',#3985,#3986,#3987);
#3989=CIRCLE('',#3988,8.);
#3990=EDGE_CURVE('',#3984,#3976,#3989,.T.);
#3991=ORIENTED_EDGE('',*,*,#3990,.F.);
#3992=CARTESIAN_POINT('',(-22.5,28.,24.6));
#3993=DIRECTION('',(1.,0.,-0.));
#3994=VECTOR('',#3993,45.);
#3995=LINE('',#3992,#3994);
#3996=EDGE_CURVE('',#3984,#3933,#3995,.T.);
#3997=ORIENTED_EDGE('',*,*,#3996,.T.);
#3998=EDGE_LOOP('',(#3940,#3948,#3957,#3965,#3974,#3982,#3991,#3997));
#3999=FACE_BOUND('',#3998,.T.);
#4000=ADVANCED_FACE('',(#3929,#3999),#3919,.T.);
#4001=CARTESIAN_POINT('',(22.5,-64.,22.7));
#4002=CARTESIAN_POINT('',(23.544168583,-64.,22.7));
#4003=CARTESIAN_POINT('',(24.596958683,-63.790548876,22.7));
#4004=CARTESIAN_POINT('',(25.561467459,-63.39103626,22.7));
#4005=CARTESIAN_POINT('',(26.52589124,-62.99155885,22.7));
#4006=CARTESIAN_POINT('',(27.418716244,-62.394992255,22.7));
#4007=CARTESIAN_POINT('',(28.156854249,-61.656854249,22.7));
#4008=CARTESIAN_POINT('',(28.894992255,-60.918716244,22.7));
#4009=CARTESIAN_POINT('',(29.49155885,-60.02589124,22.7));
#4010=CARTESIAN_POINT('',(29.89103626,-59.061467459,22.7));
#4011=CARTESIAN_POINT('',(30.290548876,-58.096958683,22.7));
#4012=CARTESIAN_POINT('',(30.5,-57.044168583,22.7));
#4013=CARTESIAN_POINT('',(30.5,-56.,22.7));
#4014=CARTESIAN_POINT('',(22.5,-64.,22.411858523));
#4015=CARTESIAN_POINT('',(23.544168583,-64.,22.411858523));
#4016=CARTESIAN_POINT('',(24.596958683,-63.790548876,22.411858523));
#4017=CARTESIAN_POINT('',(25.561467459,-63.39103626,22.411858523));
#4018=CARTESIAN_POINT('',(26.52589124,-62.99155885,22.411858523));
#4019=CARTESIAN_POINT('',(27.418716244,-62.394992255,22.411858523));
#4020=CARTESIAN_POINT('',(28.156854249,-61.656854249,22.411858523));
#4021=CARTESIAN_POINT('',(28.894992255,-60.918716244,22.411858523));
#4022=CARTESIAN_POINT('',(29.49155885,-60.02589124,22.411858523));
#4023=CARTESIAN_POINT('',(29.89103626,-59.061467459,22.411858523));
#4024=CARTESIAN_POINT('',(30.290548876,-58.096958683,22.411858523));
#4025=CARTESIAN_POINT('',(30.5,-57.044168583,22.411858523));
#4026=CARTESIAN_POINT('',(30.5,-56.,22.411858523));
#4027=CARTESIAN_POINT('',(22.5,-63.976968428,22.127703808));
#4028=CARTESIAN_POINT('',(23.541166684,-63.976968428,22.127703808));
#4029=CARTESIAN_POINT('',(24.590917762,-63.768121914,22.127703808));
#4030=CARTESIAN_POINT('',(25.552653658,-63.369757862,22.127703808));
#4031=CARTESIAN_POINT('',(26.514304916,-62.971428869,22.127703808));
#4032=CARTESIAN_POINT('',(27.404552461,-62.376584477,22.127703808));
#4033=CARTESIAN_POINT('',(28.140568469,-61.640568469,22.127703808));
#4034=CARTESIAN_POINT('',(28.876584477,-60.904552461,22.127703808));
#4035=CARTESIAN_POINT('',(29.471428869,-60.014304916,22.127703808));
#4036=CARTESIAN_POINT('',(29.869757862,-59.052653658,22.127703808));
#4037=CARTESIAN_POINT('',(30.268121914,-58.090917762,22.127703808));
#4038=CARTESIAN_POINT('',(30.476968428,-57.041166684,22.127703808));
#4039=CARTESIAN_POINT('',(30.476968428,-56.,22.127703808));
#4040=CARTESIAN_POINT('',(22.5,-63.930227304,21.853998039));
#4041=CARTESIAN_POINT('',(23.535079629,-63.930227304,21.853998039));
#4042=CARTESIAN_POINT('',(24.578653365,-63.722609765,21.853998039));
#4043=CARTESIAN_POINT('',(25.534766604,-63.326574694,21.853998039));
#4044=CARTESIAN_POINT('',(26.490796061,-62.930574327,21.853998039));
#4045=CARTESIAN_POINT('',(27.375804235,-62.339230771,21.853998039));
#4046=CARTESIAN_POINT('',(28.107517503,-61.607517503,21.853998039));
#4047=CARTESIAN_POINT('',(28.839230771,-60.875804235,21.853998039));
#4048=CARTESIAN_POINT('',(29.430574327,-59.990796061,21.853998039));
#4049=CARTESIAN_POINT('',(29.826574694,-59.034766604,21.853998039));
#4050=CARTESIAN_POINT('',(30.222609765,-58.078653365,21.853998039));
#4051=CARTESIAN_POINT('',(30.430227304,-57.035079629,21.853998039));
#4052=CARTESIAN_POINT('',(30.430227304,-56.,21.853998039));
#4053=CARTESIAN_POINT('',(22.5,-63.883486179,21.580292271));
#4054=CARTESIAN_POINT('',(23.528992575,-63.883486179,21.580292271));
#4055=CARTESIAN_POINT('',(24.566388969,-63.677097615,21.580292271));
#4056=CARTESIAN_POINT('',(25.51687955,-63.283391526,21.580292271));
#4057=CARTESIAN_POINT('',(26.467287207,-62.889719785,21.580292271));
#4058=CARTESIAN_POINT('',(27.347056008,-62.301877065,21.580292271));
#4059=CARTESIAN_POINT('',(28.074466537,-61.574466537,21.580292271));
#4060=CARTESIAN_POINT('',(28.801877065,-60.847056008,21.580292271));
#4061=CARTESIAN_POINT('',(29.389719785,-59.967287207,21.580292271));
#4062=CARTESIAN_POINT('',(29.783391526,-59.01687955,21.580292271));
#4063=CARTESIAN_POINT('',(30.177097615,-58.066388969,21.580292271));
#4064=CARTESIAN_POINT('',(30.383486179,-57.028992575,21.580292271));
#4065=CARTESIAN_POINT('',(30.383486179,-56.,21.580292271));
#4066=CARTESIAN_POINT('',(22.5,-63.81308087,21.317137021));
#4067=CARTESIAN_POINT('',(23.519826477,-63.81308087,21.317137021));
#4068=CARTESIAN_POINT('',(24.547912815,-63.608544531,21.317137021));
#4069=CARTESIAN_POINT('',(25.489936605,-63.218345502,21.317137021));
#4070=CARTESIAN_POINT('',(26.431878833,-62.828180256,21.317137021));
#4071=CARTESIAN_POINT('',(27.303751095,-62.245613835,21.317137021));
#4072=CARTESIAN_POINT('',(28.024682465,-61.524682465,21.317137021));
#4073=CARTESIAN_POINT('',(28.745613835,-60.803751095,21.317137021));
#4074=CARTESIAN_POINT('',(29.328180256,-59.931878833,21.317137021));
#4075=CARTESIAN_POINT('',(29.718345502,-58.989936605,21.317137021));
#4076=CARTESIAN_POINT('',(30.108544531,-58.047912815,21.317137021));
#4077=CARTESIAN_POINT('',(30.31308087,-57.019826477,21.317137021));
#4078=CARTESIAN_POINT('',(30.31308087,-56.,21.317137021));
#4079=CARTESIAN_POINT('',(22.5,-63.720164477,21.069614781));
#4080=CARTESIAN_POINT('',(23.507736855,-63.720164477,21.069614781));
#4081=CARTESIAN_POINT('',(24.523522514,-63.518075346,21.069614781));
#4082=CARTESIAN_POINT('',(25.454379041,-63.132501948,21.069614781));
#4083=CARTESIAN_POINT('',(26.385155994,-62.746961511,21.069614781));
#4084=CARTESIAN_POINT('',(27.246594815,-62.171366493,21.069614781));
#4085=CARTESIAN_POINT('',(27.958980654,-61.458980654,21.069614781));
#4086=CARTESIAN_POINT('',(28.671366493,-60.746594815,21.069614781));
#4087=CARTESIAN_POINT('',(29.246961511,-59.885155994,21.069614781));
#4088=CARTESIAN_POINT('',(29.632501948,-58.954379041,21.069614781));
#4089=CARTESIAN_POINT('',(30.018075346,-58.023522514,21.069614781));
#4090=CARTESIAN_POINT('',(30.220164477,-57.007736855,21.069614781));
#4091=CARTESIAN_POINT('',(30.220164477,-56.,21.069614781));
#4092=CARTESIAN_POINT('',(22.5,-63.534331693,20.574570301));
#4093=CARTESIAN_POINT('',(23.483557611,-63.534331693,20.574570301));
#4094=CARTESIAN_POINT('',(24.474741913,-63.337136976,20.574570301));
#4095=CARTESIAN_POINT('',(25.383263913,-62.960814842,20.574570301));
#4096=CARTESIAN_POINT('',(26.291710318,-62.58452402,20.574570301));
#4097=CARTESIAN_POINT('',(27.132282255,-62.022871808,20.574570301));
#4098=CARTESIAN_POINT('',(27.827577032,-61.327577032,20.574570301));
#4099=CARTESIAN_POINT('',(28.522871808,-60.632282255,20.574570301));
#4100=CARTESIAN_POINT('',(29.08452402,-59.791710318,20.574570301));
#4101=CARTESIAN_POINT('',(29.460814842,-58.883263913,20.574570301));
#4102=CARTESIAN_POINT('',(29.837136976,-57.974741913,20.574570301));
#4103=CARTESIAN_POINT('',(30.034331693,-56.983557611,20.574570301));
#4104=CARTESIAN_POINT('',(30.034331693,-56.,20.574570301));
#4105=CARTESIAN_POINT('',(22.5,-63.259383155,20.143827381));
#4106=CARTESIAN_POINT('',(23.447812833,-63.259383155,20.143827381));
#4107=CARTESIAN_POINT('',(24.402541319,-63.069441289,20.143827381));
#4108=CARTESIAN_POINT('',(25.278045663,-62.706795516,20.143827381));
#4109=CARTESIAN_POINT('',(26.153481078,-62.344178294,20.143827381));
#4110=CARTESIAN_POINT('',(26.963129797,-61.803188315,20.143827381));
#4111=CARTESIAN_POINT('',(27.633159056,-61.133159056,20.143827381));
#4112=CARTESIAN_POINT('',(28.303188315,-60.463129797,20.143827381));
#4113=CARTESIAN_POINT('',(28.844178294,-59.653481078,20.143827381));
#4114=CARTESIAN_POINT('',(29.206795516,-58.778045663,20.143827381));
#4115=CARTESIAN_POINT('',(29.569441289,-57.902541319,20.143827381));
#4116=CARTESIAN_POINT('',(29.759383155,-56.947812833,20.143827381));
#4117=CARTESIAN_POINT('',(29.759383155,-56.,20.143827381));
#4118=CARTESIAN_POINT('',(22.5,-62.907777887,19.792222113));
#4119=CARTESIAN_POINT('',(23.402113729,-62.907777887,19.792222113));
#4120=CARTESIAN_POINT('',(24.310200322,-62.727115382,19.792222113));
#4121=CARTESIAN_POINT('',(25.143492152,-62.381954605,19.792222113));
#4122=CARTESIAN_POINT('',(25.976723882,-62.036818722,19.792222113));
#4123=CARTESIAN_POINT('',(26.74680863,-61.522264544,19.792222113));
#4124=CARTESIAN_POINT('',(27.384536587,-60.884536587,19.792222113));
#4125=CARTESIAN_POINT('',(28.022264544,-60.24680863,19.792222113));
#4126=CARTESIAN_POINT('',(28.536818722,-59.476723882,19.792222113));
#4127=CARTESIAN_POINT('',(28.881954605,-58.643492152,19.792222113));
#4128=CARTESIAN_POINT('',(29.227115382,-57.810200322,19.792222113));
#4129=CARTESIAN_POINT('',(29.407777887,-56.902113729,19.792222113));
#4130=CARTESIAN_POINT('',(29.407777887,-56.,19.792222113));
#4131=CARTESIAN_POINT('',(22.5,-62.731975253,19.616419479));
#4132=CARTESIAN_POINT('',(23.379264176,-62.731975253,19.616419479));
#4133=CARTESIAN_POINT('',(24.264029823,-62.555952429,19.616419479));
#4134=CARTESIAN_POINT('',(25.076215396,-62.21953415,19.616419479));
#4135=CARTESIAN_POINT('',(25.888345283,-61.883138936,19.616419479));
#4136=CARTESIAN_POINT('',(26.638648047,-61.381802658,19.616419479));
#4137=CARTESIAN_POINT('',(27.260225352,-60.760225352,19.616419479));
#4138=CARTESIAN_POINT('',(27.881802658,-60.138648047,19.616419479));
#4139=CARTESIAN_POINT('',(28.383138936,-59.388345283,19.616419479));
#4140=CARTESIAN_POINT('',(28.71953415,-58.576215396,19.616419479));
#4141=CARTESIAN_POINT('',(29.055952429,-57.764029823,19.616419479));
#4142=CARTESIAN_POINT('',(29.231975253,-56.879264176,19.616419479));
#4143=CARTESIAN_POINT('',(29.231975253,-56.,19.616419479));
#4144=CARTESIAN_POINT('',(22.5,-62.536761955,19.459930946));
#4145=CARTESIAN_POINT('',(23.353891966,-62.536761955,19.459930946));
#4146=CARTESIAN_POINT('',(24.212761377,-62.365891164,19.459930946));
#4147=CARTESIAN_POINT('',(25.001510502,-62.039180579,19.459930946));
#4148=CARTESIAN_POINT('',(25.790208847,-61.712491028,19.459930946));
#4149=CARTESIAN_POINT('',(26.518545126,-61.225832285,19.459930946));
#4150=CARTESIAN_POINT('',(27.122188706,-60.622188706,19.459930946));
#4151=CARTESIAN_POINT('',(27.725832285,-60.018545126,19.459930946));
#4152=CARTESIAN_POINT('',(28.212491028,-59.290208847,19.459930946));
#4153=CARTESIAN_POINT('',(28.539180579,-58.501510502,19.459930946));
#4154=CARTESIAN_POINT('',(28.865891164,-57.712761377,19.459930946));
#4155=CARTESIAN_POINT('',(29.036761955,-56.853891966,19.459930946));
#4156=CARTESIAN_POINT('',(29.036761955,-56.,19.459930946));
#4157=CARTESIAN_POINT('',(22.5,-62.323271932,19.324003932));
#4158=CARTESIAN_POINT('',(23.326135417,-62.323271932,19.324003932));
#4159=CARTESIAN_POINT('',(24.156701167,-62.158032127,19.324003932));
#4160=CARTESIAN_POINT('',(24.919811407,-61.841941516,19.324003932));
#4161=CARTESIAN_POINT('',(25.682875998,-61.525869814,19.324003932));
#4162=CARTESIAN_POINT('',(26.387204109,-61.055252816,19.324003932));
#4163=CARTESIAN_POINT('',(26.971228462,-60.471228462,19.324003932));
#4164=CARTESIAN_POINT('',(27.555252816,-59.887204109,19.324003932));
#4165=CARTESIAN_POINT('',(28.025869814,-59.182875998,19.324003932));
#4166=CARTESIAN_POINT('',(28.341941516,-58.419811407,19.324003932));
#4167=CARTESIAN_POINT('',(28.658032127,-57.656701167,19.324003932));
#4168=CARTESIAN_POINT('',(28.823271932,-56.826135417,19.324003932));
#4169=CARTESIAN_POINT('',(28.823271932,-56.,19.324003932));
#4170=CARTESIAN_POINT('',(22.5,-62.109781908,19.188076918));
#4171=CARTESIAN_POINT('',(23.298378868,-62.109781908,19.188076918));
#4172=CARTESIAN_POINT('',(24.100640958,-61.950173089,19.188076918));
#4173=CARTESIAN_POINT('',(24.838112312,-61.644702453,19.188076918));
#4174=CARTESIAN_POINT('',(25.575543149,-61.339248599,19.188076918));
#4175=CARTESIAN_POINT('',(26.255863091,-60.884673346,19.188076918));
#4176=CARTESIAN_POINT('',(26.820268219,-60.320268219,19.188076918));
#4177=CARTESIAN_POINT('',(27.384673346,-59.755863091,19.188076918));
#4178=CARTESIAN_POINT('',(27.839248599,-59.075543149,19.188076918));
#4179=CARTESIAN_POINT('',(28.144702453,-58.338112312,19.188076918));
#4180=CARTESIAN_POINT('',(28.450173089,-57.600640958,19.188076918));
#4181=CARTESIAN_POINT('',(28.609781908,-56.798378868,19.188076918));
#4182=CARTESIAN_POINT('',(28.609781908,-56.,19.188076918));
#4183=CARTESIAN_POINT('',(22.5,-61.877907459,19.072751915));
#4184=CARTESIAN_POINT('',(23.268223563,-61.877907459,19.072751915));
#4185=CARTESIAN_POINT('',(24.039761087,-61.724411263,19.072751915));
#4186=CARTESIAN_POINT('',(24.749377802,-61.430478395,19.072751915));
#4187=CARTESIAN_POINT('',(25.458959347,-61.136560096,19.072751915));
#4188=CARTESIAN_POINT('',(26.113218021,-60.699398427,19.072751915));
#4189=CARTESIAN_POINT('',(26.656308224,-60.156308224,19.072751915));
#4190=CARTESIAN_POINT('',(27.199398427,-59.613218021,19.072751915));
#4191=CARTESIAN_POINT('',(27.636560096,-58.958959347,19.072751915));
#4192=CARTESIAN_POINT('',(27.930478395,-58.249377802,19.072751915));
#4193=CARTESIAN_POINT('',(28.224411263,-57.539761087,19.072751915));
#4194=CARTESIAN_POINT('',(28.377907459,-56.768223563,19.072751915));
#4195=CARTESIAN_POINT('',(28.377907459,-56.,19.072751915));
#4196=CARTESIAN_POINT('',(22.5,-61.630385219,18.979835523));
#4197=CARTESIAN_POINT('',(23.236017725,-61.630385219,18.979835523));
#4198=CARTESIAN_POINT('',(23.974787171,-61.483408198,18.979835523));
#4199=CARTESIAN_POINT('',(24.654655141,-61.201797664,18.979835523));
#4200=CARTESIAN_POINT('',(25.334493241,-60.920199503,18.979835523));
#4201=CARTESIAN_POINT('',(25.960958015,-60.501609124,18.979835523));
#4202=CARTESIAN_POINT('',(26.481283569,-59.981283569,18.979835523));
#4203=CARTESIAN_POINT('',(27.001609124,-59.460958015,18.979835523));
#4204=CARTESIAN_POINT('',(27.420199503,-58.834493241,18.979835523));
#4205=CARTESIAN_POINT('',(27.701797664,-58.154655141,18.979835523));
#4206=CARTESIAN_POINT('',(27.983408198,-57.474787171,18.979835523));
#4207=CARTESIAN_POINT('',(28.130385219,-56.736017725,18.979835523));
#4208=CARTESIAN_POINT('',(28.130385219,-56.,18.979835523));
#4209=CARTESIAN_POINT('',(22.5,-61.382862979,18.88691913));
#4210=CARTESIAN_POINT('',(23.203811887,-61.382862979,18.88691913));
#4211=CARTESIAN_POINT('',(23.909813256,-61.242405133,18.88691913));
#4212=CARTESIAN_POINT('',(24.559932481,-60.973116933,18.88691913));
#4213=CARTESIAN_POINT('',(25.210027134,-60.703838911,18.88691913));
#4214=CARTESIAN_POINT('',(25.808698009,-60.303819821,18.88691913));
#4215=CARTESIAN_POINT('',(26.306258915,-59.806258915,18.88691913));
#4216=CARTESIAN_POINT('',(26.803819821,-59.308698009,18.88691913));
#4217=CARTESIAN_POINT('',(27.203838911,-58.710027134,18.88691913));
#4218=CARTESIAN_POINT('',(27.473116933,-58.059932481,18.88691913));
#4219=CARTESIAN_POINT('',(27.742405133,-57.409813256,18.88691913));
#4220=CARTESIAN_POINT('',(27.882862979,-56.703811887,18.88691913));
#4221=CARTESIAN_POINT('',(27.882862979,-56.,18.88691913));
#4222=CARTESIAN_POINT('',(22.5,-61.119707729,18.816513821));
#4223=CARTESIAN_POINT('',(23.169557331,-61.119707729,18.816513821));
#4224=CARTESIAN_POINT('',(23.840749276,-60.98617518,18.816513821));
#4225=CARTESIAN_POINT('',(24.459227327,-60.729993184,18.816513821));
#4226=CARTESIAN_POINT('',(25.077686051,-60.473819192,18.816513821));
#4227=CARTESIAN_POINT('',(25.646832238,-60.093527868,18.816513821));
#4228=CARTESIAN_POINT('',(26.120180053,-59.620180053,18.816513821));
#4229=CARTESIAN_POINT('',(26.593527868,-59.146832238,18.816513821));
#4230=CARTESIAN_POINT('',(26.973819192,-58.577686051,18.816513821));
#4231=CARTESIAN_POINT('',(27.229993184,-57.959227327,18.816513821));
#4232=CARTESIAN_POINT('',(27.48617518,-57.340749276,18.816513821));
#4233=CARTESIAN_POINT('',(27.619707729,-56.669557331,18.816513821));
#4234=CARTESIAN_POINT('',(27.619707729,-56.,18.816513821));
#4235=CARTESIAN_POINT('',(22.5,-60.846001961,18.769772696));
#4236=CARTESIAN_POINT('',(23.133912877,-60.846001961,18.769772696));
#4237=CARTESIAN_POINT('',(23.768931663,-60.719666021,18.769772696));
#4238=CARTESIAN_POINT('',(24.354484664,-60.477122026,18.769772696));
#4239=CARTESIAN_POINT('',(24.940023357,-60.234583958,18.769772696));
#4240=CARTESIAN_POINT('',(25.478488934,-59.874792762,18.769772696));
#4241=CARTESIAN_POINT('',(25.926640848,-59.426640848,18.769772696));
#4242=CARTESIAN_POINT('',(26.374792762,-58.978488934,18.769772696));
#4243=CARTESIAN_POINT('',(26.734583958,-58.440023357,18.769772696));
#4244=CARTESIAN_POINT('',(26.977122026,-57.854484664,18.769772696));
#4245=CARTESIAN_POINT('',(27.219666021,-57.268931663,18.769772696));
#4246=CARTESIAN_POINT('',(27.346001961,-56.633912877,18.769772696));
#4247=CARTESIAN_POINT('',(27.346001961,-56.,18.769772696));
#4248=CARTESIAN_POINT('',(22.5,-60.572296192,18.723031572));
#4249=CARTESIAN_POINT('',(23.098268424,-60.572296192,18.723031572));
#4250=CARTESIAN_POINT('',(23.697114049,-60.453156861,18.723031572));
#4251=CARTESIAN_POINT('',(24.249742001,-60.224250869,18.723031572));
#4252=CARTESIAN_POINT('',(24.802360663,-59.995348724,18.723031572));
#4253=CARTESIAN_POINT('',(25.31014563,-59.656057656,18.723031572));
#4254=CARTESIAN_POINT('',(25.733101643,-59.233101643,18.723031572));
#4255=CARTESIAN_POINT('',(26.156057656,-58.81014563,18.723031572));
#4256=CARTESIAN_POINT('',(26.495348724,-58.302360663,18.723031572));
#4257=CARTESIAN_POINT('',(26.724250869,-57.749742001,18.723031572));
#4258=CARTESIAN_POINT('',(26.953156861,-57.197114049,18.723031572));
#4259=CARTESIAN_POINT('',(27.072296192,-56.598268424,18.723031572));
#4260=CARTESIAN_POINT('',(27.072296192,-56.,18.723031572));
#4261=CARTESIAN_POINT('',(22.5,-60.288141477,18.7));
#4262=CARTESIAN_POINT('',(23.061247426,-60.288141477,18.7));
#4263=CARTESIAN_POINT('',(23.622569337,-60.176467444,18.7));
#4264=CARTESIAN_POINT('',(24.141000699,-59.961726143,18.7));
#4265=CARTESIAN_POINT('',(24.659427565,-59.746986704,18.7));
#4266=CARTESIAN_POINT('',(25.135387172,-59.428960662,18.7));
#4267=CARTESIAN_POINT('',(25.532173917,-59.032173917,18.7));
#4268=CARTESIAN_POINT('',(25.928960662,-58.635387172,18.7));
#4269=CARTESIAN_POINT('',(26.246986704,-58.159427565,18.7));
#4270=CARTESIAN_POINT('',(26.461726143,-57.641000699,18.7));
#4271=CARTESIAN_POINT('',(26.676467444,-57.122569337,18.7));
#4272=CARTESIAN_POINT('',(26.788141477,-56.561247426,18.7));
#4273=CARTESIAN_POINT('',(26.788141477,-56.,18.7));
#4274=CARTESIAN_POINT('',(22.5,-60.,18.7));
#4275=CARTESIAN_POINT('',(23.023693175,-60.,18.7));
#4276=CARTESIAN_POINT('',(23.546991542,-59.895890705,18.7));
#4277=CARTESIAN_POINT('',(24.030733729,-59.69551813,18.7));
#4278=CARTESIAN_POINT('',(24.514475916,-59.495145556,18.7));
#4279=CARTESIAN_POINT('',(24.958186884,-59.198667366,18.7));
#4280=CARTESIAN_POINT('',(25.328427125,-58.828427125,18.7));
#4281=CARTESIAN_POINT('',(25.698667366,-58.458186884,18.7));
#4282=CARTESIAN_POINT('',(25.995145556,-58.014475916,18.7));
#4283=CARTESIAN_POINT('',(26.19551813,-57.530733729,18.7));
#4284=CARTESIAN_POINT('',(26.395890705,-57.046991542,18.7));
#4285=CARTESIAN_POINT('',(26.5,-56.523693175,18.7));
#4286=CARTESIAN_POINT('',(26.5,-56.,18.7));
#4287=B_SPLINE_SURFACE_WITH_KNOTS('',3,3,((#4001,#4002,#4003,#4004,#4005,#4006,#4007,#4008,#4009,#4010,#4011,#4012,#4013),(#4014,#4015,#4016,#4017,#4018,#4019,#4020,#4021,#4022,#4023,#4024,#4025,#4026),(#4027,#4028,#4029,#4030,#4031,#4032,#4033,#4034,#4035,#4036,#4037,#4038,#4039),(#4040,#4041,#4042,#4043,#4044,#4045,#4046,#4047,#4048,#4049,#4050,#4051,#4052),(#4053,#4054,#4055,#4056,#4057,#4058,#4059,#4060,#4061,#4062,#4063,#4064,#4065),(#4066,#4067,#4068,#4069,#4070,#4071,#4072,#4073,#4074,#4075,#4076,#4077,#4078),(#4079,#4080,#4081,#4082,#4083,#4084,#4085,#4086,#4087,#4088,#4089,#4090,#4091),(#4092,#4093,#4094,#4095,#4096,#4097,#4098,#4099,#4100,#4101,#4102,#4103,#4104),(#4105,#4106,#4107,#4108,#4109,#4110,#4111,#4112,#4113,#4114,#4115,#4116,#4117),(#4118,#4119,#4120,#4121,#4122,#4123,#4124,#4125,#4126,#4127,#4128,#4129,#4130),(#4131,#4132,#4133,#4134,#4135,#4136,#4137,#4138,#4139,#4140,#4141,#4142,#4143),(#4144,#4145,#4146,#4147,#4148,#4149,#4150,#4151,#4152,#4153,#4154,#4155,#4156),(#4157,#4158,#4159,#4160,#4161,#4162,#4163,#4164,#4165,#4166,#4167,#4168,#4169),(#4170,#4171,#4172,#4173,#4174,#4175,#4176,#4177,#4178,#4179,#4180,#4181,#4182),(#4183,#4184,#4185,#4186,#4187,#4188,#4189,#4190,#4191,#4192,#4193,#4194,#4195),(#4196,#4197,#4198,#4199,#4200,#4201,#4202,#4203,#4204,#4205,#4206,#4207,#4208),(#4209,#4210,#4211,#4212,#4213,#4214,#4215,#4216,#4217,#4218,#4219,#4220,#4221),(#4222,#4223,#4224,#4225,#4226,#4227,#4228,#4229,#4230,#4231,#4232,#4233,#4234),(#4235,#4236,#4237,#4238,#4239,#4240,#4241,#4242,#4243,#4244,#4245,#4246,#4247),(#4248,#4249,#4250,#4251,#4252,#4253,#4254,#4255,#4256,#4257,#4258,#4259,#4260),(#4261,#4262,#4263,#4264,#4265,#4266,#4267,#4268,#4269,#4270,#4271,#4272,#4273),(#4274,#4275,#4276,#4277,#4278,#4279,#4280,#4281,#4282,#4283,#4284,#4285,#4286)),.UNSPECIFIED.,.F.,.F.,.U.,(4,3,3,3,3,3,3,4),(4,3,3,3,4),(0.,0.125,0.25,0.5,0.625,0.75,0.875,1.),(4.71238898,5.105088062,5.497787144,5.890486225,6.283185307),.UNSPECIFIED.);
#4288=CARTESIAN_POINT('',(22.5,-64.,22.7));
#4289=VERTEX_POINT('',#4288);
#4290=CARTESIAN_POINT('',(22.5,-64.,22.7));
#4291=CARTESIAN_POINT('',(22.5,-64.,22.123717046));
#4292=CARTESIAN_POINT('',(22.5,-63.905997262,21.56465926));
#4293=CARTESIAN_POINT('',(22.5,-63.720164477,21.069614781));
#4294=CARTESIAN_POINT('',(22.5,-63.534331693,20.574570301));
#4295=CARTESIAN_POINT('',(22.5,-63.259383155,20.143827381));
#4296=CARTESIAN_POINT('',(22.5,-62.907777887,19.792222113));
#4297=CARTESIAN_POINT('',(22.5,-62.556172619,19.440616845));
#4298=CARTESIAN_POINT('',(22.5,-62.125429699,19.165668307));
#4299=CARTESIAN_POINT('',(22.5,-61.630385219,18.979835523));
#4300=CARTESIAN_POINT('',(22.5,-61.13534074,18.794002738));
#4301=CARTESIAN_POINT('',(22.5,-60.576282954,18.7));
#4302=CARTESIAN_POINT('',(22.5,-60.,18.7));
#4303=B_SPLINE_CURVE_WITH_KNOTS('',3,(#4290,#4291,#4292,#4293,#4294,#4295,#4296,#4297,#4298,#4299,#4300,#4301,#4302),.UNSPECIFIED.,.F.,.F.,(4,3,3,3,4),(0.,0.25,0.5,0.75,1.),.UNSPECIFIED.);
#4304=EDGE_CURVE('',#4289,#2849,#4303,.T.);
#4305=ORIENTED_EDGE('',*,*,#4304,.F.);
#4306=CARTESIAN_POINT('',(22.5,-56.,22.7));
#4307=DIRECTION('',(-0.,-0.,1.));
#4308=DIRECTION('',(-1.,0.,0.));
#4309=AXIS2_PLACEMENT_3D('',#4306,#4307,#4308);
#4310=CIRCLE('',#4309,8.);
#4311=EDGE_CURVE('',#4289,#2169,#4310,.T.);
#4312=ORIENTED_EDGE('',*,*,#4311,.T.);
#4313=ORIENTED_EDGE('',*,*,#2184,.F.);
#4314=CARTESIAN_POINT('',(22.5,-56.,18.7));
#4315=DIRECTION('',(0.,0.,-1.));
#4316=DIRECTION('',(-1.,0.,0.));
#4317=AXIS2_PLACEMENT_3D('',#4314,#4315,#4316);
#4318=CIRCLE('',#4317,3.999854283);
#4319=EDGE_CURVE('',#2161,#2849,#4318,.T.);
#4320=ORIENTED_EDGE('',*,*,#4319,.T.);
#4321=EDGE_LOOP('',(#4305,#4312,#4313,#4320));
#4322=FACE_BOUND('',#4321,.T.);
#4323=ADVANCED_FACE('',(#4322),#4287,.F.);
#4324=CARTESIAN_POINT('',(-22.5,-64.,22.7));
#4325=CARTESIAN_POINT('',(-7.5,-64.,22.7));
#4326=CARTESIAN_POINT('',(7.5,-64.,22.7));
#4327=CARTESIAN_POINT('',(22.5,-64.,22.7));
#4328=CARTESIAN_POINT('',(-22.5,-64.,22.411858523));
#4329=CARTESIAN_POINT('',(-7.5,-64.,22.411858523));
#4330=CARTESIAN_POINT('',(7.5,-64.,22.411858523));
#4331=CARTESIAN_POINT('',(22.5,-64.,22.411858523));
#4332=CARTESIAN_POINT('',(-22.5,-63.976968428,22.127703808));
#4333=CARTESIAN_POINT('',(-7.5,-63.976968428,22.127703808));
#4334=CARTESIAN_POINT('',(7.5,-63.976968428,22.127703808));
#4335=CARTESIAN_POINT('',(22.5,-63.976968428,22.127703808));
#4336=CARTESIAN_POINT('',(-22.5,-63.930227304,21.853998039));
#4337=CARTESIAN_POINT('',(-7.5,-63.930227304,21.853998039));
#4338=CARTESIAN_POINT('',(7.5,-63.930227304,21.853998039));
#4339=CARTESIAN_POINT('',(22.5,-63.930227304,21.853998039));
#4340=CARTESIAN_POINT('',(-22.5,-63.883486179,21.580292271));
#4341=CARTESIAN_POINT('',(-7.5,-63.883486179,21.580292271));
#4342=CARTESIAN_POINT('',(7.5,-63.883486179,21.580292271));
#4343=CARTESIAN_POINT('',(22.5,-63.883486179,21.580292271));
#4344=CARTESIAN_POINT('',(-22.5,-63.81308087,21.317137021));
#4345=CARTESIAN_POINT('',(-7.5,-63.81308087,21.317137021));
#4346=CARTESIAN_POINT('',(7.5,-63.81308087,21.317137021));
#4347=CARTESIAN_POINT('',(22.5,-63.81308087,21.317137021));
#4348=CARTESIAN_POINT('',(-22.5,-63.720164477,21.069614781));
#4349=CARTESIAN_POINT('',(-7.5,-63.720164477,21.069614781));
#4350=CARTESIAN_POINT('',(7.5,-63.720164477,21.069614781));
#4351=CARTESIAN_POINT('',(22.5,-63.720164477,21.069614781));
#4352=CARTESIAN_POINT('',(-22.5,-63.534331693,20.574570301));
#4353=CARTESIAN_POINT('',(-7.5,-63.534331693,20.574570301));
#4354=CARTESIAN_POINT('',(7.5,-63.534331693,20.574570301));
#4355=CARTESIAN_POINT('',(22.5,-63.534331693,20.574570301));
#4356=CARTESIAN_POINT('',(-22.5,-63.259383155,20.143827381));
#4357=CARTESIAN_POINT('',(-7.5,-63.259383155,20.143827381));
#4358=CARTESIAN_POINT('',(7.5,-63.259383155,20.143827381));
#4359=CARTESIAN_POINT('',(22.5,-63.259383155,20.143827381));
#4360=CARTESIAN_POINT('',(-22.5,-62.907777887,19.792222113));
#4361=CARTESIAN_POINT('',(-7.5,-62.907777887,19.792222113));
#4362=CARTESIAN_POINT('',(7.5,-62.907777887,19.792222113));
#4363=CARTESIAN_POINT('',(22.5,-62.907777887,19.792222113));
#4364=CARTESIAN_POINT('',(-22.5,-62.556172619,19.440616845));
#4365=CARTESIAN_POINT('',(-7.5,-62.556172619,19.440616845));
#4366=CARTESIAN_POINT('',(7.5,-62.556172619,19.440616845));
#4367=CARTESIAN_POINT('',(22.5,-62.556172619,19.440616845));
#4368=CARTESIAN_POINT('',(-22.5,-62.125429699,19.165668307));
#4369=CARTESIAN_POINT('',(-7.5,-62.125429699,19.165668307));
#4370=CARTESIAN_POINT('',(7.5,-62.125429699,19.165668307));
#4371=CARTESIAN_POINT('',(22.5,-62.125429699,19.165668307));
#4372=CARTESIAN_POINT('',(-22.5,-61.630385219,18.979835523));
#4373=CARTESIAN_POINT('',(-7.5,-61.630385219,18.979835523));
#4374=CARTESIAN_POINT('',(7.5,-61.630385219,18.979835523));
#4375=CARTESIAN_POINT('',(22.5,-61.630385219,18.979835523));
#4376=CARTESIAN_POINT('',(-22.5,-61.382862979,18.88691913));
#4377=CARTESIAN_POINT('',(-7.5,-61.382862979,18.88691913));
#4378=CARTESIAN_POINT('',(7.5,-61.382862979,18.88691913));
#4379=CARTESIAN_POINT('',(22.5,-61.382862979,18.88691913));
#4380=CARTESIAN_POINT('',(-22.5,-61.119707729,18.816513821));
#4381=CARTESIAN_POINT('',(-7.5,-61.119707729,18.816513821));
#4382=CARTESIAN_POINT('',(7.5,-61.119707729,18.816513821));
#4383=CARTESIAN_POINT('',(22.5,-61.119707729,18.816513821));
#4384=CARTESIAN_POINT('',(-22.5,-60.846001961,18.769772696));
#4385=CARTESIAN_POINT('',(-7.5,-60.846001961,18.769772696));
#4386=CARTESIAN_POINT('',(7.5,-60.846001961,18.769772696));
#4387=CARTESIAN_POINT('',(22.5,-60.846001961,18.769772696));
#4388=CARTESIAN_POINT('',(-22.5,-60.572296192,18.723031572));
#4389=CARTESIAN_POINT('',(-7.5,-60.572296192,18.723031572));
#4390=CARTESIAN_POINT('',(7.5,-60.572296192,18.723031572));
#4391=CARTESIAN_POINT('',(22.5,-60.572296192,18.723031572));
#4392=CARTESIAN_POINT('',(-22.5,-60.288141477,18.7));
#4393=CARTESIAN_POINT('',(-7.5,-60.288141477,18.7));
#4394=CARTESIAN_POINT('',(7.5,-60.288141477,18.7));
#4395=CARTESIAN_POINT('',(22.5,-60.288141477,18.7));
#4396=CARTESIAN_POINT('',(-22.5,-60.,18.7));
#4397=CARTESIAN_POINT('',(-7.5,-60.,18.7));
#4398=CARTESIAN_POINT('',(7.5,-60.,18.7));
#4399=CARTESIAN_POINT('',(22.5,-60.,18.7));
#4400=B_SPLINE_SURFACE_WITH_KNOTS('',3,3,((#4324,#4325,#4326,#4327),(#4328,#4329,#4330,#4331),(#4332,#4333,#4334,#4335),(#4336,#4337,#4338,#4339),(#4340,#4341,#4342,#4343),(#4344,#4345,#4346,#4347),(#4348,#4349,#4350,#4351),(#4352,#4353,#4354,#4355),(#4356,#4357,#4358,#4359),(#4360,#4361,#4362,#4363),(#4364,#4365,#4366,#4367),(#4368,#4369,#4370,#4371),(#4372,#4373,#4374,#4375),(#4376,#4377,#4378,#4379),(#4380,#4381,#4382,#4383),(#4384,#4385,#4386,#4387),(#4388,#4389,#4390,#4391),(#4392,#4393,#4394,#4395),(#4396,#4397,#4398,#4399)),.UNSPECIFIED.,.F.,.F.,.U.,(4,3,3,3,3,3,4),(4,4),(0.,0.125,0.25,0.5,0.75,0.875,1.),(-0.0225,0.0225),.UNSPECIFIED.);
#4401=CARTESIAN_POINT('',(-22.5,-64.,22.7));
#4402=VERTEX_POINT('',#4401);
#4403=CARTESIAN_POINT('',(-22.5,-64.,22.7));
#4404=CARTESIAN_POINT('',(-22.5,-64.,22.123717046));
#4405=CARTESIAN_POINT('',(-22.5,-63.905997262,21.56465926));
#4406=CARTESIAN_POINT('',(-22.5,-63.720164477,21.069614781));
#4407=CARTESIAN_POINT('',(-22.5,-63.534331693,20.574570301));
#4408=CARTESIAN_POINT('',(-22.5,-63.259383155,20.143827381));
#4409=CARTESIAN_POINT('',(-22.5,-62.907777887,19.792222113));
#4410=CARTESIAN_POINT('',(-22.5,-62.556172619,19.440616845));
#4411=CARTESIAN_POINT('',(-22.5,-62.125429699,19.165668307));
#4412=CARTESIAN_POINT('',(-22.5,-61.630385219,18.979835523));
#4413=CARTESIAN_POINT('',(-22.5,-61.13534074,18.794002738));
#4414=CARTESIAN_POINT('',(-22.5,-60.576282954,18.7));
#4415=CARTESIAN_POINT('',(-22.5,-60.,18.7));
#4416=B_SPLINE_CURVE_WITH_KNOTS('',3,(#4403,#4404,#4405,#4406,#4407,#4408,#4409,#4410,#4411,#4412,#4413,#4414,#4415),.UNSPECIFIED.,.F.,.F.,(4,3,3,3,4),(0.,0.25,0.5,0.75,1.),.UNSPECIFIED.);
#4417=EDGE_CURVE('',#4402,#2840,#4416,.T.);
#4418=ORIENTED_EDGE('',*,*,#4417,.F.);
#4419=CARTESIAN_POINT('',(-22.5,-64.,22.7));
#4420=DIRECTION('',(1.,0.,0.));
#4421=VECTOR('',#4420,45.);
#4422=LINE('',#4419,#4421);
#4423=EDGE_CURVE('',#4402,#4289,#4422,.T.);
#4424=ORIENTED_EDGE('',*,*,#4423,.T.);
#4425=ORIENTED_EDGE('',*,*,#4304,.T.);
#4426=ORIENTED_EDGE('',*,*,#2854,.T.);
#4427=EDGE_LOOP('',(#4418,#4424,#4425,#4426));
#4428=FACE_BOUND('',#4427,.T.);
#4429=ADVANCED_FACE('',(#4428),#4400,.F.);
#4430=CARTESIAN_POINT('',(-30.5,-56.,22.7));
#4431=CARTESIAN_POINT('',(-30.5,-57.044168583,22.7));
#4432=CARTESIAN_POINT('',(-30.290548876,-58.096958683,22.7));
#4433=CARTESIAN_POINT('',(-29.89103626,-59.061467459,22.7));
#4434=CARTESIAN_POINT('',(-29.49155885,-60.02589124,22.7));
#4435=CARTESIAN_POINT('',(-28.894992255,-60.918716244,22.7));
#4436=CARTESIAN_POINT('',(-28.156854249,-61.656854249,22.7));
#4437=CARTESIAN_POINT('',(-27.418716244,-62.394992255,22.7));
#4438=CARTESIAN_POINT('',(-26.52589124,-62.99155885,22.7));
#4439=CARTESIAN_POINT('',(-25.561467459,-63.39103626,22.7));
#4440=CARTESIAN_POINT('',(-24.596958683,-63.790548876,22.7));
#4441=CARTESIAN_POINT('',(-23.544168583,-64.,22.7));
#4442=CARTESIAN_POINT('',(-22.5,-64.,22.7));
#4443=CARTESIAN_POINT('',(-30.5,-56.,22.411858523));
#4444=CARTESIAN_POINT('',(-30.5,-57.044168583,22.411858523));
#4445=CARTESIAN_POINT('',(-30.290548876,-58.096958683,22.411858523));
#4446=CARTESIAN_POINT('',(-29.89103626,-59.061467459,22.411858523));
#4447=CARTESIAN_POINT('',(-29.49155885,-60.02589124,22.411858523));
#4448=CARTESIAN_POINT('',(-28.894992255,-60.918716244,22.411858523));
#4449=CARTESIAN_POINT('',(-28.156854249,-61.656854249,22.411858523));
#4450=CARTESIAN_POINT('',(-27.418716244,-62.394992255,22.411858523));
#4451=CARTESIAN_POINT('',(-26.52589124,-62.99155885,22.411858523));
#4452=CARTESIAN_POINT('',(-25.561467459,-63.39103626,22.411858523));
#4453=CARTESIAN_POINT('',(-24.596958683,-63.790548876,22.411858523));
#4454=CARTESIAN_POINT('',(-23.544168583,-64.,22.411858523));
#4455=CARTESIAN_POINT('',(-22.5,-64.,22.411858523));
#4456=CARTESIAN_POINT('',(-30.476968428,-56.,22.127703808));
#4457=CARTESIAN_POINT('',(-30.476968428,-57.041166684,22.127703808));
#4458=CARTESIAN_POINT('',(-30.268121914,-58.090917762,22.127703808));
#4459=CARTESIAN_POINT('',(-29.869757862,-59.052653658,22.127703808));
#4460=CARTESIAN_POINT('',(-29.471428869,-60.014304916,22.127703808));
#4461=CARTESIAN_POINT('',(-28.876584477,-60.904552461,22.127703808));
#4462=CARTESIAN_POINT('',(-28.140568469,-61.640568469,22.127703808));
#4463=CARTESIAN_POINT('',(-27.404552461,-62.376584477,22.127703808));
#4464=CARTESIAN_POINT('',(-26.514304916,-62.971428869,22.127703808));
#4465=CARTESIAN_POINT('',(-25.552653658,-63.369757862,22.127703808));
#4466=CARTESIAN_POINT('',(-24.590917762,-63.768121914,22.127703808));
#4467=CARTESIAN_POINT('',(-23.541166684,-63.976968428,22.127703808));
#4468=CARTESIAN_POINT('',(-22.5,-63.976968428,22.127703808));
#4469=CARTESIAN_POINT('',(-30.430227304,-56.,21.853998039));
#4470=CARTESIAN_POINT('',(-30.430227304,-57.035079629,21.853998039));
#4471=CARTESIAN_POINT('',(-30.222609765,-58.078653365,21.853998039));
#4472=CARTESIAN_POINT('',(-29.826574694,-59.034766604,21.853998039));
#4473=CARTESIAN_POINT('',(-29.430574327,-59.990796061,21.853998039));
#4474=CARTESIAN_POINT('',(-28.839230771,-60.875804235,21.853998039));
#4475=CARTESIAN_POINT('',(-28.107517503,-61.607517503,21.853998039));
#4476=CARTESIAN_POINT('',(-27.375804235,-62.339230771,21.853998039));
#4477=CARTESIAN_POINT('',(-26.490796061,-62.930574327,21.853998039));
#4478=CARTESIAN_POINT('',(-25.534766604,-63.326574694,21.853998039));
#4479=CARTESIAN_POINT('',(-24.578653365,-63.722609765,21.853998039));
#4480=CARTESIAN_POINT('',(-23.535079629,-63.930227304,21.853998039));
#4481=CARTESIAN_POINT('',(-22.5,-63.930227304,21.853998039));
#4482=CARTESIAN_POINT('',(-30.383486179,-56.,21.580292271));
#4483=CARTESIAN_POINT('',(-30.383486179,-57.028992575,21.580292271));
#4484=CARTESIAN_POINT('',(-30.177097615,-58.066388969,21.580292271));
#4485=CARTESIAN_POINT('',(-29.783391526,-59.01687955,21.580292271));
#4486=CARTESIAN_POINT('',(-29.389719785,-59.967287207,21.580292271));
#4487=CARTESIAN_POINT('',(-28.801877065,-60.847056008,21.580292271));
#4488=CARTESIAN_POINT('',(-28.074466537,-61.574466537,21.580292271));
#4489=CARTESIAN_POINT('',(-27.347056008,-62.301877065,21.580292271));
#4490=CARTESIAN_POINT('',(-26.467287207,-62.889719785,21.580292271));
#4491=CARTESIAN_POINT('',(-25.51687955,-63.283391526,21.580292271));
#4492=CARTESIAN_POINT('',(-24.566388969,-63.677097615,21.580292271));
#4493=CARTESIAN_POINT('',(-23.528992575,-63.883486179,21.580292271));
#4494=CARTESIAN_POINT('',(-22.5,-63.883486179,21.580292271));
#4495=CARTESIAN_POINT('',(-30.31308087,-56.,21.317137021));
#4496=CARTESIAN_POINT('',(-30.31308087,-57.019826477,21.317137021));
#4497=CARTESIAN_POINT('',(-30.108544531,-58.047912815,21.317137021));
#4498=CARTESIAN_POINT('',(-29.718345502,-58.989936605,21.317137021));
#4499=CARTESIAN_POINT('',(-29.328180256,-59.931878833,21.317137021));
#4500=CARTESIAN_POINT('',(-28.745613835,-60.803751095,21.317137021));
#4501=CARTESIAN_POINT('',(-28.024682465,-61.524682465,21.317137021));
#4502=CARTESIAN_POINT('',(-27.303751095,-62.245613835,21.317137021));
#4503=CARTESIAN_POINT('',(-26.431878833,-62.828180256,21.317137021));
#4504=CARTESIAN_POINT('',(-25.489936605,-63.218345502,21.317137021));
#4505=CARTESIAN_POINT('',(-24.547912815,-63.608544531,21.317137021));
#4506=CARTESIAN_POINT('',(-23.519826477,-63.81308087,21.317137021));
#4507=CARTESIAN_POINT('',(-22.5,-63.81308087,21.317137021));
#4508=CARTESIAN_POINT('',(-30.220164477,-56.,21.069614781));
#4509=CARTESIAN_POINT('',(-30.220164477,-57.007736855,21.069614781));
#4510=CARTESIAN_POINT('',(-30.018075346,-58.023522514,21.069614781));
#4511=CARTESIAN_POINT('',(-29.632501948,-58.954379041,21.069614781));
#4512=CARTESIAN_POINT('',(-29.246961511,-59.885155994,21.069614781));
#4513=CARTESIAN_POINT('',(-28.671366493,-60.746594815,21.069614781));
#4514=CARTESIAN_POINT('',(-27.958980654,-61.458980654,21.069614781));
#4515=CARTESIAN_POINT('',(-27.246594815,-62.171366493,21.069614781));
#4516=CARTESIAN_POINT('',(-26.385155994,-62.746961511,21.069614781));
#4517=CARTESIAN_POINT('',(-25.454379041,-63.132501948,21.069614781));
#4518=CARTESIAN_POINT('',(-24.523522514,-63.518075346,21.069614781));
#4519=CARTESIAN_POINT('',(-23.507736855,-63.720164477,21.069614781));
#4520=CARTESIAN_POINT('',(-22.5,-63.720164477,21.069614781));
#4521=CARTESIAN_POINT('',(-30.034331693,-56.,20.574570301));
#4522=CARTESIAN_POINT('',(-30.034331693,-56.983557611,20.574570301));
#4523=CARTESIAN_POINT('',(-29.837136976,-57.974741913,20.574570301));
#4524=CARTESIAN_POINT('',(-29.460814842,-58.883263913,20.574570301));
#4525=CARTESIAN_POINT('',(-29.08452402,-59.791710318,20.574570301));
#4526=CARTESIAN_POINT('',(-28.522871808,-60.632282255,20.574570301));
#4527=CARTESIAN_POINT('',(-27.827577032,-61.327577032,20.574570301));
#4528=CARTESIAN_POINT('',(-27.132282255,-62.022871808,20.574570301));
#4529=CARTESIAN_POINT('',(-26.291710318,-62.58452402,20.574570301));
#4530=CARTESIAN_POINT('',(-25.383263913,-62.960814842,20.574570301));
#4531=CARTESIAN_POINT('',(-24.474741913,-63.337136976,20.574570301));
#4532=CARTESIAN_POINT('',(-23.483557611,-63.534331693,20.574570301));
#4533=CARTESIAN_POINT('',(-22.5,-63.534331693,20.574570301));
#4534=CARTESIAN_POINT('',(-29.759383155,-56.,20.143827381));
#4535=CARTESIAN_POINT('',(-29.759383155,-56.947812833,20.143827381));
#4536=CARTESIAN_POINT('',(-29.569441289,-57.902541319,20.143827381));
#4537=CARTESIAN_POINT('',(-29.206795516,-58.778045663,20.143827381));
#4538=CARTESIAN_POINT('',(-28.844178294,-59.653481078,20.143827381));
#4539=CARTESIAN_POINT('',(-28.303188315,-60.463129797,20.143827381));
#4540=CARTESIAN_POINT('',(-27.633159056,-61.133159056,20.143827381));
#4541=CARTESIAN_POINT('',(-26.963129797,-61.803188315,20.143827381));
#4542=CARTESIAN_POINT('',(-26.153481078,-62.344178294,20.143827381));
#4543=CARTESIAN_POINT('',(-25.278045663,-62.706795516,20.143827381));
#4544=CARTESIAN_POINT('',(-24.402541319,-63.069441289,20.143827381));
#4545=CARTESIAN_POINT('',(-23.447812833,-63.259383155,20.143827381));
#4546=CARTESIAN_POINT('',(-22.5,-63.259383155,20.143827381));
#4547=CARTESIAN_POINT('',(-29.407777887,-56.,19.792222113));
#4548=CARTESIAN_POINT('',(-29.407777887,-56.902113729,19.792222113));
#4549=CARTESIAN_POINT('',(-29.227115382,-57.810200322,19.792222113));
#4550=CARTESIAN_POINT('',(-28.881954605,-58.643492152,19.792222113));
#4551=CARTESIAN_POINT('',(-28.536818722,-59.476723882,19.792222113));
#4552=CARTESIAN_POINT('',(-28.022264544,-60.24680863,19.792222113));
#4553=CARTESIAN_POINT('',(-27.384536587,-60.884536587,19.792222113));
#4554=CARTESIAN_POINT('',(-26.74680863,-61.522264544,19.792222113));
#4555=CARTESIAN_POINT('',(-25.976723882,-62.036818722,19.792222113));
#4556=CARTESIAN_POINT('',(-25.143492152,-62.381954605,19.792222113));
#4557=CARTESIAN_POINT('',(-24.310200322,-62.727115382,19.792222113));
#4558=CARTESIAN_POINT('',(-23.402113729,-62.907777887,19.792222113));
#4559=CARTESIAN_POINT('',(-22.5,-62.907777887,19.792222113));
#4560=CARTESIAN_POINT('',(-29.231975253,-56.,19.616419479));
#4561=CARTESIAN_POINT('',(-29.231975253,-56.879264176,19.616419479));
#4562=CARTESIAN_POINT('',(-29.055952429,-57.764029823,19.616419479));
#4563=CARTESIAN_POINT('',(-28.71953415,-58.576215396,19.616419479));
#4564=CARTESIAN_POINT('',(-28.383138936,-59.388345283,19.616419479));
#4565=CARTESIAN_POINT('',(-27.881802658,-60.138648047,19.616419479));
#4566=CARTESIAN_POINT('',(-27.260225352,-60.760225352,19.616419479));
#4567=CARTESIAN_POINT('',(-26.638648047,-61.381802658,19.616419479));
#4568=CARTESIAN_POINT('',(-25.888345283,-61.883138936,19.616419479));
#4569=CARTESIAN_POINT('',(-25.076215396,-62.21953415,19.616419479));
#4570=CARTESIAN_POINT('',(-24.264029823,-62.555952429,19.616419479));
#4571=CARTESIAN_POINT('',(-23.379264176,-62.731975253,19.616419479));
#4572=CARTESIAN_POINT('',(-22.5,-62.731975253,19.616419479));
#4573=CARTESIAN_POINT('',(-29.036761955,-56.,19.459930946));
#4574=CARTESIAN_POINT('',(-29.036761955,-56.853891966,19.459930946));
#4575=CARTESIAN_POINT('',(-28.865891164,-57.712761377,19.459930946));
#4576=CARTESIAN_POINT('',(-28.539180579,-58.501510502,19.459930946));
#4577=CARTESIAN_POINT('',(-28.212491028,-59.290208847,19.459930946));
#4578=CARTESIAN_POINT('',(-27.725832285,-60.018545126,19.459930946));
#4579=CARTESIAN_POINT('',(-27.122188706,-60.622188706,19.459930946));
#4580=CARTESIAN_POINT('',(-26.518545126,-61.225832285,19.459930946));
#4581=CARTESIAN_POINT('',(-25.790208847,-61.712491028,19.459930946));
#4582=CARTESIAN_POINT('',(-25.001510502,-62.039180579,19.459930946));
#4583=CARTESIAN_POINT('',(-24.212761377,-62.365891164,19.459930946));
#4584=CARTESIAN_POINT('',(-23.353891966,-62.536761955,19.459930946));
#4585=CARTESIAN_POINT('',(-22.5,-62.536761955,19.459930946));
#4586=CARTESIAN_POINT('',(-28.823271932,-56.,19.324003932));
#4587=CARTESIAN_POINT('',(-28.823271932,-56.826135417,19.324003932));
#4588=CARTESIAN_POINT('',(-28.658032127,-57.656701167,19.324003932));
#4589=CARTESIAN_POINT('',(-28.341941516,-58.419811407,19.324003932));
#4590=CARTESIAN_POINT('',(-28.025869814,-59.182875998,19.324003932));
#4591=CARTESIAN_POINT('',(-27.555252816,-59.887204109,19.324003932));
#4592=CARTESIAN_POINT('',(-26.971228462,-60.471228462,19.324003932));
#4593=CARTESIAN_POINT('',(-26.387204109,-61.055252816,19.324003932));
#4594=CARTESIAN_POINT('',(-25.682875998,-61.525869814,19.324003932));
#4595=CARTESIAN_POINT('',(-24.919811407,-61.841941516,19.324003932));
#4596=CARTESIAN_POINT('',(-24.156701167,-62.158032127,19.324003932));
#4597=CARTESIAN_POINT('',(-23.326135417,-62.323271932,19.324003932));
#4598=CARTESIAN_POINT('',(-22.5,-62.323271932,19.324003932));
#4599=CARTESIAN_POINT('',(-28.609781908,-56.,19.188076918));
#4600=CARTESIAN_POINT('',(-28.609781908,-56.798378868,19.188076918));
#4601=CARTESIAN_POINT('',(-28.450173089,-57.600640958,19.188076918));
#4602=CARTESIAN_POINT('',(-28.144702453,-58.338112312,19.188076918));
#4603=CARTESIAN_POINT('',(-27.839248599,-59.075543149,19.188076918));
#4604=CARTESIAN_POINT('',(-27.384673346,-59.755863091,19.188076918));
#4605=CARTESIAN_POINT('',(-26.820268219,-60.320268219,19.188076918));
#4606=CARTESIAN_POINT('',(-26.255863091,-60.884673346,19.188076918));
#4607=CARTESIAN_POINT('',(-25.575543149,-61.339248599,19.188076918));
#4608=CARTESIAN_POINT('',(-24.838112312,-61.644702453,19.188076918));
#4609=CARTESIAN_POINT('',(-24.100640958,-61.950173089,19.188076918));
#4610=CARTESIAN_POINT('',(-23.298378868,-62.109781908,19.188076918));
#4611=CARTESIAN_POINT('',(-22.5,-62.109781908,19.188076918));
#4612=CARTESIAN_POINT('',(-28.377907459,-56.,19.072751915));
#4613=CARTESIAN_POINT('',(-28.377907459,-56.768223563,19.072751915));
#4614=CARTESIAN_POINT('',(-28.224411263,-57.539761087,19.072751915));
#4615=CARTESIAN_POINT('',(-27.930478395,-58.249377802,19.072751915));
#4616=CARTESIAN_POINT('',(-27.636560096,-58.958959347,19.072751915));
#4617=CARTESIAN_POINT('',(-27.199398427,-59.613218021,19.072751915));
#4618=CARTESIAN_POINT('',(-26.656308224,-60.156308224,19.072751915));
#4619=CARTESIAN_POINT('',(-26.113218021,-60.699398427,19.072751915));
#4620=CARTESIAN_POINT('',(-25.458959347,-61.136560096,19.072751915));
#4621=CARTESIAN_POINT('',(-24.749377802,-61.430478395,19.072751915));
#4622=CARTESIAN_POINT('',(-24.039761087,-61.724411263,19.072751915));
#4623=CARTESIAN_POINT('',(-23.268223563,-61.877907459,19.072751915));
#4624=CARTESIAN_POINT('',(-22.5,-61.877907459,19.072751915));
#4625=CARTESIAN_POINT('',(-28.130385219,-56.,18.979835523));
#4626=CARTESIAN_POINT('',(-28.130385219,-56.736017725,18.979835523));
#4627=CARTESIAN_POINT('',(-27.983408198,-57.474787171,18.979835523));
#4628=CARTESIAN_POINT('',(-27.701797664,-58.154655141,18.979835523));
#4629=CARTESIAN_POINT('',(-27.420199503,-58.834493241,18.979835523));
#4630=CARTESIAN_POINT('',(-27.001609124,-59.460958015,18.979835523));
#4631=CARTESIAN_POINT('',(-26.481283569,-59.981283569,18.979835523));
#4632=CARTESIAN_POINT('',(-25.960958015,-60.501609124,18.979835523));
#4633=CARTESIAN_POINT('',(-25.334493241,-60.920199503,18.979835523));
#4634=CARTESIAN_POINT('',(-24.654655141,-61.201797664,18.979835523));
#4635=CARTESIAN_POINT('',(-23.974787171,-61.483408198,18.979835523));
#4636=CARTESIAN_POINT('',(-23.236017725,-61.630385219,18.979835523));
#4637=CARTESIAN_POINT('',(-22.5,-61.630385219,18.979835523));
#4638=CARTESIAN_POINT('',(-27.882862979,-56.,18.88691913));
#4639=CARTESIAN_POINT('',(-27.882862979,-56.703811887,18.88691913));
#4640=CARTESIAN_POINT('',(-27.742405133,-57.409813256,18.88691913));
#4641=CARTESIAN_POINT('',(-27.473116933,-58.059932481,18.88691913));
#4642=CARTESIAN_POINT('',(-27.203838911,-58.710027134,18.88691913));
#4643=CARTESIAN_POINT('',(-26.803819821,-59.308698009,18.88691913));
#4644=CARTESIAN_POINT('',(-26.306258915,-59.806258915,18.88691913));
#4645=CARTESIAN_POINT('',(-25.808698009,-60.303819821,18.88691913));
#4646=CARTESIAN_POINT('',(-25.210027134,-60.703838911,18.88691913));
#4647=CARTESIAN_POINT('',(-24.559932481,-60.973116933,18.88691913));
#4648=CARTESIAN_POINT('',(-23.909813256,-61.242405133,18.88691913));
#4649=CARTESIAN_POINT('',(-23.203811887,-61.382862979,18.88691913));
#4650=CARTESIAN_POINT('',(-22.5,-61.382862979,18.88691913));
#4651=CARTESIAN_POINT('',(-27.619707729,-56.,18.816513821));
#4652=CARTESIAN_POINT('',(-27.619707729,-56.669557331,18.816513821));
#4653=CARTESIAN_POINT('',(-27.48617518,-57.340749276,18.816513821));
#4654=CARTESIAN_POINT('',(-27.229993184,-57.959227327,18.816513821));
#4655=CARTESIAN_POINT('',(-26.973819192,-58.577686051,18.816513821));
#4656=CARTESIAN_POINT('',(-26.593527868,-59.146832238,18.816513821));
#4657=CARTESIAN_POINT('',(-26.120180053,-59.620180053,18.816513821));
#4658=CARTESIAN_POINT('',(-25.646832238,-60.093527868,18.816513821));
#4659=CARTESIAN_POINT('',(-25.077686051,-60.473819192,18.816513821));
#4660=CARTESIAN_POINT('',(-24.459227327,-60.729993184,18.816513821));
#4661=CARTESIAN_POINT('',(-23.840749276,-60.98617518,18.816513821));
#4662=CARTESIAN_POINT('',(-23.169557331,-61.119707729,18.816513821));
#4663=CARTESIAN_POINT('',(-22.5,-61.119707729,18.816513821));
#4664=CARTESIAN_POINT('',(-27.346001961,-56.,18.769772696));
#4665=CARTESIAN_POINT('',(-27.346001961,-56.633912877,18.769772696));
#4666=CARTESIAN_POINT('',(-27.219666021,-57.268931663,18.769772696));
#4667=CARTESIAN_POINT('',(-26.977122026,-57.854484664,18.769772696));
#4668=CARTESIAN_POINT('',(-26.734583958,-58.440023357,18.769772696));
#4669=CARTESIAN_POINT('',(-26.374792762,-58.978488934,18.769772696));
#4670=CARTESIAN_POINT('',(-25.926640848,-59.426640848,18.769772696));
#4671=CARTESIAN_POINT('',(-25.478488934,-59.874792762,18.769772696));
#4672=CARTESIAN_POINT('',(-24.940023357,-60.234583958,18.769772696));
#4673=CARTESIAN_POINT('',(-24.354484664,-60.477122026,18.769772696));
#4674=CARTESIAN_POINT('',(-23.768931663,-60.719666021,18.769772696));
#4675=CARTESIAN_POINT('',(-23.133912877,-60.846001961,18.769772696));
#4676=CARTESIAN_POINT('',(-22.5,-60.846001961,18.769772696));
#4677=CARTESIAN_POINT('',(-27.072296192,-56.,18.723031572));
#4678=CARTESIAN_POINT('',(-27.072296192,-56.598268424,18.723031572));
#4679=CARTESIAN_POINT('',(-26.953156861,-57.197114049,18.723031572));
#4680=CARTESIAN_POINT('',(-26.724250869,-57.749742001,18.723031572));
#4681=CARTESIAN_POINT('',(-26.495348724,-58.302360663,18.723031572));
#4682=CARTESIAN_POINT('',(-26.156057656,-58.81014563,18.723031572));
#4683=CARTESIAN_POINT('',(-25.733101643,-59.233101643,18.723031572));
#4684=CARTESIAN_POINT('',(-25.31014563,-59.656057656,18.723031572));
#4685=CARTESIAN_POINT('',(-24.802360663,-59.995348724,18.723031572));
#4686=CARTESIAN_POINT('',(-24.249742001,-60.224250869,18.723031572));
#4687=CARTESIAN_POINT('',(-23.697114049,-60.453156861,18.723031572));
#4688=CARTESIAN_POINT('',(-23.098268424,-60.572296192,18.723031572));
#4689=CARTESIAN_POINT('',(-22.5,-60.572296192,18.723031572));
#4690=CARTESIAN_POINT('',(-26.788141477,-56.,18.7));
#4691=CARTESIAN_POINT('',(-26.788141477,-56.561247426,18.7));
#4692=CARTESIAN_POINT('',(-26.676467444,-57.122569337,18.7));
#4693=CARTESIAN_POINT('',(-26.461726143,-57.641000699,18.7));
#4694=CARTESIAN_POINT('',(-26.246986704,-58.159427565,18.7));
#4695=CARTESIAN_POINT('',(-25.928960662,-58.635387172,18.7));
#4696=CARTESIAN_POINT('',(-25.532173917,-59.032173917,18.7));
#4697=CARTESIAN_POINT('',(-25.135387172,-59.428960662,18.7));
#4698=CARTESIAN_POINT('',(-24.659427565,-59.746986704,18.7));
#4699=CARTESIAN_POINT('',(-24.141000699,-59.961726143,18.7));
#4700=CARTESIAN_POINT('',(-23.622569337,-60.176467444,18.7));
#4701=CARTESIAN_POINT('',(-23.061247426,-60.288141477,18.7));
#4702=CARTESIAN_POINT('',(-22.5,-60.288141477,18.7));
#4703=CARTESIAN_POINT('',(-26.5,-56.,18.7));
#4704=CARTESIAN_POINT('',(-26.5,-56.523693175,18.7));
#4705=CARTESIAN_POINT('',(-26.395890705,-57.046991542,18.7));
#4706=CARTESIAN_POINT('',(-26.19551813,-57.530733729,18.7));
#4707=CARTESIAN_POINT('',(-25.995145556,-58.014475916,18.7));
#4708=CARTESIAN_POINT('',(-25.698667366,-58.458186884,18.7));
#4709=CARTESIAN_POINT('',(-25.328427125,-58.828427125,18.7));
#4710=CARTESIAN_POINT('',(-24.958186884,-59.198667366,18.7));
#4711=CARTESIAN_POINT('',(-24.514475916,-59.495145556,18.7));
#4712=CARTESIAN_POINT('',(-24.030733729,-59.69551813,18.7));
#4713=CARTESIAN_POINT('',(-23.546991542,-59.895890705,18.7));
#4714=CARTESIAN_POINT('',(-23.023693175,-60.,18.7));
#4715=CARTESIAN_POINT('',(-22.5,-60.,18.7));
#4716=B_SPLINE_SURFACE_WITH_KNOTS('',3,3,((#4430,#4431,#4432,#4433,#4434,#4435,#4436,#4437,#4438,#4439,#4440,#4441,#4442),(#4443,#4444,#4445,#4446,#4447,#4448,#4449,#4450,#4451,#4452,#4453,#4454,#4455),(#4456,#4457,#4458,#4459,#4460,#4461,#4462,#4463,#4464,#4465,#4466,#4467,#4468),(#4469,#4470,#4471,#4472,#4473,#4474,#4475,#4476,#4477,#4478,#4479,#4480,#4481),(#4482,#4483,#4484,#4485,#4486,#4487,#4488,#4489,#4490,#4491,#4492,#4493,#4494),(#4495,#4496,#4497,#4498,#4499,#4500,#4501,#4502,#4503,#4504,#4505,#4506,#4507),(#4508,#4509,#4510,#4511,#4512,#4513,#4514,#4515,#4516,#4517,#4518,#4519,#4520),(#4521,#4522,#4523,#4524,#4525,#4526,#4527,#4528,#4529,#4530,#4531,#4532,#4533),(#4534,#4535,#4536,#4537,#4538,#4539,#4540,#4541,#4542,#4543,#4544,#4545,#4546),(#4547,#4548,#4549,#4550,#4551,#4552,#4553,#4554,#4555,#4556,#4557,#4558,#4559),(#4560,#4561,#4562,#4563,#4564,#4565,#4566,#4567,#4568,#4569,#4570,#4571,#4572),(#4573,#4574,#4575,#4576,#4577,#4578,#4579,#4580,#4581,#4582,#4583,#4584,#4585),(#4586,#4587,#4588,#4589,#4590,#4591,#4592,#4593,#4594,#4595,#4596,#4597,#4598),(#4599,#4600,#4601,#4602,#4603,#4604,#4605,#4606,#4607,#4608,#4609,#4610,#4611),(#4612,#4613,#4614,#4615,#4616,#4617,#4618,#4619,#4620,#4621,#4622,#4623,#4624),(#4625,#4626,#4627,#4628,#4629,#4630,#4631,#4632,#4633,#4634,#4635,#4636,#4637),(#4638,#4639,#4640,#4641,#4642,#4643,#4644,#4645,#4646,#4647,#4648,#4649,#4650),(#4651,#4652,#4653,#4654,#4655,#4656,#4657,#4658,#4659,#4660,#4661,#4662,#4663),(#4664,#4665,#4666,#4667,#4668,#4669,#4670,#4671,#4672,#4673,#4674,#4675,#4676),(#4677,#4678,#4679,#4680,#4681,#4682,#4683,#4684,#4685,#4686,#4687,#4688,#4689),(#4690,#4691,#4692,#4693,#4694,#4695,#4696,#4697,#4698,#4699,#4700,#4701,#4702),(#4703,#4704,#4705,#4706,#4707,#4708,#4709,#4710,#4711,#4712,#4713,#4714,#4715)),.UNSPECIFIED.,.F.,.F.,.U.,(4,3,3,3,3,3,3,4),(4,3,3,3,4),(0.,0.125,0.25,0.5,0.625,0.75,0.875,1.),(3.141592654,3.534291735,3.926990817,4.319689899,4.71238898),.UNSPECIFIED.);
#4717=ORIENTED_EDGE('',*,*,#2335,.F.);
#4718=CARTESIAN_POINT('',(-22.5,-56.,22.7));
#4719=DIRECTION('',(-0.,-0.,1.));
#4720=DIRECTION('',(-1.,0.,0.));
#4721=AXIS2_PLACEMENT_3D('',#4718,#4719,#4720);
#4722=CIRCLE('',#4721,8.);
#4723=EDGE_CURVE('',#2312,#4402,#4722,.T.);
#4724=ORIENTED_EDGE('',*,*,#4723,.T.);
#4725=ORIENTED_EDGE('',*,*,#4417,.T.);
#4726=CARTESIAN_POINT('',(-22.5,-59.999786493,18.7));
#4727=CARTESIAN_POINT('',(-22.630892811,-59.999786493,18.7));
#4728=CARTESIAN_POINT('',(-22.76178542,-59.993356146,18.7));
#4729=CARTESIAN_POINT('',(-22.892047946,-59.980526397,18.7));
#4730=CARTESIAN_POINT('',(-23.022310471,-59.967696648,18.7));
#4731=CARTESIAN_POINT('',(-23.15194251,-59.948467536,18.7));
#4732=CARTESIAN_POINT('',(-23.280320249,-59.922931595,18.7));
#4733=CARTESIAN_POINT('',(-23.408697988,-59.897395654,18.7));
#4734=CARTESIAN_POINT('',(-23.535821028,-59.865552964,18.7));
#4735=CARTESIAN_POINT('',(-23.66107763,-59.827556757,18.7));
#4736=CARTESIAN_POINT('',(-23.786334232,-59.78956055,18.7));
#4737=CARTESIAN_POINT('',(-23.909724007,-59.745410944,18.7));
#4738=CARTESIAN_POINT('',(-24.030653181,-59.695320396,18.7));
#4739=CARTESIAN_POINT('',(-24.151582354,-59.645229848,18.7));
#4740=CARTESIAN_POINT('',(-24.270050552,-59.589198512,18.7));
#4741=CARTESIAN_POINT('',(-24.385487681,-59.527496023,18.7));
#4742=CARTESIAN_POINT('',(-24.500924811,-59.465793534,18.7));
#4743=CARTESIAN_POINT('',(-24.613330515,-59.398420082,18.7));
#4744=CARTESIAN_POINT('',(-24.722163876,-59.325699881,18.7));
#4745=CARTESIAN_POINT('',(-24.830997237,-59.25297968,18.7));
#4746=CARTESIAN_POINT('',(-24.936257918,-59.174912956,18.7));
#4747=CARTESIAN_POINT('',(-25.037439383,-59.09187538,18.7));
#4748=CARTESIAN_POINT('',(-25.138620849,-59.008837804,18.7));
#4749=CARTESIAN_POINT('',(-25.235722787,-58.920829634,18.7));
#4750=CARTESIAN_POINT('',(-25.328277924,-58.828274381,18.7));
#4751=CARTESIAN_POINT('',(-25.42083306,-58.735719129,18.7));
#4752=CARTESIAN_POINT('',(-25.508841109,-58.638617081,18.7));
#4753=CARTESIAN_POINT('',(-25.591878558,-58.537435511,18.7));
#4754=CARTESIAN_POINT('',(-25.674916007,-58.436253941,18.7));
#4755=CARTESIAN_POINT('',(-25.7529826,-58.330993163,18.7));
#4756=CARTESIAN_POINT('',(-25.825702664,-58.222159711,18.7));
#4757=CARTESIAN_POINT('',(-25.898422729,-58.113326259,18.7));
#4758=CARTESIAN_POINT('',(-25.96579604,-58.00092047,18.7));
#4759=CARTESIAN_POINT('',(-26.027498384,-57.885483263,18.7));
#4760=CARTESIAN_POINT('',(-26.089200729,-57.770046057,18.7));
#4761=CARTESIAN_POINT('',(-26.145231916,-57.651577789,18.7));
#4762=CARTESIAN_POINT('',(-26.195322313,-57.530648553,18.7));
#4763=CARTESIAN_POINT('',(-26.24541271,-57.409719316,18.7));
#4764=CARTESIAN_POINT('',(-26.289562161,-57.286329486,18.7));
#4765=CARTESIAN_POINT('',(-26.327558211,-57.161072836,18.7));
#4766=CARTESIAN_POINT('',(-26.365554261,-57.035816187,18.7));
#4767=CARTESIAN_POINT('',(-26.397396792,-56.908693106,18.7));
#4768=CARTESIAN_POINT('',(-26.422932572,-56.780315336,18.7));
#4769=CARTESIAN_POINT('',(-26.448468352,-56.651937565,18.7));
#4770=CARTESIAN_POINT('',(-26.467697302,-56.522305502,18.7));
#4771=CARTESIAN_POINT('',(-26.480526888,-56.39204296,18.7));
#4772=CARTESIAN_POINT('',(-26.493356474,-56.261780419,18.7));
#4773=CARTESIAN_POINT('',(-26.499786657,-56.130887802,18.7));
#4774=CARTESIAN_POINT('',(-26.499786493,-55.999994991,18.7));
#4775=B_SPLINE_CURVE_WITH_KNOTS('',3,(#4726,#4727,#4728,#4729,#4730,#4731,#4732,#4733,#4734,#4735,#4736,#4737,#4738,#4739,#4740,#4741,#4742,#4743,#4744,#4745,#4746,#4747,#4748,#4749,#4750,#4751,
#4752,#4753,#4754,#4755,#4756,#4757,#4758,#4759,#4760,#4761,#4762,#4763,#4764,#4765,#4766,#4767,#4768,#4769,#4770,#4771,#4772,#4773,#4774),.UNSPECIFIED.,.F.,.F.,(4,3,3,3,3,3,3,3,3,3,3,3,3,3,3,3,4),(0.499999801,0.515624813,0.531249826,0.546874838,0.562499851,0.578124863,0.593749875,0.609374888,0.6249999,0.640624913,0.656249925,0.671874938,0.68749995,0.703124963,0.718749975,0.734374988,0.75),.UNSPECIFIED.);
#4776=EDGE_CURVE('',#2840,#2320,#4775,.T.);
#4777=ORIENTED_EDGE('',*,*,#4776,.T.);
#4778=EDGE_LOOP('',(#4717,#4724,#4725,#4777));
#4779=FACE_BOUND('',#4778,.T.);
#4780=ADVANCED_FACE('',(#4779),#4716,.F.);
#4781=CARTESIAN_POINT('',(22.5,28.,22.7));
#4782=CARTESIAN_POINT('',(7.5,28.,22.7));
#4783=CARTESIAN_POINT('',(-7.5,28.,22.7));
#4784=CARTESIAN_POINT('',(-22.5,28.,22.7));
#4785=CARTESIAN_POINT('',(22.5,28.,22.411858523));
#4786=CARTESIAN_POINT('',(7.5,28.,22.411858523));
#4787=CARTESIAN_POINT('',(-7.5,28.,22.411858523));
#4788=CARTESIAN_POINT('',(-22.5,28.,22.411858523));
#4789=CARTESIAN_POINT('',(22.5,27.976968428,22.127703808));
#4790=CARTESIAN_POINT('',(7.5,27.976968428,22.127703808));
#4791=CARTESIAN_POINT('',(-7.5,27.976968428,22.127703808));
#4792=CARTESIAN_POINT('',(-22.5,27.976968428,22.127703808));
#4793=CARTESIAN_POINT('',(22.5,27.930227304,21.853998039));
#4794=CARTESIAN_POINT('',(7.5,27.930227304,21.853998039));
#4795=CARTESIAN_POINT('',(-7.5,27.930227304,21.853998039));
#4796=CARTESIAN_POINT('',(-22.5,27.930227304,21.853998039));
#4797=CARTESIAN_POINT('',(22.5,27.883486179,21.580292271));
#4798=CARTESIAN_POINT('',(7.5,27.883486179,21.580292271));
#4799=CARTESIAN_POINT('',(-7.5,27.883486179,21.580292271));
#4800=CARTESIAN_POINT('',(-22.5,27.883486179,21.580292271));
#4801=CARTESIAN_POINT('',(22.5,27.81308087,21.317137021));
#4802=CARTESIAN_POINT('',(7.5,27.81308087,21.317137021));
#4803=CARTESIAN_POINT('',(-7.5,27.81308087,21.317137021));
#4804=CARTESIAN_POINT('',(-22.5,27.81308087,21.317137021));
#4805=CARTESIAN_POINT('',(22.5,27.720164477,21.069614781));
#4806=CARTESIAN_POINT('',(7.5,27.720164477,21.069614781));
#4807=CARTESIAN_POINT('',(-7.5,27.720164477,21.069614781));
#4808=CARTESIAN_POINT('',(-22.5,27.720164477,21.069614781));
#4809=CARTESIAN_POINT('',(22.5,27.534331693,20.574570301));
#4810=CARTESIAN_POINT('',(7.5,27.534331693,20.574570301));
#4811=CARTESIAN_POINT('',(-7.5,27.534331693,20.574570301));
#4812=CARTESIAN_POINT('',(-22.5,27.534331693,20.574570301));
#4813=CARTESIAN_POINT('',(22.5,27.259383155,20.143827381));
#4814=CARTESIAN_POINT('',(7.5,27.259383155,20.143827381));
#4815=CARTESIAN_POINT('',(-7.5,27.259383155,20.143827381));
#4816=CARTESIAN_POINT('',(-22.5,27.259383155,20.143827381));
#4817=CARTESIAN_POINT('',(22.5,26.907777887,19.792222113));
#4818=CARTESIAN_POINT('',(7.5,26.907777887,19.792222113));
#4819=CARTESIAN_POINT('',(-7.5,26.907777887,19.792222113));
#4820=CARTESIAN_POINT('',(-22.5,26.907777887,19.792222113));
#4821=CARTESIAN_POINT('',(22.5,26.556172619,19.440616845));
#4822=CARTESIAN_POINT('',(7.5,26.556172619,19.440616845));
#4823=CARTESIAN_POINT('',(-7.5,26.556172619,19.440616845));
#4824=CARTESIAN_POINT('',(-22.5,26.556172619,19.440616845));
#4825=CARTESIAN_POINT('',(22.5,26.125429699,19.165668307));
#4826=CARTESIAN_POINT('',(7.5,26.125429699,19.165668307));
#4827=CARTESIAN_POINT('',(-7.5,26.125429699,19.165668307));
#4828=CARTESIAN_POINT('',(-22.5,26.125429699,19.165668307));
#4829=CARTESIAN_POINT('',(22.5,25.630385219,18.979835523));
#4830=CARTESIAN_POINT('',(7.5,25.630385219,18.979835523));
#4831=CARTESIAN_POINT('',(-7.5,25.630385219,18.979835523));
#4832=CARTESIAN_POINT('',(-22.5,25.630385219,18.979835523));
#4833=CARTESIAN_POINT('',(22.5,25.382862979,18.88691913));
#4834=CARTESIAN_POINT('',(7.5,25.382862979,18.88691913));
#4835=CARTESIAN_POINT('',(-7.5,25.382862979,18.88691913));
#4836=CARTESIAN_POINT('',(-22.5,25.382862979,18.88691913));
#4837=CARTESIAN_POINT('',(22.5,25.119707729,18.816513821));
#4838=CARTESIAN_POINT('',(7.5,25.119707729,18.816513821));
#4839=CARTESIAN_POINT('',(-7.5,25.119707729,18.816513821));
#4840=CARTESIAN_POINT('',(-22.5,25.119707729,18.816513821));
#4841=CARTESIAN_POINT('',(22.5,24.846001961,18.769772696));
#4842=CARTESIAN_POINT('',(7.5,24.846001961,18.769772696));
#4843=CARTESIAN_POINT('',(-7.5,24.846001961,18.769772696));
#4844=CARTESIAN_POINT('',(-22.5,24.846001961,18.769772696));
#4845=CARTESIAN_POINT('',(22.5,24.572296192,18.723031572));
#4846=CARTESIAN_POINT('',(7.5,24.572296192,18.723031572));
#4847=CARTESIAN_POINT('',(-7.5,24.572296192,18.723031572));
#4848=CARTESIAN_POINT('',(-22.5,24.572296192,18.723031572));
#4849=CARTESIAN_POINT('',(22.5,24.288141477,18.7));
#4850=CARTESIAN_POINT('',(7.5,24.288141477,18.7));
#4851=CARTESIAN_POINT('',(-7.5,24.288141477,18.7));
#4852=CARTESIAN_POINT('',(-22.5,24.288141477,18.7));
#4853=CARTESIAN_POINT('',(22.5,24.,18.7));
#4854=CARTESIAN_POINT('',(7.5,24.,18.7));
#4855=CARTESIAN_POINT('',(-7.5,24.,18.7));
#4856=CARTESIAN_POINT('',(-22.5,24.,18.7));
#4857=B_SPLINE_SURFACE_WITH_KNOTS('',3,3,((#4781,#4782,#4783,#4784),(#4785,#4786,#4787,#4788),(#4789,#4790,#4791,#4792),(#4793,#4794,#4795,#4796),(#4797,#4798,#4799,#4800),(#4801,#4802,#4803,#4804),(#4805,#4806,#4807,#4808),(#4809,#4810,#4811,#4812),(#4813,#4814,#4815,#4816),(#4817,#4818,#4819,#4820),(#4821,#4822,#4823,#4824),(#4825,#4826,#4827,#4828),(#4829,#4830,#4831,#4832),(#4833,#4834,#4835,#4836),(#4837,#4838,#4839,#4840),(#4841,#4842,#4843,#4844),(#4845,#4846,#4847,#4848),(#4849,#4850,#4851,#4852),(#4853,#4854,#4855,#4856)),.UNSPECIFIED.,.F.,.F.,.U.,(4,3,3,3,3,3,4),(4,4),(0.,0.125,0.25,0.5,0.75,0.875,1.),(-0.0225,0.0225),.UNSPECIFIED.);
#4858=ORIENTED_EDGE('',*,*,#2813,.F.);
#4859=ORIENTED_EDGE('',*,*,#3080,.T.);
#4860=ORIENTED_EDGE('',*,*,#2063,.T.);
#4861=CARTESIAN_POINT('',(22.5,28.,22.7));
#4862=DIRECTION('',(-1.,-0.,-0.));
#4863=VECTOR('',#4862,45.);
#4864=LINE('',#4861,#4863);
#4865=EDGE_CURVE('',#2039,#2798,#4864,.T.);
#4866=ORIENTED_EDGE('',*,*,#4865,.T.);
#4867=EDGE_LOOP('',(#4858,#4859,#4860,#4866));
#4868=FACE_BOUND('',#4867,.T.);
#4869=ADVANCED_FACE('',(#4868),#4857,.F.);
#4870=CARTESIAN_POINT('',(0.,28.,30.8));
#4871=DIRECTION('',(0.,1.,0.));
#4872=DIRECTION('',(0.,0.,1.));
#4873=AXIS2_PLACEMENT_3D('',#4870,#4871,#4872);
#4874=PLANE('',#4873);
#4875=CARTESIAN_POINT('',(-22.5,28.,24.6));
#4876=DIRECTION('',(0.,0.,-1.));
#4877=VECTOR('',#4876,1.9);
#4878=LINE('',#4875,#4877);
#4879=EDGE_CURVE('',#3984,#2798,#4878,.T.);
#4880=ORIENTED_EDGE('',*,*,#4879,.T.);
#4881=ORIENTED_EDGE('',*,*,#4865,.F.);
#4882=CARTESIAN_POINT('',(22.5,28.,24.6));
#4883=DIRECTION('',(-0.,-0.,-1.));
#4884=VECTOR('',#4883,1.9);
#4885=LINE('',#4882,#4884);
#4886=EDGE_CURVE('',#3933,#2039,#4885,.T.);
#4887=ORIENTED_EDGE('',*,*,#4886,.F.);
#4888=ORIENTED_EDGE('',*,*,#3996,.F.);
#4889=EDGE_LOOP('',(#4880,#4881,#4887,#4888));
#4890=FACE_BOUND('',#4889,.T.);
#4891=ADVANCED_FACE('',(#4890),#4874,.F.);
#4892=CARTESIAN_POINT('',(-22.5,20.,30.8));
#4893=DIRECTION('',(0.,0.,-1.));
#4894=DIRECTION('',(-1.,0.,0.));
#4895=AXIS2_PLACEMENT_3D('',#4892,#4893,#4894);
#4896=CYLINDRICAL_SURFACE('',#4895,8.);
#4897=ORIENTED_EDGE('',*,*,#4879,.F.);
#4898=ORIENTED_EDGE('',*,*,#3990,.T.);
#4899=CARTESIAN_POINT('',(-30.5,20.,24.6));
#4900=DIRECTION('',(-0.,-0.,-1.));
#4901=VECTOR('',#4900,1.9);
#4902=LINE('',#4899,#4901);
#4903=EDGE_CURVE('',#3976,#2294,#4902,.T.);
#4904=ORIENTED_EDGE('',*,*,#4903,.T.);
#4905=ORIENTED_EDGE('',*,*,#2820,.F.);
#4906=EDGE_LOOP('',(#4897,#4898,#4904,#4905));
#4907=FACE_BOUND('',#4906,.T.);
#4908=ADVANCED_FACE('',(#4907),#4896,.F.);
#4909=CARTESIAN_POINT('',(-30.5,-18.,30.8));
#4910=DIRECTION('',(-1.,-0.,0.));
#4911=DIRECTION('',(0.,-1.,0.));
#4912=AXIS2_PLACEMENT_3D('',#4909,#4910,#4911);
#4913=PLANE('',#4912);
#4914=CARTESIAN_POINT('',(-30.5,-56.,24.6));
#4915=DIRECTION('',(0.,0.,-1.));
#4916=VECTOR('',#4915,1.9);
#4917=LINE('',#4914,#4916);
#4918=EDGE_CURVE('',#3967,#2312,#4917,.T.);
#4919=ORIENTED_EDGE('',*,*,#4918,.T.);
#4920=ORIENTED_EDGE('',*,*,#2317,.F.);
#4921=ORIENTED_EDGE('',*,*,#4903,.F.);
#4922=ORIENTED_EDGE('',*,*,#3981,.F.);
#4923=EDGE_LOOP('',(#4919,#4920,#4921,#4922));
#4924=FACE_BOUND('',#4923,.T.);
#4925=ADVANCED_FACE('',(#4924),#4913,.F.);
#4926=CARTESIAN_POINT('',(-22.5,-56.,30.8));
#4927=DIRECTION('',(0.,0.,-1.));
#4928=DIRECTION('',(-1.,0.,0.));
#4929=AXIS2_PLACEMENT_3D('',#4926,#4927,#4928);
#4930=CYLINDRICAL_SURFACE('',#4929,8.);
#4931=ORIENTED_EDGE('',*,*,#4918,.F.);
#4932=ORIENTED_EDGE('',*,*,#3973,.T.);
#4933=CARTESIAN_POINT('',(-22.5,-64.,24.6));
#4934=DIRECTION('',(0.,0.,-1.));
#4935=VECTOR('',#4934,1.9);
#4936=LINE('',#4933,#4935);
#4937=EDGE_CURVE('',#3959,#4402,#4936,.T.);
#4938=ORIENTED_EDGE('',*,*,#4937,.T.);
#4939=ORIENTED_EDGE('',*,*,#4723,.F.);
#4940=EDGE_LOOP('',(#4931,#4932,#4938,#4939));
#4941=FACE_BOUND('',#4940,.T.);
#4942=ADVANCED_FACE('',(#4941),#4930,.F.);
#4943=CARTESIAN_POINT('',(0.,-64.,30.8));
#4944=DIRECTION('',(0.,-1.,0.));
#4945=DIRECTION('',(0.,0.,-1.));
#4946=AXIS2_PLACEMENT_3D('',#4943,#4944,#4945);
#4947=PLANE('',#4946);
#4948=CARTESIAN_POINT('',(22.5,-64.,24.6));
#4949=DIRECTION('',(0.,0.,-1.));
#4950=VECTOR('',#4949,1.9);
#4951=LINE('',#4948,#4950);
#4952=EDGE_CURVE('',#3950,#4289,#4951,.T.);
#4953=ORIENTED_EDGE('',*,*,#4952,.T.);
#4954=ORIENTED_EDGE('',*,*,#4423,.F.);
#4955=ORIENTED_EDGE('',*,*,#4937,.F.);
#4956=ORIENTED_EDGE('',*,*,#3964,.F.);
#4957=EDGE_LOOP('',(#4953,#4954,#4955,#4956));
#4958=FACE_BOUND('',#4957,.T.);
#4959=ADVANCED_FACE('',(#4958),#4947,.F.);
#4960=CARTESIAN_POINT('',(22.5,-56.,30.8));
#4961=DIRECTION('',(0.,0.,-1.));
#4962=DIRECTION('',(-1.,0.,0.));
#4963=AXIS2_PLACEMENT_3D('',#4960,#4961,#4962);
#4964=CYLINDRICAL_SURFACE('',#4963,8.);
#4965=ORIENTED_EDGE('',*,*,#4952,.F.);
#4966=ORIENTED_EDGE('',*,*,#3956,.T.);
#4967=CARTESIAN_POINT('',(30.5,-56.,24.6));
#4968=DIRECTION('',(0.,0.,-1.));
#4969=VECTOR('',#4968,1.9);
#4970=LINE('',#4967,#4969);
#4971=EDGE_CURVE('',#3942,#2169,#4970,.T.);
#4972=ORIENTED_EDGE('',*,*,#4971,.T.);
#4973=ORIENTED_EDGE('',*,*,#4311,.F.);
#4974=EDGE_LOOP('',(#4965,#4966,#4972,#4973));
#4975=FACE_BOUND('',#4974,.T.);
#4976=ADVANCED_FACE('',(#4975),#4964,.F.);
#4977=CARTESIAN_POINT('',(30.5,-18.,30.8));
#4978=DIRECTION('',(1.,0.,0.));
#4979=DIRECTION('',(0.,0.,-1.));
#4980=AXIS2_PLACEMENT_3D('',#4977,#4978,#4979);
#4981=PLANE('',#4980);
#4982=CARTESIAN_POINT('',(30.5,20.,24.6));
#4983=DIRECTION('',(0.,0.,-1.));
#4984=VECTOR('',#4983,1.9);
#4985=LINE('',#4982,#4984);
#4986=EDGE_CURVE('',#3931,#2021,#4985,.T.);
#4987=ORIENTED_EDGE('',*,*,#4986,.T.);
#4988=ORIENTED_EDGE('',*,*,#2190,.F.);
#4989=ORIENTED_EDGE('',*,*,#4971,.F.);
#4990=ORIENTED_EDGE('',*,*,#3947,.F.);
#4991=EDGE_LOOP('',(#4987,#4988,#4989,#4990));
#4992=FACE_BOUND('',#4991,.T.);
#4993=ADVANCED_FACE('',(#4992),#4981,.F.);
#4994=CARTESIAN_POINT('',(22.5,20.,30.8));
#4995=DIRECTION('',(0.,0.,-1.));
#4996=DIRECTION('',(-1.,0.,0.));
#4997=AXIS2_PLACEMENT_3D('',#4994,#4995,#4996);
#4998=CYLINDRICAL_SURFACE('',#4997,8.);
#4999=ORIENTED_EDGE('',*,*,#4986,.F.);
#5000=ORIENTED_EDGE('',*,*,#3939,.T.);
#5001=ORIENTED_EDGE('',*,*,#4886,.T.);
#5002=ORIENTED_EDGE('',*,*,#2045,.F.);
#5003=EDGE_LOOP('',(#4999,#5000,#5001,#5002));
#5004=FACE_BOUND('',#5003,.T.);
#5005=ADVANCED_FACE('',(#5004),#4998,.F.);
#5006=CARTESIAN_POINT('',(22.5,-56.,22.9));
#5007=DIRECTION('',(0.,0.,-1.));
#5008=DIRECTION('',(-1.,0.,0.));
#5009=AXIS2_PLACEMENT_3D('',#5006,#5007,#5008);
#5010=CYLINDRICAL_SURFACE('',#5009,3.999854283);
#5011=CARTESIAN_POINT('',(18.500145717,-56.,22.7));
#5012=VERTEX_POINT('',#5011);
#5013=CARTESIAN_POINT('',(18.500145717,-56.,18.7));
#5014=DIRECTION('',(-0.,-0.,1.));
#5015=VECTOR('',#5014,4.);
#5016=LINE('',#5013,#5015);
#5017=EDGE_CURVE('',#2857,#5012,#5016,.T.);
#5018=ORIENTED_EDGE('',*,*,#5017,.T.);
#5019=CARTESIAN_POINT('',(26.499854283,-56.,22.7));
#5020=VERTEX_POINT('',#5019);
#5021=CARTESIAN_POINT('',(22.5,-56.,22.7));
#5022=DIRECTION('',(0.,0.,1.));
#5023=DIRECTION('',(1.,0.,-0.));
#5024=AXIS2_PLACEMENT_3D('',#5021,#5022,#5023);
#5025=CIRCLE('',#5024,3.999854283);
#5026=EDGE_CURVE('',#5020,#5012,#5025,.T.);
#5027=ORIENTED_EDGE('',*,*,#5026,.F.);
#5028=CARTESIAN_POINT('',(22.5,-56.,22.7));
#5029=DIRECTION('',(0.,0.,1.));
#5030=DIRECTION('',(1.,0.,-0.));
#5031=AXIS2_PLACEMENT_3D('',#5028,#5029,#5030);
#5032=CIRCLE('',#5031,3.999854283);
#5033=EDGE_CURVE('',#5012,#5020,#5032,.T.);
#5034=ORIENTED_EDGE('',*,*,#5033,.F.);
#5035=ORIENTED_EDGE('',*,*,#5017,.F.);
#5036=ORIENTED_EDGE('',*,*,#2956,.T.);
#5037=ORIENTED_EDGE('',*,*,#4319,.F.);
#5038=ORIENTED_EDGE('',*,*,#3056,.T.);
#5039=EDGE_LOOP('',(#5018,#5027,#5034,#5035,#5036,#5037,#5038));
#5040=FACE_BOUND('',#5039,.T.);
#5041=ADVANCED_FACE('',(#5040),#5010,.T.);
#5042=CARTESIAN_POINT('',(0.,0.,22.7));
#5043=DIRECTION('',(0.,0.,1.));
#5044=DIRECTION('',(1.,0.,0.));
#5045=AXIS2_PLACEMENT_3D('',#5042,#5043,#5044);
#5046=PLANE('',#5045);
#5047=ORIENTED_EDGE('',*,*,#1377,.F.);
#5048=EDGE_LOOP('',(#5047));
#5049=FACE_BOUND('',#5048,.T.);
#5050=ORIENTED_EDGE('',*,*,#5026,.T.);
#5051=ORIENTED_EDGE('',*,*,#5033,.T.);
#5052=EDGE_LOOP('',(#5050,#5051));
#5053=FACE_BOUND('',#5052,.T.);
#5054=ADVANCED_FACE('',(#5049,#5053),#5046,.T.);
#5055=CARTESIAN_POINT('',(-22.5,-56.,22.9));
#5056=DIRECTION('',(0.,0.,-1.));
#5057=DIRECTION('',(-1.,0.,0.));
#5058=AXIS2_PLACEMENT_3D('',#5055,#5056,#5057);
#5059=CYLINDRICAL_SURFACE('',#5058,3.999786493);
#5060=CARTESIAN_POINT('',(-26.499786493,-56.,22.7));
#5061=VERTEX_POINT('',#5060);
#5062=CARTESIAN_POINT('',(-26.499786493,-56.,18.7));
#5063=DIRECTION('',(-0.,-0.,1.));
#5064=VECTOR('',#5063,4.);
#5065=LINE('',#5062,#5064);
#5066=EDGE_CURVE('',#2320,#5061,#5065,.T.);
#5067=ORIENTED_EDGE('',*,*,#5066,.T.);
#5068=CARTESIAN_POINT('',(-18.500213507,-56.,22.7));
#5069=VERTEX_POINT('',#5068);
#5070=CARTESIAN_POINT('',(-22.5,-56.,22.7));
#5071=DIRECTION('',(0.,0.,1.));
#5072=DIRECTION('',(1.,0.,-0.));
#5073=AXIS2_PLACEMENT_3D('',#5070,#5071,#5072);
#5074=CIRCLE('',#5073,3.999786493);
#5075=EDGE_CURVE('',#5069,#5061,#5074,.T.);
#5076=ORIENTED_EDGE('',*,*,#5075,.F.);
#5077=CARTESIAN_POINT('',(-22.5,-56.,22.7));
#5078=DIRECTION('',(0.,0.,1.));
#5079=DIRECTION('',(1.,0.,-0.));
#5080=AXIS2_PLACEMENT_3D('',#5077,#5078,#5079);
#5081=CIRCLE('',#5080,3.999786493);
#5082=EDGE_CURVE('',#5061,#5069,#5081,.T.);
#5083=ORIENTED_EDGE('',*,*,#5082,.F.);
#5084=ORIENTED_EDGE('',*,*,#5066,.F.);
#5085=ORIENTED_EDGE('',*,*,#4776,.F.);
#5086=ORIENTED_EDGE('',*,*,#2846,.T.);
#5087=EDGE_LOOP('',(#5067,#5076,#5083,#5084,#5085,#5086));
#5088=FACE_BOUND('',#5087,.T.);
#5089=ADVANCED_FACE('',(#5088),#5059,.T.);
#5090=CARTESIAN_POINT('',(0.,0.,22.7));
#5091=DIRECTION('',(0.,0.,1.));
#5092=DIRECTION('',(1.,0.,0.));
#5093=AXIS2_PLACEMENT_3D('',#5090,#5091,#5092);
#5094=PLANE('',#5093);
#5095=ORIENTED_EDGE('',*,*,#1634,.F.);
#5096=EDGE_LOOP('',(#5095));
#5097=FACE_BOUND('',#5096,.T.);
#5098=ORIENTED_EDGE('',*,*,#5075,.T.);
#5099=ORIENTED_EDGE('',*,*,#5082,.T.);
#5100=EDGE_LOOP('',(#5098,#5099));
#5101=FACE_BOUND('',#5100,.T.);
#5102=ADVANCED_FACE('',(#5097,#5101),#5094,.T.);
#5103=CARTESIAN_POINT('',(25.644403721,22.470540326,23.7));
#5104=DIRECTION('',(0.,0.,-1.));
#5105=DIRECTION('',(-1.,0.,0.));
#5106=AXIS2_PLACEMENT_3D('',#5103,#5104,#5105);
#5107=CYLINDRICAL_SURFACE('',#5106,3.);
#5108=CARTESIAN_POINT('',(22.644403721,22.470540326,22.7));
#5109=VERTEX_POINT('',#5108);
#5110=CARTESIAN_POINT('',(22.644403721,22.470540326,18.7));
#5111=DIRECTION('',(-0.,-0.,1.));
#5112=VECTOR('',#5111,4.);
#5113=LINE('',#5110,#5112);
#5114=EDGE_CURVE('',#3060,#5109,#5113,.T.);
#5115=ORIENTED_EDGE('',*,*,#5114,.T.);
#5116=CARTESIAN_POINT('',(28.644403721,22.470540326,22.7));
#5117=VERTEX_POINT('',#5116);
#5118=CARTESIAN_POINT('',(25.644403721,22.470540326,22.7));
#5119=DIRECTION('',(0.,0.,1.));
#5120=DIRECTION('',(1.,0.,-0.));
#5121=AXIS2_PLACEMENT_3D('',#5118,#5119,#5120);
#5122=CIRCLE('',#5121,3.);
#5123=EDGE_CURVE('',#5117,#5109,#5122,.T.);
#5124=ORIENTED_EDGE('',*,*,#5123,.F.);
#5125=CARTESIAN_POINT('',(25.644403721,22.470540326,22.7));
#5126=DIRECTION('',(0.,0.,1.));
#5127=DIRECTION('',(1.,0.,-0.));
#5128=AXIS2_PLACEMENT_3D('',#5125,#5126,#5127);
#5129=CIRCLE('',#5128,3.);
#5130=EDGE_CURVE('',#5109,#5117,#5129,.T.);
#5131=ORIENTED_EDGE('',*,*,#5130,.F.);
#5132=ORIENTED_EDGE('',*,*,#5114,.F.);
#5133=ORIENTED_EDGE('',*,*,#3066,.T.);
#5134=ORIENTED_EDGE('',*,*,#2158,.T.);
#5135=ORIENTED_EDGE('',*,*,#2018,.T.);
#5136=ORIENTED_EDGE('',*,*,#3073,.T.);
#5137=EDGE_LOOP('',(#5115,#5124,#5131,#5132,#5133,#5134,#5135,#5136));
#5138=FACE_BOUND('',#5137,.T.);
#5139=ADVANCED_FACE('',(#5138),#5107,.T.);
#5140=CARTESIAN_POINT('',(0.,0.,22.7));
#5141=DIRECTION('',(0.,0.,1.));
#5142=DIRECTION('',(1.,0.,0.));
#5143=AXIS2_PLACEMENT_3D('',#5140,#5141,#5142);
#5144=PLANE('',#5143);
#5145=ORIENTED_EDGE('',*,*,#646,.T.);
#5146=ORIENTED_EDGE('',*,*,#653,.T.);
#5147=EDGE_LOOP('',(#5145,#5146));
#5148=FACE_BOUND('',#5147,.T.);
#5149=ORIENTED_EDGE('',*,*,#5123,.T.);
#5150=ORIENTED_EDGE('',*,*,#5130,.T.);
#5151=EDGE_LOOP('',(#5149,#5150));
#5152=FACE_BOUND('',#5151,.T.);
#5153=ADVANCED_FACE('',(#5148,#5152),#5144,.T.);
#5154=CARTESIAN_POINT('',(-25.645222289,22.471116783,23.7));
#5155=DIRECTION('',(0.,0.,-1.));
#5156=DIRECTION('',(-1.,0.,0.));
#5157=AXIS2_PLACEMENT_3D('',#5154,#5155,#5156);
#5158=CYLINDRICAL_SURFACE('',#5157,3.);
#5159=CARTESIAN_POINT('',(-28.645222289,22.471116783,22.7));
#5160=VERTEX_POINT('',#5159);
#5161=CARTESIAN_POINT('',(-28.645222289,22.471116783,19.538216374));
#5162=DIRECTION('',(-0.,-0.,1.));
#5163=VECTOR('',#5162,3.161783626);
#5164=LINE('',#5161,#5163);
#5165=EDGE_CURVE('',#2634,#5160,#5164,.T.);
#5166=ORIENTED_EDGE('',*,*,#5165,.T.);
#5167=CARTESIAN_POINT('',(-22.645222289,22.471116783,22.7));
#5168=VERTEX_POINT('',#5167);
#5169=CARTESIAN_POINT('',(-25.645222289,22.471116783,22.7));
#5170=DIRECTION('',(0.,0.,1.));
#5171=DIRECTION('',(1.,0.,-0.));
#5172=AXIS2_PLACEMENT_3D('',#5169,#5170,#5171);
#5173=CIRCLE('',#5172,3.);
#5174=EDGE_CURVE('',#5168,#5160,#5173,.T.);
#5175=ORIENTED_EDGE('',*,*,#5174,.F.);
#5176=CARTESIAN_POINT('',(-25.645222289,22.471116783,22.7));
#5177=DIRECTION('',(0.,0.,1.));
#5178=DIRECTION('',(1.,0.,-0.));
#5179=AXIS2_PLACEMENT_3D('',#5176,#5177,#5178);
#5180=CIRCLE('',#5179,3.);
#5181=EDGE_CURVE('',#5160,#5168,#5180,.T.);
#5182=ORIENTED_EDGE('',*,*,#5181,.F.);
#5183=ORIENTED_EDGE('',*,*,#5165,.F.);
#5184=ORIENTED_EDGE('',*,*,#2709,.T.);
#5185=ORIENTED_EDGE('',*,*,#2291,.T.);
#5186=ORIENTED_EDGE('',*,*,#2836,.T.);
#5187=ORIENTED_EDGE('',*,*,#2787,.T.);
#5188=EDGE_LOOP('',(#5166,#5175,#5182,#5183,#5184,#5185,#5186,#5187));
#5189=FACE_BOUND('',#5188,.T.);
#5190=ADVANCED_FACE('',(#5189),#5158,.T.);
#5191=CARTESIAN_POINT('',(0.,0.,22.7));
#5192=DIRECTION('',(0.,0.,1.));
#5193=DIRECTION('',(1.,0.,0.));
#5194=AXIS2_PLACEMENT_3D('',#5191,#5192,#5193);
#5195=PLANE('',#5194);
#5196=ORIENTED_EDGE('',*,*,#1044,.T.);
#5197=ORIENTED_EDGE('',*,*,#1051,.T.);
#5198=EDGE_LOOP('',(#5196,#5197));
#5199=FACE_BOUND('',#5198,.T.);
#5200=ORIENTED_EDGE('',*,*,#5174,.T.);
#5201=ORIENTED_EDGE('',*,*,#5181,.T.);
#5202=EDGE_LOOP('',(#5200,#5201));
#5203=FACE_BOUND('',#5202,.T.);
#5204=ADVANCED_FACE('',(#5199,#5203),#5195,.T.);
#5205=CARTESIAN_POINT('',(-22.5,-56.,21.2));
#5206=DIRECTION('',(0.,0.,-1.));
#5207=DIRECTION('',(-1.,0.,0.));
#5208=AXIS2_PLACEMENT_3D('',#5205,#5206,#5207);
#5209=CYLINDRICAL_SURFACE('',#5208,2.5);
#5210=CARTESIAN_POINT('',(-25.,-56.,21.2));
#5211=VERTEX_POINT('',#5210);
#5212=CARTESIAN_POINT('',(-25.,-56.,16.703562947));
#5213=DIRECTION('',(-0.,-0.,1.));
#5214=VECTOR('',#5213,4.496437053);
#5215=LINE('',#5212,#5214);
#5216=EDGE_CURVE('',#1491,#5211,#5215,.T.);
#5217=ORIENTED_EDGE('',*,*,#5216,.F.);
#5218=ORIENTED_EDGE('',*,*,#1533,.T.);
#5219=ORIENTED_EDGE('',*,*,#1488,.T.);
#5220=ORIENTED_EDGE('',*,*,#551,.T.);
#5221=ORIENTED_EDGE('',*,*,#1181,.T.);
#5222=ORIENTED_EDGE('',*,*,#1174,.T.);
#5223=ORIENTED_EDGE('',*,*,#1576,.T.);
#5224=ORIENTED_EDGE('',*,*,#5216,.T.);
#5225=CARTESIAN_POINT('',(-22.5,-56.,21.2));
#5226=DIRECTION('',(0.,0.,-1.));
#5227=DIRECTION('',(-1.,0.,0.));
#5228=AXIS2_PLACEMENT_3D('',#5225,#5226,#5227);
#5229=CIRCLE('',#5228,2.5);
#5230=EDGE_CURVE('',#5211,#5211,#5229,.T.);
#5231=ORIENTED_EDGE('',*,*,#5230,.F.);
#5232=EDGE_LOOP('',(#5217,#5218,#5219,#5220,#5221,#5222,#5223,#5224,#5231));
#5233=FACE_BOUND('',#5232,.T.);
#5234=ADVANCED_FACE('',(#5233),#5209,.F.);
#5235=CARTESIAN_POINT('',(0.,0.,21.2));
#5236=DIRECTION('',(0.,0.,-1.));
#5237=DIRECTION('',(-1.,0.,0.));
#5238=AXIS2_PLACEMENT_3D('',#5235,#5236,#5237);
#5239=PLANE('',#5238);
#5240=ORIENTED_EDGE('',*,*,#5230,.T.);
#5241=EDGE_LOOP('',(#5240));
#5242=FACE_BOUND('',#5241,.T.);
#5243=ORIENTED_EDGE('',*,*,#1644,.T.);
#5244=ORIENTED_EDGE('',*,*,#1651,.T.);
#5245=EDGE_LOOP('',(#5243,#5244));
#5246=FACE_BOUND('',#5245,.T.);
#5247=ADVANCED_FACE('',(#5242,#5246),#5239,.T.);
#5248=CARTESIAN_POINT('',(22.5,-56.,21.2));
#5249=DIRECTION('',(0.,0.,-1.));
#5250=DIRECTION('',(-1.,0.,0.));
#5251=AXIS2_PLACEMENT_3D('',#5248,#5249,#5250);
#5252=CYLINDRICAL_SURFACE('',#5251,2.5);
#5253=CARTESIAN_POINT('',(20.,-56.,21.2));
#5254=VERTEX_POINT('',#5253);
#5255=CARTESIAN_POINT('',(20.,-56.,16.7));
#5256=DIRECTION('',(-0.,-0.,1.));
#5257=VECTOR('',#5256,4.5);
#5258=LINE('',#5255,#5257);
#5259=EDGE_CURVE('',#519,#5254,#5258,.T.);
#5260=ORIENTED_EDGE('',*,*,#5259,.F.);
#5261=ORIENTED_EDGE('',*,*,#525,.T.);
#5262=ORIENTED_EDGE('',*,*,#1276,.T.);
#5263=ORIENTED_EDGE('',*,*,#1352,.T.);
#5264=ORIENTED_EDGE('',*,*,#1109,.T.);
#5265=ORIENTED_EDGE('',*,*,#1100,.T.);
#5266=ORIENTED_EDGE('',*,*,#534,.T.);
#5267=ORIENTED_EDGE('',*,*,#5259,.T.);
#5268=CARTESIAN_POINT('',(22.5,-56.,21.2));
#5269=DIRECTION('',(0.,0.,-1.));
#5270=DIRECTION('',(-1.,0.,0.));
#5271=AXIS2_PLACEMENT_3D('',#5268,#5269,#5270);
#5272=CIRCLE('',#5271,2.5);
#5273=EDGE_CURVE('',#5254,#5254,#5272,.T.);
#5274=ORIENTED_EDGE('',*,*,#5273,.F.);
#5275=EDGE_LOOP('',(#5260,#5261,#5262,#5263,#5264,#5265,#5266,#5267,#5274));
#5276=FACE_BOUND('',#5275,.T.);
#5277=ADVANCED_FACE('',(#5276),#5252,.F.);
#5278=CARTESIAN_POINT('',(0.,0.,21.2));
#5279=DIRECTION('',(0.,0.,-1.));
#5280=DIRECTION('',(-1.,0.,0.));
#5281=AXIS2_PLACEMENT_3D('',#5278,#5279,#5280);
#5282=PLANE('',#5281);
#5283=ORIENTED_EDGE('',*,*,#5273,.T.);
#5284=EDGE_LOOP('',(#5283));
#5285=FACE_BOUND('',#5284,.T.);
#5286=ORIENTED_EDGE('',*,*,#1387,.T.);
#5287=ORIENTED_EDGE('',*,*,#1394,.T.);
#5288=EDGE_LOOP('',(#5286,#5287));
#5289=FACE_BOUND('',#5288,.T.);
#5290=ADVANCED_FACE('',(#5285,#5289),#5282,.T.);
#5291=CARTESIAN_POINT('',(-25.645222289,22.471116783,21.2));
#5292=DIRECTION('',(0.,0.,-1.));
#5293=DIRECTION('',(-1.,0.,0.));
#5294=AXIS2_PLACEMENT_3D('',#5291,#5292,#5293);
#5295=CYLINDRICAL_SURFACE('',#5294,2.5);
#5296=CARTESIAN_POINT('',(-28.145222289,22.471116783,21.2));
#5297=VERTEX_POINT('',#5296);
#5298=CARTESIAN_POINT('',(-28.145222289,22.471116783,17.664930814));
#5299=DIRECTION('',(-0.,-0.,1.));
#5300=VECTOR('',#5299,3.535069186);
#5301=LINE('',#5298,#5300);
#5302=EDGE_CURVE('',#816,#5297,#5301,.T.);
#5303=ORIENTED_EDGE('',*,*,#5302,.F.);
#5304=ORIENTED_EDGE('',*,*,#912,.T.);
#5305=ORIENTED_EDGE('',*,*,#813,.T.);
#5306=ORIENTED_EDGE('',*,*,#592,.T.);
#5307=ORIENTED_EDGE('',*,*,#747,.T.);
#5308=ORIENTED_EDGE('',*,*,#1009,.T.);
#5309=ORIENTED_EDGE('',*,*,#5302,.T.);
#5310=CARTESIAN_POINT('',(-25.645222289,22.471116783,21.2));
#5311=DIRECTION('',(0.,0.,-1.));
#5312=DIRECTION('',(-1.,0.,0.));
#5313=AXIS2_PLACEMENT_3D('',#5310,#5311,#5312);
#5314=CIRCLE('',#5313,2.5);
#5315=EDGE_CURVE('',#5297,#5297,#5314,.T.);
#5316=ORIENTED_EDGE('',*,*,#5315,.F.);
#5317=EDGE_LOOP('',(#5303,#5304,#5305,#5306,#5307,#5308,#5309,#5316));
#5318=FACE_BOUND('',#5317,.T.);
#5319=ADVANCED_FACE('',(#5318),#5295,.F.);
#5320=CARTESIAN_POINT('',(0.,0.,21.2));
#5321=DIRECTION('',(0.,0.,-1.));
#5322=DIRECTION('',(-1.,0.,0.));
#5323=AXIS2_PLACEMENT_3D('',#5320,#5321,#5322);
#5324=PLANE('',#5323);
#5325=ORIENTED_EDGE('',*,*,#1034,.F.);
#5326=EDGE_LOOP('',(#5325));
#5327=FACE_BOUND('',#5326,.T.);
#5328=ORIENTED_EDGE('',*,*,#5315,.T.);
#5329=EDGE_LOOP('',(#5328));
#5330=FACE_BOUND('',#5329,.T.);
#5331=ADVANCED_FACE('',(#5327,#5330),#5324,.T.);
#5332=CARTESIAN_POINT('',(25.644403721,22.470540326,21.2));
#5333=DIRECTION('',(0.,0.,-1.));
#5334=DIRECTION('',(-1.,0.,0.));
#5335=AXIS2_PLACEMENT_3D('',#5332,#5333,#5334);
#5336=CYLINDRICAL_SURFACE('',#5335,2.5);
#5337=CARTESIAN_POINT('',(23.144403721,22.470540326,21.2));
#5338=VERTEX_POINT('',#5337);
#5339=CARTESIAN_POINT('',(23.144403721,22.470540326,16.736556733));
#5340=DIRECTION('',(-0.,-0.,1.));
#5341=VECTOR('',#5340,4.463443267);
#5342=LINE('',#5339,#5341);
#5343=EDGE_CURVE('',#213,#5338,#5342,.T.);
#5344=ORIENTED_EDGE('',*,*,#5343,.F.);
#5345=ORIENTED_EDGE('',*,*,#312,.T.);
#5346=ORIENTED_EDGE('',*,*,#210,.T.);
#5347=ORIENTED_EDGE('',*,*,#497,.T.);
#5348=ORIENTED_EDGE('',*,*,#118,.T.);
#5349=ORIENTED_EDGE('',*,*,#412,.T.);
#5350=ORIENTED_EDGE('',*,*,#5343,.T.);
#5351=CARTESIAN_POINT('',(25.644403721,22.470540326,21.2));
#5352=DIRECTION('',(0.,0.,-1.));
#5353=DIRECTION('',(-1.,0.,0.));
#5354=AXIS2_PLACEMENT_3D('',#5351,#5352,#5353);
#5355=CIRCLE('',#5354,2.5);
#5356=EDGE_CURVE('',#5338,#5338,#5355,.T.);
#5357=ORIENTED_EDGE('',*,*,#5356,.F.);
#5358=EDGE_LOOP('',(#5344,#5345,#5346,#5347,#5348,#5349,#5350,#5357));
#5359=FACE_BOUND('',#5358,.T.);
#5360=ADVANCED_FACE('',(#5359),#5336,.F.);
#5361=CARTESIAN_POINT('',(0.,0.,21.2));
#5362=DIRECTION('',(0.,0.,-1.));
#5363=DIRECTION('',(-1.,0.,0.));
#5364=AXIS2_PLACEMENT_3D('',#5361,#5362,#5363);
#5365=PLANE('',#5364);
#5366=ORIENTED_EDGE('',*,*,#5356,.T.);
#5367=EDGE_LOOP('',(#5366));
#5368=FACE_BOUND('',#5367,.T.);
#5369=ORIENTED_EDGE('',*,*,#636,.F.);
#5370=EDGE_LOOP('',(#5369));
#5371=FACE_BOUND('',#5370,.T.);
#5372=ADVANCED_FACE('',(#5368,#5371),#5365,.T.);
#5373=CARTESIAN_POINT('',(2.34,-19.139999225,17.7));
#5374=CARTESIAN_POINT('',(2.34,-19.139999225,16.7));
#5375=CARTESIAN_POINT('',(2.340244819,-19.139939546,17.7));
#5376=CARTESIAN_POINT('',(2.340244819,-19.139939546,16.7));
#5377=CARTESIAN_POINT('',(2.340247396,-19.139940631,17.7));
#5378=CARTESIAN_POINT('',(2.340247396,-19.139940631,16.7));
#5379=CARTESIAN_POINT('',(2.379335938,-19.130357298,17.7));
#5380=CARTESIAN_POINT('',(2.379335938,-19.130357298,16.7));
#5381=CARTESIAN_POINT('',(3.86,-18.748749225,17.7));
#5382=CARTESIAN_POINT('',(3.86,-18.748749225,16.7));
#5383=CARTESIAN_POINT('',(3.86,-16.779999225,17.7));
#5384=CARTESIAN_POINT('',(3.86,-16.779999225,16.7));
#5385=CARTESIAN_POINT('',(3.86,-13.659999225,17.7));
#5386=CARTESIAN_POINT('',(3.86,-13.659999225,16.7));
#5387=CARTESIAN_POINT('',(1.5,-11.619999225,17.7));
#5388=CARTESIAN_POINT('',(1.5,-11.619999225,16.7));
#5389=CARTESIAN_POINT('',(-1.38,-11.619999225,17.7));
#5390=CARTESIAN_POINT('',(-1.38,-11.619999225,16.7));
#5391=CARTESIAN_POINT('',(-5.3,-11.619999225,17.7));
#5392=CARTESIAN_POINT('',(-5.3,-11.619999225,16.7));
#5393=CARTESIAN_POINT('',(-7.7,-14.659999225,17.7));
#5394=CARTESIAN_POINT('',(-7.7,-14.659999225,16.7));
#5395=CARTESIAN_POINT('',(-7.7,-18.339999225,17.7));
#5396=CARTESIAN_POINT('',(-7.7,-18.339999225,16.7));
#5397=CARTESIAN_POINT('',(-7.7,-22.259999225,17.7));
#5398=CARTESIAN_POINT('',(-7.7,-22.259999225,16.7));
#5399=CARTESIAN_POINT('',(-4.26,-26.059999225,17.7));
#5400=CARTESIAN_POINT('',(-4.26,-26.059999225,16.7));
#5401=CARTESIAN_POINT('',(0.86,-26.059999225,17.7));
#5402=CARTESIAN_POINT('',(0.86,-26.059999225,16.7));
#5403=CARTESIAN_POINT('',(7.1,-26.059999225,17.7));
#5404=CARTESIAN_POINT('',(7.1,-26.059999225,16.7));
#5405=CARTESIAN_POINT('',(11.98,-20.939999225,17.7));
#5406=CARTESIAN_POINT('',(11.98,-20.939999225,16.7));
#5407=CARTESIAN_POINT('',(11.98,-15.259999225,17.7));
#5408=CARTESIAN_POINT('',(11.98,-15.259999225,16.7));
#5409=CARTESIAN_POINT('',(11.98,-8.619999225,17.7));
#5410=CARTESIAN_POINT('',(11.98,-8.619999225,16.7));
#5411=CARTESIAN_POINT('',(6.74,-3.979999225,17.7));
#5412=CARTESIAN_POINT('',(6.74,-3.979999225,16.7));
#5413=CARTESIAN_POINT('',(1.18,-3.979999225,17.7));
#5414=CARTESIAN_POINT('',(1.18,-3.979999225,16.7));
#5415=B_SPLINE_SURFACE_WITH_KNOTS('',3,1,((#5373,#5374),(#5375,#5376),(#5377,#5378),(#5379,#5380),(#5381,#5382),(#5383,#5384),(#5385,#5386),(#5387,#5388),(#5389,#5390),(#5391,#5392),(#5393,#5394),(#5395,#5396),(#5397,#5398),(#5399,#5400),(#5401,#5402),(#5403,#5404),(#5405,#5406),(#5407,#5408),(#5409,#5410),(#5411,#5412),(#5413,#5414)),.UNSPECIFIED.,.F.,.F.,.U.,(4,1,1,3,3,3,3,3,4),(2,2),(0.,0.000805981,0.001208971,0.077374156,0.19807784,0.362368965,0.537374729,0.750663003,1.),(0.,1.),.UNSPECIFIED.);
#5416=ORIENTED_EDGE('',*,*,#456,.T.);
#5417=CARTESIAN_POINT('',(1.18,-3.979999225,17.7));
#5418=VERTEX_POINT('',#5417);
#5419=CARTESIAN_POINT('',(1.18,-3.979999225,17.7));
#5420=DIRECTION('',(0.,0.,-1.));
#5421=VECTOR('',#5420,1.);
#5422=LINE('',#5419,#5421);
#5423=EDGE_CURVE('',#5418,#423,#5422,.T.);
#5424=ORIENTED_EDGE('',*,*,#5423,.F.);
#5425=CARTESIAN_POINT('',(2.34,-19.139999225,17.7));
#5426=VERTEX_POINT('',#5425);
#5427=CARTESIAN_POINT('',(2.34,-19.139999225,17.7));
#5428=CARTESIAN_POINT('',(2.340244819,-19.139939546,17.7));
#5429=CARTESIAN_POINT('',(2.340247396,-19.139940631,17.7));
#5430=CARTESIAN_POINT('',(2.379335938,-19.130357298,17.7));
#5431=CARTESIAN_POINT('',(3.86,-18.748749225,17.7));
#5432=CARTESIAN_POINT('',(3.86,-16.779999225,17.7));
#5433=CARTESIAN_POINT('',(3.86,-13.659999225,17.7));
#5434=CARTESIAN_POINT('',(1.5,-11.619999225,17.7));
#5435=CARTESIAN_POINT('',(-1.38,-11.619999225,17.7));
#5436=CARTESIAN_POINT('',(-5.3,-11.619999225,17.7));
#5437=CARTESIAN_POINT('',(-7.7,-14.659999225,17.7));
#5438=CARTESIAN_POINT('',(-7.7,-18.339999225,17.7));
#5439=CARTESIAN_POINT('',(-7.7,-22.259999225,17.7));
#5440=CARTESIAN_POINT('',(-4.26,-26.059999225,17.7));
#5441=CARTESIAN_POINT('',(0.86,-26.059999225,17.7));
#5442=CARTESIAN_POINT('',(7.1,-26.059999225,17.7));
#5443=CARTESIAN_POINT('',(11.98,-20.939999225,17.7));
#5444=CARTESIAN_POINT('',(11.98,-15.259999225,17.7));
#5445=CARTESIAN_POINT('',(11.98,-8.619999225,17.7));
#5446=CARTESIAN_POINT('',(6.74,-3.979999225,17.7));
#5447=CARTESIAN_POINT('',(1.18,-3.979999225,17.7));
#5448=B_SPLINE_CURVE_WITH_KNOTS('',3,(#5427,#5428,#5429,#5430,#5431,#5432,#5433,#5434,#5435,#5436,#5437,#5438,#5439,#5440,#5441,#5442,#5443,#5444,#5445,#5446,#5447),.UNSPECIFIED.,.F.,.F.,(4,1,1,3,3,3,3,3,4),(0.,0.000805981,0.001208971,0.077374156,0.19807784,0.362368965,0.537374729,0.750663003,1.),.UNSPECIFIED.);
#5449=EDGE_CURVE('',#5426,#5418,#5448,.T.);
#5450=ORIENTED_EDGE('',*,*,#5449,.F.);
#5451=CARTESIAN_POINT('',(2.34,-19.139999225,17.7));
#5452=DIRECTION('',(0.,0.,-1.));
#5453=VECTOR('',#5452,1.);
#5454=LINE('',#5451,#5453);
#5455=EDGE_CURVE('',#5426,#433,#5454,.T.);
#5456=ORIENTED_EDGE('',*,*,#5455,.T.);
#5457=EDGE_LOOP('',(#5416,#5424,#5450,#5456));
#5458=FACE_BOUND('',#5457,.T.);
#5459=ADVANCED_FACE('',(#5458),#5415,.F.);
#5460=CARTESIAN_POINT('',(1.18,-3.399999225,17.7));
#5461=DIRECTION('',(-1.,0.,0.));
#5462=DIRECTION('',(0.,0.,1.));
#5463=AXIS2_PLACEMENT_3D('',#5460,#5461,#5462);
#5464=PLANE('',#5463);
#5465=ORIENTED_EDGE('',*,*,#430,.T.);
#5466=CARTESIAN_POINT('',(1.18,-2.819999225,17.7));
#5467=VERTEX_POINT('',#5466);
#5468=CARTESIAN_POINT('',(1.18,-2.819999225,17.7));
#5469=DIRECTION('',(0.,0.,-1.));
#5470=VECTOR('',#5469,1.);
#5471=LINE('',#5468,#5470);
#5472=EDGE_CURVE('',#5467,#425,#5471,.T.);
#5473=ORIENTED_EDGE('',*,*,#5472,.F.);
#5474=CARTESIAN_POINT('',(1.18,-3.979999225,17.7));
#5475=DIRECTION('',(0.,1.,0.));
#5476=VECTOR('',#5475,1.16);
#5477=LINE('',#5474,#5476);
#5478=EDGE_CURVE('',#5418,#5467,#5477,.T.);
#5479=ORIENTED_EDGE('',*,*,#5478,.F.);
#5480=ORIENTED_EDGE('',*,*,#5423,.T.);
#5481=EDGE_LOOP('',(#5465,#5473,#5479,#5480));
#5482=FACE_BOUND('',#5481,.T.);
#5483=ADVANCED_FACE('',(#5482),#5464,.F.);
#5484=CARTESIAN_POINT('',(1.18,-2.819999225,17.7));
#5485=CARTESIAN_POINT('',(1.18,-2.819999225,16.7));
#5486=CARTESIAN_POINT('',(10.42,-2.819999225,17.7));
#5487=CARTESIAN_POINT('',(10.42,-2.819999225,16.7));
#5488=CARTESIAN_POINT('',(17.02,-10.179999225,17.7));
#5489=CARTESIAN_POINT('',(17.02,-10.179999225,16.7));
#5490=CARTESIAN_POINT('',(17.02,-18.139999225,17.7));
#5491=CARTESIAN_POINT('',(17.02,-18.139999225,16.7));
#5492=CARTESIAN_POINT('',(17.02,-26.259999225,17.7));
#5493=CARTESIAN_POINT('',(17.02,-26.259999225,16.7));
#5494=CARTESIAN_POINT('',(9.3,-33.179999225,17.7));
#5495=CARTESIAN_POINT('',(9.3,-33.179999225,16.7));
#5496=CARTESIAN_POINT('',(0.42,-33.179999225,17.7));
#5497=CARTESIAN_POINT('',(0.42,-33.179999225,16.7));
#5498=CARTESIAN_POINT('',(-9.94,-33.179999225,17.7));
#5499=CARTESIAN_POINT('',(-9.94,-33.179999225,16.7));
#5500=CARTESIAN_POINT('',(-17.02,-26.259999225,17.7));
#5501=CARTESIAN_POINT('',(-17.02,-26.259999225,16.7));
#5502=CARTESIAN_POINT('',(-17.02,-17.459999225,17.7));
#5503=CARTESIAN_POINT('',(-17.02,-17.459999225,16.7));
#5504=CARTESIAN_POINT('',(-17.02,-10.179999225,17.7));
#5505=CARTESIAN_POINT('',(-17.02,-10.179999225,16.7));
#5506=CARTESIAN_POINT('',(-10.58,-3.979999225,17.7));
#5507=CARTESIAN_POINT('',(-10.58,-3.979999225,16.7));
#5508=CARTESIAN_POINT('',(-2.42,-3.979999225,17.7));
#5509=CARTESIAN_POINT('',(-2.42,-3.979999225,16.7));
#5510=CARTESIAN_POINT('',(4.94,-3.979999225,17.7));
#5511=CARTESIAN_POINT('',(4.94,-3.979999225,16.7));
#5512=CARTESIAN_POINT('',(8.54,-8.619999225,17.7));
#5513=CARTESIAN_POINT('',(8.54,-8.619999225,16.7));
#5514=CARTESIAN_POINT('',(8.54,-12.419999225,17.7));
#5515=CARTESIAN_POINT('',(8.54,-12.419999225,16.7));
#5516=CARTESIAN_POINT('',(8.54,-18.680624225,17.7));
#5517=CARTESIAN_POINT('',(8.54,-18.680624225,16.7));
#5518=CARTESIAN_POINT('',(3.006992188,-20.103768756,17.7));
#5519=CARTESIAN_POINT('',(3.006992188,-20.103768756,16.7));
#5520=CARTESIAN_POINT('',(2.860924479,-20.139777871,17.7));
#5521=CARTESIAN_POINT('',(2.860924479,-20.139777871,16.7));
#5522=CARTESIAN_POINT('',(2.860914849,-20.139774785,17.7));
#5523=CARTESIAN_POINT('',(2.860914849,-20.139774785,16.7));
#5524=CARTESIAN_POINT('',(2.86,-20.139999225,17.7));
#5525=CARTESIAN_POINT('',(2.86,-20.139999225,16.7));
#5526=B_SPLINE_SURFACE_WITH_KNOTS('',3,1,((#5484,#5485),(#5486,#5487),(#5488,#5489),(#5490,#5491),(#5492,#5493),(#5494,#5495),(#5496,#5497),(#5498,#5499),(#5500,#5501),(#5502,#5503),(#5504,#5505),(#5506,#5507),(#5508,#5509),(#5510,#5511),(#5512,#5513),(#5514,#5515),(#5516,#5517),(#5518,#5519),(#5520,#5521),(#5522,#5523),(#5524,#5525)),.UNSPECIFIED.,.F.,.F.,.U.,(4,3,3,3,3,3,1,1,4),(2,2),(0.,0.152228486,0.307516841,0.488686588,0.638563379,0.773746367,0.996464787,0.997643191,1.),(0.,1.),.UNSPECIFIED.);
#5527=ORIENTED_EDGE('',*,*,#488,.T.);
#5528=CARTESIAN_POINT('',(2.86,-20.139999225,17.7));
#5529=VERTEX_POINT('',#5528);
#5530=CARTESIAN_POINT('',(2.86,-20.139999225,17.7));
#5531=DIRECTION('',(0.,0.,-1.));
#5532=VECTOR('',#5531,1.);
#5533=LINE('',#5530,#5532);
#5534=EDGE_CURVE('',#5529,#459,#5533,.T.);
#5535=ORIENTED_EDGE('',*,*,#5534,.F.);
#5536=CARTESIAN_POINT('',(1.18,-2.819999225,17.7));
#5537=CARTESIAN_POINT('',(10.42,-2.819999225,17.7));
#5538=CARTESIAN_POINT('',(17.02,-10.179999225,17.7));
#5539=CARTESIAN_POINT('',(17.02,-18.139999225,17.7));
#5540=CARTESIAN_POINT('',(17.02,-26.259999225,17.7));
#5541=CARTESIAN_POINT('',(9.3,-33.179999225,17.7));
#5542=CARTESIAN_POINT('',(0.42,-33.179999225,17.7));
#5543=CARTESIAN_POINT('',(-9.94,-33.179999225,17.7));
#5544=CARTESIAN_POINT('',(-17.02,-26.259999225,17.7));
#5545=CARTESIAN_POINT('',(-17.02,-17.459999225,17.7));
#5546=CARTESIAN_POINT('',(-17.02,-10.179999225,17.7));
#5547=CARTESIAN_POINT('',(-10.58,-3.979999225,17.7));
#5548=CARTESIAN_POINT('',(-2.42,-3.979999225,17.7));
#5549=CARTESIAN_POINT('',(4.94,-3.979999225,17.7));
#5550=CARTESIAN_POINT('',(8.54,-8.619999225,17.7));
#5551=CARTESIAN_POINT('',(8.54,-12.419999225,17.7));
#5552=CARTESIAN_POINT('',(8.54,-18.680624225,17.7));
#5553=CARTESIAN_POINT('',(3.006992188,-20.103768756,17.7));
#5554=CARTESIAN_POINT('',(2.860924479,-20.139777871,17.7));
#5555=CARTESIAN_POINT('',(2.860914849,-20.139774785,17.7));
#5556=CARTESIAN_POINT('',(2.86,-20.139999225,17.7));
#5557=B_SPLINE_CURVE_WITH_KNOTS('',3,(#5536,#5537,#5538,#5539,#5540,#5541,#5542,#5543,#5544,#5545,#5546,#5547,#5548,#5549,#5550,#5551,#5552,#5553,#5554,#5555,#5556),.UNSPECIFIED.,.F.,.F.,(4,3,3,3,3,3,1,1,4),(0.,0.152228486,0.307516841,0.488686588,0.638563379,0.773746367,0.996464787,0.997643191,1.),.UNSPECIFIED.);
#5558=EDGE_CURVE('',#5467,#5529,#5557,.T.);
#5559=ORIENTED_EDGE('',*,*,#5558,.F.);
#5560=ORIENTED_EDGE('',*,*,#5472,.T.);
#5561=EDGE_LOOP('',(#5527,#5535,#5559,#5560));
#5562=FACE_BOUND('',#5561,.T.);
#5563=ADVANCED_FACE('',(#5562),#5526,.F.);
#5564=CARTESIAN_POINT('',(2.6,-19.639999225,17.7));
#5565=DIRECTION('',(-0.887216801,-0.461352737,0.));
#5566=DIRECTION('',(0.461352737,-0.887216801,0.));
#5567=AXIS2_PLACEMENT_3D('',#5564,#5565,#5566);
#5568=PLANE('',#5567);
#5569=ORIENTED_EDGE('',*,*,#464,.T.);
#5570=ORIENTED_EDGE('',*,*,#5455,.F.);
#5571=CARTESIAN_POINT('',(2.86,-20.139999225,17.7));
#5572=DIRECTION('',(-0.461352737,0.887216801,0.));
#5573=VECTOR('',#5572,1.127120224);
#5574=LINE('',#5571,#5573);
#5575=EDGE_CURVE('',#5529,#5426,#5574,.T.);
#5576=ORIENTED_EDGE('',*,*,#5575,.F.);
#5577=ORIENTED_EDGE('',*,*,#5534,.T.);
#5578=EDGE_LOOP('',(#5569,#5570,#5576,#5577));
#5579=FACE_BOUND('',#5578,.T.);
#5580=ADVANCED_FACE('',(#5579),#5568,.F.);
#5581=CARTESIAN_POINT('',(0.,0.,17.7));
#5582=DIRECTION('',(0.,0.,-1.));
#5583=DIRECTION('',(-1.,0.,0.));
#5584=AXIS2_PLACEMENT_3D('',#5581,#5582,#5583);
#5585=PLANE('',#5584);
#5586=ORIENTED_EDGE('',*,*,#5449,.T.);
#5587=ORIENTED_EDGE('',*,*,#5478,.T.);
#5588=ORIENTED_EDGE('',*,*,#5558,.T.);
#5589=ORIENTED_EDGE('',*,*,#5575,.T.);
#5590=EDGE_LOOP('',(#5586,#5587,#5588,#5589));
#5591=FACE_BOUND('',#5590,.T.);
#5592=ADVANCED_FACE('',(#5591),#5585,.T.);
#5593=CLOSED_SHELL('',(#416,#615,#657,#1013,#1055,#1186,#1356,#1398,#1613,#1655,#2073,#2195,#2345,#2825,#3085,#3231,#3280,#3329,#3378,#3410,#3434,#3459,#3483,#3508,#3532,#3557,
#3574,#3598,#3616,#3634,#3652,#3670,#3688,#3706,#3718,#3749,#3774,#3798,#3823,#3847,#3872,#3896,#3914,#4000,#4323,#4429,#4780,#4869,#4891,#4908,#4925,
#4942,#4959,#4976,#4993,#5005,#5041,#5054,#5089,#5102,#5139,#5153,#5190,#5204,#5234,#5247,#5277,#5290,#5319,#5331,#5360,#5372,#5459,#5483,#5563,#5580,
#5592));
#5594=MANIFOLD_SOLID_BREP('Unterteil',#5593);
#5595=COLOUR_RGB('',0.627451003,0.627451003,0.643137276);
#5596=FILL_AREA_STYLE_COLOUR('',#5595);
#5597=FILL_AREA_STYLE('',(#5596));
#5598=SURFACE_STYLE_FILL_AREA(#5597);
#5599=SURFACE_SIDE_STYLE('',(#5598));
#5600=SURFACE_STYLE_USAGE(.BOTH.,#5599);
#5601=PRESENTATION_STYLE_ASSIGNMENT((#5600));
#26=STYLED_ITEM('',(#5601),#5594);
#16=SHAPE_REPRESENTATION('root',(#15),#10);
#17=ADVANCED_BREP_SHAPE_REPRESENTATION('root',(#5594),#10);
#5609=SHAPE_REPRESENTATION_RELATIONSHIP('','',#16,#17);
#5610=CARTESIAN_POINT('',(0.,0.,0.));
#5611=DIRECTION('',(0.,0.,1.));
#5612=DIRECTION('',(1.,0.,0.));
#5613=AXIS2_PLACEMENT_3D('',#5610,#5611,#5612);
#5615=MAPPED_ITEM('',#5614,#5613);
#5614=REPRESENTATION_MAP(#5613,#16);
#5616=APPLICATION_CONTEXT('Managed model based 3d engineering');
#5617=APPLICATION_PROTOCOL_DEFINITION('international standard','ap242_managed_model_based_3d_engineering',2014,#5616);
#5618=PRODUCT_CONTEXT('',#5616,'mechanical');
#5619=PRODUCT_DEFINITION_CONTEXT('part definition',#5616,'design');
#24=PRODUCT('root','root','',(#5618));
#5620=PRODUCT_RELATED_PRODUCT_CATEGORY('part','',(#24));
#5621=PRODUCT_DEFINITION_FORMATION_WITH_SPECIFIED_SOURCE('','',#24,.NOT_KNOWN.);
#25=PRODUCT_DEFINITION('design','',#5621,#5619);
#23=PRODUCT_DEFINITION_SHAPE('','',#25);
#5622=SHAPE_DEFINITION_REPRESENTATION(#23,#16);
#11=DRAUGHTING_MODEL('',(#5615),#10);
#5623=DESCRIPTIVE_REPRESENTATION_ITEM('KEY','/Users/colinostermann/Library/Containers/com.shapr3d.shapr/Data/tmp/8E59D497-2BC4-4FDC-AD9C-C58CCBEF4BD4.tmp');
#5624=PROPERTY_DEFINITION('KEY','',#25);
#5625=REPRESENTATION('',(#5623),#10);
#5626=PROPERTY_DEFINITION_REPRESENTATION(#5624,#5625);
#5627=GENERAL_PROPERTY('','KEY','');
#5628=GENERAL_PROPERTY_ASSOCIATION('','',#5627,#5624);
#1=MECHANICAL_DESIGN_GEOMETRIC_PRESENTATION_REPRESENTATION('',(#26),#10);
ENDSEC;
END-ISO-10303-21;
